{
"type": "FeatureCollection",
"name": "Mississippi_7030047060",
"crs": { "type": "name", "properties": { "name": "urn:ogc:def:crs:OGC:1.3:CRS84" } },
"features": [
{ "type": "Feature", "properties": { "HYBAS_ID": 7030047060, "NEXT_DOWN": 0, "NEXT_SINK": 7030047060, "MAIN_BAS": 7030047060, "DIST_SINK": 0.0, "DIST_MAIN": 0.0, "SUB_AREA": 3240616.8, "UP_AREA": 3240616.8, "PFAF_ID": 742, "ENDO": 0, "COAST": 0, "ORDER": 1, "SORT": 19 }, "geometry": { "type": "MultiPolygon", "coordinates": [ [ [ [ -89.916666666666643, 29.8 ], [ -89.916312832302495, 29.780882263183628 ], [ -89.905882602267766, 29.77048000759552 ], [ -89.901742214626708, 29.771186659071212 ], [ -89.893382263183568, 29.779519992404548 ], [ -89.885075547960042, 29.778813340928853 ], [ -89.877424452039904, 29.771186659071212 ], [ -89.872575547960054, 29.77048000759552 ], [ -89.869091118706578, 29.767019992404546 ], [ -89.866666666666646, 29.766666666666701 ], [ -89.867284308539467, 29.760339864095084 ], [ -89.875617641872807, 29.750736660427549 ], [ -89.87438235812715, 29.735339864095085 ], [ -89.867223273383217, 29.727089945475292 ], [ -89.871450975206145, 29.721302456325986 ], [ -89.870215691460487, 29.714506530761753 ], [ -89.867284308539467, 29.710493469238315 ], [ -89.86604902479381, 29.693673197428417 ], [ -89.861882358127147, 29.687969122992655 ], [ -89.863117641872805, 29.685339864095084 ], [ -89.867284308539467, 29.679635789659322 ], [ -89.86604902479381, 29.677006530761751 ], [ -89.86306152343748, 29.672916666666698 ], [ -89.867284308539467, 29.667135789659319 ], [ -89.865913052029057, 29.654966566297777 ], [ -89.856173197428362, 29.653549024793868 ], [ -89.852160135904924, 29.650617641872863 ], [ -89.842460801866295, 29.649205864800379 ], [ -89.840898471408394, 29.638471645779113 ], [ -89.834259711371502, 29.636573621961837 ], [ -89.833333333333314, 29.633333333333365 ], [ -89.831122843424453, 29.632766045464443 ], [ -89.823043823242159, 29.625567287868954 ], [ -89.814456176757787, 29.62443271213111 ], [ -89.801171196831575, 29.612102762858104 ], [ -89.799149068196584, 29.619982401529981 ], [ -89.793622843424458, 29.621400621202287 ], [ -89.788246663411428, 29.625567287868954 ], [ -89.785289510091118, 29.62443271213111 ], [ -89.781377156575502, 29.621400621202287 ], [ -89.75612284342445, 29.62026604546444 ], [ -89.752210489908833, 29.617233954535621 ], [ -89.741666666666646, 29.616666666666699 ], [ -89.741000535753017, 29.600855339898036 ], [ -89.735493469238264, 29.596450975206196 ], [ -89.73009304470483, 29.594906955295169 ], [ -89.728549024793807, 29.589506530761749 ], [ -89.725617641872802, 29.585493469238312 ], [ -89.724231804741734, 29.575971645779113 ], [ -89.716780598958309, 29.573841179741784 ], [ -89.713117641872799, 29.568826802571646 ], [ -89.711764865451357, 29.554969278971384 ], [ -89.699382358127139, 29.553167046441004 ], [ -89.701035563151024, 29.546037122938401 ], [ -89.706173197428356, 29.542284308539529 ], [ -89.712386067708309, 29.540507846408453 ], [ -89.717284308539476, 29.533802456325986 ], [ -89.716049024793818, 29.531173197428416 ], [ -89.713117641872799, 29.527160135904978 ], [ -89.711882358127141, 29.522839864095083 ], [ -89.70061764187281, 29.510493469238313 ], [ -89.698933071560305, 29.504601372612878 ], [ -89.668826802571587, 29.475617641872859 ], [ -89.660339864095022, 29.474382358127201 ], [ -89.656326802571584, 29.471450975206196 ], [ -89.65, 29.470833333333363 ], [ -89.647839864095033, 29.470215691460535 ], [ -89.642135789659264, 29.466049024793868 ], [ -89.631173197428353, 29.467284308539526 ], [ -89.625469122992598, 29.471450975206196 ], [ -89.618673197428365, 29.470215691460535 ], [ -89.61049346923825, 29.463117641872859 ], [ -89.606173197428362, 29.461882358127202 ], [ -89.593826802571584, 29.45061764187286 ], [ -89.588268195258223, 29.44902835422095 ], [ -89.58668874104815, 29.4381763034397 ], [ -89.559116278754317, 29.436822340223554 ], [ -89.558336385091124, 29.430552334255673 ], [ -89.56450653076169, 29.425617641872861 ], [ -89.568826802571593, 29.4243823581272 ], [ -89.57283986409503, 29.421450975206191 ], [ -89.579784308539473, 29.41946546766496 ], [ -89.578466288248677, 29.400836520724855 ], [ -89.564660135904916, 29.38811764187286 ], [ -89.552006530761687, 29.386882358127199 ], [ -89.54799346923825, 29.383950975206194 ], [ -89.543673197428362, 29.382715691460533 ], [ -89.537969122992592, 29.378549024793866 ], [ -89.497839864095027, 29.379784308539527 ], [ -89.49382680257159, 29.382715691460533 ], [ -89.485339864095025, 29.383950975206194 ], [ -89.475736660427486, 29.392284308539526 ], [ -89.468673197428359, 29.391049024793865 ], [ -89.464660135904921, 29.38811764187286 ], [ -89.460339864095019, 29.386882358127199 ], [ -89.456326802571581, 29.383950975206194 ], [ -89.44246927897133, 29.382598198784752 ], [ -89.440872531466994, 29.371627468533017 ], [ -89.431173197428365, 29.370215691460533 ], [ -89.427160135904927, 29.367284308539524 ], [ -89.418673197428362, 29.366049024793867 ], [ -89.414660135904924, 29.363117641872861 ], [ -89.409101528591549, 29.361528354220951 ], [ -89.407565138075057, 29.350971645779111 ], [ -89.400113932291646, 29.348841179741783 ], [ -89.396450975206136, 29.343826802571645 ], [ -89.394847106933568, 29.338217163085968 ], [ -89.381173197428353, 29.336882358127198 ], [ -89.372993469238253, 29.329784308539526 ], [ -89.362831115722628, 29.328305223253068 ], [ -89.358950975206142, 29.322993469238313 ], [ -89.35756513807506, 29.31347164577911 ], [ -89.350768195258226, 29.31152835422095 ], [ -89.34905141194659, 29.299732632107233 ], [ -89.343826802571584, 29.303549024793867 ], [ -89.310339864095027, 29.304784308539524 ], [ -89.29799346923825, 29.316049024793866 ], [ -89.292434861924889, 29.317638312445776 ], [ -89.291049024793807, 29.327160135904975 ], [ -89.288117641872802, 29.331173197428416 ], [ -89.286341179741726, 29.337386067708362 ], [ -89.279635789659267, 29.342284308539526 ], [ -89.277006530761696, 29.341049024793868 ], [ -89.272993469238259, 29.338117641872859 ], [ -89.2708333333333, 29.3375 ], [ -89.270177883572018, 29.327044338650204 ], [ -89.266011216905355, 29.32107916937937 ], [ -89.26732211642792, 29.306211005316868 ], [ -89.270177883572018, 29.302122328016523 ], [ -89.271591186523409, 29.284069315592475 ], [ -89.283333333333303, 29.283333333333363 ], [ -89.28401913113062, 29.271680365668431 ], [ -89.293673197428362, 29.26311764187286 ], [ -89.300617641872805, 29.261132134331625 ], [ -89.299382358127147, 29.247839864095081 ], [ -89.288117641872802, 29.23549346923831 ], [ -89.286882358127144, 29.231173197428415 ], [ -89.275617641872799, 29.218826802571645 ], [ -89.274382358127141, 29.214506530761746 ], [ -89.271450975206136, 29.210493469238308 ], [ -89.269465467664901, 29.203549024793865 ], [ -89.264506530761693, 29.204784308539526 ], [ -89.258802456325924, 29.208950975206193 ], [ -89.253893534342424, 29.206644694010446 ], [ -89.249382358127136, 29.200469122992651 ], [ -89.250617641872807, 29.189506530761747 ], [ -89.253605143229137, 29.185416666666693 ], [ -89.250617641872807, 29.181326802571643 ], [ -89.249382358127136, 29.168673197428415 ], [ -89.24645097520613, 29.164660135904978 ], [ -89.245215691460473, 29.156173027886311 ], [ -89.242284308539467, 29.152160305447076 ], [ -89.24104902479381, 29.147839694552978 ], [ -89.236882358127147, 29.142135959201418 ], [ -89.238655938042513, 29.138360934787354 ], [ -89.24571940104164, 29.136341349283882 ], [ -89.249382358127136, 29.131326972113744 ], [ -89.250735134548577, 29.117469278971381 ], [ -89.261528354220886, 29.115898301866348 ], [ -89.2625, 29.1125 ], [ -89.2625, 29.108333333333363 ], [ -89.270079718695712, 29.107543606228326 ], [ -89.271667819552917, 29.087255859375027 ], [ -89.277044338650143, 29.091011216905411 ], [ -89.286601935492598, 29.092500813802111 ], [ -89.288155449761263, 29.100245836046035 ], [ -89.283988783094586, 29.106211005316869 ], [ -89.282677883572021, 29.110455661349853 ], [ -89.27565544976126, 29.118711005316868 ], [ -89.274344550238681, 29.122955661349856 ], [ -89.271488783094597, 29.127044338650201 ], [ -89.270177883572018, 29.131288994683189 ], [ -89.26732211642792, 29.135377671983534 ], [ -89.266011216905355, 29.150245836046036 ], [ -89.270177883572018, 29.156211005316869 ], [ -89.271488783094597, 29.160455661349854 ], [ -89.274344550238681, 29.164544338650202 ], [ -89.27565544976126, 29.177122328016523 ], [ -89.282677883572021, 29.185377671983534 ], [ -89.283988783094586, 29.189622328016522 ], [ -89.286844550238683, 29.193711005316867 ], [ -89.288155449761263, 29.197955661349855 ], [ -89.295177883572023, 29.20621100531687 ], [ -89.296488783094588, 29.210455661349854 ], [ -89.299344550238686, 29.214544338650203 ], [ -89.300655449761251, 29.218788994683187 ], [ -89.308644612630175, 29.228180609809058 ], [ -89.317248196072015, 29.229822116427979 ], [ -89.328148396809866, 29.220549350314698 ], [ -89.32982211642792, 29.23128899468319 ], [ -89.332677883572018, 29.235377671983535 ], [ -89.333988783094597, 29.243788994683189 ], [ -89.336844550238695, 29.247877671983534 ], [ -89.33815544976126, 29.252122328016522 ], [ -89.341763136121941, 29.257287258572077 ], [ -89.350245836045985, 29.258988783094647 ], [ -89.356211005316808, 29.254822116427981 ], [ -89.358333333333306, 29.254166666666695 ], [ -89.361838785807265, 29.253267076280412 ], [ -89.363067287868901, 29.239456176757841 ], [ -89.367615932888427, 29.234001837836402 ], [ -89.379913330078097, 29.232766045464437 ], [ -89.385289510091113, 29.236932712131104 ], [ -89.391666666666637, 29.2375 ], [ -89.393877156575499, 29.238067287868951 ], [ -89.410289510091118, 29.253599378797773 ], [ -89.417603895399282, 29.25473395453562 ], [ -89.426956176757784, 29.246400621202284 ], [ -89.434270562065947, 29.24526604546444 ], [ -89.444913567437041, 29.254749552408882 ], [ -89.446732923719594, 29.261838785807321 ], [ -89.454166666666637, 29.2625 ], [ -89.453523932562902, 29.268801710340739 ], [ -89.45064273410371, 29.272864956325982 ], [ -89.449357265896239, 29.278251139322947 ], [ -89.465895250108474, 29.279938083224856 ], [ -89.467309400770375, 29.293801710340741 ], [ -89.479377916124108, 29.307142469618086 ], [ -89.483333333333306, 29.308333333333362 ], [ -89.483931816948754, 29.328250969780846 ], [ -89.48971048990883, 29.329733954535619 ], [ -89.497789510091124, 29.336932712131105 ], [ -89.514710489908822, 29.338067287868952 ], [ -89.531122843424455, 29.353599378797774 ], [ -89.539710489908828, 29.354733954535618 ], [ -89.543622843424458, 29.357766045464441 ], [ -89.548043823242168, 29.358900621202288 ], [ -89.551956176757784, 29.361932712131107 ], [ -89.564710489908833, 29.363067287868954 ], [ -89.56862284342445, 29.366099378797774 ], [ -89.577210489908822, 29.367233954535621 ], [ -89.581122843424453, 29.37026604546444 ], [ -89.585543823242162, 29.371400621202287 ], [ -89.589456176757793, 29.374432712131107 ], [ -89.59166666666664, 29.375 ], [ -89.592233954535558, 29.377210489908883 ], [ -89.61193271213105, 29.397789510091176 ], [ -89.613067287868901, 29.414710489908884 ], [ -89.616099378797713, 29.418622843424508 ], [ -89.617233954535564, 29.435543823242217 ], [ -89.621010674370638, 29.440416971842478 ], [ -89.625746663411434, 29.44223395453562 ], [ -89.63112284342445, 29.438067287868954 ], [ -89.639710489908822, 29.436932712131107 ], [ -89.643622843424453, 29.433900621202287 ], [ -89.646579996744762, 29.43276604546444 ], [ -89.653198920355877, 29.437895880805151 ], [ -89.655054050021675, 29.445124816894563 ], [ -89.665779283311608, 29.446541849772167 ], [ -89.666666666666643, 29.45 ], [ -89.667517598470027, 29.453315734863313 ], [ -89.673043823242168, 29.454733954535619 ], [ -89.697789510091127, 29.478599378797774 ], [ -89.7125, 29.479166666666696 ], [ -89.713067287868896, 29.481377156575551 ], [ -89.720266045464385, 29.489456176757844 ], [ -89.721400621202235, 29.49387715657555 ], [ -89.724531216091549, 29.497916666666697 ], [ -89.721302117241734, 29.502083333333363 ], [ -89.724432712131048, 29.50612284342451 ], [ -89.725905693901879, 29.511862352159319 ], [ -89.743877156575493, 29.513067287868953 ], [ -89.75612284342445, 29.524432712131109 ], [ -89.760543823242159, 29.525567287868956 ], [ -89.77409651014537, 29.538145785861577 ], [ -89.775567287868896, 29.543877156575551 ], [ -89.77956254747177, 29.549032253689269 ], [ -89.785543823242165, 29.550567287868954 ], [ -89.797789510091121, 29.561932712131107 ], [ -89.809079996744771, 29.563067287868954 ], [ -89.814456176757787, 29.558900621202287 ], [ -89.821821424696154, 29.55776604546444 ], [ -89.835289510091116, 29.570266045464443 ], [ -89.843877156575502, 29.571400621202287 ], [ -89.851956176757795, 29.578599378797776 ], [ -89.860543823242168, 29.579733954535623 ], [ -89.864456176757784, 29.582766045464442 ], [ -89.879913330078097, 29.583900621202289 ], [ -89.886532253689211, 29.578770785861575 ], [ -89.888067287868907, 29.572789510091177 ], [ -89.891099378797719, 29.568877156575553 ], [ -89.891666666666637, 29.566666666666698 ], [ -89.893826802571596, 29.567284308539527 ], [ -89.902006530761696, 29.574382358127203 ], [ -89.912767367892769, 29.575948588053418 ], [ -89.908894856770814, 29.58125 ], [ -89.911882358127144, 29.585339864095083 ], [ -89.913217163085918, 29.599013773600291 ], [ -89.916666666666643, 29.6 ], [ -89.936584303114131, 29.600598483615482 ], [ -89.938067287868904, 29.606377156575554 ], [ -89.941099378797716, 29.610289510091178 ], [ -89.942233954535567, 29.614710489908887 ], [ -89.946752760145372, 29.62012905544708 ], [ -89.956377156575499, 29.621400621202287 ], [ -89.974104478624113, 29.638177151150206 ], [ -89.975850931803365, 29.64498240152998 ], [ -89.981377156575505, 29.646400621202289 ], [ -89.993622843424461, 29.657766045464442 ], [ -89.99804382324217, 29.658900621202289 ], [ -90.001956176757787, 29.661932712131108 ], [ -90.027210489908839, 29.663067287868955 ], [ -90.032365587022554, 29.667062547471822 ], [ -90.034184265136702, 29.674149068196648 ], [ -90.0375, 29.675 ], [ -90.038399590386263, 29.678505452473992 ], [ -90.045833333333306, 29.679166666666699 ], [ -90.045303853352848, 29.685581631130674 ], [ -90.041137186686171, 29.690725877549944 ], [ -90.042196146647115, 29.693914964464007 ], [ -90.046362813313777, 29.699059210883277 ], [ -90.044921366373671, 29.703400166829461 ], [ -90.041666666666643, 29.704166666666698 ], [ -90.042334662543368, 29.720020887586838 ], [ -90.053372531466977, 29.721627468533018 ], [ -90.054784138997363, 29.731326802571648 ], [ -90.057715861002563, 29.735339864095085 ], [ -90.058950805664026, 29.743826802571647 ], [ -90.061882527669241, 29.747839864095084 ], [ -90.0625, 29.75 ], [ -90.061932712131039, 29.756377156575553 ], [ -90.046400621202224, 29.772789510091179 ], [ -90.045266045464373, 29.792413330078158 ], [ -90.049538167317678, 29.797925482855938 ], [ -90.042233954535547, 29.806122843424511 ], [ -90.041099378797711, 29.814710489908887 ], [ -90.038067287868884, 29.818622843424514 ], [ -90.036594306098053, 29.824362352159323 ], [ -90.017572360568536, 29.825637647840747 ], [ -90.016099378797705, 29.831377156575556 ], [ -90.008900621202216, 29.839456176757846 ], [ -90.007766045464365, 29.843877156575555 ], [ -90.004635281032947, 29.847916666666698 ], [ -90.007864718966971, 29.852083333333368 ], [ -90.004733954535553, 29.856122843424512 ], [ -90.003315904405341, 29.861649068196648 ], [ -89.99778951009111, 29.863067287868958 ], [ -89.988202921549444, 29.871762593587274 ], [ -89.986932712131036, 29.881377156575553 ], [ -89.983900621202224, 29.88528951009118 ], [ -89.983333333333292, 29.891666666666701 ], [ -89.985757785373238, 29.892019992404549 ], [ -89.989242214626714, 29.89548000759552 ], [ -89.995833333333294, 29.895833333333368 ], [ -89.998257785373241, 29.896186659071216 ], [ -90.001742214626717, 29.899646674262186 ], [ -90.004166666666634, 29.9 ], [ -90.004774983723934, 29.907368808322516 ], [ -90.009274122450066, 29.908862813313835 ], [ -90.014418368869329, 29.904696146647169 ], [ -90.0208333333333, 29.904166666666701 ], [ -90.027424452039895, 29.903813340928853 ], [ -90.039242214626697, 29.892019992404549 ], [ -90.044091118706561, 29.891313340928853 ], [ -90.047575547960037, 29.887853325737883 ], [ -90.056591118706564, 29.887146674262187 ], [ -90.060075547960025, 29.883686659071216 ], [ -90.077424452039892, 29.882980007595521 ], [ -90.080908881293368, 29.879519992404546 ], [ -90.091666666666626, 29.879166666666702 ], [ -90.092019992404474, 29.87674221462677 ], [ -90.095480007595455, 29.873257785373298 ], [ -90.096186659071137, 29.864242214626771 ], [ -90.099985419379308, 29.860416666666701 ], [ -90.095480007595455, 29.855879550510018 ], [ -90.096186659071137, 29.839242214626768 ], [ -90.099646674262118, 29.835757785373296 ], [ -90.1, 29.829166666666701 ], [ -90.11467285156246, 29.82977176242408 ], [ -90.126993815104129, 29.841061570909321 ], [ -90.136377970377566, 29.842395697699686 ], [ -90.138104926215235, 29.846620856391091 ], [ -90.128695678710898, 29.857392205132413 ], [ -90.129951646592843, 29.865889824761318 ], [ -90.140716213650137, 29.867420111762186 ], [ -90.142271592881912, 29.873006015353766 ], [ -90.145228407118026, 29.876993984646301 ], [ -90.146438259548574, 29.881339348687099 ], [ -90.15501234266489, 29.890952046712272 ], [ -90.168839518229134, 29.89227176242408 ], [ -90.176993815104126, 29.899394904242655 ], [ -90.179707166883645, 29.900605095757413 ], [ -90.185327148437466, 29.896438429090747 ], [ -90.1875, 29.895833333333368 ], [ -90.18806728786889, 29.893622843424513 ], [ -90.191099378797702, 29.889710489908889 ], [ -90.192517428927914, 29.884184265136753 ], [ -90.195833333333297, 29.883333333333368 ], [ -90.196729871961765, 29.886826239691874 ], [ -90.209079996744748, 29.888067287868957 ], [ -90.214588080512115, 29.883798387315572 ], [ -90.220177544487811, 29.888459777832065 ], [ -90.221494547526007, 29.903267076280414 ], [ -90.227210489908813, 29.904733954535626 ], [ -90.231122843424444, 29.907766045464445 ], [ -90.236649237738675, 29.909184265136751 ], [ -90.238350762261248, 29.915815734863315 ], [ -90.243877156575479, 29.917233954535625 ], [ -90.247916666666626, 29.920364549424946 ], [ -90.252083333333303, 29.91713545057512 ], [ -90.25612284342445, 29.920266045464444 ], [ -90.260543823242145, 29.921400621202292 ], [ -90.264456176757776, 29.924432712131111 ], [ -90.273043823242148, 29.925567287868958 ], [ -90.276956176757778, 29.928599378797777 ], [ -90.288246663411428, 29.929733954535624 ], [ -90.293622843424444, 29.925567287868958 ], [ -90.295833333333292, 29.925 ], [ -90.298043823242153, 29.924432712131111 ], [ -90.303198920355868, 29.920437452528247 ], [ -90.305017428927911, 29.913350931803421 ], [ -90.310543823242156, 29.911932712131112 ], [ -90.322789510091113, 29.900567287868959 ], [ -90.325, 29.9 ], [ -90.335493638780349, 29.900617641872863 ], [ -90.339506361219577, 29.903549024793872 ], [ -90.353364054361947, 29.904901801215313 ], [ -90.354935031466979, 29.915695020887622 ], [ -90.360493638780341, 29.917284308539532 ], [ -90.364506361219583, 29.920215691460537 ], [ -90.368826972113681, 29.921450975206199 ], [ -90.372916666666626, 29.924438476562536 ], [ -90.377006361219586, 29.921450975206199 ], [ -90.387969292534692, 29.920215691460537 ], [ -90.393673027886251, 29.924382358127204 ], [ -90.406326972113675, 29.925617641872865 ], [ -90.411341349283816, 29.929280598958368 ], [ -90.413426378038153, 29.936573621961841 ], [ -90.418826972113678, 29.938117641872864 ], [ -90.428334893120621, 29.94636840820316 ], [ -90.429935031466982, 29.95736168755429 ], [ -90.43657362196177, 29.959259711371562 ], [ -90.4375, 29.9625 ], [ -90.444091118706567, 29.962853325737882 ], [ -90.447575547960042, 29.966313340928853 ], [ -90.469091118706558, 29.967019992404548 ], [ -90.472575547960034, 29.970480007595519 ], [ -90.485757785373224, 29.971186659071215 ], [ -90.4895833333333, 29.974985419379376 ], [ -90.493408881293362, 29.971186659071215 ], [ -90.495833333333294, 29.970833333333367 ], [ -90.502210489908819, 29.971400621202292 ], [ -90.50612284342445, 29.974432712131112 ], [ -90.514710489908822, 29.975567287868959 ], [ -90.524309285481735, 29.98427361382382 ], [ -90.525567287868896, 29.99461839463979 ], [ -90.517673407660553, 29.996644253200991 ], [ -90.516099378797705, 30.000746663411494 ], [ -90.520266045464382, 30.006122843424514 ], [ -90.5208333333333, 30.008333333333368 ], [ -90.522993638780349, 30.008950975206197 ], [ -90.527006361219577, 30.011882358127206 ], [ -90.536500379774267, 30.013117641872864 ], [ -90.538448418511251, 29.999732632107239 ], [ -90.543673027886257, 30.003549024793873 ], [ -90.554635959201349, 30.004784308539531 ], [ -90.560339694552923, 30.000617641872864 ], [ -90.577160305447009, 29.999382358127207 ], [ -90.585339694552914, 29.992284308539531 ], [ -90.589660305447012, 29.99104902479387 ], [ -90.593673027886254, 29.988117641872865 ], [ -90.597993638780352, 29.986882358127204 ], [ -90.602083333333297, 29.983894856770867 ], [ -90.606173027886257, 29.986882358127204 ], [ -90.619465467664895, 29.988117641872865 ], [ -90.621830919053792, 29.979843648274773 ], [ -90.633333333333297, 29.979166666666686 ], [ -90.648257785373232, 29.978813340928856 ], [ -90.652084011501699, 29.975013732910192 ], [ -90.664242214626697, 29.987146674262188 ], [ -90.670833333333306, 29.9875 ], [ -90.671450805664023, 29.985339864095089 ], [ -90.6756174723307, 29.979635789659323 ], [ -90.674160766601531, 29.971620856391095 ], [ -90.663161553276879, 29.970020039876339 ], [ -90.661882527669235, 29.935339864095088 ], [ -90.658950805664034, 29.93132680257165 ], [ -90.657564968532952, 29.921804979112448 ], [ -90.65416666666664, 29.920833333333366 ], [ -90.655042182074624, 29.91224975585941 ], [ -90.660365125868026, 29.916023932562968 ], [ -90.664634874131906, 29.917309400770435 ], [ -90.674366251627575, 29.925642734103768 ], [ -90.677134874131909, 29.924357265896301 ], [ -90.682083468966979, 29.920848592122429 ], [ -90.684371270073754, 29.928447638617655 ], [ -90.702134874131914, 29.929809400770434 ], [ -90.70619845920136, 29.932690599229634 ], [ -90.71046820746524, 29.933976067437101 ], [ -90.714531792534686, 29.9368572658963 ], [ -90.71666666666664, 29.9375 ], [ -90.728390163845461, 29.938219875759582 ], [ -90.729809570312469, 29.95213504367408 ], [ -90.734685262044238, 29.958360968695782 ], [ -90.743698459201354, 29.950642734103766 ], [ -90.757460530598934, 29.949357265896303 ], [ -90.758976236979137, 29.966988457573819 ], [ -90.754809570312474, 29.972864956325989 ], [ -90.753523763020794, 29.978004794650644 ], [ -90.762821790907083, 29.979809400770435 ], [ -90.76869845920136, 29.975642734103769 ], [ -90.77296820746524, 29.974357265896302 ], [ -90.777031792534686, 29.971476067437102 ], [ -90.802134874131909, 29.970190599229635 ], [ -90.806198459201354, 29.967309400770432 ], [ -90.816666666666634, 29.966666666666701 ], [ -90.827210489908822, 29.967233954535626 ], [ -90.835289510091116, 29.974432712131112 ], [ -90.839710489908825, 29.975567287868959 ], [ -90.843622843424441, 29.978599378797778 ], [ -90.852210489908828, 29.979733954535625 ], [ -90.857629055447021, 29.984252760145434 ], [ -90.858900621202224, 29.993877156575557 ], [ -90.86193271213105, 29.997789510091181 ], [ -90.863067287868887, 30.00221048990889 ], [ -90.866099378797713, 30.006122843424514 ], [ -90.867233954535564, 30.018877156575556 ], [ -90.870266045464376, 30.022789510091179 ], [ -90.871737331814202, 30.028523084852466 ], [ -90.888437228732613, 30.029733954535626 ], [ -90.897789510091116, 30.021400621202293 ], [ -90.902210489908825, 30.020266045464446 ], [ -90.906122843424441, 30.017233954535627 ], [ -90.9125, 30.016666666666701 ], [ -90.919933742947023, 30.017327880859408 ], [ -90.920833333333306, 30.020833333333368 ], [ -90.917405531141469, 30.021713087293872 ], [ -90.916099378797711, 30.029913330078159 ], [ -90.920364718966979, 30.035416666666702 ], [ -90.917135281032955, 30.039583333333368 ], [ -90.920266045464373, 30.043622843424515 ], [ -90.921400621202224, 30.048043823242224 ], [ -90.92443271213105, 30.051956176757848 ], [ -90.925899590386251, 30.057672119140662 ], [ -90.933333333333309, 30.058333333333369 ], [ -90.940895250108483, 30.059104749891528 ], [ -90.94243570963539, 30.074206712510886 ], [ -90.95448845757376, 30.075642734103766 ], [ -90.960365125868023, 30.0714760674371 ], [ -90.964634874131917, 30.070190599229637 ], [ -90.968698459201363, 30.067309400770434 ], [ -90.970833333333303, 30.066666666666702 ], [ -90.971400621202221, 30.068877156575557 ], [ -90.98693271213105, 30.085289510091179 ], [ -90.988067287868887, 30.089710489908889 ], [ -90.991099378797713, 30.093622843424516 ], [ -90.992584906684002, 30.099411010742223 ], [ -91.048043823242153, 30.100567287868959 ], [ -91.053198920355868, 30.104562547471822 ], [ -91.054166666666632, 30.10833333333337 ], [ -91.058333333333309, 30.108333333333352 ], [ -91.061838785807268, 30.109232923719638 ], [ -91.06306728786889, 30.123043823242206 ], [ -91.066099378797716, 30.126956176757833 ], [ -91.067233954535567, 30.135543823242209 ], [ -91.070266045464379, 30.139456176757832 ], [ -91.07140062120223, 30.143877156575542 ], [ -91.074432712131042, 30.147789510091165 ], [ -91.075, 30.158333333333353 ], [ -91.081591118706569, 30.157980007595505 ], [ -91.085075547960045, 30.154519992404534 ], [ -91.097546386718719, 30.153813340928838 ], [ -91.101742214626711, 30.157980007595505 ], [ -91.114213053385384, 30.158686659071201 ], [ -91.118408881293377, 30.154519992404534 ], [ -91.123257785373241, 30.153813340928838 ], [ -91.126742214626702, 30.150353325737868 ], [ -91.13921305338539, 30.149646674262172 ], [ -91.143408881293368, 30.153813340928838 ], [ -91.170833333333306, 30.154166666666686 ], [ -91.171521335177928, 30.165857272677972 ], [ -91.182671780056396, 30.167480129665819 ], [ -91.18395097520613, 30.20216030544707 ], [ -91.18761393229164, 30.207174682617207 ], [ -91.193826802571593, 30.208950805664085 ], [ -91.19783986409503, 30.211882527669292 ], [ -91.211513773600231, 30.213217163085957 ], [ -91.213426378038164, 30.219906955295158 ], [ -91.21666666666664, 30.220833333333353 ], [ -91.215815734863256, 30.224149237738736 ], [ -91.2125, 30.225 ], [ -91.213350931803362, 30.228315904405402 ], [ -91.220172119140599, 30.230066257052972 ], [ -91.221400621202235, 30.243877156575543 ], [ -91.224432712131048, 30.247789510091167 ], [ -91.225567287868898, 30.252210489908876 ], [ -91.233916219075496, 30.261580403645855 ], [ -91.23971048990883, 30.263067287868946 ], [ -91.243622843424447, 30.266099378797765 ], [ -91.245833333333309, 30.266666666666687 ], [ -91.245215691460473, 30.272993638780402 ], [ -91.242284308539467, 30.277006361219641 ], [ -91.24104902479381, 30.283802625868077 ], [ -91.245215691460473, 30.28950636121964 ], [ -91.246568467881914, 30.303364054362 ], [ -91.256326802571593, 30.304784138997416 ], [ -91.26134117974172, 30.30844726562502 ], [ -91.2625, 30.3125 ], [ -91.264710489908822, 30.313067287868947 ], [ -91.276956176757778, 30.324432712131099 ], [ -91.286612616644931, 30.325708346896722 ], [ -91.288067287868898, 30.331377156575542 ], [ -91.295371500651015, 30.339574517144118 ], [ -91.29213545057506, 30.34375 ], [ -91.295266045464388, 30.347789510091168 ], [ -91.295833333333306, 30.35 ], [ -91.295266045464388, 30.352210489908877 ], [ -91.288067287868898, 30.360289510091167 ], [ -91.286932712131048, 30.37304382324221 ], [ -91.283900621202235, 30.376956176757833 ], [ -91.282766045464385, 30.385543823242209 ], [ -91.279733954535558, 30.389456176757836 ], [ -91.278599378797722, 30.392413330078146 ], [ -91.283534749348931, 30.398781331380231 ], [ -91.282487657335039, 30.403452555338564 ], [ -91.272789510091116, 30.404733954535612 ], [ -91.268877156575499, 30.407766045464431 ], [ -91.263350931803359, 30.40918409559464 ], [ -91.261590745713946, 30.416043090820335 ], [ -91.239456176757784, 30.417233954535611 ], [ -91.230086432562899, 30.425582885742209 ], [ -91.228599378797711, 30.431377156575543 ], [ -91.225567287868898, 30.435289510091167 ], [ -91.225, 30.445833333333354 ], [ -91.225353325737814, 30.448257785373286 ], [ -91.228813340928795, 30.451742214626758 ], [ -91.229519992404491, 30.456591118706619 ], [ -91.235043165418801, 30.462141927083355 ], [ -91.2375, 30.4625 ], [ -91.238409254285997, 30.458956909179712 ], [ -91.260543823242159, 30.457766045464432 ], [ -91.268622843424453, 30.450567287868946 ], [ -91.273043823242162, 30.449432712131099 ], [ -91.277083333333309, 30.446301947699673 ], [ -91.282586669921841, 30.450567287868946 ], [ -91.303258599175322, 30.449372016059051 ], [ -91.305134412977409, 30.442062717013911 ], [ -91.311753336588509, 30.4369327121311 ], [ -91.323043823242159, 30.438067287868947 ], [ -91.331122843424453, 30.445266045464432 ], [ -91.3333333333333, 30.445833333333354 ], [ -91.334184265136685, 30.449149237738737 ], [ -91.339710489908825, 30.450567287868946 ], [ -91.357631089952235, 30.467601860894121 ], [ -91.358900621202224, 30.477210489908877 ], [ -91.362039015028188, 30.481259833441861 ], [ -91.353237406412731, 30.49096374511721 ], [ -91.342554050021675, 30.49237501356339 ], [ -91.340529547797289, 30.500264485677107 ], [ -91.335543823242162, 30.49640062120228 ], [ -91.328316582573763, 30.495266045464433 ], [ -91.321537611219597, 30.500919596354191 ], [ -91.320266045464379, 30.510543823242209 ], [ -91.31306728786889, 30.518622843424502 ], [ -91.311932712131053, 30.523043823242212 ], [ -91.308900621202227, 30.526956176757835 ], [ -91.308333333333309, 30.5375 ], [ -91.308900621202227, 30.56054382324221 ], [ -91.317249552408825, 30.569913736979188 ], [ -91.32414906819659, 30.571684095594641 ], [ -91.325879753960479, 30.578427802191865 ], [ -91.334079996744762, 30.579733954535612 ], [ -91.340529547797289, 30.574735514322938 ], [ -91.34166666666664, 30.579166666666691 ], [ -91.342383829752578, 30.586513604058183 ], [ -91.347993469238247, 30.588117472330751 ], [ -91.353431193033828, 30.592466566297766 ], [ -91.354784308539465, 30.606326972113738 ], [ -91.35771569146047, 30.610339694552977 ], [ -91.359127468532961, 30.620039198133703 ], [ -91.36882680257159, 30.621450805664086 ], [ -91.372839864095027, 30.624382527669294 ], [ -91.375, 30.625 ], [ -91.378202480739986, 30.625964355468774 ], [ -91.37980940077037, 30.631301540798635 ], [ -91.383583577473928, 30.636624484592037 ], [ -91.375, 30.6375 ], [ -91.374432712131053, 30.639710489908879 ], [ -91.371400621202227, 30.643622843424502 ], [ -91.370266045464376, 30.659079996744815 ], [ -91.374432712131053, 30.664456176757838 ], [ -91.37556728786889, 30.67721048990888 ], [ -91.378599378797716, 30.681122843424504 ], [ -91.379733954535567, 30.685543823242213 ], [ -91.382766045464379, 30.689456176757837 ], [ -91.38390062120223, 30.693877156575546 ], [ -91.386932712131056, 30.69778951009117 ], [ -91.388350931803359, 30.703315904405407 ], [ -91.391666666666637, 30.704166666666691 ], [ -91.394982401529916, 30.705017428927977 ], [ -91.3958333333333, 30.708333333333357 ], [ -91.423257785373238, 30.707980007595509 ], [ -91.426742214626714, 30.704519992404538 ], [ -91.435757785373241, 30.703813340928843 ], [ -91.439242214626717, 30.700353325737872 ], [ -91.469091118706572, 30.699646674262176 ], [ -91.480908881293374, 30.687853325737873 ], [ -91.485757785373238, 30.687146674262177 ], [ -91.491308593749977, 30.681623670789953 ], [ -91.491666666666646, 30.679166666666692 ], [ -91.502160135904916, 30.67978413899742 ], [ -91.506173197428353, 30.682715861002627 ], [ -91.528167046440942, 30.683950805664086 ], [ -91.529784308539476, 30.672839694552977 ], [ -91.533664449055962, 30.66752827962242 ], [ -91.544861687554231, 30.665898301866342 ], [ -91.54680497911238, 30.659101698133703 ], [ -91.55632680257159, 30.657715861002629 ], [ -91.560339864095027, 30.654784138997421 ], [ -91.564660135904916, 30.653549194335962 ], [ -91.568673197428353, 30.650617472330755 ], [ -91.570833333333312, 30.65 ], [ -91.57140062120223, 30.652210489908878 ], [ -91.578599378797719, 30.660289510091168 ], [ -91.57973395453557, 30.664710489908877 ], [ -91.582864549424883, 30.66875 ], [ -91.579631720648848, 30.672921413845511 ], [ -91.584293111165337, 30.678510877821203 ], [ -91.598043823242165, 30.679733954535614 ], [ -91.6104053073459, 30.691206868489608 ], [ -91.614456176757784, 30.688067287868947 ], [ -91.625746663411434, 30.6869327121311 ], [ -91.63112284342445, 30.691099378797766 ], [ -91.636761305067253, 30.692546251085094 ], [ -91.638067287868893, 30.700746663411483 ], [ -91.63390062120223, 30.706122843424502 ], [ -91.632672119140594, 30.719933742947074 ], [ -91.625850931803356, 30.721684095594643 ], [ -91.624432712131053, 30.727210489908877 ], [ -91.621400621202227, 30.731122843424505 ], [ -91.62026604546439, 30.742413330078151 ], [ -91.624432712131053, 30.74778951009117 ], [ -91.625567287868904, 30.756377156575546 ], [ -91.628599378797716, 30.76028951009117 ], [ -91.629166666666634, 30.766666666666691 ], [ -91.635493469238256, 30.767284138997422 ], [ -91.639506530761693, 30.77021586100263 ], [ -91.642135789659264, 30.771450805664088 ], [ -91.647923278808562, 30.767223442925371 ], [ -91.657501559787306, 30.775535074869815 ], [ -91.659130181206578, 30.786724853515651 ], [ -91.669833713107607, 30.788117472330754 ], [ -91.671635945638002, 30.775735134548636 ], [ -91.679166666666646, 30.775 ], [ -91.683333333333309, 30.775 ], [ -91.68276604546439, 30.806377156575547 ], [ -91.679733954535564, 30.81028951009117 ], [ -91.678599378797713, 30.823043823242212 ], [ -91.6754687839084, 30.827083333333359 ], [ -91.679562547471761, 30.832365587022593 ], [ -91.686649068196587, 30.834184095594644 ], [ -91.6875, 30.8375 ], [ -91.688161214192689, 30.844933742947074 ], [ -91.691666666666649, 30.84583333333336 ], [ -91.691099378797716, 30.848043823242215 ], [ -91.682967461480004, 30.857170274522595 ], [ -91.692233954535567, 30.859548272026935 ], [ -91.691010708279052, 30.874099053276936 ], [ -91.682967461480004, 30.876163058810789 ], [ -91.692233954535567, 30.886562771267386 ], [ -91.691099378797716, 30.898043823242212 ], [ -91.688067287868904, 30.901956176757839 ], [ -91.68679148356118, 30.911612616644991 ], [ -91.683333333333309, 30.9125 ], [ -91.683686659071157, 30.927424452039958 ], [ -91.689209832085481, 30.932975260416693 ], [ -91.694091118706567, 30.933686659071206 ], [ -91.705908881293382, 30.945480007595513 ], [ -91.708333333333314, 30.945833333333361 ], [ -91.708994547526018, 30.953267076280408 ], [ -91.716270785861525, 30.955134412977458 ], [ -91.721400621202235, 30.961753336588568 ], [ -91.720159573025143, 30.974103461371556 ], [ -91.71666666666664, 30.975 ], [ -91.717233954535573, 30.977210489908881 ], [ -91.721725802951369, 30.982596503363741 ], [ -91.729913330078105, 30.983900621202284 ], [ -91.735289510091121, 30.979733954535618 ], [ -91.738459608289901, 30.978599378797771 ], [ -91.749368116590688, 30.988493855794296 ], [ -91.750567287868904, 31.006377156575546 ], [ -91.753599378797716, 31.010289510091173 ], [ -91.754733954535567, 31.018877156575549 ], [ -91.757766045464379, 31.022789510091172 ], [ -91.75890062120223, 31.025746663411486 ], [ -91.754733954535567, 31.031122843424505 ], [ -91.753599378797716, 31.048043823242214 ], [ -91.749604119194856, 31.053198920355932 ], [ -91.742327880859349, 31.055066257052978 ], [ -91.741099378797713, 31.068877156575549 ], [ -91.738067287868901, 31.072789510091173 ], [ -91.73693271213105, 31.106377156575547 ], [ -91.733900621202238, 31.110289510091174 ], [ -91.733333333333306, 31.120833333333362 ], [ -91.73418426513669, 31.124149237738742 ], [ -91.73971048990883, 31.12556728786895 ], [ -91.747789510091124, 31.132766045464436 ], [ -91.757118394639733, 31.133900621202287 ], [ -91.759232923719594, 31.125661214192736 ], [ -91.766666666666637, 31.125 ], [ -91.76723395453557, 31.127210489908883 ], [ -91.775346713595894, 31.136315239800375 ], [ -91.779913330078102, 31.138067287868953 ], [ -91.785289510091118, 31.133900621202287 ], [ -91.798043823242168, 31.132766045464436 ], [ -91.801956176757784, 31.129733954535617 ], [ -91.806377156575493, 31.12859937879777 ], [ -91.815746900770378, 31.120250447591175 ], [ -91.817579481336779, 31.113109673394124 ], [ -91.846579996744765, 31.111932712131104 ], [ -91.851956176757795, 31.11609937879777 ], [ -91.856377156575491, 31.117233954535617 ], [ -91.860289510091121, 31.120266045464437 ], [ -91.8625, 31.120833333333362 ], [ -91.893877156575499, 31.121400621202284 ], [ -91.89778951009113, 31.124432712131103 ], [ -91.903315734863256, 31.125850762261312 ], [ -91.905017598470025, 31.132482571072075 ], [ -91.908333333333317, 31.133333333333361 ], [ -91.9092329237196, 31.129827880859402 ], [ -91.924100409613686, 31.128505452473988 ], [ -91.925, 31.125 ], [ -91.944917636447457, 31.124401516384577 ], [ -91.94640062120223, 31.118622843424507 ], [ -91.953599378797719, 31.110543823242214 ], [ -91.95473395453557, 31.106122843424508 ], [ -91.957766045464382, 31.102210489908881 ], [ -91.958333333333314, 31.09583333333336 ], [ -91.954749552408828, 31.094913736979194 ], [ -91.945467461480007, 31.084496392144125 ], [ -91.952210489908836, 31.082766045464439 ], [ -91.968622843424455, 31.067233954535617 ], [ -91.977210489908828, 31.06609937879777 ], [ -91.981122843424458, 31.06306728786895 ], [ -91.98971048990883, 31.061932712131103 ], [ -91.993622843424461, 31.058900621202284 ], [ -92.018877156575499, 31.057766045464437 ], [ -92.02278951009113, 31.054733954535617 ], [ -92.041666666666643, 31.054166666666696 ], [ -92.042019992404491, 31.056591118706624 ], [ -92.045480007595458, 31.060075547960096 ], [ -92.045833333333292, 31.079166666666694 ], [ -92.046400621202238, 31.085543823242215 ], [ -92.04943271213105, 31.089456176757839 ], [ -92.050567287868901, 31.102210489908881 ], [ -92.053599378797728, 31.106122843424508 ], [ -92.054733954535564, 31.11471048990888 ], [ -92.061932712131053, 31.122789510091174 ], [ -92.06335093180337, 31.128315904405412 ], [ -92.070124816894506, 31.13005405002173 ], [ -92.071541849772117, 31.140779283311659 ], [ -92.075, 31.141666666666694 ], [ -92.077210489908836, 31.142233954535619 ], [ -92.081122843424453, 31.145266045464439 ], [ -92.089710489908839, 31.146400621202286 ], [ -92.097789510091118, 31.153599378797772 ], [ -92.103315734863259, 31.15501742892798 ], [ -92.104733954535575, 31.160543823242215 ], [ -92.109225802951372, 31.165930006239179 ], [ -92.117413330078108, 31.167233954535618 ], [ -92.122789510091124, 31.163067287868952 ], [ -92.131377156575496, 31.161932712131104 ], [ -92.135289510091127, 31.158900621202285 ], [ -92.139710489908836, 31.157766045464438 ], [ -92.143622843424453, 31.154733954535619 ], [ -92.152210489908839, 31.153599378797772 ], [ -92.156122843424455, 31.150567287868952 ], [ -92.158333333333303, 31.15 ], [ -92.158989122178781, 31.142626614040825 ], [ -92.164456176757781, 31.138067287868953 ], [ -92.171400621202224, 31.136285061306452 ], [ -92.170266045464373, 31.131122843424507 ], [ -92.167233954535547, 31.127210489908883 ], [ -92.166099378797711, 31.122789510091174 ], [ -92.162968614366278, 31.11875 ], [ -92.166099378797711, 31.11471048990888 ], [ -92.167517428927908, 31.109184095594646 ], [ -92.173043823242153, 31.107766045464437 ], [ -92.189456176757773, 31.092233954535619 ], [ -92.194982571072018, 31.09081590440541 ], [ -92.195833333333297, 31.0875 ], [ -92.206377156575485, 31.088067287868952 ], [ -92.210289510091116, 31.091099378797772 ], [ -92.227210489908813, 31.092233954535619 ], [ -92.236580403645803, 31.100582885742217 ], [ -92.238403998480862, 31.107689751519125 ], [ -92.255103895399273, 31.108900621202284 ], [ -92.264456176757776, 31.100567287868952 ], [ -92.267413330078085, 31.099432712131104 ], [ -92.272789510091116, 31.103599378797771 ], [ -92.277210489908825, 31.104733954535618 ], [ -92.281122843424441, 31.107766045464437 ], [ -92.289710489908813, 31.108900621202284 ], [ -92.293622843424444, 31.111932712131104 ], [ -92.298043823242153, 31.113067287868951 ], [ -92.301956176757784, 31.11609937879777 ], [ -92.306377156575479, 31.117233954535617 ], [ -92.311844211154479, 31.121793280707493 ], [ -92.3125, 31.129166666666695 ], [ -92.314660305447006, 31.129784138997422 ], [ -92.318673027886248, 31.13271586100263 ], [ -92.322993638780346, 31.133950805664092 ], [ -92.328008015950488, 31.137613932291693 ], [ -92.329784138997354, 31.143826972113743 ], [ -92.333664279513854, 31.149138387044299 ], [ -92.344861518012124, 31.150768364800374 ], [ -92.346450805664034, 31.156326972113742 ], [ -92.353549194335898, 31.164506530761749 ], [ -92.35509304470483, 31.169906955295168 ], [ -92.361573621961767, 31.171759711371557 ], [ -92.3631174723307, 31.177160135904977 ], [ -92.366049194335901, 31.181173197428414 ], [ -92.367284138997363, 31.189660135904976 ], [ -92.370215861002563, 31.193673197428414 ], [ -92.371450805664026, 31.210493469238308 ], [ -92.374382527669241, 31.214506530761746 ], [ -92.375617472330688, 31.227160135904978 ], [ -92.378549194335903, 31.231173197428415 ], [ -92.379784138997366, 31.239660135904977 ], [ -92.382715861002566, 31.243673197428414 ], [ -92.384259711371499, 31.249073621961834 ], [ -92.390740288628436, 31.250926378038223 ], [ -92.392284138997354, 31.256326802571643 ], [ -92.395947265624969, 31.261341179741784 ], [ -92.402160305447012, 31.26311764187286 ], [ -92.407174682617153, 31.266780598958363 ], [ -92.40925971137149, 31.274073621961833 ], [ -92.415898301866278, 31.275971645779109 ], [ -92.417615085177914, 31.287767367892826 ], [ -92.422923109266463, 31.283889940049942 ], [ -92.431173027886246, 31.291049024793868 ], [ -92.435493638780343, 31.292284308539525 ], [ -92.439506361219586, 31.295215691460534 ], [ -92.456326972113686, 31.296450975206191 ], [ -92.460339694552914, 31.2993823581272 ], [ -92.4625, 31.3 ], [ -92.463350762261257, 31.296684265136747 ], [ -92.466666666666626, 31.295833333333363 ], [ -92.467433336045971, 31.299088033040395 ], [ -92.471773952907952, 31.300529479980497 ], [ -92.476918538411425, 31.296362813313831 ], [ -92.498081461588512, 31.295303853352895 ], [ -92.510251871744757, 31.283862813313831 ], [ -92.514748128255178, 31.282803853352895 ], [ -92.518585205078097, 31.279696146647165 ], [ -92.5208333333333, 31.279166666666697 ], [ -92.521450805664031, 31.281326802571645 ], [ -92.524382527669232, 31.285339864095082 ], [ -92.525617472330694, 31.289660135904978 ], [ -92.530030992295977, 31.295178222656279 ], [ -92.568826972113683, 31.296450975206191 ], [ -92.572839694552911, 31.2993823581272 ], [ -92.606965467664892, 31.300617641872858 ], [ -92.609319729275143, 31.292383829752634 ], [ -92.622993638780343, 31.291049024793868 ], [ -92.627006361219586, 31.288117641872859 ], [ -92.650469292534694, 31.286882358127201 ], [ -92.656173027886254, 31.291049024793868 ], [ -92.669833713107607, 31.292284308539525 ], [ -92.671450805664023, 31.281173197428416 ], [ -92.675113932291637, 31.276158820258274 ], [ -92.682177395290765, 31.274139234754802 ], [ -92.683950805664026, 31.270364210340741 ], [ -92.679728190104129, 31.264583333333363 ], [ -92.683447265624963, 31.259492153591609 ], [ -92.689660305447021, 31.257715691460533 ], [ -92.702006361219588, 31.246450975206191 ], [ -92.7125, 31.245833333333362 ], [ -92.713067287868896, 31.235289510091174 ], [ -92.716099378797708, 31.231377156575551 ], [ -92.717233954535558, 31.226956176757842 ], [ -92.721400621202221, 31.221579996744822 ], [ -92.720266045464371, 31.218622843424509 ], [ -92.716099378797708, 31.213246663411486 ], [ -92.717405531141466, 31.205046420627198 ], [ -92.723043823242151, 31.203599378797772 ], [ -92.726956176757781, 31.200567287868953 ], [ -92.729166666666629, 31.2 ], [ -92.732482571072012, 31.200850931803416 ], [ -92.733333333333306, 31.204166666666694 ], [ -92.735493638780355, 31.204784308539526 ], [ -92.7395833333333, 31.20777180989586 ], [ -92.743756442599789, 31.204723273383276 ], [ -92.752006361219586, 31.211882358127198 ], [ -92.770026312933993, 31.213205634223119 ], [ -92.771450805664031, 31.222993469238311 ], [ -92.774382527669246, 31.227006530761749 ], [ -92.775986395941814, 31.232616170247425 ], [ -92.789660305447015, 31.233950975206191 ], [ -92.795129055447021, 31.238324822319907 ], [ -92.796450805664037, 31.256326802571643 ], [ -92.800113932291637, 31.261341179741784 ], [ -92.807406955295107, 31.263426378038222 ], [ -92.808950805664026, 31.268826802571645 ], [ -92.81261393229164, 31.273841179741783 ], [ -92.820100233289892, 31.27598164876305 ], [ -92.821450805664028, 31.287969122992649 ], [ -92.817284138997366, 31.293673197428415 ], [ -92.816049194335903, 31.302798800998293 ], [ -92.822993638780346, 31.304784308539524 ], [ -92.828431193033822, 31.309133232964438 ], [ -92.829166666666637, 31.316666666666695 ], [ -92.829519992404485, 31.319091118706627 ], [ -92.837146674262115, 31.326742214626766 ], [ -92.8375, 31.329166666666694 ], [ -92.839710489908825, 31.329733954535619 ], [ -92.849345228407088, 31.338473002115915 ], [ -92.850661214192684, 31.35326707628041 ], [ -92.856377156575491, 31.354733954535618 ], [ -92.860289510091121, 31.357766045464441 ], [ -92.874100409613689, 31.35899454752607 ], [ -92.87556728786889, 31.364710489908884 ], [ -92.879562717013854, 31.369865587022598 ], [ -92.883333333333297, 31.370833333333362 ], [ -92.883686659071145, 31.368408881293433 ], [ -92.887146674262127, 31.364924452039961 ], [ -92.887858072916629, 31.360043165418865 ], [ -92.894118923611074, 31.353813340928848 ], [ -92.910757785373235, 31.354519992404544 ], [ -92.914953613281213, 31.358686659071211 ], [ -92.923257785373238, 31.357980007595515 ], [ -92.927453613281216, 31.353813340928848 ], [ -92.931591118706564, 31.354519992404544 ], [ -92.935075547960039, 31.357980007595515 ], [ -92.9375, 31.358333333333363 ], [ -92.939710489908819, 31.358900621202288 ], [ -92.949080403645809, 31.367249552408886 ], [ -92.950567287868893, 31.373043823242217 ], [ -92.953599378797719, 31.376956176757844 ], [ -92.955054050021673, 31.382624816894563 ], [ -92.965779283311605, 31.384041849772167 ], [ -92.967233954535558, 31.389710489908886 ], [ -92.974432712131048, 31.397789510091176 ], [ -92.975887383355001, 31.403458150227895 ], [ -92.986612616644933, 31.404875183105499 ], [ -92.988067287868887, 31.410543823242218 ], [ -92.991099378797713, 31.414456176757842 ], [ -92.992233954535564, 31.423043823242217 ], [ -92.996229383680529, 31.428198920355932 ], [ -93.002210489908819, 31.429733954535621 ], [ -93.00612284342445, 31.43276604546444 ], [ -93.0125, 31.433333333333366 ], [ -93.012854003906227, 31.418380398220517 ], [ -93.018408881293368, 31.412853325737878 ], [ -93.023257785373232, 31.412146674262182 ], [ -93.026742214626708, 31.408686659071211 ], [ -93.031623670789898, 31.407975260416698 ], [ -93.037146674262118, 31.402424452039959 ], [ -93.037855021158819, 31.389212883843346 ], [ -93.043408881293374, 31.383686659071209 ], [ -93.052424452039901, 31.382980007595517 ], [ -93.055908881293377, 31.379519992404543 ], [ -93.064924452039904, 31.378813340928851 ], [ -93.076742214626705, 31.367019992404543 ], [ -93.079166666666637, 31.366666666666696 ], [ -93.081591118706569, 31.366313340928848 ], [ -93.085075547960045, 31.362853325737877 ], [ -93.102424452039898, 31.362146674262181 ], [ -93.105908881293374, 31.358686659071211 ], [ -93.122546386718724, 31.357980007595515 ], [ -93.126742214626702, 31.362146674262181 ], [ -93.139924452039907, 31.362853325737877 ], [ -93.143408881293368, 31.366313340928848 ], [ -93.155879720052056, 31.367019992404543 ], [ -93.160417005750844, 31.362514241536488 ], [ -93.166308593749974, 31.368376498752198 ], [ -93.166666666666643, 31.370833333333362 ], [ -93.169982401529921, 31.369982401529978 ], [ -93.171400621202224, 31.364456176757841 ], [ -93.175395880805098, 31.359301079644126 ], [ -93.181377156575493, 31.357766045464441 ], [ -93.190746900770364, 31.349417114257843 ], [ -93.192547607421844, 31.342400783962702 ], [ -93.200937228732613, 31.341099378797772 ], [ -93.211336771647112, 31.350365871853327 ], [ -93.213067287868896, 31.343622843424509 ], [ -93.217062547471755, 31.338467746310794 ], [ -93.224149068196581, 31.336649068196643 ], [ -93.225, 31.333333333333364 ], [ -93.227210489908828, 31.333900621202286 ], [ -93.231122843424458, 31.336932712131105 ], [ -93.244933742947026, 31.338161214192738 ], [ -93.246400621202227, 31.343877156575552 ], [ -93.251014370388432, 31.349409484863312 ], [ -93.275, 31.35 ], [ -93.275353325737825, 31.352424452039962 ], [ -93.280876498752136, 31.357975260416698 ], [ -93.285757785373235, 31.358686659071211 ], [ -93.291310967339385, 31.364212205674942 ], [ -93.292019992404491, 31.373257785373294 ], [ -93.299646674262121, 31.380908881293433 ], [ -93.3, 31.383333333333361 ], [ -93.299646674262121, 31.385757785373293 ], [ -93.296186659071154, 31.389242214626766 ], [ -93.295833333333306, 31.391666666666698 ], [ -93.298043823242153, 31.392233954535619 ], [ -93.301956176757784, 31.395266045464439 ], [ -93.311612616644936, 31.396541849772166 ], [ -93.3125, 31.4 ], [ -93.312146674262124, 31.402424452039959 ], [ -93.308686659071157, 31.405908881293435 ], [ -93.307980007595461, 31.418379550510014 ], [ -93.312146674262124, 31.422575547960101 ], [ -93.312853325737819, 31.427424452039961 ], [ -93.316313340928787, 31.430908881293433 ], [ -93.317019992404482, 31.443379550510013 ], [ -93.312853325737819, 31.447575547960099 ], [ -93.312146674262124, 31.451712883843346 ], [ -93.316313340928787, 31.455908881293432 ], [ -93.316666666666634, 31.458333333333364 ], [ -93.318877156575496, 31.457766045464439 ], [ -93.322925482855879, 31.454628499348988 ], [ -93.331122843424453, 31.461932712131109 ], [ -93.336791483561171, 31.463387383355066 ], [ -93.338208516438769, 31.474112616644994 ], [ -93.345230950249544, 31.475914679633277 ], [ -93.346400621202235, 31.510543823242219 ], [ -93.349432712131048, 31.514456176757843 ], [ -93.350567287868898, 31.518877156575552 ], [ -93.354562547471758, 31.524032253689267 ], [ -93.360543823242153, 31.525567287868956 ], [ -93.366010708279049, 31.53012644449873 ], [ -93.366666666666646, 31.5375 ], [ -93.366666666666646, 31.545833333333363 ], [ -93.366666666666646, 31.554166666666699 ], [ -93.36751759847003, 31.557482401529981 ], [ -93.370833333333309, 31.558333333333366 ], [ -93.370833333333309, 31.5625 ], [ -93.370833333333309, 31.566666666666698 ], [ -93.371186659071157, 31.585757785373296 ], [ -93.374646674262124, 31.589242214626768 ], [ -93.375, 31.591666666666697 ], [ -93.375907558864995, 31.594925774468347 ], [ -93.381339348687035, 31.596438429090743 ], [ -93.393660651312914, 31.607728237575987 ], [ -93.398006015353701, 31.608938429090742 ], [ -93.403057522243898, 31.612683444552982 ], [ -93.405074225531664, 31.619925774468349 ], [ -93.411846076117598, 31.621811591254371 ], [ -93.413160536024279, 31.649160427517394 ], [ -93.421374003092424, 31.65060509575741 ], [ -93.4270833333333, 31.646372138129372 ], [ -93.431160651312908, 31.649394904242655 ], [ -93.440716213650148, 31.650753445095518 ], [ -93.442574225531658, 31.657425774468347 ], [ -93.448006015353712, 31.658938429090743 ], [ -93.451993984646236, 31.661894904242654 ], [ -93.456339348687038, 31.663105095757409 ], [ -93.461390855577235, 31.666850111219649 ], [ -93.46346435546873, 31.674296739366351 ], [ -93.470833333333303, 31.675 ], [ -93.471186659071151, 31.689924452039964 ], [ -93.476709832085476, 31.6954752604167 ], [ -93.479166666666643, 31.695833333333365 ], [ -93.479519992404491, 31.702424452039963 ], [ -93.482980007595458, 31.705908881293436 ], [ -93.483333333333306, 31.708333333333364 ], [ -93.475, 31.708333333333364 ], [ -93.459246656629745, 31.708940802680154 ], [ -93.457766045464382, 31.714710489908885 ], [ -93.45473395453557, 31.718622843424512 ], [ -93.453599378797719, 31.723043823242222 ], [ -93.450567287868893, 31.726956176757845 ], [ -93.45, 31.733333333333366 ], [ -93.45, 31.75 ], [ -93.450353325737822, 31.752424452039964 ], [ -93.453813340928789, 31.755908881293436 ], [ -93.454166666666637, 31.7625 ], [ -93.455167304144936, 31.765823703342047 ], [ -93.462821790907086, 31.767309400770433 ], [ -93.469957817925319, 31.762249755859408 ], [ -93.471476067437038, 31.777135043674079 ], [ -93.474976433647981, 31.782071770562098 ], [ -93.482369147406658, 31.784297519260015 ], [ -93.483333333333306, 31.7875 ], [ -93.480908881293374, 31.787853325737881 ], [ -93.477424452039898, 31.791313340928852 ], [ -93.475, 31.7916666666667 ], [ -93.474432712131048, 31.793877156575554 ], [ -93.471400621202235, 31.797789510091178 ], [ -93.470266045464385, 31.819618394639789 ], [ -93.475, 31.820833333333368 ], [ -93.481377156575491, 31.82140062120229 ], [ -93.489456176757784, 31.828599378797776 ], [ -93.495172119140605, 31.830066257052984 ], [ -93.496400621202227, 31.843877156575555 ], [ -93.499432712131053, 31.847789510091179 ], [ -93.5, 31.85 ], [ -93.510493469238256, 31.850617641872862 ], [ -93.514506530761693, 31.853549024793871 ], [ -93.531326802571584, 31.854784308539529 ], [ -93.535339864095022, 31.857715691460537 ], [ -93.54799346923825, 31.858950975206199 ], [ -93.552006530761687, 31.861882358127204 ], [ -93.560493469238253, 31.863117641872865 ], [ -93.565805223253008, 31.866997782389358 ], [ -93.56746927897133, 31.878431532118089 ], [ -93.575, 31.879166666666702 ], [ -93.575353325737822, 31.881591118706631 ], [ -93.578813340928789, 31.885075547960103 ], [ -93.579166666666637, 31.8875 ], [ -93.578599378797719, 31.889710489908889 ], [ -93.575567287868893, 31.893622843424513 ], [ -93.574432712131056, 31.902210489908889 ], [ -93.57140062120223, 31.906122843424512 ], [ -93.570266045464379, 31.909079996744826 ], [ -93.574432712131056, 31.914456176757845 ], [ -93.575567287868893, 31.917603895399338 ], [ -93.567233954535567, 31.926956176757848 ], [ -93.566099378797716, 31.942413330078161 ], [ -93.570266045464379, 31.94778951009118 ], [ -93.571494547526015, 31.961600409613752 ], [ -93.577210489908822, 31.963067287868959 ], [ -93.582365587022551, 31.967062547471823 ], [ -93.584184265136699, 31.974149068196649 ], [ -93.589710489908825, 31.975567287868959 ], [ -93.593622843424455, 31.978599378797778 ], [ -93.599149068196596, 31.980017598470088 ], [ -93.6, 31.98333333333337 ], [ -93.599646674262132, 31.985757785373298 ], [ -93.596186659071151, 31.989242214626771 ], [ -93.595833333333303, 31.991666666666703 ], [ -93.603180440266897, 31.99238382975264 ], [ -93.604784308539465, 31.997993469238317 ], [ -93.607715691460484, 32.002006530761754 ], [ -93.609140353732613, 32.011794365776943 ], [ -93.627160135904916, 32.013117641872867 ], [ -93.631173197428353, 32.016049024793872 ], [ -93.636573621961787, 32.017593044704896 ], [ -93.63811764187281, 32.022993469238315 ], [ -93.640667046440953, 32.025617641872863 ], [ -93.642434861924883, 32.013471645779113 ], [ -93.645833333333314, 32.0125 ], [ -93.656377156575502, 32.013067287868957 ], [ -93.660289510091118, 32.016099378797776 ], [ -93.665815734863259, 32.017517598470086 ], [ -93.667517598470027, 32.02414906819665 ], [ -93.673043823242168, 32.025567287868959 ], [ -93.676956176757784, 32.028599378797779 ], [ -93.682482401529924, 32.030017598470089 ], [ -93.683333333333309, 32.033333333333367 ], [ -93.685757785373241, 32.033686659071215 ], [ -93.693408881293379, 32.041313340928852 ], [ -93.695833333333312, 32.041666666666686 ], [ -93.696720716688347, 32.038208516438836 ], [ -93.707445949978279, 32.036791483561231 ], [ -93.708333333333314, 32.033333333333367 ], [ -93.710757785373232, 32.032980007595519 ], [ -93.714242214626708, 32.029519992404552 ], [ -93.719091118706572, 32.028813340928856 ], [ -93.722575547960048, 32.025353325737882 ], [ -93.731591118706575, 32.024646674262186 ], [ -93.737141927083314, 32.019123501247861 ], [ -93.7375, 32.016666666666701 ], [ -93.73971048990883, 32.017233954535627 ], [ -93.743622843424461, 32.020266045464446 ], [ -93.749149068196587, 32.021684265136756 ], [ -93.750567287868904, 32.027210489908889 ], [ -93.758916219075502, 32.036580234103766 ], [ -93.766005452473934, 32.038399590386319 ], [ -93.766666666666637, 32.04583333333337 ], [ -93.766099378797719, 32.052210489908887 ], [ -93.762968783908391, 32.05625 ], [ -93.767062547471767, 32.061532253689272 ], [ -93.775264655219161, 32.063637118869394 ], [ -93.771400621202233, 32.068622843424514 ], [ -93.770266045464382, 32.08010389539934 ], [ -93.778599378797722, 32.089456176757849 ], [ -93.780017598470025, 32.094982401529982 ], [ -93.785543823242165, 32.096400621202292 ], [ -93.790962388780358, 32.100919426812105 ], [ -93.792375183105449, 32.111612616645004 ], [ -93.799149068196584, 32.113350931803424 ], [ -93.8, 32.116666666666703 ], [ -93.803427971733925, 32.117546420627207 ], [ -93.804733954535564, 32.125746663411491 ], [ -93.8004687839084, 32.13125 ], [ -93.803599378797713, 32.135289510091184 ], [ -93.804166666666646, 32.1375 ], [ -93.804166666666646, 32.141666666666687 ], [ -93.810757785373241, 32.141313340928853 ], [ -93.814242214626717, 32.137853325737886 ], [ -93.830879550509962, 32.137146674262191 ], [ -93.835075547960045, 32.141313340928853 ], [ -93.84166666666664, 32.141666666666687 ], [ -93.844091118706572, 32.142019992404535 ], [ -93.847575547960048, 32.145480007595509 ], [ -93.864924452039901, 32.146186659071198 ], [ -93.874645826551628, 32.155881754557313 ], [ -93.875, 32.166666666666686 ], [ -93.874646674262124, 32.173257785373281 ], [ -93.870847913953966, 32.177083333333357 ], [ -93.874646674262124, 32.180908881293426 ], [ -93.875353325737819, 32.185046386718767 ], [ -93.871186659071157, 32.189242214626759 ], [ -93.870833333333309, 32.191666666666684 ], [ -93.894091118706569, 32.192019992404532 ], [ -93.897575547960045, 32.195480007595506 ], [ -93.9, 32.195833333333354 ], [ -93.900766499837218, 32.199087863498285 ], [ -93.905107455783394, 32.200529649522593 ], [ -93.910251702202672, 32.196362982855923 ], [ -93.916666666666643, 32.195833333333354 ], [ -93.917233954535561, 32.198043823242209 ], [ -93.921793111165343, 32.203510877821202 ], [ -93.936600409613689, 32.204827880859398 ], [ -93.938067287868904, 32.210543823242205 ], [ -93.945266045464393, 32.218622843424498 ], [ -93.946732923719594, 32.224338785807312 ], [ -93.960543823242162, 32.225567287868941 ], [ -93.964456176757793, 32.228599378797767 ], [ -93.983333333333306, 32.229166666666686 ], [ -93.9875, 32.229166666666686 ], [ -93.988219875759526, 32.240890163845506 ], [ -94.004809400770384, 32.242582194010438 ], [ -94.003450351291207, 32.265897284613736 ], [ -93.997968377007354, 32.270190429687524 ], [ -93.991666666666646, 32.270833333333357 ], [ -93.9872353447808, 32.271970621744813 ], [ -93.991099378797728, 32.276956176757835 ], [ -93.992233954535564, 32.292413330078148 ], [ -93.988067287868901, 32.297789510091164 ], [ -93.9875, 32.304166666666688 ], [ -93.989924452039915, 32.304519992404536 ], [ -93.993408881293377, 32.307980007595511 ], [ -94.0, 32.308333333333351 ], [ -94.008333333333297, 32.308333333333351 ], [ -94.009184265136696, 32.311649237738735 ], [ -94.015815734863253, 32.313350762261308 ], [ -94.017803785536003, 32.32109781901044 ], [ -94.02278951009113, 32.31723395453561 ], [ -94.027951727973075, 32.316099378797766 ], [ -94.02916666666664, 32.320833333333354 ], [ -94.030017598470025, 32.324149237738737 ], [ -94.036791483561174, 32.325887383355052 ], [ -94.038208516438786, 32.336612616644985 ], [ -94.045216200086784, 32.338410780164949 ], [ -94.046400621202238, 32.363246663411481 ], [ -94.04213545057506, 32.36875 ], [ -94.045266045464388, 32.372789510091167 ], [ -94.045833333333306, 32.383333333333354 ], [ -94.056377156575493, 32.38390062120228 ], [ -94.072789510091127, 32.399432712131102 ], [ -94.078315734863253, 32.400850762261307 ], [ -94.07973395453557, 32.406377156575545 ], [ -94.084829033745635, 32.412486775716168 ], [ -94.089456176757793, 32.408900621202278 ], [ -94.100746663411442, 32.407766045464435 ], [ -94.106122843424458, 32.411932712131097 ], [ -94.109270562065944, 32.413067287868948 ], [ -94.118741183810741, 32.404628499348981 ], [ -94.122789510091124, 32.407766045464435 ], [ -94.1375, 32.408333333333353 ], [ -94.139924452039907, 32.408686659071201 ], [ -94.145477634006056, 32.414212036132838 ], [ -94.146186659071162, 32.423257785373288 ], [ -94.149646674262129, 32.426742214626756 ], [ -94.15, 32.433333333333358 ], [ -94.152424452039895, 32.433686659071199 ], [ -94.155908881293371, 32.437146674262173 ], [ -94.168379720052044, 32.437853325737869 ], [ -94.172575547960037, 32.433686659071199 ], [ -94.175, 32.433333333333358 ], [ -94.175850762261248, 32.436649237738735 ], [ -94.181377156575479, 32.438067287868947 ], [ -94.186896091037283, 32.442669677734401 ], [ -94.188107638888852, 32.474086507161481 ], [ -94.193877156575482, 32.475567287868948 ], [ -94.201956176757776, 32.48276604546443 ], [ -94.207482571072006, 32.484184095594642 ], [ -94.2083333333333, 32.4875 ], [ -94.208686659071148, 32.502424452039953 ], [ -94.212146674262115, 32.505908881293422 ], [ -94.2125, 32.508333333333354 ], [ -94.220833333333303, 32.508333333333354 ], [ -94.224149237738686, 32.509184095594641 ], [ -94.225, 32.5125 ], [ -94.225353325737814, 32.514924452039956 ], [ -94.228813340928781, 32.518408881293425 ], [ -94.229519992404477, 32.523257785373289 ], [ -94.232980007595444, 32.526742214626758 ], [ -94.233333333333292, 32.52916666666669 ], [ -94.23368665907114, 32.535757785373285 ], [ -94.237146674262121, 32.539242214626761 ], [ -94.2375, 32.545833333333356 ], [ -94.253354220920102, 32.546501329210095 ], [ -94.254973687065942, 32.557627699110263 ], [ -94.272993638780349, 32.558950805664082 ], [ -94.281243557400131, 32.566109890408008 ], [ -94.285339694552917, 32.563117472330752 ], [ -94.297993638780341, 32.561882527669297 ], [ -94.302006361219583, 32.558950805664082 ], [ -94.308802625868026, 32.557715861002627 ], [ -94.314506361219586, 32.561882527669297 ], [ -94.325, 32.5625 ], [ -94.326214938693539, 32.557766045464433 ], [ -94.356377156575491, 32.558900621202284 ], [ -94.361753336588507, 32.563067287868947 ], [ -94.37410346137149, 32.561826239691861 ], [ -94.375899590386254, 32.554827880859399 ], [ -94.383333333333297, 32.554166666666688 ], [ -94.393826972113686, 32.55478413899742 ], [ -94.397839694552914, 32.557715861002627 ], [ -94.406326972113675, 32.558950805664082 ], [ -94.410339694552917, 32.561882527669297 ], [ -94.415898301866278, 32.563471815321201 ], [ -94.417460801866284, 32.574205864800369 ], [ -94.427160305447018, 32.575617472330755 ], [ -94.431173027886246, 32.578549194335963 ], [ -94.433802625868026, 32.579784138997418 ], [ -94.439506361219586, 32.575617472330755 ], [ -94.441666666666634, 32.575 ], [ -94.45, 32.575 ], [ -94.450567287868893, 32.57278951009117 ], [ -94.453599378797705, 32.568877156575546 ], [ -94.455134412977401, 32.562896050347248 ], [ -94.460416666666632, 32.558801947699678 ], [ -94.465920003255178, 32.563067287868947 ], [ -94.468877156575488, 32.561932712131096 ], [ -94.472789510091118, 32.558900621202284 ], [ -94.481377156575491, 32.557766045464433 ], [ -94.489456176757784, 32.550567287868944 ], [ -94.493877156575493, 32.5494327121311 ], [ -94.49778951009111, 32.546400621202281 ], [ -94.503505452473931, 32.544933742947073 ], [ -94.504166666666634, 32.5375 ], [ -94.514710489908822, 32.538067287868948 ], [ -94.518622843424438, 32.541099378797767 ], [ -94.524291653103262, 32.542554050021721 ], [ -94.52568630642358, 32.553112114800371 ], [ -94.529913330078088, 32.554733954535614 ], [ -94.535289510091118, 32.550567287868944 ], [ -94.542413330078091, 32.5494327121311 ], [ -94.547789510091107, 32.553599378797763 ], [ -94.55, 32.554166666666688 ], [ -94.550357733832428, 32.551711697048631 ], [ -94.560075547960039, 32.542019992404533 ], [ -94.5875, 32.541666666666693 ], [ -94.587853325737811, 32.535075547960091 ], [ -94.591313340928792, 32.531591118706622 ], [ -94.592019992404474, 32.526742214626758 ], [ -94.595480007595455, 32.523257785373289 ], [ -94.595833333333303, 32.520833333333357 ], [ -94.602424452039898, 32.520480007595509 ], [ -94.605908881293374, 32.517019992404535 ], [ -94.616666666666632, 32.516666666666687 ], [ -94.617233954535564, 32.523043823242212 ], [ -94.628599378797716, 32.535289510091168 ], [ -94.630072360568548, 32.541028849283876 ], [ -94.649094306098064, 32.542304484049502 ], [ -94.651137288411419, 32.550264485677104 ], [ -94.656122843424441, 32.546400621202281 ], [ -94.663246663411428, 32.54526604546443 ], [ -94.668622843424444, 32.5494327121311 ], [ -94.68010389539927, 32.550567287868944 ], [ -94.689456176757773, 32.542233954535611 ], [ -94.7125, 32.541666666666693 ], [ -94.713029649522539, 32.543914794921896 ], [ -94.716137017144064, 32.547751871744815 ], [ -94.717196316189202, 32.552248128255229 ], [ -94.724470350477404, 32.560251871744818 ], [ -94.725529649522542, 32.568914794921895 ], [ -94.728637017144067, 32.572751871744813 ], [ -94.729933336045974, 32.578254530164955 ], [ -94.734273952907955, 32.579696316189256 ], [ -94.739594184027752, 32.575387234158008 ], [ -94.749243503146673, 32.584287516276063 ], [ -94.75, 32.5875 ], [ -94.781591118706572, 32.587853325737868 ], [ -94.785075547960034, 32.591313340928842 ], [ -94.808333333333309, 32.59166666666669 ], [ -94.810757785373227, 32.592019992404538 ], [ -94.814242214626702, 32.595480007595512 ], [ -94.816666666666634, 32.59583333333336 ], [ -94.819091118706567, 32.596186659071208 ], [ -94.824644978841121, 32.601713053385438 ], [ -94.825, 32.608333333333356 ], [ -94.827424452039892, 32.608686659071203 ], [ -94.830908881293368, 32.612146674262178 ], [ -94.843379720052056, 32.612853325737873 ], [ -94.847575547960034, 32.608686659071203 ], [ -94.870833333333309, 32.608333333333356 ], [ -94.871720716688344, 32.611791653103325 ], [ -94.881377156575496, 32.613067287868944 ], [ -94.885289510091113, 32.61609937879777 ], [ -94.889710489908822, 32.617233954535614 ], [ -94.897789510091116, 32.624432712131103 ], [ -94.9, 32.625 ], [ -94.900661214192681, 32.632433742947072 ], [ -94.906377156575488, 32.63390062120228 ], [ -94.918622843424444, 32.645266045464432 ], [ -94.927210489908816, 32.646400621202282 ], [ -94.940964084201354, 32.659266493055583 ], [ -94.942233954535567, 32.668877156575547 ], [ -94.946229383680532, 32.674032253689262 ], [ -94.952210489908822, 32.675567287868951 ], [ -94.957365587022537, 32.679562717013916 ], [ -94.9583333333333, 32.683333333333358 ], [ -94.961791653103262, 32.684220716688394 ], [ -94.963067287868896, 32.693877156575546 ], [ -94.966099378797708, 32.69778951009117 ], [ -94.96666666666664, 32.7 ], [ -94.973257785373235, 32.700353325737872 ], [ -94.980908881293374, 32.707980007595509 ], [ -94.995833333333309, 32.708333333333357 ], [ -95.002424452039904, 32.707980007595509 ], [ -95.005908881293379, 32.704519992404542 ], [ -95.010757785373229, 32.703813340928846 ], [ -95.014242214626705, 32.700353325737872 ], [ -95.027424452039895, 32.699646674262176 ], [ -95.035075547960034, 32.692019992404539 ], [ -95.039924452039898, 32.691313340928843 ], [ -95.045475260416637, 32.685790337456623 ], [ -95.045833333333306, 32.683333333333358 ], [ -95.077248128255178, 32.682803683810789 ], [ -95.082334052191811, 32.678684488932319 ], [ -95.086727566189211, 32.680053032769123 ], [ -95.0875, 32.683333333333358 ], [ -95.088188001844586, 32.695023939344644 ], [ -95.097993638780352, 32.696450805664085 ], [ -95.10722690158417, 32.704463365342903 ], [ -95.108950805664037, 32.710493638780406 ], [ -95.111882527669238, 32.714506361219641 ], [ -95.1131174723307, 32.722993638780409 ], [ -95.116049194335915, 32.727006361219644 ], [ -95.117593044704833, 32.732406955295161 ], [ -95.122993638780358, 32.733950805664087 ], [ -95.131173027886263, 32.741049194335965 ], [ -95.133802625868029, 32.74228413899742 ], [ -95.139506361219588, 32.738117472330757 ], [ -95.141666666666637, 32.7375 ], [ -95.142019992404485, 32.739924452039958 ], [ -95.145480007595452, 32.743408881293426 ], [ -95.1458333333333, 32.754166666666691 ], [ -95.156377156575488, 32.754733954535617 ], [ -95.168622843424444, 32.766099378797769 ], [ -95.173043823242153, 32.767233954535612 ], [ -95.176956176757784, 32.770266045464432 ], [ -95.190767076280352, 32.771494547526068 ], [ -95.192233954535567, 32.777210489908882 ], [ -95.195266045464379, 32.781122843424505 ], [ -95.19640062120223, 32.784079996744815 ], [ -95.192233954535567, 32.789456176757838 ], [ -95.191099378797716, 32.796770562065994 ], [ -95.199432712131042, 32.806122843424504 ], [ -95.200567287868893, 32.810543823242213 ], [ -95.20933922661672, 32.820214843750023 ], [ -95.220833333333303, 32.820833333333361 ], [ -95.219982401529919, 32.824149237738737 ], [ -95.21666666666664, 32.825 ], [ -95.217019992404488, 32.827424452039956 ], [ -95.220480007595455, 32.830908881293425 ], [ -95.221186659071151, 32.839215766059056 ], [ -95.212853325737825, 32.847575547960098 ], [ -95.212146674262129, 32.856591118706625 ], [ -95.208686659071148, 32.860075547960093 ], [ -95.207980007595452, 32.864213053385441 ], [ -95.212146674262129, 32.868408881293426 ], [ -95.212853325737825, 32.873257785373291 ], [ -95.216313340928792, 32.876742214626759 ], [ -95.217019992404488, 32.880879720052107 ], [ -95.212853325737825, 32.885075547960099 ], [ -95.2125, 32.8875 ], [ -95.213067287868896, 32.893877156575549 ], [ -95.216099378797708, 32.897789510091172 ], [ -95.217233954535558, 32.902210489908882 ], [ -95.221229214138432, 32.907365587022596 ], [ -95.228458150227837, 32.909220716688395 ], [ -95.229875183105435, 32.919945949978327 ], [ -95.235543823242153, 32.921400621202281 ], [ -95.239456176757784, 32.9244327121311 ], [ -95.243877156575493, 32.925567287868951 ], [ -95.247789510091124, 32.92859937879777 ], [ -95.258333333333312, 32.929166666666696 ], [ -95.258686659071159, 32.931591118706621 ], [ -95.266313340928789, 32.939242214626759 ], [ -95.267019992404485, 32.952424452039956 ], [ -95.27254553900822, 32.957977634006106 ], [ -95.281591118706572, 32.958686659071205 ], [ -95.285075547960048, 32.962146674262179 ], [ -95.2875, 32.9625 ], [ -95.289710489908828, 32.963067287868952 ], [ -95.297789510091121, 32.970266045464435 ], [ -95.30221048990883, 32.971400621202285 ], [ -95.306122843424447, 32.974432712131104 ], [ -95.310543823242156, 32.975567287868948 ], [ -95.319913567437041, 32.983916219075546 ], [ -95.32140062120223, 32.98971048990888 ], [ -95.334266493055523, 33.003464084201418 ], [ -95.344945949978268, 33.004875013563392 ], [ -95.346970452202669, 33.01276448567711 ], [ -95.351956176757781, 33.008900621202287 ], [ -95.354166666666643, 33.008333333333361 ], [ -95.354166666666643, 33.016666666666694 ], [ -95.357749430338515, 33.01758626302086 ], [ -95.358333333333306, 33.054166666666696 ], [ -95.360757785373238, 33.054519992404543 ], [ -95.364242214626714, 33.057980007595511 ], [ -95.366666666666646, 33.058333333333358 ], [ -95.370833333333309, 33.058333333333358 ], [ -95.373257785373241, 33.057980007595511 ], [ -95.376742214626702, 33.054519992404543 ], [ -95.381591118706567, 33.053813340928848 ], [ -95.385075547960042, 33.050353325737873 ], [ -95.389924452039907, 33.049646674262178 ], [ -95.397575547960045, 33.042019992404541 ], [ -95.410046217176628, 33.041313340928845 ], [ -95.414242214626711, 33.045480007595515 ], [ -95.418379550509954, 33.046186659071211 ], [ -95.422575547960037, 33.042019992404541 ], [ -95.43504621717662, 33.041313340928845 ], [ -95.439242214626717, 33.045480007595515 ], [ -95.448257785373244, 33.046186659071211 ], [ -95.451742214626705, 33.049646674262178 ], [ -95.464924452039909, 33.050353325737873 ], [ -95.476742214626711, 33.062146674262181 ], [ -95.481591118706575, 33.062853325737876 ], [ -95.485075547960037, 33.066313340928843 ], [ -95.4875, 33.066666666666691 ], [ -95.489924452039901, 33.067019992404539 ], [ -95.497575547960039, 33.074646674262183 ], [ -95.5, 33.075 ], [ -95.50121493869355, 33.070266045464436 ], [ -95.514710489908822, 33.071400621202287 ], [ -95.520086669921852, 33.07556728786895 ], [ -95.523043823242162, 33.074432712131106 ], [ -95.528420003255178, 33.070266045464436 ], [ -95.535543823242165, 33.071400621202287 ], [ -95.539456176757781, 33.074432712131106 ], [ -95.55221048990883, 33.07556728786895 ], [ -95.557586669921847, 33.079733954535619 ], [ -95.564710489908833, 33.078599378797769 ], [ -95.56862284342445, 33.07556728786895 ], [ -95.573043823242159, 33.074432712131106 ], [ -95.57695617675779, 33.071400621202287 ], [ -95.582482401529916, 33.069982571072075 ], [ -95.583333333333314, 33.066666666666691 ], [ -95.585543823242162, 33.067233954535617 ], [ -95.593622843424455, 33.074432712131106 ], [ -95.602210489908828, 33.07556728786895 ], [ -95.606122843424458, 33.078599378797769 ], [ -95.61471048990883, 33.079733954535619 ], [ -95.618622843424447, 33.082766045464439 ], [ -95.624338785807268, 33.084232923719647 ], [ -95.625567287868904, 33.098043823242215 ], [ -95.628599378797716, 33.101956176757838 ], [ -95.629166666666634, 33.108333333333363 ], [ -95.629166666666634, 33.1125 ], [ -95.652424452039909, 33.112146674262178 ], [ -95.664242214626711, 33.100353325737878 ], [ -95.669091118706575, 33.099646674262182 ], [ -95.672575547960051, 33.096186659071208 ], [ -95.681591118706578, 33.095480007595512 ], [ -95.685075547960039, 33.092019992404545 ], [ -95.691666666666649, 33.091666666666697 ], [ -95.698043823242159, 33.091099378797772 ], [ -95.702083333333306, 33.087968614366346 ], [ -95.706122843424453, 33.091099378797772 ], [ -95.710543823242162, 33.092233954535615 ], [ -95.714456176757793, 33.095266045464435 ], [ -95.718877156575502, 33.096400621202285 ], [ -95.722789510091118, 33.099432712131104 ], [ -95.732445949978271, 33.100708346896731 ], [ -95.73418426513669, 33.107482571072076 ], [ -95.73971048990883, 33.108900621202281 ], [ -95.743622843424461, 33.111932712131107 ], [ -95.773043823242162, 33.113067287868951 ], [ -95.776956176757793, 33.11609937879777 ], [ -95.785543823242165, 33.117233954535621 ], [ -95.79491356743705, 33.125582885742219 ], [ -95.796400621202238, 33.131377156575546 ], [ -95.800395880805098, 33.136532253689268 ], [ -95.806377156575493, 33.13806728786895 ], [ -95.814456176757787, 33.145266045464439 ], [ -95.828267076280355, 33.146494547526068 ], [ -95.829166666666637, 33.15 ], [ -95.836780124240434, 33.149223497178845 ], [ -95.8375, 33.1375 ], [ -95.840815734863256, 33.136649237738744 ], [ -95.84166666666664, 33.133333333333361 ], [ -95.873257785373241, 33.133686659071209 ], [ -95.876742214626717, 33.137146674262183 ], [ -95.879166666666649, 33.1375 ], [ -95.879166666666649, 33.141666666666694 ], [ -95.882482401529927, 33.140815904405407 ], [ -95.88390062120223, 33.135289510091177 ], [ -95.892249552408828, 33.125919596354194 ], [ -95.895833333333314, 33.125 ], [ -95.896400621202233, 33.131377156575546 ], [ -95.899432712131059, 33.135289510091177 ], [ -95.900911627875416, 33.141052585177981 ], [ -95.928255038791207, 33.142280748155407 ], [ -95.929733954535564, 33.148043823242219 ], [ -95.933729214138438, 33.153198920355933 ], [ -95.939710489908833, 33.154733954535615 ], [ -95.944865587022548, 33.158729214138482 ], [ -95.946684265136696, 33.165815734863308 ], [ -95.952210489908836, 33.167233954535618 ], [ -95.956122843424453, 33.170266045464437 ], [ -95.963437228732616, 33.171400621202288 ], [ -95.972789510091118, 33.163067287868955 ], [ -95.975746663411442, 33.161932712131104 ], [ -95.981122843424458, 33.166099378797774 ], [ -95.9875, 33.166666666666693 ], [ -95.988387383355018, 33.170124816894557 ], [ -95.99804382324217, 33.171400621202288 ], [ -96.001956176757787, 33.174432712131107 ], [ -96.010543823242159, 33.175567287868951 ], [ -96.01445617675779, 33.17859937879777 ], [ -96.020124816894509, 33.180054050021731 ], [ -96.021400621202233, 33.189710489908883 ], [ -96.024432712131059, 33.193622843424507 ], [ -96.025567287868896, 33.202210489908886 ], [ -96.030086093478715, 33.207629055447079 ], [ -96.039710489908828, 33.208900621202282 ], [ -96.047789510091121, 33.216099378797772 ], [ -96.053505452473942, 33.217566257052979 ], [ -96.054166666666632, 33.225 ], [ -96.061728583441806, 33.225771416558189 ], [ -96.063142903645797, 33.23963504367407 ], [ -96.066643269856741, 33.244571770562096 ], [ -96.074035644531207, 33.246797519260014 ], [ -96.075964355468713, 33.253202480740043 ], [ -96.082535468207425, 33.255180867513047 ], [ -96.083976236979126, 33.264635043674076 ], [ -96.087476603190069, 33.269571770562095 ], [ -96.09380154079858, 33.271476067437092 ], [ -96.102031792534689, 33.278523932562962 ], [ -96.108333333333292, 33.279166666666697 ], [ -96.110757785373224, 33.279519992404545 ], [ -96.124645996093719, 33.293382432725721 ], [ -96.125, 33.304166666666696 ], [ -96.132433742947015, 33.303505452473985 ], [ -96.133900621202216, 33.297789510091178 ], [ -96.137721761067667, 33.29285905626088 ], [ -96.142603895399276, 33.291099378797774 ], [ -96.151956176757778, 33.299432712131107 ], [ -96.164710489908813, 33.300567287868951 ], [ -96.168622843424444, 33.30359937879777 ], [ -96.178279283311596, 33.304875183105494 ], [ -96.180072360568545, 33.311862352159316 ], [ -96.198043823242145, 33.313067287868954 ], [ -96.206122843424438, 33.320266045464436 ], [ -96.2125, 33.320833333333361 ], [ -96.213350762261243, 33.324149068196647 ], [ -96.216666666666626, 33.325 ], [ -96.217233954535558, 33.335543823242219 ], [ -96.220266045464371, 33.339456176757842 ], [ -96.221541680230004, 33.349112616644994 ], [ -96.228315904405349, 33.350850931803414 ], [ -96.229733954535561, 33.356377156575547 ], [ -96.232766045464373, 33.360289510091178 ], [ -96.233900621202224, 33.37304382324222 ], [ -96.236932712131036, 33.376956176757844 ], [ -96.238067287868887, 33.385543823242216 ], [ -96.241099378797713, 33.38945617675784 ], [ -96.24223395453555, 33.393877156575549 ], [ -96.245266045464376, 33.397789510091172 ], [ -96.245833333333294, 33.404166666666697 ], [ -96.248043823242156, 33.404733954535622 ], [ -96.251956176757773, 33.407766045464442 ], [ -96.274090915256039, 33.408956909179715 ], [ -96.275, 33.4125 ], [ -96.279166666666626, 33.4125 ], [ -96.285757785373221, 33.412853325737878 ], [ -96.289242214626697, 33.416313340928852 ], [ -96.298257785373224, 33.417019992404548 ], [ -96.301742214626699, 33.420480007595515 ], [ -96.305879720052047, 33.421186659071211 ], [ -96.310075547960039, 33.417019992404548 ], [ -96.316666666666634, 33.4166666666667 ], [ -96.318877156575482, 33.417233954535618 ], [ -96.331122843424438, 33.42859937879777 ], [ -96.336649237738683, 33.43001759847008 ], [ -96.338067287868881, 33.43554382324222 ], [ -96.346416219075479, 33.444913567437098 ], [ -96.35, 33.445833333333361 ], [ -96.351137288411422, 33.450264655219215 ], [ -96.356122843424444, 33.446400621202287 ], [ -96.366666666666632, 33.445833333333361 ], [ -96.368826972113681, 33.44645097520619 ], [ -96.373841349283822, 33.4501139322917 ], [ -96.375926378038159, 33.45740695529517 ], [ -96.381326972113683, 33.458950975206193 ], [ -96.398921034071151, 33.475392659505239 ], [ -96.400617472330694, 33.481326802571644 ], [ -96.403549194335909, 33.485339864095081 ], [ -96.404784138997357, 33.493826802571647 ], [ -96.407715861002572, 33.497839864095084 ], [ -96.409305148654482, 33.503398471408453 ], [ -96.420039198133651, 33.504960801866353 ], [ -96.421450805664023, 33.514660135904975 ], [ -96.425839233398406, 33.520147026909754 ], [ -96.4375, 33.520833333333364 ], [ -96.439748128255175, 33.520303853352893 ], [ -96.443585205078094, 33.517196146647166 ], [ -96.448081461588501, 33.51613718668623 ], [ -96.451918538411419, 33.513029479980503 ], [ -96.471916368272531, 33.51197052001956 ], [ -96.482232666015591, 33.521346876356368 ], [ -96.486727566189202, 33.519946967230936 ], [ -96.4875, 33.516666666666694 ], [ -96.495833333333294, 33.516666666666694 ], [ -96.504166666666634, 33.516666666666694 ], [ -96.505017428927914, 33.513350931803416 ], [ -96.510543823242159, 33.511932712131106 ], [ -96.515920003255175, 33.507766045464443 ], [ -96.524120415581564, 33.50907202826609 ], [ -96.526214938693542, 33.517233954535619 ], [ -96.543877156575491, 33.516099378797776 ], [ -96.551956176757784, 33.508900621202287 ], [ -96.556377156575493, 33.507766045464443 ], [ -96.561004299587637, 33.504179890950553 ], [ -96.566099378797716, 33.510289510091177 ], [ -96.567634412977398, 33.516270785861579 ], [ -96.572916666666629, 33.520364549424947 ], [ -96.578420003255175, 33.516099378797776 ], [ -96.589710489908825, 33.517233954535619 ], [ -96.593622843424441, 33.520266045464439 ], [ -96.595833333333303, 33.520833333333364 ], [ -96.599149237738686, 33.51998240152998 ], [ -96.600850762261246, 33.513350931803416 ], [ -96.604166666666629, 33.5125 ], [ -96.607482571072012, 33.511649068196647 ], [ -96.608900621202224, 33.506122843424507 ], [ -96.61193271213105, 33.502210489908883 ], [ -96.6125, 33.491666666666696 ], [ -96.618826972113681, 33.492284308539524 ], [ -96.622839694552923, 33.495215691460537 ], [ -96.629241265190942, 33.497045898437534 ], [ -96.625561523437469, 33.502083333333367 ], [ -96.628549194335903, 33.506173197428417 ], [ -96.630138481987814, 33.511731804741785 ], [ -96.640872531466982, 33.513294135199686 ], [ -96.642284138997368, 33.522993469238315 ], [ -96.646633232964376, 33.528431193033882 ], [ -96.660493638780352, 33.529784308539526 ], [ -96.66450636121958, 33.532715691460538 ], [ -96.672993638780355, 33.533950975206196 ], [ -96.677006361219583, 33.536882358127201 ], [ -96.686705864800317, 33.538294135199685 ], [ -96.688268364800308, 33.549028354220951 ], [ -96.691666666666634, 33.55 ], [ -96.695833333333297, 33.55 ], [ -96.696494547526015, 33.557433742947083 ], [ -96.7, 33.558333333333366 ], [ -96.700353325737808, 33.564924452039961 ], [ -96.703813340928789, 33.568408881293436 ], [ -96.704519992404485, 33.581591118706626 ], [ -96.707980007595452, 33.585075547960102 ], [ -96.7083333333333, 33.5875 ], [ -96.709104749891466, 33.595061916775208 ], [ -96.722968207465243, 33.596476067437095 ], [ -96.727031792534689, 33.599357265896302 ], [ -96.729488457573751, 33.600642734103765 ], [ -96.735365125868029, 33.596476067437095 ], [ -96.739634874131909, 33.595190599229632 ], [ -96.743698459201354, 33.592309400770432 ], [ -96.75032179090708, 33.591023932562962 ], [ -96.756198459201357, 33.595190599229632 ], [ -96.769803195529477, 33.596578301323817 ], [ -96.771863471137124, 33.60342169867625 ], [ -96.77916666666664, 33.6041666666667 ], [ -96.781591118706572, 33.603813340928852 ], [ -96.785075547960034, 33.600353325737878 ], [ -96.797546386718722, 33.599646674262182 ], [ -96.801742214626699, 33.603813340928852 ], [ -96.827424452039892, 33.604519992404548 ], [ -96.839582655164904, 33.616652933756541 ], [ -96.843408881293371, 33.612853325737881 ], [ -96.855882432725664, 33.612146674262185 ], [ -96.864242214626699, 33.620480007595518 ], [ -96.879166666666634, 33.620833333333366 ], [ -96.880112033420104, 33.624054633246558 ], [ -96.885480753580694, 33.625630187988314 ], [ -96.89467637803817, 33.633556959364178 ], [ -96.896463690863683, 33.639647589789526 ], [ -96.899369642469594, 33.64368574354387 ], [ -96.900754123263852, 33.657556491427982 ], [ -96.912896389431396, 33.658963521321645 ], [ -96.918685913085909, 33.654796854654982 ], [ -96.921229722764721, 33.653536478678419 ], [ -96.927019246419235, 33.657703145345081 ], [ -96.943814086914031, 33.658963521321645 ], [ -96.947852579752578, 33.661869812011751 ], [ -96.952147420247371, 33.663130187988315 ], [ -96.956185913085903, 33.666036478678414 ], [ -96.960480753580697, 33.667296854654978 ], [ -96.965776570637985, 33.671108161078593 ], [ -96.967477077907958, 33.682523091634145 ], [ -96.97841661241317, 33.68415256076392 ], [ -96.979166666666643, 33.691666666666698 ], [ -96.982672119140588, 33.692566257052981 ], [ -96.983333333333306, 33.7 ], [ -96.983333333333306, 33.704166666666701 ], [ -96.983333333333306, 33.708333333333364 ], [ -96.985757785373238, 33.708686659071212 ], [ -96.989242214626699, 33.712146674262186 ], [ -96.991666666666632, 33.7125 ], [ -97.0, 33.7125 ], [ -97.002210489908819, 33.711932712131109 ], [ -97.00612284342445, 33.708900621202289 ], [ -97.010543823242159, 33.707766045464439 ], [ -97.01445617675779, 33.704733954535619 ], [ -97.019982571072021, 33.703315734863317 ], [ -97.021684095594594, 33.696684265136753 ], [ -97.027210489908825, 33.695266045464443 ], [ -97.031122843424455, 33.692233954535624 ], [ -97.043877156575491, 33.691099378797773 ], [ -97.047789510091121, 33.688067287868954 ], [ -97.05, 33.6875 ], [ -97.056591118706564, 33.687853325737876 ], [ -97.060075547960039, 33.691313340928851 ], [ -97.064924452039904, 33.692019992404546 ], [ -97.068408881293379, 33.695480007595521 ], [ -97.079166666666637, 33.695833333333368 ], [ -97.089710489908825, 33.695266045464443 ], [ -97.106122843424444, 33.679733954535621 ], [ -97.110543823242153, 33.678599378797777 ], [ -97.114592149522537, 33.675461832682323 ], [ -97.12278951009111, 33.68276604546444 ], [ -97.140760972764724, 33.683970981174078 ], [ -97.14247775607636, 33.690659925672776 ], [ -97.146579996744762, 33.692233954535624 ], [ -97.151956176757778, 33.688067287868954 ], [ -97.156377156575488, 33.68693271213111 ], [ -97.160289510091118, 33.683900621202291 ], [ -97.170833333333306, 33.683333333333366 ], [ -97.173043823242153, 33.683900621202291 ], [ -97.19362284342445, 33.703599378797776 ], [ -97.203279283311602, 33.7048751831055 ], [ -97.204733954535556, 33.710543823242219 ], [ -97.20872921413843, 33.715698920355933 ], [ -97.2125, 33.716666666666697 ], [ -97.219933742947021, 33.716005452473993 ], [ -97.221684265136687, 33.709184265136749 ], [ -97.227210489908828, 33.707766045464439 ], [ -97.231258816189211, 33.704628499348992 ], [ -97.239456176757784, 33.711932712131109 ], [ -97.246579996744771, 33.713067287868959 ], [ -97.251956176757787, 33.708900621202289 ], [ -97.256377156575496, 33.707766045464439 ], [ -97.260289510091113, 33.704733954535619 ], [ -97.271579996744762, 33.703599378797776 ], [ -97.277083333333309, 33.707864549424947 ], [ -97.281122843424455, 33.704733954535619 ], [ -97.2875, 33.704166666666701 ], [ -97.306377156575493, 33.703599378797776 ], [ -97.31041666666664, 33.700468783908455 ], [ -97.314456176757787, 33.703599378797776 ], [ -97.318877156575496, 33.704733954535619 ], [ -97.322789510091113, 33.707766045464439 ], [ -97.327210489908822, 33.708900621202289 ], [ -97.331122843424453, 33.711932712131109 ], [ -97.335543823242162, 33.713067287868959 ], [ -97.339456176757778, 33.716099378797779 ], [ -97.343877156575488, 33.717233954535622 ], [ -97.347789510091118, 33.720266045464442 ], [ -97.360543823242153, 33.721400621202292 ], [ -97.364456176757784, 33.724432712131112 ], [ -97.368877156575493, 33.725567287868955 ], [ -97.372789510091124, 33.728599378797774 ], [ -97.394924079047286, 33.729790242513054 ], [ -97.3958333333333, 33.733333333333363 ], [ -97.419091118706575, 33.732980007595522 ], [ -97.430908881293377, 33.721186659071215 ], [ -97.439212883843282, 33.720480007595519 ], [ -97.443408881293379, 33.724646674262189 ], [ -97.445833333333312, 33.725 ], [ -97.446739027235211, 33.721470981174079 ], [ -97.464710489908825, 33.720266045464442 ], [ -97.468622843424455, 33.717233954535622 ], [ -97.474149068196596, 33.715815734863313 ], [ -97.475, 33.7125 ], [ -97.477210489908828, 33.713067287868959 ], [ -97.481122843424458, 33.716099378797779 ], [ -97.490451727973067, 33.717233954535622 ], [ -97.492233954535564, 33.710289510091179 ], [ -97.49526604546439, 33.706377156575556 ], [ -97.496684265136693, 33.700850931803416 ], [ -97.5, 33.7 ], [ -97.50121493869355, 33.695266045464443 ], [ -97.519926961262996, 33.696468098958363 ], [ -97.521400621202233, 33.702210489908886 ], [ -97.528599378797722, 33.710289510091179 ], [ -97.52916666666664, 33.716666666666697 ], [ -97.540889994303356, 33.715946790907154 ], [ -97.541666666666643, 33.708333333333364 ], [ -97.55, 33.708333333333364 ], [ -97.552424452039901, 33.707980007595516 ], [ -97.55797526041664, 33.702456834581199 ], [ -97.558333333333309, 33.7 ], [ -97.558686659071157, 33.697575547960099 ], [ -97.566313340928801, 33.689924452039961 ], [ -97.566666666666634, 33.6875 ], [ -97.568877156575496, 33.688067287868954 ], [ -97.572789510091127, 33.691099378797773 ], [ -97.588246663411439, 33.692233954535624 ], [ -97.593622843424455, 33.688067287868954 ], [ -97.598043823242165, 33.68693271213111 ], [ -97.601956176757781, 33.683900621202291 ], [ -97.611612616644933, 33.682624816894567 ], [ -97.613350931803353, 33.675850931803417 ], [ -97.618877156575493, 33.674432712131107 ], [ -97.622789510091124, 33.671400621202288 ], [ -97.627210489908833, 33.670266045464444 ], [ -97.63112284342445, 33.667233954535625 ], [ -97.640779283311602, 33.665958150227894 ], [ -97.641666666666637, 33.6625 ], [ -97.644091118706569, 33.662146674262182 ], [ -97.653808932834181, 33.652455139160189 ], [ -97.65416666666664, 33.65 ], [ -97.6625, 33.65 ], [ -97.669091118706575, 33.650353325737882 ], [ -97.672575547960051, 33.653813340928849 ], [ -97.679166666666646, 33.654166666666697 ], [ -97.682482401529924, 33.653315734863313 ], [ -97.684184265136693, 33.646684265136749 ], [ -97.6875, 33.645833333333364 ], [ -97.694091118706567, 33.645480007595516 ], [ -97.697575547960042, 33.642019992404549 ], [ -97.727424452039912, 33.641313340928853 ], [ -97.730908881293374, 33.637853325737879 ], [ -97.7392155965169, 33.637146674262183 ], [ -97.747575547960039, 33.645480007595516 ], [ -97.752424452039904, 33.646186659071212 ], [ -97.755908881293379, 33.649646674262186 ], [ -97.758333333333312, 33.65 ], [ -97.759301079644075, 33.646229214138486 ], [ -97.76445617675779, 33.642233954535619 ], [ -97.768877156575499, 33.641099378797776 ], [ -97.772789510091116, 33.638067287868957 ], [ -97.781377156575502, 33.636932712131106 ], [ -97.785289510091118, 33.633900621202287 ], [ -97.799100409613686, 33.632672119140658 ], [ -97.800909254285997, 33.625623575846383 ], [ -97.8125, 33.625 ], [ -97.813067287868904, 33.627210489908883 ], [ -97.81545172797307, 33.629733954535624 ], [ -97.817233954535567, 33.622789510091181 ], [ -97.821229214138427, 33.617634412977459 ], [ -97.828559197319862, 33.615753343370258 ], [ -97.829166666666637, 33.6 ], [ -97.833333333333314, 33.6 ], [ -97.845833333333303, 33.6 ], [ -97.845833333333303, 33.595833333333367 ], [ -97.848257785373235, 33.595480007595519 ], [ -97.855908881293374, 33.587853325737882 ], [ -97.858333333333306, 33.5875 ], [ -97.858333333333306, 33.583333333333364 ], [ -97.864924452039901, 33.582980007595516 ], [ -97.872915988498235, 33.575013902452291 ], [ -97.876742214626717, 33.578813340928853 ], [ -97.893379550509962, 33.579519992404542 ], [ -97.897575547960045, 33.575353325737879 ], [ -97.910757785373235, 33.574646674262183 ], [ -97.914242214626711, 33.571186659071209 ], [ -97.916666666666643, 33.570833333333368 ], [ -97.919091118706575, 33.571186659071209 ], [ -97.922575547960051, 33.574646674262183 ], [ -97.939924452039904, 33.575353325737879 ], [ -97.943408881293379, 33.578813340928853 ], [ -97.945833333333312, 33.579166666666701 ], [ -97.989924452039915, 33.578813340928853 ], [ -97.993408881293377, 33.575353325737879 ], [ -97.997546217176634, 33.574646674262183 ], [ -98.001742214626717, 33.578813340928853 ], [ -98.010049268934438, 33.579519992404542 ], [ -98.020475599500841, 33.569121805826853 ], [ -98.021186659071162, 33.564242214626766 ], [ -98.026708814832872, 33.558692253960537 ], [ -98.030879550509965, 33.557980007595518 ], [ -98.035075547960048, 33.562146674262181 ], [ -98.041666666666643, 33.5625 ], [ -98.05, 33.5625 ], [ -98.050655958387566, 33.555126444498732 ], [ -98.056122843424461, 33.550567287868958 ], [ -98.065779283311613, 33.549291483561227 ], [ -98.067233954535567, 33.543622843424508 ], [ -98.070266045464393, 33.539710489908884 ], [ -98.07140062120223, 33.531122843424512 ], [ -98.074432712131056, 33.527210489908882 ], [ -98.075, 33.525 ], [ -98.077424452039907, 33.524646674262186 ], [ -98.080908881293382, 33.521186659071212 ], [ -98.083333333333314, 33.520833333333364 ], [ -98.089710489908811, 33.521400621202289 ], [ -98.093622843424441, 33.524432712131109 ], [ -98.102210489908813, 33.525567287868952 ], [ -98.106122843424444, 33.528599378797772 ], [ -98.138246663411422, 33.529733954535622 ], [ -98.144865587022537, 33.524604119194912 ], [ -98.14668409559458, 33.517517598470086 ], [ -98.152210489908811, 33.516099378797776 ], [ -98.156122843424441, 33.513067287868957 ], [ -98.164710489908813, 33.511932712131106 ], [ -98.168622843424444, 33.508900621202287 ], [ -98.170833333333292, 33.508333333333361 ], [ -98.171483018663153, 33.532518174913228 ], [ -98.181326972113681, 33.533950975206196 ], [ -98.185339694552908, 33.536882358127201 ], [ -98.196302625868015, 33.538117641872859 ], [ -98.202006361219588, 33.533950975206196 ], [ -98.219839816623221, 33.532641262478329 ], [ -98.22175971137149, 33.525926378038228 ], [ -98.225, 33.525 ], [ -98.225353325737814, 33.531591118706629 ], [ -98.232980007595444, 33.539242214626768 ], [ -98.233333333333292, 33.545833333333363 ], [ -98.234184095594586, 33.549149068196648 ], [ -98.239710489908816, 33.550567287868958 ], [ -98.243622843424447, 33.553599378797777 ], [ -98.2625, 33.554166666666696 ], [ -98.263350762261254, 33.550850931803417 ], [ -98.266666666666637, 33.55 ], [ -98.281591118706558, 33.550353325737881 ], [ -98.285075547960034, 33.553813340928848 ], [ -98.289213053385382, 33.554519992404543 ], [ -98.29375, 33.55001458062069 ], [ -98.297575547960037, 33.553813340928848 ], [ -98.3, 33.554166666666696 ], [ -98.300357733832428, 33.551711527506541 ], [ -98.310075547960039, 33.542019992404548 ], [ -98.319091118706567, 33.541313340928852 ], [ -98.326742214626705, 33.533686659071215 ], [ -98.331591118706555, 33.532980007595519 ], [ -98.339242214626694, 33.525353325737882 ], [ -98.344121636284683, 33.524642266167568 ], [ -98.353813340928781, 33.514924452039963 ], [ -98.354166666666629, 33.508333333333361 ], [ -98.356591118706561, 33.507980007595521 ], [ -98.360075547960037, 33.504519992404546 ], [ -98.37254638671871, 33.503813340928851 ], [ -98.376742214626702, 33.507980007595521 ], [ -98.389213053385376, 33.508686659071209 ], [ -98.393408881293368, 33.504519992404546 ], [ -98.402424452039895, 33.503813340928851 ], [ -98.407975260416634, 33.498290167914526 ], [ -98.408333333333303, 33.495833333333366 ], [ -98.411649237738686, 33.49668426513675 ], [ -98.4125, 33.5 ], [ -98.414924452039898, 33.500353325737876 ], [ -98.422575547960037, 33.507980007595521 ], [ -98.427424452039901, 33.508686659071209 ], [ -98.430908881293362, 33.512146674262183 ], [ -98.445833333333297, 33.5125 ], [ -98.464924452039895, 33.512853325737879 ], [ -98.468408881293371, 33.516313340928853 ], [ -98.470833333333303, 33.516666666666694 ], [ -98.471191406249972, 33.514209832085534 ], [ -98.476742214626697, 33.508686659071209 ], [ -98.481591118706561, 33.507980007595521 ], [ -98.485075547960037, 33.504519992404546 ], [ -98.514924452039892, 33.503813340928851 ], [ -98.518408881293368, 33.500353325737876 ], [ -98.533333333333303, 33.5 ], [ -98.556591118706564, 33.499646674262181 ], [ -98.560075547960039, 33.496186659071213 ], [ -98.564924452039904, 33.495480007595518 ], [ -98.568408881293365, 33.492019992404543 ], [ -98.573257785373229, 33.491313340928848 ], [ -98.580908881293368, 33.483686659071211 ], [ -98.602424452039898, 33.482980007595515 ], [ -98.605908881293374, 33.479519992404548 ], [ -98.610757785373238, 33.478813340928852 ], [ -98.614242214626699, 33.475353325737878 ], [ -98.644091118706569, 33.474646674262182 ], [ -98.647575547960031, 33.471186659071208 ], [ -98.652424452039895, 33.470480007595519 ], [ -98.655908881293371, 33.467019992404545 ], [ -98.660757785373235, 33.466313340928849 ], [ -98.664242214626697, 33.462853325737875 ], [ -98.679166666666632, 33.4625 ], [ -98.679519992404479, 33.455908881293432 ], [ -98.682980007595461, 33.452424452039963 ], [ -98.683686659071142, 33.447575547960099 ], [ -98.687853325737819, 33.443379550510016 ], [ -98.687146674262124, 33.439242214626766 ], [ -98.683333333333294, 33.435401916503935 ], [ -98.693749321831561, 33.425013732910188 ], [ -98.697575547960042, 33.428813340928848 ], [ -98.719091118706558, 33.429519992404543 ], [ -98.722575547960034, 33.432980007595518 ], [ -98.725, 33.433333333333366 ], [ -98.725358072916634, 33.430876498752198 ], [ -98.730908881293374, 33.425353325737881 ], [ -98.733333333333306, 33.425 ], [ -98.736838785807265, 33.424100409613743 ], [ -98.7375, 33.4166666666667 ], [ -98.756377156575482, 33.417233954535618 ], [ -98.761532253689211, 33.421229214138485 ], [ -98.763666788736941, 33.42954610188805 ], [ -98.774297078450488, 33.419904073079458 ], [ -98.775567287868896, 33.410289510091175 ], [ -98.784306165907083, 33.400654771592912 ], [ -98.798043823242153, 33.399432712131109 ], [ -98.806122843424447, 33.392233954535619 ], [ -98.810543823242156, 33.391099378797776 ], [ -98.814456176757787, 33.388067287868957 ], [ -98.829166666666637, 33.3875 ], [ -98.8333333333333, 33.3875 ], [ -98.8333333333333, 33.391666666666694 ], [ -98.833900621202218, 33.393877156575549 ], [ -98.836932712131045, 33.397789510091172 ], [ -98.838067287868896, 33.414710489908884 ], [ -98.841099378797708, 33.418622843424508 ], [ -98.842233954535558, 33.427210489908887 ], [ -98.845266045464385, 33.431122843424511 ], [ -98.846720716688338, 33.43679148356123 ], [ -98.856377156575491, 33.438067287868954 ], [ -98.860289510091121, 33.441099378797773 ], [ -98.865815904405352, 33.442517598470083 ], [ -98.867233954535564, 33.448043823242216 ], [ -98.870266045464376, 33.451956176757847 ], [ -98.870833333333309, 33.454166666666694 ], [ -98.881377156575496, 33.453599378797776 ], [ -98.886795722113689, 33.449080573187963 ], [ -98.888208346896675, 33.438387383355064 ], [ -98.893877156575485, 33.43693271213111 ], [ -98.897789510091116, 33.433900621202284 ], [ -98.908333333333303, 33.433333333333366 ], [ -98.910543823242151, 33.433900621202284 ], [ -98.922789510091121, 33.445266045464443 ], [ -98.927210489908816, 33.446400621202287 ], [ -98.93528951009111, 33.453599378797776 ], [ -98.943877156575496, 33.454733954535619 ], [ -98.947916666666643, 33.45786454942494 ], [ -98.952083333333306, 33.454635450575118 ], [ -98.956122843424453, 33.457766045464439 ], [ -98.960543823242162, 33.458900621202289 ], [ -98.965698920355877, 33.462895880805149 ], [ -98.967233954535558, 33.468877156575552 ], [ -98.970266045464385, 33.472789510091175 ], [ -98.971400621202221, 33.477210489908884 ], [ -98.974432712131048, 33.481122843424508 ], [ -98.975567287868898, 33.489710489908887 ], [ -98.980086263020809, 33.49512905544708 ], [ -98.990779283311596, 33.496541849772164 ], [ -98.991666666666632, 33.5 ], [ -99.0, 33.5 ], [ -99.004166666666634, 33.5 ], [ -99.006591118706567, 33.500353325737876 ], [ -99.012141927083306, 33.505876498752201 ], [ -99.0125, 33.508333333333361 ], [ -99.022993638780349, 33.508950975206197 ], [ -99.027006361219591, 33.511882358127203 ], [ -99.045026312933999, 33.513205634223119 ], [ -99.046601698133657, 33.524028354220953 ], [ -99.052160305447018, 33.525617641872863 ], [ -99.05617302788626, 33.528549024793868 ], [ -99.064660305447021, 33.529784308539526 ], [ -99.077006361219588, 33.541049024793871 ], [ -99.090680270724803, 33.542383829752637 ], [ -99.092593044704827, 33.549073621961838 ], [ -99.095833333333303, 33.55 ], [ -99.096186659071151, 33.552424452039965 ], [ -99.103813340928795, 33.560075547960103 ], [ -99.104166666666643, 33.5625 ], [ -99.111728583441817, 33.563271416558194 ], [ -99.1125, 33.570833333333368 ], [ -99.123043823242156, 33.571400621202287 ], [ -99.126956176757787, 33.574432712131106 ], [ -99.135543823242159, 33.575567287868957 ], [ -99.13945617675779, 33.578599378797776 ], [ -99.143877156575485, 33.579733954535619 ], [ -99.147789510091116, 33.582766045464439 ], [ -99.152210489908825, 33.583900621202289 ], [ -99.156122843424455, 33.586932712131109 ], [ -99.160543823242165, 33.588067287868952 ], [ -99.168622843424444, 33.595266045464442 ], [ -99.17827928331161, 33.596541849772166 ], [ -99.179166666666632, 33.6 ], [ -99.179790242512993, 33.611590745714011 ], [ -99.183333333333309, 33.6125 ], [ -99.1875, 33.6125 ], [ -99.18871493869355, 33.607766045464444 ], [ -99.193877156575496, 33.608900621202288 ], [ -99.206122843424453, 33.62026604546444 ], [ -99.218877156575488, 33.621400621202291 ], [ -99.222789510091118, 33.62443271213111 ], [ -99.24492407904728, 33.625623575846383 ], [ -99.246720716688344, 33.632624816894563 ], [ -99.256377156575496, 33.633900621202287 ], [ -99.260289510091113, 33.636932712131106 ], [ -99.2625, 33.6375 ], [ -99.263188001844597, 33.649190436469219 ], [ -99.272993469238259, 33.650617641872863 ], [ -99.277006530761696, 33.653549024793868 ], [ -99.282616170247366, 33.655152893066436 ], [ -99.283333333333303, 33.6625 ], [ -99.286649068196581, 33.661649068196645 ], [ -99.288067287868898, 33.656122843424512 ], [ -99.291099378797711, 33.652210489908889 ], [ -99.292477586534261, 33.646840074327287 ], [ -99.296579996744768, 33.645266045464439 ], [ -99.301956176757784, 33.649432712131109 ], [ -99.310543823242156, 33.650567287868952 ], [ -99.315698920355871, 33.654562547471819 ], [ -99.317582363552489, 33.661901516384582 ], [ -99.3375, 33.6625 ], [ -99.339710489908825, 33.661932712131112 ], [ -99.347789510091118, 33.654733954535622 ], [ -99.357445949978271, 33.653458150227898 ], [ -99.35918426513669, 33.646684265136749 ], [ -99.36471048990883, 33.645266045464439 ], [ -99.368622843424447, 33.642233954535619 ], [ -99.382433742947015, 33.641005452473991 ], [ -99.38390062120223, 33.635289510091177 ], [ -99.387031216091557, 33.63125 ], [ -99.383798387315508, 33.627078755696644 ], [ -99.388419426812035, 33.621537611219651 ], [ -99.398043823242162, 33.62026604546444 ], [ -99.401956176757778, 33.617233954535621 ], [ -99.429166666666646, 33.616666666666696 ], [ -99.431377156575493, 33.617233954535621 ], [ -99.435289510091124, 33.62026604546444 ], [ -99.448043823242159, 33.621400621202291 ], [ -99.45195617675779, 33.62443271213111 ], [ -99.460543823242162, 33.625567287868954 ], [ -99.464456176757793, 33.628599378797773 ], [ -99.509079996744759, 33.629733954535624 ], [ -99.51445617675779, 33.625567287868954 ], [ -99.519618394639735, 33.62443271213111 ], [ -99.521684265136699, 33.632482401529977 ], [ -99.527210489908825, 33.633900621202287 ], [ -99.540763176812035, 33.646479119194908 ], [ -99.541666666666643, 33.65 ], [ -99.54799346923825, 33.649382358127205 ], [ -99.552006530761687, 33.646450975206193 ], [ -99.578355407714824, 33.645157029893696 ], [ -99.57997623019746, 33.634021335177984 ], [ -99.59166666666664, 33.633333333333368 ], [ -99.593877156575502, 33.632766045464443 ], [ -99.606122843424458, 33.621400621202291 ], [ -99.610543823242168, 33.62026604546444 ], [ -99.614456176757784, 33.617233954535621 ], [ -99.619982401529924, 33.615815734863311 ], [ -99.620833333333309, 33.6125 ], [ -99.627424452039904, 33.612146674262185 ], [ -99.630908881293379, 33.608686659071211 ], [ -99.639924452039907, 33.607980007595515 ], [ -99.643408881293382, 33.604519992404548 ], [ -99.648257785373232, 33.603813340928852 ], [ -99.651742214626708, 33.600353325737878 ], [ -99.685757785373241, 33.599646674262182 ], [ -99.693408881293379, 33.592019992404545 ], [ -99.698257785373244, 33.591313340928849 ], [ -99.701742214626705, 33.587853325737882 ], [ -99.730882263183574, 33.587146674262186 ], [ -99.739242214626714, 33.595480007595519 ], [ -99.741666666666646, 33.595833333333367 ], [ -99.745833333333309, 33.595833333333367 ], [ -99.752424452039904, 33.596186659071215 ], [ -99.75625, 33.599985419379372 ], [ -99.760075547960042, 33.596186659071215 ], [ -99.764212883843285, 33.595480007595519 ], [ -99.76875, 33.599985419379372 ], [ -99.772575547960045, 33.596186659071215 ], [ -99.776712883843288, 33.595480007595519 ], [ -99.780908881293385, 33.599646674262182 ], [ -99.789924452039912, 33.600353325737878 ], [ -99.793408881293374, 33.603813340928852 ], [ -99.797546217176631, 33.604519992404548 ], [ -99.801742214626714, 33.600353325737878 ], [ -99.814212883843297, 33.599646674262182 ], [ -99.818408881293379, 33.603813340928852 ], [ -99.825, 33.6041666666667 ], [ -99.825358072916643, 33.601709832085533 ], [ -99.830908881293382, 33.596186659071215 ], [ -99.839924452039909, 33.595480007595519 ], [ -99.843408881293385, 33.592019992404545 ], [ -99.860757785373238, 33.591313340928849 ], [ -99.869117736816378, 33.582980007595516 ], [ -99.881591118706581, 33.583686659071212 ], [ -99.885075547960042, 33.587146674262186 ], [ -99.8875, 33.5875 ], [ -99.891666666666637, 33.5875 ], [ -99.902424452039909, 33.587853325737882 ], [ -99.910075547960048, 33.595480007595519 ], [ -99.919091118706575, 33.596186659071215 ], [ -99.922575547960051, 33.599646674262182 ], [ -99.933333333333309, 33.6 ], [ -99.935757785373241, 33.599646674262182 ], [ -99.943408881293379, 33.592019992404545 ], [ -99.948257785373244, 33.591313340928849 ], [ -99.952084011501711, 33.587513902452287 ], [ -99.960075547960045, 33.595480007595519 ], [ -99.969091118706572, 33.596186659071215 ], [ -99.972575547960048, 33.599646674262182 ], [ -99.985757785373238, 33.600353325737878 ], [ -99.989583333333314, 33.604152086046042 ], [ -99.993408881293377, 33.600353325737878 ], [ -100.002424452039904, 33.599646674262182 ], [ -100.005908881293379, 33.596186659071215 ], [ -100.010757785373244, 33.595480007595519 ], [ -100.018749321831578, 33.587513902452287 ], [ -100.022575547960045, 33.591313340928849 ], [ -100.025, 33.591666666666697 ], [ -100.025850931803362, 33.588350931803419 ], [ -100.031377156575502, 33.586932712131109 ], [ -100.039456176757795, 33.579733954535619 ], [ -100.048043823242168, 33.578599378797776 ], [ -100.053420003255184, 33.574432712131106 ], [ -100.06054382324217, 33.575567287868957 ], [ -100.064583333333317, 33.578697882758277 ], [ -100.070086669921849, 33.574432712131106 ], [ -100.081377156575499, 33.575567287868957 ], [ -100.085416666666646, 33.578697882758277 ], [ -100.089456176757793, 33.575567287868957 ], [ -100.095437452528188, 33.574032253689268 ], [ -100.099432712131062, 33.568877156575553 ], [ -100.100967746310744, 33.562895880805151 ], [ -100.106122843424458, 33.558900621202291 ], [ -100.110543823242168, 33.55776604546444 ], [ -100.114456176757798, 33.554733954535621 ], [ -100.141666666666652, 33.554166666666696 ], [ -100.142803785536003, 33.558597988552549 ], [ -100.14778951009113, 33.554733954535621 ], [ -100.152210489908839, 33.553599378797777 ], [ -100.15767737494572, 33.549040222168003 ], [ -100.158333333333303, 33.5416666666667 ], [ -100.164924452039898, 33.542019992404548 ], [ -100.16840888129336, 33.545480007595515 ], [ -100.19337972005205, 33.546186659071211 ], [ -100.197917344835034, 33.541680569118952 ], [ -100.205908881293368, 33.549646674262185 ], [ -100.2083333333333, 33.55 ], [ -100.208686659071148, 33.552424452039965 ], [ -100.218378363715246, 33.562142266167569 ], [ -100.220833333333303, 33.5625 ], [ -100.227424452039898, 33.562146674262181 ], [ -100.230908881293374, 33.558686659071213 ], [ -100.248257785373227, 33.557980007595518 ], [ -100.255908881293365, 33.550353325737881 ], [ -100.273257785373232, 33.549646674262185 ], [ -100.280908881293371, 33.542019992404548 ], [ -100.310050116644931, 33.541313340928852 ], [ -100.328808932834164, 33.560045878092481 ], [ -100.329166666666637, 33.5625 ], [ -100.344091118706558, 33.562146674262181 ], [ -100.347575547960034, 33.558686659071213 ], [ -100.360049777560732, 33.557980007595518 ], [ -100.372575547960039, 33.570480007595521 ], [ -100.37742445203989, 33.571186659071209 ], [ -100.380908881293365, 33.574646674262183 ], [ -100.389213053385376, 33.575353325737879 ], [ -100.393408881293368, 33.571186659071209 ], [ -100.398257785373232, 33.570480007595521 ], [ -100.401742214626708, 33.567019992404546 ], [ -100.4125, 33.566666666666698 ], [ -100.420833333333292, 33.566666666666698 ], [ -100.421653917100656, 33.558622572157148 ], [ -100.4270833333333, 33.554772779676682 ], [ -100.433011542426186, 33.558976067437101 ], [ -100.457555813259518, 33.557621256510451 ], [ -100.459153917100664, 33.541955905490482 ], [ -100.464531792534686, 33.538142734103765 ], [ -100.472968207465243, 33.536857265896302 ], [ -100.478844875759521, 33.532690599229632 ], [ -100.485468207465246, 33.533976067437095 ], [ -100.491344875759509, 33.538142734103765 ], [ -100.510468207465237, 33.536857265896302 ], [ -100.514531792534683, 33.533976067437095 ], [ -100.547968207465246, 33.532690599229632 ], [ -100.552031792534692, 33.529809400770432 ], [ -100.560468207465249, 33.528523932562962 ], [ -100.564531792534694, 33.525642734103762 ], [ -100.570833333333297, 33.525 ], [ -100.571186659071145, 33.531591118706629 ], [ -100.580878363715243, 33.541308932834234 ], [ -100.5833333333333, 33.5416666666667 ], [ -100.583900621202218, 33.548043823242217 ], [ -100.586932712131045, 33.551956176757841 ], [ -100.588208346896664, 33.561612616644993 ], [ -100.595124986436602, 33.563387383355064 ], [ -100.596400621202221, 33.573043823242216 ], [ -100.599432712131048, 33.576956176757847 ], [ -100.6, 33.579166666666701 ], [ -100.607433742947009, 33.579827880859405 ], [ -100.609220716688341, 33.586791483561228 ], [ -100.618877156575493, 33.588067287868952 ], [ -100.624032253689208, 33.592062547471819 ], [ -100.62556728786889, 33.598043823242222 ], [ -100.638145616319406, 33.611596510145432 ], [ -100.643877156575485, 33.613067287868958 ], [ -100.647789510091116, 33.616099378797777 ], [ -100.652210489908825, 33.617233954535621 ], [ -100.657629055447018, 33.621752760145434 ], [ -100.658900621202221, 33.631377156575553 ], [ -100.670266045464373, 33.643622843424509 ], [ -100.671400621202224, 33.656377156575552 ], [ -100.674531385633642, 33.660416666666698 ], [ -100.671400621202224, 33.664456176757845 ], [ -100.670266045464373, 33.671579996744825 ], [ -100.67443271213105, 33.676956176757848 ], [ -100.675567287868887, 33.68971048990889 ], [ -100.686932712131039, 33.701956176757847 ], [ -100.6875, 33.708333333333364 ], [ -100.690992906358474, 33.709229702419734 ], [ -100.692233954535553, 33.721579996744822 ], [ -100.68806728786889, 33.726956176757845 ], [ -100.6875, 33.7291666666667 ], [ -100.689710489908819, 33.728599378797774 ], [ -100.706122843424453, 33.713067287868959 ], [ -100.721579996744765, 33.711932712131109 ], [ -100.726956176757781, 33.716099378797779 ], [ -100.729913330078091, 33.717233954535622 ], [ -100.735289510091107, 33.713067287868959 ], [ -100.738437228732607, 33.711932712131109 ], [ -100.74778951009111, 33.720266045464442 ], [ -100.755103895399273, 33.721400621202292 ], [ -100.764456176757776, 33.713067287868959 ], [ -100.773043823242162, 33.711932712131109 ], [ -100.781122843424441, 33.704733954535619 ], [ -100.793877156575491, 33.703599378797776 ], [ -100.797789510091121, 33.700567287868957 ], [ -100.814710489908819, 33.699432712131106 ], [ -100.824080403645809, 33.691083780924515 ], [ -100.825850762261254, 33.68418426513675 ], [ -100.831377156575485, 33.68276604546444 ], [ -100.843622843424441, 33.671400621202288 ], [ -100.85, 33.670833333333363 ], [ -100.852424452039898, 33.671186659071211 ], [ -100.86214226616751, 33.680878194173211 ], [ -100.8625, 33.683333333333366 ], [ -100.862853325737817, 33.685757785373298 ], [ -100.872545030381914, 33.695475599500902 ], [ -100.877424452039904, 33.696186659071216 ], [ -100.882977634006039, 33.701712205674944 ], [ -100.883686659071145, 33.710757785373296 ], [ -100.887146674262127, 33.714242214626772 ], [ -100.8875, 33.716666666666697 ], [ -100.889622328016458, 33.716011216905414 ], [ -100.89375, 33.713128153483105 ], [ -100.89787767198348, 33.716011216905414 ], [ -100.914622328016463, 33.717322116427987 ], [ -100.918711005316808, 33.720177883572084 ], [ -100.922955661349789, 33.721488783094649 ], [ -100.927044338650148, 33.724344550238747 ], [ -100.935455661349792, 33.725655449761319 ], [ -100.939583333333303, 33.728538513183629 ], [ -100.944998847113681, 33.72475585937503 ], [ -100.946488783094594, 33.743788994683193 ], [ -100.949908786349795, 33.748685201009145 ], [ -100.954166666666637, 33.75 ], [ -100.970833333333303, 33.75 ], [ -100.978267076280346, 33.750661214192739 ], [ -100.979166666666643, 33.754166666666698 ], [ -100.98005947536889, 33.762920803493955 ], [ -100.989531792534692, 33.754809400770434 ], [ -101.008333333333297, 33.754166666666698 ], [ -101.00890062120223, 33.756377156575553 ], [ -101.011932712131042, 33.760289510091177 ], [ -101.013350762261254, 33.765815734863317 ], [ -101.018877156575485, 33.767233954535627 ], [ -101.024032253689199, 33.771229214138486 ], [ -101.025850762261257, 33.778315734863313 ], [ -101.02916666666664, 33.779166666666697 ], [ -101.029809570312466, 33.781301710340742 ], [ -101.032690429687477, 33.785364956325985 ], [ -101.033976236979143, 33.789635043674082 ], [ -101.03685709635414, 33.793698289659318 ], [ -101.038142903645806, 33.797968377007415 ], [ -101.041955905490425, 33.803346082899338 ], [ -101.057613457573751, 33.804943339029982 ], [ -101.058333333333309, 33.816666666666698 ], [ -101.064924452039904, 33.817019992404546 ], [ -101.068408881293379, 33.820480007595521 ], [ -101.079166666666637, 33.820833333333368 ], [ -101.079878065321154, 33.836705695258281 ], [ -101.094923231336779, 33.838273620605506 ], [ -101.096488783094586, 33.846079169379372 ], [ -101.092322116427923, 33.852044338650209 ], [ -101.091011216905358, 33.862745836046038 ], [ -101.095998128255175, 33.869885084364185 ], [ -101.106288994683126, 33.871488783094655 ], [ -101.115403238932259, 33.879242112901508 ], [ -101.117739189995632, 33.886806572808197 ], [ -101.152122328016461, 33.888155449761321 ], [ -101.157489691840254, 33.891904534233973 ], [ -101.158988783094586, 33.906288994683194 ], [ -101.1624087863498, 33.911185201009147 ], [ -101.168788994683126, 33.913155449761319 ], [ -101.172336832682262, 33.915083312988315 ], [ -101.175655449761251, 33.921079169379375 ], [ -101.171488783094588, 33.927044338650205 ], [ -101.170177883572023, 33.931288994683193 ], [ -101.163155449761263, 33.939544338650208 ], [ -101.161844550238683, 33.943788994683196 ], [ -101.158961486816381, 33.9479166666667 ], [ -101.161844550238683, 33.952044338650211 ], [ -101.163155449761263, 33.958579169379377 ], [ -101.158089192708303, 33.96583218044708 ], [ -101.177122328016466, 33.967322116427987 ], [ -101.181211005316811, 33.970177883572084 ], [ -101.189622328016469, 33.971488783094649 ], [ -101.193711005316814, 33.974344550238747 ], [ -101.196079169379317, 33.975655449761319 ], [ -101.20204433865014, 33.971488783094649 ], [ -101.210455661349798, 33.970177883572084 ], [ -101.214544338650143, 33.967322116427987 ], [ -101.216912502712646, 33.966011216905414 ], [ -101.222877671983483, 33.970177883572084 ], [ -101.229166666666643, 33.970833333333367 ], [ -101.231377156575491, 33.970266045464442 ], [ -101.246400621202227, 33.95538160536028 ], [ -101.241666666666646, 33.954166666666701 ], [ -101.242290242512993, 33.942575920952727 ], [ -101.245833333333309, 33.941666666666698 ], [ -101.252424452039904, 33.941313340928851 ], [ -101.255908881293379, 33.937853325737883 ], [ -101.264212883843285, 33.937146674262188 ], [ -101.268408881293368, 33.941313340928851 ], [ -101.289924452039898, 33.942019992404546 ], [ -101.293408881293374, 33.945480007595521 ], [ -101.304166666666646, 33.945833333333368 ], [ -101.31050601535371, 33.946438429090747 ], [ -101.314583333333303, 33.94946119520403 ], [ -101.318660651312911, 33.946438429090747 ], [ -101.321374003092416, 33.945228237575989 ], [ -101.328057522243896, 33.950183444552984 ], [ -101.329771762424016, 33.956339348687102 ], [ -101.332728237575921, 33.960327317979633 ], [ -101.333938429090679, 33.963040669759152 ], [ -101.328722805447015, 33.97007531060116 ], [ -101.329951477050756, 33.978389824761322 ], [ -101.34071621365014, 33.979920111762191 ], [ -101.342617119683126, 33.986746554904549 ], [ -101.352172682020367, 33.988105095757412 ], [ -101.360327317979568, 33.995228237575986 ], [ -101.36467268202037, 33.996438429090745 ], [ -101.368660651312908, 33.999394904242656 ], [ -101.37300601535371, 34.000605095757415 ], [ -101.389493984646236, 34.016061570909322 ], [ -101.408333333333303, 34.016666666666701 ], [ -101.424086676703539, 34.017274136013491 ], [ -101.425567287868901, 34.023043823242226 ], [ -101.436932712131053, 34.035289510091182 ], [ -101.438067287868904, 34.039710489908892 ], [ -101.442626444498671, 34.04517737494578 ], [ -101.45, 34.04583333333337 ], [ -101.449432712131056, 34.06054382324222 ], [ -101.44640062120223, 34.064456176757851 ], [ -101.445266045464379, 34.068877156575553 ], [ -101.433900621202227, 34.081122843424517 ], [ -101.432766045464376, 34.092654758029546 ], [ -101.446479119194848, 34.107429843478769 ], [ -101.45354309082029, 34.109242587619391 ], [ -101.454166666666637, 34.120833333333366 ], [ -101.454519992404485, 34.123257785373298 ], [ -101.457980007595467, 34.126742214626773 ], [ -101.4583333333333, 34.141666666666687 ], [ -101.464660135904921, 34.141049024793872 ], [ -101.468673197428359, 34.138117641872867 ], [ -101.472993469238261, 34.13688235812721 ], [ -101.477635192871062, 34.133491685655414 ], [ -101.48259548611108, 34.134108818901943 ], [ -101.483950975206142, 34.147993469238315 ], [ -101.487613932291637, 34.153007846408457 ], [ -101.49382680257159, 34.154784308539533 ], [ -101.503334893120638, 34.163035074869825 ], [ -101.504966566297711, 34.174246385362451 ], [ -101.517135789659264, 34.175617641872869 ], [ -101.522839864095033, 34.171450975206199 ], [ -101.525, 34.170833333333356 ], [ -101.525353325737825, 34.194091118706616 ], [ -101.528813340928792, 34.197575547960092 ], [ -101.529519992404488, 34.214924452039952 ], [ -101.532980007595455, 34.218408881293421 ], [ -101.533333333333303, 34.220833333333353 ], [ -101.536573621961779, 34.221759711371547 ], [ -101.538117641872802, 34.227160305447072 ], [ -101.55354902479381, 34.243673027886302 ], [ -101.554784308539467, 34.25216030544707 ], [ -101.558664449055968, 34.257471720377623 ], [ -101.568826802571593, 34.258950805664085 ], [ -101.57283986409503, 34.261882527669293 ], [ -101.581326802571596, 34.263117472330748 ], [ -101.590560234917504, 34.271130032009566 ], [ -101.592284308539476, 34.277160305447069 ], [ -101.595215691460481, 34.281173027886304 ], [ -101.596804979112392, 34.286731635199672 ], [ -101.606326802571587, 34.288117472330754 ], [ -101.614506530761687, 34.295215861002625 ], [ -101.627160135904916, 34.296450805664087 ], [ -101.631173197428353, 34.299382527669295 ], [ -101.640872531466982, 34.300794135199673 ], [ -101.642284308539473, 34.3104936387804 ], [ -101.645215691460479, 34.314506361219642 ], [ -101.645833333333314, 34.325 ], [ -101.661586676703536, 34.325607638888911 ], [ -101.663399590386263, 34.332672119140646 ], [ -101.67721048990883, 34.333900621202275 ], [ -101.689456176757787, 34.345266045464435 ], [ -101.699112616644939, 34.346541680230054 ], [ -101.700567287868893, 34.352210489908877 ], [ -101.705662367078972, 34.358320109049501 ], [ -101.710416666666646, 34.354635281033005 ], [ -101.714456176757793, 34.35776604546443 ], [ -101.721579996744765, 34.358900621202281 ], [ -101.726956176757795, 34.354733954535611 ], [ -101.731377156575491, 34.353599378797767 ], [ -101.735289510091121, 34.350567287868948 ], [ -101.740815734863261, 34.349149237738736 ], [ -101.74251759847003, 34.342517428927977 ], [ -101.74804382324217, 34.341099378797765 ], [ -101.751956176757787, 34.338067287868945 ], [ -101.763246663411437, 34.336932712131102 ], [ -101.768622843424453, 34.341099378797765 ], [ -101.770833333333314, 34.34166666666669 ], [ -101.775, 34.34166666666669 ], [ -101.775850931803362, 34.344982571072073 ], [ -101.781377156575502, 34.346400621202278 ], [ -101.785289510091118, 34.349432712131097 ], [ -101.799100409613686, 34.350661214192726 ], [ -101.800567287868901, 34.35637715657554 ], [ -101.805086093478707, 34.36179572211374 ], [ -101.815612284342421, 34.363186306423636 ], [ -101.817233954535567, 34.367413330078143 ], [ -101.813067287868904, 34.372789510091167 ], [ -101.811932712131053, 34.384079996744816 ], [ -101.816099378797716, 34.389456176757832 ], [ -101.816666666666649, 34.391666666666687 ], [ -101.823043823242159, 34.392233954535612 ], [ -101.82695617675779, 34.395266045464432 ], [ -101.831377156575499, 34.396400621202275 ], [ -101.835289510091116, 34.399432712131102 ], [ -101.860543823242168, 34.400567287868945 ], [ -101.864583333333314, 34.403698052300371 ], [ -101.868622843424461, 34.400567287868945 ], [ -101.87795172797307, 34.399432712131102 ], [ -101.879733954535567, 34.406377156575545 ], [ -101.88351067437064, 34.411250135633701 ], [ -101.888246663411437, 34.413067287868948 ], [ -101.894865587022551, 34.407937282986133 ], [ -101.896684265136699, 34.400850762261307 ], [ -101.903315734863256, 34.39914923773874 ], [ -101.90416666666664, 34.395833333333357 ], [ -101.915889994303356, 34.395113457573807 ], [ -101.916666666666643, 34.3875 ], [ -101.919091118706575, 34.387853325737872 ], [ -101.924641927083314, 34.393376329210092 ], [ -101.925353325737831, 34.398257785373289 ], [ -101.932980007595461, 34.405908881293428 ], [ -101.933686659071157, 34.410757785373285 ], [ -101.94337819417315, 34.42047559950089 ], [ -101.948257785373244, 34.421186659071203 ], [ -101.957975599500841, 34.430878363715301 ], [ -101.958333333333314, 34.433333333333358 ], [ -101.965767076280358, 34.433994547526062 ], [ -101.967829895019506, 34.442032538519989 ], [ -101.978246900770372, 34.432750447591168 ], [ -101.979733954535561, 34.426956176757834 ], [ -101.982766045464388, 34.42304382324221 ], [ -101.983333333333306, 34.416666666666686 ], [ -102.010757785373244, 34.417019992404533 ], [ -102.014242214626719, 34.420480007595508 ], [ -102.019091118706569, 34.421186659071203 ], [ -102.022575547960045, 34.424646674262178 ], [ -102.027424452039909, 34.425353325737866 ], [ -102.035075547960048, 34.432980007595511 ], [ -102.052424452039915, 34.433686659071199 ], [ -102.060075547960054, 34.441313340928843 ], [ -102.066666666666649, 34.441666666666691 ], [ -102.068877156575496, 34.44223395453561 ], [ -102.073862881130623, 34.44609781901044 ], [ -102.075, 34.441666666666691 ], [ -102.085757785373247, 34.442019992404539 ], [ -102.091311815049892, 34.44754638671877 ], [ -102.092019992404488, 34.460757785373289 ], [ -102.097547064887138, 34.466312662760437 ], [ -102.1125, 34.46666666666669 ], [ -102.112853325737831, 34.481591118706618 ], [ -102.116313340928798, 34.485075547960093 ], [ -102.117019992404494, 34.489213053385441 ], [ -102.112853325737831, 34.493408881293426 ], [ -102.112146674262135, 34.498257785373283 ], [ -102.108686659071154, 34.501742214626759 ], [ -102.107980007595458, 34.505879720052107 ], [ -102.112146674262135, 34.510075547960092 ], [ -102.1125, 34.5125 ], [ -102.112853325737831, 34.514924452039956 ], [ -102.11873406304251, 34.52083468967016 ], [ -102.122917344835045, 34.516680569118947 ], [ -102.130908881293379, 34.524646674262172 ], [ -102.135757785373244, 34.525353325737868 ], [ -102.139242214626719, 34.528813340928842 ], [ -102.177424452039915, 34.529519992404538 ], [ -102.180908881293377, 34.532980007595512 ], [ -102.1875, 34.53333333333336 ], [ -102.191666666666634, 34.53333333333336 ], [ -102.193877156575496, 34.533900621202278 ], [ -102.197789510091127, 34.536932712131097 ], [ -102.215760972764741, 34.538137817382832 ], [ -102.217233954535573, 34.543877156575547 ], [ -102.220266045464385, 34.547789510091171 ], [ -102.220833333333317, 34.558333333333358 ], [ -102.220833333333317, 34.5625 ], [ -102.227424452039898, 34.562146674262173 ], [ -102.230908881293374, 34.558686659071206 ], [ -102.260049099392319, 34.557980007595511 ], [ -102.268408881293368, 34.566313340928843 ], [ -102.281591118706558, 34.567019992404539 ], [ -102.285075547960034, 34.570480007595506 ], [ -102.294091118706561, 34.571186659071202 ], [ -102.297575547960037, 34.574646674262176 ], [ -102.308333333333294, 34.575 ], [ -102.311649237738678, 34.575850762261311 ], [ -102.3125, 34.579166666666687 ], [ -102.324024454752575, 34.579830254448808 ], [ -102.325867377387112, 34.58644883897572 ], [ -102.330048624674447, 34.588104926215301 ], [ -102.34782714843746, 34.571438259548636 ], [ -102.352172851562472, 34.57022840711808 ], [ -102.3561604817708, 34.567271592881966 ], [ -102.378104654947876, 34.56606174045141 ], [ -102.379771592881909, 34.575540500217038 ], [ -102.375604926215246, 34.581160481770858 ], [ -102.375, 34.5875 ], [ -102.37596435546871, 34.590702311197937 ], [ -102.381301540798574, 34.592309570312523 ], [ -102.38536512586802, 34.59519042968752 ], [ -102.389634874131914, 34.596476236979193 ], [ -102.397911919487811, 34.603563774956619 ], [ -102.403346082899276, 34.59971076117624 ], [ -102.404942491319403, 34.584060668945334 ], [ -102.425321790907077, 34.582690429687524 ], [ -102.431198459201354, 34.586857096354187 ], [ -102.457487996419232, 34.588203599717907 ], [ -102.459159681532086, 34.599173651801237 ], [ -102.46880154079858, 34.600642903645856 ], [ -102.472865125868026, 34.60352376302086 ], [ -102.47993842230899, 34.604809570312526 ], [ -102.502080959743893, 34.583929782443597 ], [ -102.51036512586802, 34.591023763020857 ], [ -102.527134874131917, 34.592309570312523 ], [ -102.531198459201349, 34.59519042968752 ], [ -102.541666666666629, 34.59583333333336 ], [ -102.548257785373224, 34.595480007595512 ], [ -102.551742214626699, 34.592019992404538 ], [ -102.554166666666632, 34.59166666666669 ], [ -102.556377156575493, 34.591099378797765 ], [ -102.56028951009111, 34.588067287868945 ], [ -102.566931152343713, 34.586362711588563 ], [ -102.562968614366284, 34.58125 ], [ -102.566099378797716, 34.577210489908879 ], [ -102.566666666666634, 34.575 ], [ -102.577424452039892, 34.574646674262176 ], [ -102.582975260416632, 34.569123670789956 ], [ -102.5833333333333, 34.566666666666691 ], [ -102.608333333333306, 34.566666666666691 ], [ -102.610757785373238, 34.567019992404539 ], [ -102.614242214626699, 34.570480007595506 ], [ -102.63087972005205, 34.571186659071202 ], [ -102.635075547960042, 34.567019992404539 ], [ -102.6375, 34.566666666666691 ], [ -102.638387383354996, 34.570124986436653 ], [ -102.648043823242148, 34.57140062120228 ], [ -102.651956176757778, 34.574432712131099 ], [ -102.727210489908828, 34.57556728786895 ], [ -102.731122843424444, 34.578599378797769 ], [ -102.742413330078094, 34.579733954535612 ], [ -102.74791666666664, 34.575468614366343 ], [ -102.751956176757787, 34.578599378797769 ], [ -102.754166666666634, 34.579166666666687 ], [ -102.761600409613678, 34.579827880859398 ], [ -102.7625, 34.583333333333357 ], [ -102.781377156575488, 34.582766045464432 ], [ -102.785289510091118, 34.579733954535612 ], [ -102.792413330078091, 34.578599378797769 ], [ -102.797789510091121, 34.582766045464432 ], [ -102.832418823242151, 34.583935885959228 ], [ -102.8333333333333, 34.5875 ], [ -102.85, 34.5875 ], [ -102.873043823242156, 34.588067287868945 ], [ -102.876956176757787, 34.591099378797765 ], [ -102.906377156575488, 34.592233954535615 ], [ -102.910289510091118, 34.595266045464435 ], [ -102.927210489908816, 34.596400621202278 ], [ -102.931122843424447, 34.599432712131097 ], [ -102.965752156575491, 34.600602552625894 ], [ -102.96666666666664, 34.604166666666693 ], [ -102.998257785373227, 34.604519992404541 ], [ -103.001742214626702, 34.607980007595508 ], [ -103.006591118706567, 34.608686659071203 ], [ -103.010075547960042, 34.612146674262178 ], [ -103.023257785373232, 34.612853325737873 ], [ -103.026742214626708, 34.616313340928841 ], [ -103.044091118706561, 34.617019992404536 ], [ -103.047916666666637, 34.620818752712694 ], [ -103.051742214626699, 34.617019992404536 ], [ -103.055879720052047, 34.616313340928841 ], [ -103.060075547960039, 34.620480007595511 ], [ -103.073257785373229, 34.621186659071206 ], [ -103.077083333333306, 34.624985419379364 ], [ -103.080908881293368, 34.621186659071206 ], [ -103.093379720052056, 34.620480007595511 ], [ -103.097575547960034, 34.624646674262173 ], [ -103.114924452039901, 34.625353325737869 ], [ -103.122575547960039, 34.632980007595506 ], [ -103.125, 34.633333333333354 ], [ -103.160543823242165, 34.63390062120228 ], [ -103.164456176757781, 34.636932712131099 ], [ -103.188246663411434, 34.63806728786895 ], [ -103.19362284342445, 34.63390062120228 ], [ -103.203279283311602, 34.632624986436653 ], [ -103.204166666666637, 34.629166666666691 ], [ -103.2083333333333, 34.629166666666691 ], [ -103.211649068196593, 34.628315904405405 ], [ -103.2125, 34.625 ], [ -103.212853325737825, 34.622575547960096 ], [ -103.216313340928792, 34.619091118706621 ], [ -103.21666666666664, 34.616666666666688 ], [ -103.240749613443981, 34.617259385850716 ], [ -103.242572360568545, 34.624362182617212 ], [ -103.260543823242159, 34.625567287868947 ], [ -103.26445617675779, 34.628599378797766 ], [ -103.2708333333333, 34.629166666666691 ], [ -103.27916666666664, 34.629166666666691 ], [ -103.289924452039898, 34.629519992404539 ], [ -103.293408881293374, 34.632980007595506 ], [ -103.323257785373244, 34.633686659071202 ], [ -103.326742214626705, 34.637146674262176 ], [ -103.344091118706572, 34.637853325737872 ], [ -103.347575547960048, 34.641313340928846 ], [ -103.360757785373238, 34.642019992404535 ], [ -103.364242214626714, 34.645480007595509 ], [ -103.383333333333312, 34.645833333333357 ], [ -103.3875, 34.645833333333357 ], [ -103.388399590386257, 34.649338785807316 ], [ -103.402210489908825, 34.650567287868945 ], [ -103.406122843424455, 34.653599378797765 ], [ -103.418877156575491, 34.654733954535615 ], [ -103.422789510091121, 34.657766045464435 ], [ -103.439710489908833, 34.658900621202278 ], [ -103.44362284342445, 34.661932712131097 ], [ -103.452210489908822, 34.663067287868948 ], [ -103.456122843424453, 34.666099378797767 ], [ -103.464710489908825, 34.667233954535618 ], [ -103.468622843424455, 34.67026604546443 ], [ -103.481377156575491, 34.671400621202281 ], [ -103.489456176757784, 34.67859937879777 ], [ -103.498043823242156, 34.679733954535614 ], [ -103.501956176757787, 34.682766045464433 ], [ -103.523043823242162, 34.683900621202284 ], [ -103.526956176757793, 34.686932712131103 ], [ -103.533333333333303, 34.6875 ], [ -103.56474829779728, 34.686970350477452 ], [ -103.568585035536003, 34.683862982855928 ], [ -103.580107455783391, 34.682803683810789 ], [ -103.586500718858488, 34.687982177734398 ], [ -103.590894063313783, 34.686613633897593 ], [ -103.59166666666664, 34.683333333333358 ], [ -103.606326802571587, 34.68395080566409 ], [ -103.610339864095025, 34.686882527669297 ], [ -103.61882680257159, 34.688117472330752 ], [ -103.622839864095027, 34.69104919433596 ], [ -103.627160135904916, 34.692284138997422 ], [ -103.631173197428353, 34.69521586100263 ], [ -103.643826802571596, 34.696450805664085 ], [ -103.647839864095033, 34.699382527669293 ], [ -103.660493469238261, 34.700617472330755 ], [ -103.664583333333312, 34.70360514322919 ], [ -103.668673197428362, 34.700617472330755 ], [ -103.674000379774284, 34.699382527669293 ], [ -103.675617641872805, 34.710493638780406 ], [ -103.67854902479381, 34.714506361219641 ], [ -103.679784308539467, 34.731326972113742 ], [ -103.683664449055968, 34.736638387044295 ], [ -103.693826802571593, 34.738117472330757 ], [ -103.699138556586348, 34.74199761284725 ], [ -103.700807020399282, 34.753461032443603 ], [ -103.72002631293401, 34.75487230088978 ], [ -103.721450975206139, 34.764660305447073 ], [ -103.728549024793807, 34.772839694552978 ], [ -103.729784308539479, 34.785493638780409 ], [ -103.732715691460484, 34.789506361219644 ], [ -103.733950975206142, 34.793826972113742 ], [ -103.745215691460473, 34.80617302788631 ], [ -103.746450975206145, 34.811132134331622 ], [ -103.741666666666646, 34.8125 ], [ -103.741666666666646, 34.816666666666691 ], [ -103.748257785373241, 34.816313340928843 ], [ -103.751742214626717, 34.812853325737876 ], [ -103.783333333333303, 34.8125 ], [ -103.7875, 34.8125 ], [ -103.788067287868898, 34.814710489908876 ], [ -103.800933159722206, 34.828464084201414 ], [ -103.811612616644936, 34.829875013563395 ], [ -103.8125, 34.833333333333357 ], [ -103.827424452039907, 34.832980007595509 ], [ -103.830908881293382, 34.829519992404542 ], [ -103.835757785373247, 34.828813340928846 ], [ -103.843408881293385, 34.821186659071209 ], [ -103.851712883843291, 34.820480007595513 ], [ -103.855908881293374, 34.824646674262176 ], [ -103.8875, 34.825 ], [ -103.898257785373247, 34.824646674262176 ], [ -103.901742214626708, 34.821186659071209 ], [ -103.918382263183574, 34.820480007595513 ], [ -103.926742214626714, 34.828813340928846 ], [ -103.929166666666646, 34.829166666666694 ], [ -103.929166666666646, 34.833333333333357 ], [ -103.929733954535564, 34.835543823242212 ], [ -103.93276604546439, 34.839456176757835 ], [ -103.933900621202241, 34.843877156575545 ], [ -103.936932712131053, 34.847789510091175 ], [ -103.938067287868904, 34.852210489908877 ], [ -103.942062547471764, 34.857365587022592 ], [ -103.948043823242159, 34.858900621202281 ], [ -103.956122843424453, 34.86609937879777 ], [ -103.961649068196593, 34.867517428927975 ], [ -103.9625, 34.870833333333358 ], [ -103.981591118706575, 34.871186659071206 ], [ -103.985075547960051, 34.874646674262181 ], [ -103.989924452039915, 34.875353325737876 ], [ -103.993408881293377, 34.878813340928843 ], [ -104.014924452039907, 34.879519992404539 ], [ -104.026742214626708, 34.891313340928846 ], [ -104.033333333333317, 34.891666666666694 ], [ -104.0375, 34.891666666666694 ], [ -104.044091118706575, 34.892019992404542 ], [ -104.051742214626714, 34.899646674262179 ], [ -104.058333333333309, 34.9 ], [ -104.059184265136693, 34.90331590440541 ], [ -104.0625, 34.90416666666669 ], [ -104.063067287868904, 34.906377156575545 ], [ -104.067233954535567, 34.911753336588568 ], [ -104.066022237141908, 34.928262668185788 ], [ -104.0625, 34.929166666666696 ], [ -104.059184265136693, 34.930017428927975 ], [ -104.05776604546439, 34.935543823242213 ], [ -104.054733954535564, 34.939456176757837 ], [ -104.053599378797728, 34.946845160590307 ], [ -104.070266045464393, 34.964456176757842 ], [ -104.07140062120223, 34.968877156575545 ], [ -104.074432712131056, 34.972789510091175 ], [ -104.075, 34.979166666666693 ], [ -104.125, 34.979166666666693 ], [ -104.126249864366287, 34.9833180745443 ], [ -104.131198459201357, 34.979809570312526 ], [ -104.135468207465237, 34.97852376302086 ], [ -104.139531792534683, 34.975642903645863 ], [ -104.153395250108474, 34.974228583441864 ], [ -104.154166666666626, 34.966666666666697 ], [ -104.155086263020792, 34.963082885742217 ], [ -104.16572943793399, 34.953599378797769 ], [ -104.173043823242153, 34.954733954535619 ], [ -104.17695617675777, 34.957766045464439 ], [ -104.194927639431384, 34.958971150716174 ], [ -104.196970621744754, 34.966931152343776 ], [ -104.201956176757776, 34.963067287868952 ], [ -104.210543823242148, 34.961932712131102 ], [ -104.215920003255178, 34.957766045464439 ], [ -104.220655992295974, 34.959583197699679 ], [ -104.224432712131033, 34.964456176757842 ], [ -104.225, 34.97083333333336 ], [ -104.229166666666629, 34.97083333333336 ], [ -104.232672119140588, 34.969933742947077 ], [ -104.233333333333292, 34.9625 ], [ -104.233691067165765, 34.960045708550375 ], [ -104.247575547960039, 34.946186659071209 ], [ -104.269091118706555, 34.945480007595513 ], [ -104.289242214626697, 34.925353325737873 ], [ -104.294091118706561, 34.924646674262178 ], [ -104.297575547960037, 34.921186659071203 ], [ -104.308333333333294, 34.920833333333363 ], [ -104.314710489908819, 34.920266045464437 ], [ -104.31862284342445, 34.917233954535618 ], [ -104.321579996744759, 34.916099378797767 ], [ -104.327083333333292, 34.920364718967036 ], [ -104.331122843424438, 34.917233954535618 ], [ -104.346770562065942, 34.916099378797767 ], [ -104.356122843424444, 34.9244327121311 ], [ -104.373043823242156, 34.925567287868951 ], [ -104.38112284342445, 34.932766045464433 ], [ -104.384079996744759, 34.933900621202284 ], [ -104.389456176757776, 34.929733954535614 ], [ -104.396579996744762, 34.92859937879777 ], [ -104.401956176757778, 34.932766045464433 ], [ -104.414710489908813, 34.933900621202284 ], [ -104.424297078450479, 34.942595757378498 ], [ -104.42570834689667, 34.953279283311659 ], [ -104.429166666666632, 34.954166666666694 ], [ -104.429166666666632, 34.966666666666697 ], [ -104.429166666666632, 34.97083333333336 ], [ -104.433333333333294, 34.97083333333336 ], [ -104.435757785373227, 34.970480007595512 ], [ -104.439242214626702, 34.967019992404538 ], [ -104.445833333333297, 34.966666666666697 ], [ -104.453267076280355, 34.967327880859401 ], [ -104.454166666666637, 34.97083333333336 ], [ -104.45482211642792, 34.97295566134985 ], [ -104.457677883572018, 34.977044338650202 ], [ -104.459091186523409, 34.995097181532145 ], [ -104.470833333333303, 34.995833333333358 ], [ -104.473257785373235, 34.996186659071206 ], [ -104.476742214626697, 34.999646674262181 ], [ -104.483333333333306, 35.0 ], [ -104.48368665907114, 35.019091118706626 ], [ -104.487146674262121, 35.022575547960095 ], [ -104.4875, 35.03333333333336 ], [ -104.519914415147539, 35.033919270833358 ], [ -104.5208333333333, 35.0375 ], [ -104.527424452039895, 35.037146674262182 ], [ -104.530908881293371, 35.033686659071208 ], [ -104.535046386718719, 35.032980007595512 ], [ -104.539242214626697, 35.037146674262182 ], [ -104.544091118706561, 35.037853325737871 ], [ -104.555908881293362, 35.049646674262178 ], [ -104.558333333333294, 35.05 ], [ -104.558686659071142, 35.056591118706628 ], [ -104.574646674262112, 35.072575547960099 ], [ -104.575353325737808, 35.077424452039956 ], [ -104.578813340928789, 35.080908881293432 ], [ -104.579519992404485, 35.089213053385443 ], [ -104.575353325737808, 35.093408881293428 ], [ -104.575, 35.1 ], [ -104.577424452039892, 35.100353325737878 ], [ -104.582977634006042, 35.105878702799508 ], [ -104.583686659071148, 35.114924452039958 ], [ -104.587146674262115, 35.118408881293433 ], [ -104.587853325737811, 35.123257785373291 ], [ -104.591313340928792, 35.126742214626766 ], [ -104.592019992404474, 35.131591118706623 ], [ -104.595480007595455, 35.135075547960099 ], [ -104.596186659071151, 35.144091118706626 ], [ -104.599646674262118, 35.147575547960095 ], [ -104.6, 35.15 ], [ -104.599645657009518, 35.160786437988307 ], [ -104.594091118706558, 35.166313340928845 ], [ -104.59166666666664, 35.166666666666693 ], [ -104.592019992404474, 35.169091118706625 ], [ -104.595480007595455, 35.172575547960101 ], [ -104.596186659071151, 35.177424452039958 ], [ -104.603813340928781, 35.185075547960096 ], [ -104.604166666666629, 35.1875 ], [ -104.606377156575491, 35.188067287868954 ], [ -104.611532253689205, 35.192062547471814 ], [ -104.613067287868887, 35.198043823242216 ], [ -104.616099378797713, 35.20195617675784 ], [ -104.617517428927925, 35.20748240152998 ], [ -104.623043823242156, 35.208900621202282 ], [ -104.626956176757773, 35.211932712131102 ], [ -104.631377156575482, 35.213067287868952 ], [ -104.635416666666629, 35.216197882758273 ], [ -104.639456176757776, 35.213067287868952 ], [ -104.648785061306384, 35.211932712131102 ], [ -104.650567287868896, 35.218877156575552 ], [ -104.658916219075493, 35.228246900770429 ], [ -104.664710489908828, 35.229733954535618 ], [ -104.668622843424444, 35.232766045464437 ], [ -104.670833333333306, 35.233333333333363 ], [ -104.685543823242156, 35.233900621202288 ], [ -104.691010877821142, 35.238459777832063 ], [ -104.692233954535553, 35.252210489908883 ], [ -104.696752929687463, 35.257629055447076 ], [ -104.707445949978265, 35.259041849772167 ], [ -104.7083333333333, 35.2625 ], [ -104.710757785373232, 35.262146674262183 ], [ -104.716310967339382, 35.256621127658448 ], [ -104.717019992404488, 35.247575547960096 ], [ -104.722546725802914, 35.242020840115046 ], [ -104.744091118706564, 35.241313340928848 ], [ -104.747575547960039, 35.237853325737873 ], [ -104.760046386718713, 35.237146674262185 ], [ -104.764242214626705, 35.241313340928848 ], [ -104.768379720052053, 35.242019992404543 ], [ -104.772916666666632, 35.23751458062069 ], [ -104.776742214626708, 35.241313340928848 ], [ -104.780879720052056, 35.242019992404543 ], [ -104.785075547960034, 35.237853325737873 ], [ -104.791666666666629, 35.2375 ], [ -104.792233954535561, 35.23971048990888 ], [ -104.795266045464373, 35.243622843424511 ], [ -104.796541680230007, 35.253279283311663 ], [ -104.803315904405352, 35.255017598470083 ], [ -104.804733954535564, 35.260543823242216 ], [ -104.820266045464379, 35.276956176757842 ], [ -104.821684095594591, 35.282482401529975 ], [ -104.827210489908822, 35.283900621202285 ], [ -104.839456176757778, 35.295266045464437 ], [ -104.84166666666664, 35.295833333333363 ], [ -104.841099378797708, 35.298043823242217 ], [ -104.838067287868896, 35.301956176757841 ], [ -104.836612616644928, 35.30762481689456 ], [ -104.82588738335501, 35.309041849772164 ], [ -104.824032253689211, 35.316270785861576 ], [ -104.818877156575496, 35.320266045464436 ], [ -104.8125, 35.320833333333361 ], [ -104.812146674262124, 35.323257785373293 ], [ -104.804519992404479, 35.330908881293432 ], [ -104.804166666666632, 35.333333333333364 ], [ -104.804733954535564, 35.352210489908884 ], [ -104.820266045464379, 35.368622843424511 ], [ -104.821456909179659, 35.390757412380673 ], [ -104.827210489908822, 35.392233954535619 ], [ -104.831122843424453, 35.395266045464439 ], [ -104.856377156575491, 35.396400621202289 ], [ -104.860289510091121, 35.399432712131109 ], [ -104.8625, 35.4 ], [ -104.863409084743893, 35.396456909179719 ], [ -104.875, 35.395833333333364 ], [ -104.87556728786889, 35.398043823242219 ], [ -104.879562717013854, 35.403198920355933 ], [ -104.886649237738681, 35.405017598470081 ], [ -104.888067287868893, 35.410543823242215 ], [ -104.895266045464382, 35.418622843424508 ], [ -104.896400621202233, 35.423043823242217 ], [ -104.903599378797708, 35.431122843424511 ], [ -104.904733954535558, 35.439710489908883 ], [ -104.907766045464385, 35.443622843424507 ], [ -104.908900621202221, 35.455103895399333 ], [ -104.900567287868896, 35.464456176757842 ], [ -104.9, 35.466666666666697 ], [ -104.910543823242151, 35.467233954535622 ], [ -104.914456176757781, 35.470266045464442 ], [ -104.928267076280349, 35.471494547526071 ], [ -104.929166666666632, 35.475 ], [ -104.933333333333309, 35.475 ], [ -104.933686659071157, 35.477424452039962 ], [ -104.939209662543377, 35.482975260416694 ], [ -104.941666666666634, 35.483333333333363 ], [ -104.952210489908822, 35.483900621202288 ], [ -104.957365587022537, 35.487895880805155 ], [ -104.959242418077224, 35.495209757487011 ], [ -104.981377156575491, 35.496400621202291 ], [ -104.990747070312466, 35.504749552408882 ], [ -104.992233954535564, 35.510543823242216 ], [ -105.000582885742162, 35.519913567437101 ], [ -105.006377156575496, 35.521400621202289 ], [ -105.011250135633645, 35.525177341037356 ], [ -105.013067287868893, 35.529913330078159 ], [ -105.00890062120223, 35.535289510091175 ], [ -105.008333333333297, 35.554166666666696 ], [ -105.004827880859352, 35.555066257052985 ], [ -105.004166666666634, 35.5625 ], [ -105.003813340928787, 35.573257785373293 ], [ -105.000353325737819, 35.576742214626769 ], [ -105.0, 35.579166666666701 ], [ -105.002210489908819, 35.579733954535619 ], [ -105.00612284342445, 35.582766045464439 ], [ -105.014710489908822, 35.583900621202289 ], [ -105.035289510091118, 35.603599378797774 ], [ -105.040815904405349, 35.605017598470084 ], [ -105.042233954535561, 35.610543823242217 ], [ -105.045266045464373, 35.614456176757841 ], [ -105.046400621202224, 35.61887715657555 ], [ -105.04943271213105, 35.622789510091181 ], [ -105.05, 35.625 ], [ -105.049100409613686, 35.628505452473988 ], [ -105.041666666666643, 35.629166666666698 ], [ -105.040815904405349, 35.632482401529977 ], [ -105.034184095594583, 35.634184265136753 ], [ -105.033333333333303, 35.6375 ], [ -105.03410814073348, 35.645094129774336 ], [ -105.052134874131909, 35.646476067437099 ], [ -105.056198459201354, 35.649357265896299 ], [ -105.060468207465249, 35.650642734103762 ], [ -105.065404934353268, 35.654143100314705 ], [ -105.067309570312474, 35.660468377007412 ], [ -105.086857096354137, 35.681198289659321 ], [ -105.088142903645803, 35.68963504367408 ], [ -105.0910237630208, 35.693698289659324 ], [ -105.092309570312466, 35.710468377007409 ], [ -105.095190429687477, 35.714531622992652 ], [ -105.096476236979143, 35.722968377007412 ], [ -105.09935709635414, 35.727031622992655 ], [ -105.1, 35.7291666666667 ], [ -105.102424452039898, 35.729519992404548 ], [ -105.105908881293374, 35.732980007595522 ], [ -105.110049099392327, 35.733686659071211 ], [ -105.118408881293377, 35.725353325737878 ], [ -105.13087972005205, 35.724646674262189 ], [ -105.135075547960042, 35.728813340928852 ], [ -105.169091118706575, 35.729519992404548 ], [ -105.172575547960037, 35.732980007595522 ], [ -105.176712883843294, 35.733686659071211 ], [ -105.180908881293377, 35.729519992404548 ], [ -105.189212883843282, 35.728813340928852 ], [ -105.193408881293379, 35.732980007595522 ], [ -105.218379550509951, 35.733686659071211 ], [ -105.222916666666634, 35.729181247287357 ], [ -105.226742214626711, 35.732980007595522 ], [ -105.235757785373238, 35.733686659071211 ], [ -105.239242214626714, 35.737146674262185 ], [ -105.251712883843282, 35.737853325737881 ], [ -105.255908881293379, 35.733686659071211 ], [ -105.301712883843294, 35.732980007595522 ], [ -105.305908881293377, 35.737146674262185 ], [ -105.31837955050996, 35.737853325737881 ], [ -105.322916666666643, 35.733347913954027 ], [ -105.326742214626705, 35.737146674262185 ], [ -105.331591118706569, 35.737853325737881 ], [ -105.335075547960045, 35.741313340928855 ], [ -105.339924452039909, 35.742019992404543 ], [ -105.347575547960048, 35.749646674262188 ], [ -105.354166666666643, 35.75 ], [ -105.373043823242156, 35.74943271213111 ], [ -105.376956176757787, 35.746400621202291 ], [ -105.390767076280355, 35.745172119140655 ], [ -105.391666666666637, 35.741666666666703 ], [ -105.3958333333333, 35.741666666666703 ], [ -105.414710489908828, 35.742233954535621 ], [ -105.432437811957442, 35.759010484483539 ], [ -105.433900621202227, 35.764710489908886 ], [ -105.441099378797716, 35.772789510091179 ], [ -105.442233954535567, 35.785543823242222 ], [ -105.446229214138427, 35.790698920355936 ], [ -105.452210489908822, 35.792233954535625 ], [ -105.456122843424453, 35.795266045464444 ], [ -105.460543823242162, 35.796400621202288 ], [ -105.464456176757793, 35.799432712131107 ], [ -105.474112616644945, 35.800708516438839 ], [ -105.475908067491289, 35.807705518934497 ], [ -105.496579996744771, 35.808900621202291 ], [ -105.501956176757787, 35.804733954535621 ], [ -105.510543823242159, 35.803599378797777 ], [ -105.518622843424453, 35.796400621202288 ], [ -105.525746663411439, 35.795266045464444 ], [ -105.531122843424455, 35.799432712131107 ], [ -105.533333333333303, 35.8 ], [ -105.533900621202235, 35.806377156575557 ], [ -105.537764655219164, 35.811362881130677 ], [ -105.533333333333303, 35.8125 ], [ -105.533686659071151, 35.827424452039963 ], [ -105.537146674262132, 35.830908881293439 ], [ -105.5375, 35.833333333333364 ], [ -105.537146674262132, 35.848257785373299 ], [ -105.533686659071151, 35.851742214626768 ], [ -105.532980007595455, 35.856591118706632 ], [ -105.529519992404488, 35.860075547960101 ], [ -105.528813340928792, 35.869091118706628 ], [ -105.521186659071148, 35.876742214626773 ], [ -105.520480007595467, 35.881591118706631 ], [ -105.517019992404485, 35.885075547960106 ], [ -105.516313340928789, 35.889924452039963 ], [ -105.512853325737822, 35.893408881293439 ], [ -105.512146674262127, 35.898257785373296 ], [ -105.504519992404482, 35.905908881293435 ], [ -105.503813340928787, 35.927424452039965 ], [ -105.500353325737819, 35.930908881293433 ], [ -105.499641927083303, 35.935790167914533 ], [ -105.494091118706578, 35.941313340928851 ], [ -105.491666666666646, 35.941666666666698 ], [ -105.492327880859349, 35.949100409613749 ], [ -105.495833333333309, 35.95 ], [ -105.495833333333309, 35.954166666666701 ], [ -105.496186659071157, 35.956591118706633 ], [ -105.499646674262124, 35.960075547960102 ], [ -105.5, 35.9625 ], [ -105.504166666666634, 35.9625 ], [ -105.514924452039907, 35.962853325737882 ], [ -105.518408881293382, 35.966313340928856 ], [ -105.525, 35.966666666666704 ], [ -105.527210489908825, 35.967233954535622 ], [ -105.535289510091118, 35.974432712131112 ], [ -105.539710489908828, 35.975567287868955 ], [ -105.543622843424458, 35.978599378797774 ], [ -105.549149068196584, 35.980017598470084 ], [ -105.55, 35.98333333333337 ], [ -105.549149068196584, 35.986649068196648 ], [ -105.543622843424458, 35.988067287868958 ], [ -105.538467746310744, 35.992062547471825 ], [ -105.536932712131048, 35.99804382324222 ], [ -105.533900621202235, 36.001956176757844 ], [ -105.533333333333303, 36.0125 ], [ -105.522789510091116, 36.013067287868957 ], [ -105.518877156575499, 36.016099378797776 ], [ -105.51445617675779, 36.017233954535627 ], [ -105.510543823242159, 36.020266045464446 ], [ -105.504562547471764, 36.021801079644135 ], [ -105.500567287868904, 36.026956176757849 ], [ -105.499032253689208, 36.032937452528245 ], [ -105.493877156575493, 36.036932712131112 ], [ -105.481122843424458, 36.038067287868955 ], [ -105.477210489908828, 36.041099378797782 ], [ -105.472789510091118, 36.042233954535625 ], [ -105.464710489908825, 36.049432712131114 ], [ -105.456122843424453, 36.050567287868958 ], [ -105.452210489908822, 36.053599378797777 ], [ -105.445266045464379, 36.055381605360282 ], [ -105.44640062120223, 36.068877156575553 ], [ -105.450567287868893, 36.074253336588576 ], [ -105.449432712131056, 36.077210489908893 ], [ -105.44640062120223, 36.081122843424517 ], [ -105.445266045464379, 36.085543823242226 ], [ -105.433793131510384, 36.097905307345954 ], [ -105.436932712131053, 36.101956176757845 ], [ -105.438350931803356, 36.107482401529985 ], [ -105.44640062120223, 36.109548272026949 ], [ -105.439710489908833, 36.116099378797777 ], [ -105.433333333333309, 36.116666666666688 ], [ -105.432766045464376, 36.118877156575543 ], [ -105.429733954535564, 36.122789510091167 ], [ -105.428599378797713, 36.127210489908876 ], [ -105.425567287868901, 36.1311228434245 ], [ -105.424291483561177, 36.140779283311652 ], [ -105.417340426974803, 36.142563205295161 ], [ -105.416099378797711, 36.154913330078145 ], [ -105.420266045464388, 36.160289510091168 ], [ -105.421400621202224, 36.167626274956618 ], [ -105.411570739746068, 36.178463745117206 ], [ -105.401956176757778, 36.179733954535614 ], [ -105.396472676595025, 36.184306844075543 ], [ -105.395266045464382, 36.200746663411479 ], [ -105.39953121609156, 36.20625 ], [ -105.396400621202233, 36.210289510091165 ], [ -105.395266045464382, 36.225850084092905 ], [ -105.400959777832, 36.232677544487871 ], [ -105.408333333333303, 36.233333333333356 ], [ -105.407672119140599, 36.240767076280406 ], [ -105.401956176757778, 36.242233954535614 ], [ -105.398043823242162, 36.245266045464433 ], [ -105.393622843424453, 36.246400621202277 ], [ -105.385543823242159, 36.253599378797766 ], [ -105.376956176757787, 36.25473395453561 ], [ -105.371489291720891, 36.259293280707489 ], [ -105.370833333333309, 36.266666666666687 ], [ -105.360075547960037, 36.267019992404535 ], [ -105.356591118706575, 36.270480007595509 ], [ -105.35, 36.270833333333357 ], [ -105.349090745713951, 36.267290242513042 ], [ -105.3375, 36.266666666666687 ], [ -105.337141927083309, 36.269123670789952 ], [ -105.331591118706569, 36.274646674262172 ], [ -105.329166666666637, 36.275 ], [ -105.32973395453557, 36.289710489908877 ], [ -105.332766045464382, 36.293622843424501 ], [ -105.334184265136685, 36.299149237738739 ], [ -105.3375, 36.3 ], [ -105.337146674262129, 36.302424452039951 ], [ -105.333686659071148, 36.305908881293426 ], [ -105.332980007595452, 36.331591118706619 ], [ -105.329519992404485, 36.335075547960088 ], [ -105.329166666666637, 36.34166666666669 ], [ -105.32973395453557, 36.36054382324221 ], [ -105.332766045464382, 36.364456176757834 ], [ -105.333900621202233, 36.368877156575543 ], [ -105.337764655219161, 36.373862711588565 ], [ -105.329875183105443, 36.375887383355057 ], [ -105.328599378797719, 36.385543823242209 ], [ -105.325567287868893, 36.389456176757832 ], [ -105.324432712131056, 36.396579996744812 ], [ -105.328599378797719, 36.401956176757835 ], [ -105.32973395453557, 36.406377156575545 ], [ -105.336932712131045, 36.414456176757838 ], [ -105.338067287868896, 36.435543823242213 ], [ -105.342062547471755, 36.440698920355928 ], [ -105.348043823242165, 36.44223395453561 ], [ -105.351956176757781, 36.445266045464429 ], [ -105.354166666666643, 36.445833333333354 ], [ -105.353599378797711, 36.452210489908879 ], [ -105.346400621202235, 36.460289510091165 ], [ -105.344982401529919, 36.465815904405403 ], [ -105.34166666666664, 36.46666666666669 ], [ -105.341099378797722, 36.468877156575545 ], [ -105.338067287868896, 36.472789510091168 ], [ -105.336932712131045, 36.48137715657554 ], [ -105.32973395453557, 36.489456176757834 ], [ -105.328599378797719, 36.502951727973112 ], [ -105.335543823242162, 36.50473395453561 ], [ -105.344913567437032, 36.513082885742207 ], [ -105.346400621202235, 36.518877156575542 ], [ -105.350395880805095, 36.524032253689256 ], [ -105.356377156575491, 36.525567287868945 ], [ -105.361532253689205, 36.52956271701391 ], [ -105.363067287868901, 36.535543823242207 ], [ -105.366099378797713, 36.539456176757838 ], [ -105.367233954535564, 36.543877156575547 ], [ -105.371229214138424, 36.549032253689262 ], [ -105.375, 36.55 ], [ -105.374338785807268, 36.557433742947069 ], [ -105.370833333333309, 36.558333333333358 ], [ -105.370240444607177, 36.582416110568602 ], [ -105.363155958387566, 36.58423428005645 ], [ -105.36193271213105, 36.598785061306444 ], [ -105.369982401529924, 36.60085076226131 ], [ -105.371400621202227, 36.606377156575547 ], [ -105.374432712131053, 36.610289510091171 ], [ -105.37556728786889, 36.61961839463978 ], [ -105.368622843424447, 36.621400621202284 ], [ -105.354901801215249, 36.634235975477452 ], [ -105.353599378797711, 36.642413330078149 ], [ -105.357766045464388, 36.647789510091172 ], [ -105.358900621202224, 36.652210489908882 ], [ -105.36193271213105, 36.656122843424505 ], [ -105.363067287868901, 36.664710489908877 ], [ -105.366099378797713, 36.668622843424501 ], [ -105.367233954535564, 36.684292941623291 ], [ -105.357339477539028, 36.695201619466168 ], [ -105.339456176757778, 36.69640062120228 ], [ -105.331258816189205, 36.703704833984396 ], [ -105.32707875569659, 36.700465223524333 ], [ -105.321537611219597, 36.70508626302086 ], [ -105.320124816894506, 36.715779283311655 ], [ -105.313161214192675, 36.717566257052979 ], [ -105.3125, 36.725 ], [ -105.304166666666646, 36.725 ], [ -105.302951727973067, 36.729733954535618 ], [ -105.289456176757781, 36.728599378797767 ], [ -105.285543823242165, 36.725567287868948 ], [ -105.27916666666664, 36.725 ], [ -105.255908881293379, 36.724646674262175 ], [ -105.252424452039904, 36.721186659071208 ], [ -105.245833333333309, 36.72083333333336 ], [ -105.239242214626714, 36.721186659071208 ], [ -105.235757785373238, 36.724646674262175 ], [ -105.230908881293374, 36.725353325737871 ], [ -105.225354173448324, 36.730880059136311 ], [ -105.224646674262118, 36.752424452039953 ], [ -105.220847913953961, 36.75625 ], [ -105.224646674262118, 36.760075547960092 ], [ -105.225353325737814, 36.773257785373289 ], [ -105.228813340928795, 36.776742214626765 ], [ -105.229519992404491, 36.806591118706621 ], [ -105.232980007595458, 36.810075547960096 ], [ -105.233686659071154, 36.81421576605905 ], [ -105.225353325737814, 36.822575547960092 ], [ -105.225, 36.829166666666694 ], [ -105.225, 36.833333333333357 ], [ -105.228466118706564, 36.834324476454022 ], [ -105.229784308539465, 36.850469292534747 ], [ -105.225617641872802, 36.856173027886314 ], [ -105.224382358127144, 36.864660305447075 ], [ -105.221450975206139, 36.86867302788631 ], [ -105.220215691460481, 36.88132697211374 ], [ -105.217284308539462, 36.885339694552975 ], [ -105.216049024793804, 36.889660305447073 ], [ -105.208950975206136, 36.897839694552978 ], [ -105.207715691460479, 36.902160305447076 ], [ -105.204784308539473, 36.906173027886311 ], [ -105.203549024793801, 36.910493638780409 ], [ -105.199732632107171, 36.915718248155407 ], [ -105.211832004123238, 36.917479112413218 ], [ -105.2125, 36.933333333333358 ], [ -105.218877156575488, 36.933900621202284 ], [ -105.228534783257345, 36.942660522460962 ], [ -105.229733954535561, 36.960543823242212 ], [ -105.232766045464388, 36.964456176757842 ], [ -105.233900621202224, 36.968877156575545 ], [ -105.23693271213105, 36.972789510091175 ], [ -105.238067287868901, 36.975937228732668 ], [ -105.228583780924453, 36.98658040364586 ], [ -105.221567450629308, 36.988380940755235 ], [ -105.220266045464385, 36.996770562065997 ], [ -105.228599378797711, 37.006122843424507 ], [ -105.229733954535561, 37.010543823242216 ], [ -105.233729214138421, 37.015698920355931 ], [ -105.2375, 37.016666666666694 ], [ -105.2375, 37.025 ], [ -105.2375, 37.03333333333336 ], [ -105.235289510091121, 37.033900621202285 ], [ -105.230134412977407, 37.03789605034725 ], [ -105.228315734863259, 37.044982571072076 ], [ -105.222789510091118, 37.046400621202281 ], [ -105.213154771592855, 37.055139499240482 ], [ -105.2125, 37.0625 ], [ -105.211838785807259, 37.069933742947079 ], [ -105.2083333333333, 37.070833333333361 ], [ -105.2083333333333, 37.083333333333364 ], [ -105.207975260416632, 37.085790337456622 ], [ -105.202424452039907, 37.091313340928849 ], [ -105.2, 37.091666666666697 ], [ -105.192566257052917, 37.092327880859401 ], [ -105.191099378797716, 37.098043823242215 ], [ -105.18806728786889, 37.101956176757838 ], [ -105.186932712131053, 37.106377156575547 ], [ -105.183900621202227, 37.110289510091171 ], [ -105.183333333333309, 37.120833333333358 ], [ -105.180908881293377, 37.121186659071206 ], [ -105.177424452039901, 37.124646674262181 ], [ -105.175, 37.125 ], [ -105.174470520019497, 37.139748128255235 ], [ -105.166137186686171, 37.148916965060792 ], [ -105.1671961466471, 37.168914964464001 ], [ -105.171362813313777, 37.174059210883271 ], [ -105.169921366373671, 37.178400166829455 ], [ -105.166666666666643, 37.179166666666696 ], [ -105.166666666666643, 37.195833333333361 ], [ -105.166313340928795, 37.214924452039959 ], [ -105.162853325737814, 37.218408881293428 ], [ -105.162146674262118, 37.223257785373292 ], [ -105.158686659071151, 37.226742214626768 ], [ -105.158333333333303, 37.229166666666693 ], [ -105.157980007595455, 37.231591118706625 ], [ -105.15001390245223, 37.239582655164959 ], [ -105.153813340928792, 37.243408881293433 ], [ -105.154519992404488, 37.269091118706626 ], [ -105.157980007595455, 37.272575547960102 ], [ -105.158686659071151, 37.277424452039959 ], [ -105.162146674262118, 37.280908881293435 ], [ -105.1625, 37.2875 ], [ -105.1625, 37.291666666666693 ], [ -105.1625, 37.295833333333363 ], [ -105.162853325737814, 37.306591118706628 ], [ -105.166313340928795, 37.310075547960096 ], [ -105.167019992404491, 37.314212883843346 ], [ -105.162514580620638, 37.31875 ], [ -105.166313340928795, 37.322575547960099 ], [ -105.167019992404491, 37.373257785373291 ], [ -105.170818752712648, 37.37708333333336 ], [ -105.167019992404491, 37.380908881293436 ], [ -105.166666666666643, 37.3875 ], [ -105.164531622992598, 37.388142734103759 ], [ -105.152134874131917, 37.399357265896299 ], [ -105.14369845920136, 37.400642734103762 ], [ -105.139583333333306, 37.403560553656718 ], [ -105.134208848741295, 37.399749755859403 ], [ -105.133333333333297, 37.40833333333336 ], [ -105.135757785373229, 37.408686659071208 ], [ -105.141311645507784, 37.414212883843348 ], [ -105.142019992404485, 37.427424452039958 ], [ -105.149646674262129, 37.435075547960096 ], [ -105.150353325737825, 37.439924452039961 ], [ -105.155880059136251, 37.445479159885011 ], [ -105.166666666666643, 37.445833333333361 ], [ -105.169982401529921, 37.446684265136753 ], [ -105.170833333333306, 37.45 ], [ -105.170833333333306, 37.454166666666694 ], [ -105.175, 37.454166666666694 ], [ -105.175567287868901, 37.464710489908882 ], [ -105.178599378797713, 37.468622843424512 ], [ -105.179733954535564, 37.475746663411492 ], [ -105.175567287868901, 37.481122843424508 ], [ -105.17443271213105, 37.521770562066003 ], [ -105.183916219075499, 37.532413567437096 ], [ -105.190858968098937, 37.534195285373293 ], [ -105.192233954535567, 37.540451727973121 ], [ -105.184340074327224, 37.542477586534318 ], [ -105.182766045464376, 37.546579996744825 ], [ -105.186932712131053, 37.551956176757841 ], [ -105.18806728786889, 37.55637715657555 ], [ -105.200645785861511, 37.569929843478761 ], [ -105.206377156575499, 37.571400621202287 ], [ -105.216682942708303, 37.580748324924073 ], [ -105.203520880805087, 37.594929843478766 ], [ -105.196494547526015, 37.596732923719649 ], [ -105.195266045464379, 37.610543823242217 ], [ -105.192233954535567, 37.614456176757841 ], [ -105.191666666666634, 37.616666666666696 ], [ -105.198043823242159, 37.617233954535621 ], [ -105.20195617675779, 37.62026604546444 ], [ -105.221579996744765, 37.621400621202291 ], [ -105.226956176757781, 37.617233954535621 ], [ -105.24461839463973, 37.616099378797777 ], [ -105.246400621202227, 37.62304382324222 ], [ -105.249432712131053, 37.626956176757844 ], [ -105.25056728786889, 37.631377156575553 ], [ -105.253599378797716, 37.635289510091177 ], [ -105.254166666666634, 37.6375 ], [ -105.268877156575499, 37.638067287868957 ], [ -105.276956176757778, 37.645266045464439 ], [ -105.285543823242165, 37.646400621202289 ], [ -105.289456176757781, 37.649432712131109 ], [ -105.294982401529921, 37.650850931803419 ], [ -105.296400621202224, 37.656377156575552 ], [ -105.29878506130639, 37.658900621202292 ], [ -105.300899590386251, 37.650661214192738 ], [ -105.315767076280352, 37.649338785807323 ], [ -105.316666666666634, 37.645833333333364 ], [ -105.327424452039907, 37.645480007595516 ], [ -105.330908881293382, 37.642019992404549 ], [ -105.344091118706572, 37.641313340928853 ], [ -105.347575547960048, 37.637853325737879 ], [ -105.370833333333309, 37.6375 ], [ -105.377424452039904, 37.637146674262183 ], [ -105.382975260416643, 37.631623501247859 ], [ -105.383333333333312, 37.629166666666698 ], [ -105.38664906819659, 37.628315734863314 ], [ -105.388350931803359, 37.62168426513675 ], [ -105.393877156575499, 37.62026604546444 ], [ -105.397789510091116, 37.617233954535621 ], [ -105.428253343370201, 37.616059197319913 ], [ -105.429166666666646, 37.6125 ], [ -105.4375, 37.6125 ], [ -105.44081573486325, 37.611649068196648 ], [ -105.441666666666634, 37.608333333333363 ], [ -105.443877156575496, 37.607766045464444 ], [ -105.449032253689211, 37.603770785861578 ], [ -105.450567287868893, 37.597789510091175 ], [ -105.453599378797719, 37.593877156575552 ], [ -105.455017598470022, 37.588350931803419 ], [ -105.460543823242162, 37.586932712131109 ], [ -105.464456176757793, 37.583900621202289 ], [ -105.468877156575502, 37.582766045464439 ], [ -105.472789510091118, 37.579733954535619 ], [ -105.477210489908828, 37.578599378797776 ], [ -105.481122843424458, 37.575567287868957 ], [ -105.483333333333306, 37.575 ], [ -105.491666666666646, 37.575 ], [ -105.49251759847003, 37.57831573486331 ], [ -105.495833333333309, 37.579166666666701 ], [ -105.495833333333309, 37.583333333333364 ], [ -105.49523484971786, 37.603250969780845 ], [ -105.491666666666646, 37.6041666666667 ], [ -105.492019992404494, 37.606591118706632 ], [ -105.495480007595461, 37.610075547960101 ], [ -105.495833333333309, 37.616666666666696 ], [ -105.495480007595461, 37.623257785373298 ], [ -105.492019992404494, 37.626742214626766 ], [ -105.491313340928798, 37.639924452039963 ], [ -105.487853325737817, 37.643408881293432 ], [ -105.487146674262121, 37.656591118706629 ], [ -105.483686659071154, 37.660075547960105 ], [ -105.482980007595458, 37.664924452039962 ], [ -105.479519992404491, 37.668408881293438 ], [ -105.479166666666643, 37.683333333333366 ], [ -105.479166666666643, 37.695833333333368 ], [ -105.478511895073751, 37.703193664550817 ], [ -105.468877156575502, 37.711932712131109 ], [ -105.462895880805092, 37.713467746310798 ], [ -105.458900621202233, 37.718622843424512 ], [ -105.457766045464382, 37.723043823242222 ], [ -105.453599378797719, 37.728420003255238 ], [ -105.45473395453557, 37.74804382324222 ], [ -105.458900621202233, 37.753420003255243 ], [ -105.457766045464382, 37.760543823242223 ], [ -105.45473395453557, 37.764456176757847 ], [ -105.453458150227831, 37.774112616644999 ], [ -105.45, 37.775 ], [ -105.45, 37.779166666666697 ], [ -105.450567287868893, 37.789710489908884 ], [ -105.45369788275822, 37.79375 ], [ -105.449604119194845, 37.799032253689269 ], [ -105.44362284342445, 37.800567287868958 ], [ -105.438132731119765, 37.805145772298211 ], [ -105.436932712131053, 37.823043823242223 ], [ -105.429733954535564, 37.831122843424509 ], [ -105.428599378797713, 37.857118394639791 ], [ -105.435543823242156, 37.858900621202288 ], [ -105.447789510091113, 37.87026604546444 ], [ -105.452210489908822, 37.871400621202291 ], [ -105.456122843424453, 37.87443271213111 ], [ -105.461649068196593, 37.87585093180342 ], [ -105.4625, 37.879166666666698 ], [ -105.475, 37.879166666666698 ], [ -105.475353325737814, 37.898257785373296 ], [ -105.478813340928795, 37.901742214626772 ], [ -105.479166666666643, 37.904166666666697 ], [ -105.481591118706575, 37.904519992404545 ], [ -105.487141927083314, 37.91004316541887 ], [ -105.487853325737817, 37.914924452039962 ], [ -105.491313340928798, 37.918408881293438 ], [ -105.491666666666646, 37.92083333333337 ], [ -105.494091118706578, 37.921186659071218 ], [ -105.514242214626705, 37.941313340928851 ], [ -105.519091118706569, 37.942019992404546 ], [ -105.530908881293371, 37.953813340928853 ], [ -105.543381076388869, 37.954519992404549 ], [ -105.549641927083314, 37.948290167914529 ], [ -105.55, 37.945833333333368 ], [ -105.558333333333309, 37.945833333333368 ], [ -105.558686659071157, 37.948257785373301 ], [ -105.56837819417315, 37.957975599500905 ], [ -105.573257785373244, 37.958686659071212 ], [ -105.580908881293382, 37.966313340928856 ], [ -105.583333333333314, 37.966666666666704 ], [ -105.583333333333314, 37.9791666666667 ], [ -105.5875, 37.9791666666667 ], [ -105.587853325737825, 37.985757785373295 ], [ -105.591313340928792, 37.989242214626771 ], [ -105.592019992404488, 37.994091118706635 ], [ -105.603813340928795, 38.005908881293436 ], [ -105.604166666666643, 38.008333333333368 ], [ -105.60060746934677, 38.009246656629813 ], [ -105.6, 38.025 ], [ -105.602210489908828, 38.025567287868959 ], [ -105.607365587022542, 38.029562547471826 ], [ -105.608900621202238, 38.035543823242222 ], [ -105.61193271213105, 38.039456176757845 ], [ -105.613067287868901, 38.043877156575554 ], [ -105.628707716200068, 38.06040395100915 ], [ -105.624735344780788, 38.065529547797347 ], [ -105.631377156575496, 38.067233954535624 ], [ -105.636532253689211, 38.071229214138491 ], [ -105.638067287868893, 38.077210489908893 ], [ -105.650645785861514, 38.090763176812104 ], [ -105.657482401529919, 38.092517598470089 ], [ -105.658333333333303, 38.095833333333367 ], [ -105.639242214626705, 38.095480007595505 ], [ -105.658333333404627, 38.095833333611282 ], [ -105.659184265136687, 38.099149068196652 ], [ -105.6625, 38.1 ], [ -105.662146674262132, 38.102424452039969 ], [ -105.658686659071151, 38.105908881293438 ], [ -105.658333333333303, 38.116666666666703 ], [ -105.658686659071151, 38.119091118706635 ], [ -105.664209832085476, 38.124641927083367 ], [ -105.666666666666643, 38.125 ], [ -105.667517598470027, 38.128315734863314 ], [ -105.670833333333306, 38.129166666666684 ], [ -105.671186659071154, 38.135757785373286 ], [ -105.674646674262135, 38.139242214626755 ], [ -105.675, 38.141666666666687 ], [ -105.675, 38.145833333333357 ], [ -105.67443271213105, 38.148043823242205 ], [ -105.671400621202238, 38.151956176757835 ], [ -105.670266045464388, 38.157118394639774 ], [ -105.67721048990883, 38.158900621202278 ], [ -105.685289510091124, 38.16609937879776 ], [ -105.689710489908833, 38.167233954535611 ], [ -105.69362284342445, 38.17026604546443 ], [ -105.69914906819659, 38.171684095594635 ], [ -105.700567287868893, 38.177210489908873 ], [ -105.705086093478712, 38.182629055447066 ], [ -105.715779283311605, 38.184041680230052 ], [ -105.717233954535573, 38.189710489908876 ], [ -105.720266045464385, 38.1936228434245 ], [ -105.721400621202235, 38.198043823242209 ], [ -105.725959777832003, 38.203510877821202 ], [ -105.733333333333306, 38.204166666666687 ], [ -105.733333333333306, 38.2125 ], [ -105.73971048990883, 38.213067287868945 ], [ -105.743622843424461, 38.216099378797765 ], [ -105.753279283311613, 38.217375013563391 ], [ -105.754166666666649, 38.220833333333353 ], [ -105.754166666666649, 38.225 ], [ -105.756377156575496, 38.225567287868941 ], [ -105.760289510091127, 38.228599378797767 ], [ -105.764710489908836, 38.229733954535611 ], [ -105.772789510091116, 38.2369327121311 ], [ -105.777210489908825, 38.238067287868944 ], [ -105.781122843424455, 38.241099378797763 ], [ -105.785543823242165, 38.242233954535614 ], [ -105.790962388780358, 38.246752929687517 ], [ -105.792233954535561, 38.256377156575539 ], [ -105.795266045464388, 38.26028951009117 ], [ -105.79668426513669, 38.2658159044054 ], [ -105.80221048990883, 38.267233954535612 ], [ -105.806122843424461, 38.270266045464432 ], [ -105.814710489908833, 38.271400621202275 ], [ -105.81862284342445, 38.274432712131095 ], [ -105.823043823242159, 38.275567287868945 ], [ -105.835289510091116, 38.286932712131097 ], [ -105.839710489908825, 38.288067287868941 ], [ -105.843622843424455, 38.291099378797767 ], [ -105.853279283311608, 38.292375013563387 ], [ -105.854733954535561, 38.29804382324221 ], [ -105.858729214138435, 38.303198920355925 ], [ -105.86471048990883, 38.304733954535614 ], [ -105.869865587022545, 38.308729383680578 ], [ -105.871400621202241, 38.314710489908876 ], [ -105.878599378797716, 38.32278951009117 ], [ -105.879733954535567, 38.327210489908879 ], [ -105.883729214138427, 38.332365587022593 ], [ -105.8875, 38.333333333333357 ], [ -105.8875, 38.34166666666669 ], [ -105.888067287868907, 38.343877156575545 ], [ -105.896762593587212, 38.35346374511721 ], [ -105.906377156575502, 38.354733954535611 ], [ -105.911532253689217, 38.358729383680576 ], [ -105.913387383355015, 38.365958319769987 ], [ -105.923043823242168, 38.367233954535614 ], [ -105.926956176757784, 38.370266045464433 ], [ -105.931377156575493, 38.371400621202277 ], [ -105.939456176757787, 38.378599378797766 ], [ -105.944982401529927, 38.380017428927971 ], [ -105.945833333333312, 38.383333333333354 ], [ -105.94640062120223, 38.389710489908879 ], [ -105.950395880805104, 38.394865587022593 ], [ -105.957672119140597, 38.39673292371964 ], [ -105.958333333333314, 38.40416666666669 ], [ -105.960543823242162, 38.404733954535615 ], [ -105.968622843424455, 38.411932712131097 ], [ -105.977210489908828, 38.413067287868948 ], [ -105.985289510091121, 38.42026604546443 ], [ -105.999100409613689, 38.421494547526066 ], [ -106.000567287868904, 38.427210489908873 ], [ -106.011932712131056, 38.439456176757837 ], [ -106.01320851643878, 38.449112616644989 ], [ -106.016666666666652, 38.45 ], [ -106.017517598470036, 38.453315904405407 ], [ -106.020833333333314, 38.454166666666687 ], [ -106.039924452039912, 38.454519992404535 ], [ -106.04375, 38.4583187527127 ], [ -106.047575547960051, 38.454519992404535 ], [ -106.0625, 38.454166666666687 ], [ -106.06306728786889, 38.451956176757832 ], [ -106.066099378797702, 38.448043823242209 ], [ -106.06736958821611, 38.438429090711828 ], [ -106.076956176757776, 38.429733954535614 ], [ -106.08275044759111, 38.428247070312523 ], [ -106.091099378797708, 38.41887715657554 ], [ -106.092566257052908, 38.413161214192733 ], [ -106.107373385959164, 38.411844211154538 ], [ -106.111932712131036, 38.406377156575545 ], [ -106.113110351562469, 38.380164591471377 ], [ -106.118622843424447, 38.375567287868947 ], [ -106.124322848849786, 38.374104478624155 ], [ -106.141099378797705, 38.35637715657554 ], [ -106.141666666666623, 38.354166666666686 ], [ -106.152210489908811, 38.353599378797767 ], [ -106.157365587022539, 38.349603949652803 ], [ -106.159239027235202, 38.3423044840495 ], [ -106.177210489908816, 38.341099378797765 ], [ -106.181122843424447, 38.338067287868945 ], [ -106.188246663411419, 38.336932712131102 ], [ -106.19375, 38.341198052300371 ], [ -106.199032253689197, 38.3371039496528 ], [ -106.2, 38.333333333333357 ], [ -106.210757785373232, 38.332980007595509 ], [ -106.218408881293371, 38.325353325737865 ], [ -106.220833333333303, 38.325 ], [ -106.221400621202221, 38.327210489908879 ], [ -106.228599378797711, 38.335289510091165 ], [ -106.230066257052911, 38.341005452473979 ], [ -106.244933742947012, 38.342327880859393 ], [ -106.245833333333294, 38.345833333333353 ], [ -106.25, 38.345833333333353 ], [ -106.249646674262124, 38.348257785373285 ], [ -106.242019992404479, 38.355908881293423 ], [ -106.241313340928784, 38.360757785373288 ], [ -106.237853325737817, 38.364242214626756 ], [ -106.237146674262121, 38.380879720052107 ], [ -106.241313340928784, 38.385075547960092 ], [ -106.242019992404479, 38.394091118706619 ], [ -106.245480007595447, 38.397575547960088 ], [ -106.245833333333294, 38.420833333333356 ], [ -106.245833333333294, 38.425 ], [ -106.246186659071142, 38.427424452039951 ], [ -106.249646674262124, 38.430908881293426 ], [ -106.25, 38.433333333333358 ], [ -106.245395575629303, 38.434547932942728 ], [ -106.246672227647537, 38.441009182400194 ], [ -106.264697943793365, 38.442246500651066 ], [ -106.269819810655349, 38.446157836914082 ], [ -106.271703084309863, 38.453296915690125 ], [ -106.275, 38.454166666666687 ], [ -106.277210489908825, 38.454733954535612 ], [ -106.2865804036458, 38.46308288574221 ], [ -106.288067287868884, 38.468877156575545 ], [ -106.296416219075482, 38.47824707031252 ], [ -106.302210489908816, 38.479733954535611 ], [ -106.307365587022531, 38.483729383680576 ], [ -106.308900621202227, 38.48971048990888 ], [ -106.318196953667496, 38.49995964898006 ], [ -106.322789510091113, 38.496400621202277 ], [ -106.330154758029479, 38.495266045464433 ], [ -106.344671291775143, 38.508739217122418 ], [ -106.346400621202221, 38.513246663411479 ], [ -106.342233954535558, 38.518622843424502 ], [ -106.341099378797708, 38.521579996744812 ], [ -106.345266045464371, 38.526956176757835 ], [ -106.346684095594583, 38.532482571072073 ], [ -106.353494601779474, 38.53423021104603 ], [ -106.354733954535561, 38.546770562065994 ], [ -106.346400621202221, 38.556122843424504 ], [ -106.345266045464371, 38.571770562065993 ], [ -106.353599378797711, 38.581122843424502 ], [ -106.354733954535561, 38.589710489908875 ], [ -106.357766045464373, 38.593622843424505 ], [ -106.358333333333292, 38.6 ], [ -106.361649237738675, 38.60085076226131 ], [ -106.3625, 38.604166666666693 ], [ -106.363123575846316, 38.615757581922765 ], [ -106.368877156575479, 38.617233954535614 ], [ -106.37278951009111, 38.620266045464433 ], [ -106.377210489908819, 38.621400621202284 ], [ -106.382629055447012, 38.625919596354194 ], [ -106.383900621202216, 38.635543823242209 ], [ -106.388459947374102, 38.641010877821202 ], [ -106.402210489908825, 38.642233954535612 ], [ -106.406122843424441, 38.645266045464432 ], [ -106.419933742947009, 38.646494547526068 ], [ -106.421684095594586, 38.653315904405403 ], [ -106.428505452473928, 38.655066257052972 ], [ -106.42973395453555, 38.668877156575547 ], [ -106.436932712131039, 38.676956176757834 ], [ -106.43806728786889, 38.685543823242213 ], [ -106.449432712131042, 38.69778951009117 ], [ -106.45, 38.7 ], [ -106.446684095594577, 38.700850762261311 ], [ -106.444945949978262, 38.707624986436656 ], [ -106.43422071668833, 38.709041680230058 ], [ -106.433333333333294, 38.7125 ], [ -106.421742418077216, 38.713123575846382 ], [ -106.420833333333292, 38.71666666666669 ], [ -106.420480007595458, 38.719091118706622 ], [ -106.417019992404477, 38.722575547960091 ], [ -106.416666666666629, 38.725 ], [ -106.416313340928781, 38.756591118706623 ], [ -106.412514580620623, 38.760416666666693 ], [ -106.416313340928781, 38.764242214626762 ], [ -106.417019992404477, 38.76837972005211 ], [ -106.412853325737814, 38.772575547960095 ], [ -106.412146674262118, 38.780879720052106 ], [ -106.416313340928781, 38.785075547960098 ], [ -106.417019992404477, 38.802424452039958 ], [ -106.420819430881039, 38.806250678168425 ], [ -106.412853325737814, 38.814242214626759 ], [ -106.412146674262118, 38.823257785373286 ], [ -106.408686659071151, 38.826742214626762 ], [ -106.408333333333303, 38.829166666666694 ], [ -106.406122843424441, 38.828599378797769 ], [ -106.402210489908825, 38.82556728786895 ], [ -106.393622843424438, 38.824432712131099 ], [ -106.389710489908822, 38.82140062120228 ], [ -106.386753336588512, 38.820266045464436 ], [ -106.380134412977398, 38.825396050347251 ], [ -106.378599378797702, 38.831377156575549 ], [ -106.363067287868887, 38.847789510091175 ], [ -106.361612616644933, 38.853458319769992 ], [ -106.350887383355001, 38.854875013563394 ], [ -106.35, 38.858333333333363 ], [ -106.349646674262118, 38.860757785373288 ], [ -106.325353325737808, 38.885075547960099 ], [ -106.324646674262112, 38.889924452039956 ], [ -106.321186659071145, 38.893408881293432 ], [ -106.320833333333297, 38.90833333333336 ], [ -106.320833333333297, 38.9125 ], [ -106.335757785373232, 38.912146674262182 ], [ -106.339242214626694, 38.908686659071208 ], [ -106.347546386718719, 38.907980007595512 ], [ -106.351742214626697, 38.912146674262182 ], [ -106.360046386718722, 38.912853325737871 ], [ -106.364242214626699, 38.908686659071208 ], [ -106.368382771809863, 38.907980007595512 ], [ -106.378812323676186, 38.918381754557316 ], [ -106.379166666666634, 38.929166666666696 ], [ -106.381377156575482, 38.92859937879777 ], [ -106.385289510091113, 38.925567287868951 ], [ -106.390815904405343, 38.924149237738739 ], [ -106.392233954535556, 38.918622843424508 ], [ -106.396010674370629, 38.913749864366345 ], [ -106.400746663411425, 38.911932712131104 ], [ -106.406122843424441, 38.916099378797767 ], [ -106.410543823242151, 38.917233954535618 ], [ -106.422905137803781, 38.928706868489613 ], [ -106.426956176757784, 38.925567287868951 ], [ -106.432482571072015, 38.924149237738739 ], [ -106.434184095594588, 38.917517428927979 ], [ -106.439710489908819, 38.916099378797767 ], [ -106.44362284342445, 38.913067287868948 ], [ -106.4625, 38.9125 ], [ -106.464710489908825, 38.913067287868948 ], [ -106.468622843424441, 38.916099378797767 ], [ -106.473043823242151, 38.917233954535618 ], [ -106.481122843424444, 38.9244327121311 ], [ -106.485543823242153, 38.925567287868951 ], [ -106.493622843424447, 38.932766045464433 ], [ -106.498043823242156, 38.933900621202284 ], [ -106.503198920355871, 38.937896050347248 ], [ -106.50505405002167, 38.94512498643666 ], [ -106.515779283311602, 38.946541680230062 ], [ -106.516666666666637, 38.95 ], [ -106.519091118706569, 38.950353325737872 ], [ -106.529167344835031, 38.960402425130233 ], [ -106.520847235785553, 38.968749321831623 ], [ -106.524646674262115, 38.972575547960098 ], [ -106.525, 38.983333333333363 ], [ -106.531377156575488, 38.983900621202281 ], [ -106.535289510091118, 38.9869327121311 ], [ -106.539710489908828, 38.988067287868951 ], [ -106.543622843424444, 38.99109937879777 ], [ -106.549149237738675, 38.992517428927975 ], [ -106.551137288411425, 39.000264485677107 ], [ -106.556122843424447, 38.996400621202284 ], [ -106.560543823242156, 38.995266045464433 ], [ -106.564456176757773, 38.992233954535614 ], [ -106.579913330078085, 38.99109937879777 ], [ -106.585289510091116, 38.995266045464433 ], [ -106.595833333333303, 38.995833333333358 ], [ -106.595833333333303, 39.0 ], [ -106.595266045464371, 39.002210489908883 ], [ -106.592135281032952, 39.00625 ], [ -106.595266045464371, 39.01028951009117 ], [ -106.596400621202221, 39.021579996744819 ], [ -106.592233954535558, 39.026956176757842 ], [ -106.591099378797708, 39.030103895399336 ], [ -106.599542236328091, 39.039579264322946 ], [ -106.594913736979137, 39.045129055447077 ], [ -106.585289510091116, 39.046400621202281 ], [ -106.581377156575485, 39.049432712131107 ], [ -106.575616794162286, 39.050911119249157 ], [ -106.574432712131042, 39.07593722873267 ], [ -106.582766045464382, 39.085289510091172 ], [ -106.583900621202218, 39.096579996744822 ], [ -106.578770616319417, 39.103198920355929 ], [ -106.572789510091113, 39.104733954535618 ], [ -106.567634412977398, 39.108729383680583 ], [ -106.566099378797716, 39.11471048990888 ], [ -106.558900621202227, 39.122789510091174 ], [ -106.557766045464376, 39.125746663411483 ], [ -106.561932712131039, 39.131122843424507 ], [ -106.56306728786889, 39.134079996744816 ], [ -106.558900621202227, 39.13945617675784 ], [ -106.557766045464376, 39.142413330078156 ], [ -106.561932712131039, 39.147789510091172 ], [ -106.5625, 39.15 ], [ -106.5625, 39.154166666666697 ], [ -106.558333333333294, 39.154166666666697 ], [ -106.554166666666632, 39.154166666666697 ], [ -106.553267076280349, 39.157672119140656 ], [ -106.539456176757781, 39.158900621202285 ], [ -106.535543823242151, 39.161932712131104 ], [ -106.52916666666664, 39.1625 ], [ -106.528257581922702, 39.158956909179715 ], [ -106.516666666666637, 39.15833333333336 ], [ -106.516313340928789, 39.160757785373292 ], [ -106.512853325737808, 39.164242214626768 ], [ -106.512146674262112, 39.169091118706625 ], [ -106.508686659071145, 39.172575547960101 ], [ -106.507980007595449, 39.177424452039958 ], [ -106.500353325737819, 39.185075547960096 ], [ -106.499646674262124, 39.189924452039961 ], [ -106.492019992404479, 39.197575547960099 ], [ -106.491666666666632, 39.225 ], [ -106.492019992404479, 39.227424452039962 ], [ -106.495480007595447, 39.230908881293431 ], [ -106.496186659071142, 39.235757785373295 ], [ -106.499986436631914, 39.239584350585965 ], [ -106.48368665907114, 39.255908881293429 ], [ -106.482980007595458, 39.26838260226782 ], [ -106.493378363715237, 39.278808932834231 ], [ -106.498257785373227, 39.279519992404545 ], [ -106.503811645507781, 39.285046217176678 ], [ -106.504519992404482, 39.297546217176681 ], [ -106.500353325737819, 39.301742214626763 ], [ -106.5, 39.304166666666696 ], [ -106.497575547960039, 39.304519992404543 ], [ -106.494091118706564, 39.307980007595518 ], [ -106.489242214626699, 39.308686659071213 ], [ -106.480882432725664, 39.317019992404546 ], [ -106.476742214626697, 39.316313340928851 ], [ -106.468750678168362, 39.308347235785618 ], [ -106.464924452039895, 39.312146674262181 ], [ -106.451742214626705, 39.312853325737876 ], [ -106.447546386718713, 39.317019992404546 ], [ -106.439242214626702, 39.316313340928851 ], [ -106.435416666666626, 39.312514580620686 ], [ -106.431591118706564, 39.316313340928851 ], [ -106.429166666666632, 39.316666666666698 ], [ -106.429519992404479, 39.335757785373296 ], [ -106.437146674262124, 39.343408881293435 ], [ -106.4375, 39.34583333333336 ], [ -106.436932712131039, 39.348043823242215 ], [ -106.433900621202227, 39.351956176757845 ], [ -106.432365587022531, 39.35793745252824 ], [ -106.427210489908816, 39.361932712131107 ], [ -106.417595757378436, 39.363202921549508 ], [ -106.408900621202221, 39.372789510091174 ], [ -106.407482571072009, 39.378315734863314 ], [ -106.401956176757778, 39.379733954535624 ], [ -106.398043823242148, 39.382766045464436 ], [ -106.3958333333333, 39.383333333333361 ], [ -106.394933742947018, 39.379827880859402 ], [ -106.380066257052917, 39.378505452473988 ], [ -106.378247070312469, 39.371416219075549 ], [ -106.368877156575479, 39.363067287868951 ], [ -106.364456176757784, 39.361932712131107 ], [ -106.359079996744754, 39.357766045464437 ], [ -106.335289510091116, 39.358900621202288 ], [ -106.329913330078085, 39.363067287868951 ], [ -106.31862284342445, 39.361932712131107 ], [ -106.314710489908819, 39.358900621202288 ], [ -106.301956176757784, 39.357766045464437 ], [ -106.298043823242153, 39.354733954535618 ], [ -106.293622843424444, 39.353599378797774 ], [ -106.288246663411428, 39.349432712131104 ], [ -106.285289510091104, 39.350567287868955 ], [ -106.281377156575488, 39.353599378797774 ], [ -106.272789510091116, 39.354733954535618 ], [ -106.268877156575485, 39.357766045464437 ], [ -106.264456176757776, 39.358900621202288 ], [ -106.259079996744759, 39.363067287868951 ], [ -106.25612284342445, 39.361932712131107 ], [ -106.252210489908819, 39.358900621202288 ], [ -106.25, 39.358333333333363 ], [ -106.247575547960039, 39.358686659071211 ], [ -106.239924452039901, 39.366313340928848 ], [ -106.235075547960037, 39.367019992404543 ], [ -106.227424452039898, 39.374646674262181 ], [ -106.222575547960034, 39.375353325737876 ], [ -106.218379720052042, 39.379519992404546 ], [ -106.210075547960031, 39.378813340928851 ], [ -106.201715766058996, 39.370480007595518 ], [ -106.185075547960039, 39.371186659071213 ], [ -106.181591118706564, 39.374646674262181 ], [ -106.176742214626699, 39.375353325737876 ], [ -106.173257785373224, 39.378813340928851 ], [ -106.170833333333292, 39.379166666666698 ], [ -106.1625, 39.379166666666698 ], [ -106.155066257052908, 39.378505452473988 ], [ -106.153599378797708, 39.372789510091174 ], [ -106.150567287868881, 39.36887715657555 ], [ -106.15, 39.366666666666696 ], [ -106.1458333333333, 39.366666666666696 ], [ -106.142062717013857, 39.367634412977459 ], [ -106.138067287868893, 39.372789510091174 ], [ -106.136649237738681, 39.378315734863314 ], [ -106.133333333333297, 39.379166666666698 ], [ -106.126742214626702, 39.378813340928851 ], [ -106.12254638671871, 39.374646674262181 ], [ -106.114242214626699, 39.375353325737876 ], [ -106.110046386718707, 39.379519992404546 ], [ -106.097575547960034, 39.378813340928851 ], [ -106.094091118706558, 39.375353325737876 ], [ -106.089242214626694, 39.374646674262181 ], [ -106.085757785373232, 39.371186659071213 ], [ -106.072575547960028, 39.370480007595518 ], [ -106.06492445203989, 39.362853325737873 ], [ -106.047575547960037, 39.362146674262185 ], [ -106.044091118706561, 39.358686659071211 ], [ -106.02916666666664, 39.358333333333363 ], [ -106.026742214626708, 39.358686659071211 ], [ -106.023257785373247, 39.362146674262185 ], [ -106.020833333333314, 39.3625 ], [ -106.020215691460479, 39.364660135904977 ], [ -106.017284308539473, 39.368673197428414 ], [ -106.015961032443556, 39.386692979600724 ], [ -106.006173197428367, 39.38811764187286 ], [ -106.00216013590493, 39.391049024793865 ], [ -105.99675971137151, 39.392593044704888 ], [ -105.994906955295122, 39.399073621961833 ], [ -105.989506530761702, 39.400617641872863 ], [ -105.985493469238264, 39.403549024793868 ], [ -105.981173197428362, 39.404784308539526 ], [ -105.977160135904924, 39.407715691460531 ], [ -105.972839864095036, 39.408950975206196 ], [ -105.968826802571598, 39.411882358127201 ], [ -105.960339864095033, 39.413117641872859 ], [ -105.956326802571596, 39.416049024793864 ], [ -105.954166666666652, 39.4166666666667 ], [ -105.954809400770372, 39.422968377007408 ], [ -105.967142401801198, 39.436601426866346 ], [ -105.958333333333314, 39.4375 ], [ -105.957445949978279, 39.440958150227893 ], [ -105.947789510091127, 39.442233954535624 ], [ -105.942285834418385, 39.446823798285621 ], [ -105.941666666666634, 39.458333333333364 ], [ -105.904983350965693, 39.458971659342481 ], [ -105.903344896104585, 39.470229932996993 ], [ -105.889660135904919, 39.482715691460534 ], [ -105.880138312445723, 39.484101528591609 ], [ -105.878240288628447, 39.490740288628501 ], [ -105.872839864095027, 39.492284308539524 ], [ -105.86882680257159, 39.495215691460537 ], [ -105.866666666666646, 39.495833333333366 ], [ -105.863171895345033, 39.496730211046035 ], [ -105.86193271213105, 39.509270562066 ], [ -105.87026604546439, 39.518622843424509 ], [ -105.870833333333294, 39.520833333333364 ], [ -105.86751759847003, 39.521684265136749 ], [ -105.865698920355882, 39.528770785861575 ], [ -105.859470452202672, 39.53359798855255 ], [ -105.858333333333306, 39.529166666666697 ], [ -105.851742214626711, 39.528813340928849 ], [ -105.847546217176628, 39.524646674262186 ], [ -105.843408881293385, 39.525353325737882 ], [ -105.839924452039909, 39.528813340928849 ], [ -105.835075547960045, 39.529519992404545 ], [ -105.831591118706569, 39.532980007595519 ], [ -105.820833333333312, 39.533333333333367 ], [ -105.820266045464393, 39.535543823242222 ], [ -105.816099378797716, 39.540920003255238 ], [ -105.817233954535567, 39.548043823242217 ], [ -105.824432712131056, 39.556122843424511 ], [ -105.825567287868907, 39.56054382324222 ], [ -105.83751627604164, 39.573418341742652 ], [ -105.827210489908836, 39.582766045464439 ], [ -105.805075920952675, 39.583956909179719 ], [ -105.803315734863261, 39.590815734863313 ], [ -105.797789510091121, 39.592233954535622 ], [ -105.789710489908828, 39.599432712131104 ], [ -105.785289510091118, 39.600567287868955 ], [ -105.777210489908825, 39.607766045464444 ], [ -105.775, 39.608333333333363 ], [ -105.775353325737825, 39.610757785373295 ], [ -105.778813340928792, 39.614242214626771 ], [ -105.779519992404488, 39.627424452039961 ], [ -105.789215087890597, 39.637145826551681 ], [ -105.8, 39.6375 ], [ -105.80221048990883, 39.636932712131106 ], [ -105.806122843424461, 39.633900621202287 ], [ -105.81343722873261, 39.632766045464443 ], [ -105.822789510091127, 39.641099378797776 ], [ -105.835543823242162, 39.642233954535619 ], [ -105.839456176757793, 39.645266045464439 ], [ -105.848043823242165, 39.646400621202289 ], [ -105.853198920355879, 39.650395880805156 ], [ -105.854733954535561, 39.656377156575552 ], [ -105.86193271213105, 39.664456176757845 ], [ -105.863637118869335, 39.671097988552546 ], [ -105.868622843424461, 39.667233954535625 ], [ -105.87304382324217, 39.666099378797774 ], [ -105.88112284342445, 39.658900621202292 ], [ -105.888246663411437, 39.657766045464442 ], [ -105.893622843424453, 39.661932712131112 ], [ -105.910543823242165, 39.663067287868955 ], [ -105.922789510091121, 39.674432712131107 ], [ -105.925, 39.675 ], [ -105.92443271213105, 39.677210489908887 ], [ -105.921400621202238, 39.681122843424511 ], [ -105.919982401529921, 39.686649068196644 ], [ -105.916666666666643, 39.6875 ], [ -105.917019992404491, 39.694091118706631 ], [ -105.920480007595458, 39.697575547960099 ], [ -105.920833333333292, 39.7 ], [ -105.920209757486958, 39.711590745714005 ], [ -105.912895880805095, 39.713467746310798 ], [ -105.908900621202235, 39.718622843424512 ], [ -105.907365587022554, 39.724604119194908 ], [ -105.902210489908825, 39.728599378797774 ], [ -105.8875, 39.7291666666667 ], [ -105.887141927083306, 39.73162350124786 ], [ -105.881591118706581, 39.737146674262185 ], [ -105.879166666666649, 39.7375 ], [ -105.879519992404497, 39.744091118706628 ], [ -105.882980007595464, 39.747575547960103 ], [ -105.883686659071159, 39.751712883843346 ], [ -105.879519992404497, 39.755908881293436 ], [ -105.878813340928801, 39.760048929850292 ], [ -105.887146674262127, 39.768408881293439 ], [ -105.8875, 39.79583333333337 ], [ -105.880908881293379, 39.796186659071211 ], [ -105.876712883843297, 39.800353325737881 ], [ -105.868408881293377, 39.799646674262185 ], [ -105.864924452039901, 39.796186659071211 ], [ -105.855908881293374, 39.795480007595522 ], [ -105.847548929850234, 39.787146674262189 ], [ -105.818408881293379, 39.787853325737878 ], [ -105.801716783311605, 39.804519992404551 ], [ -105.785075547960048, 39.803813340928855 ], [ -105.781591118706572, 39.800353325737881 ], [ -105.776742214626708, 39.799646674262185 ], [ -105.772546217176625, 39.795480007595522 ], [ -105.760075547960042, 39.796186659071211 ], [ -105.756591118706567, 39.799646674262185 ], [ -105.747575547960039, 39.800353325737881 ], [ -105.744091118706578, 39.803813340928855 ], [ -105.739242214626714, 39.804519992404551 ], [ -105.735757785373238, 39.807980007595518 ], [ -105.733333333333306, 39.808333333333366 ], [ -105.732677883572023, 39.810455661349863 ], [ -105.7214887830946, 39.822877671983541 ], [ -105.720177883572021, 39.827122328016529 ], [ -105.712011040581572, 39.836722819010447 ], [ -105.69240264892575, 39.838257853190136 ], [ -105.691666666666649, 39.85 ], [ -105.691666666666649, 39.8625 ], [ -105.695124816894506, 39.863387383355068 ], [ -105.69640062120223, 39.87304382324222 ], [ -105.699432712131056, 39.876956176757844 ], [ -105.7, 39.8875 ], [ -105.699646674262127, 39.889924452039963 ], [ -105.696186659071159, 39.893408881293439 ], [ -105.695480007595464, 39.898257785373296 ], [ -105.692019992404482, 39.901742214626772 ], [ -105.691313340928801, 39.910757785373299 ], [ -105.683686659071157, 39.918408881293438 ], [ -105.683333333333309, 39.933333333333366 ], [ -105.686649068196587, 39.93418426513675 ], [ -105.688350931803356, 39.940815734863314 ], [ -105.694826592339382, 39.942477586534324 ], [ -105.69640062120223, 39.946579996744823 ], [ -105.692233954535567, 39.951956176757847 ], [ -105.691099378797716, 39.956377156575556 ], [ -105.688067287868904, 39.960289510091179 ], [ -105.686932712131053, 39.967413330078159 ], [ -105.691197882758217, 39.972916666666698 ], [ -105.688067287868904, 39.976956176757845 ], [ -105.686932712131053, 39.985543823242224 ], [ -105.683900621202227, 39.989456176757848 ], [ -105.68276604546439, 39.992413330078158 ], [ -105.686932712131053, 39.997789510091181 ], [ -105.6875, 40.0 ], [ -105.6875, 40.008333333333368 ], [ -105.6875, 40.0125 ], [ -105.676742214626714, 40.012853325737865 ], [ -105.673257785373238, 40.016313340928839 ], [ -105.660075547960048, 40.017019992404535 ], [ -105.656591118706572, 40.020480007595502 ], [ -105.65, 40.02083333333335 ], [ -105.65, 40.025 ], [ -105.645833333333314, 40.025 ], [ -105.645480007595467, 40.027424452039952 ], [ -105.637853325737822, 40.035075547960091 ], [ -105.6375, 40.054166666666688 ], [ -105.644868808322457, 40.054774983723981 ], [ -105.646362813313772, 40.059273952908008 ], [ -105.642196146647109, 40.064418538411481 ], [ -105.64113718668618, 40.068914794921895 ], [ -105.633862813313783, 40.076918538411476 ], [ -105.63280385335284, 40.114748128255229 ], [ -105.629696146647106, 40.118585205078148 ], [ -105.628637186686177, 40.123081461588562 ], [ -105.625395880805101, 40.127083333333353 ], [ -105.628637186686177, 40.131085205078143 ], [ -105.629696146647106, 40.139748128255228 ], [ -105.634385342068114, 40.145197889539951 ], [ -105.643914964463946, 40.146362982855919 ], [ -105.647751702202669, 40.149470350477451 ], [ -105.656414964463949, 40.150529649522589 ], [ -105.665910000271239, 40.159287516276059 ], [ -105.667196146647115, 40.164748128255226 ], [ -105.670303853352834, 40.168585205078145 ], [ -105.670833333333306, 40.170833333333356 ], [ -105.670833333333306, 40.175 ], [ -105.674392530653193, 40.175913492838561 ], [ -105.675, 40.191666666666684 ], [ -105.678272332085484, 40.192437405056445 ], [ -105.679696146647117, 40.196916368272589 ], [ -105.671362813313777, 40.206085205078146 ], [ -105.670303853352834, 40.214748128255231 ], [ -105.667196146647115, 40.218585205078142 ], [ -105.666137186686171, 40.221773952908009 ], [ -105.670303853352834, 40.226918538411482 ], [ -105.670833333333306, 40.2375 ], [ -105.663399590386263, 40.238161214192729 ], [ -105.661649068196596, 40.244982571072072 ], [ -105.656122843424455, 40.246400621202277 ], [ -105.652210489908825, 40.249432712131096 ], [ -105.65, 40.25 ], [ -105.650567287868896, 40.256377156575539 ], [ -105.65932718912758, 40.266034952799501 ], [ -105.67721048990883, 40.267233954535612 ], [ -105.682365587022545, 40.271229383680577 ], [ -105.683900621202227, 40.277210489908875 ], [ -105.686932712131053, 40.281122843424498 ], [ -105.688067287868904, 40.289710489908877 ], [ -105.691099378797716, 40.293622843424501 ], [ -105.692233954535567, 40.302210489908873 ], [ -105.703599378797719, 40.314456176757837 ], [ -105.70473395453557, 40.318877156575539 ], [ -105.70872921413843, 40.324032253689261 ], [ -105.714710489908825, 40.325567287868942 ], [ -105.718622843424455, 40.328599378797762 ], [ -105.728279283311608, 40.329875013563388 ], [ -105.729733954535561, 40.335543823242212 ], [ -105.732766045464388, 40.339456176757835 ], [ -105.73418426513669, 40.344982571072073 ], [ -105.73971048990883, 40.346400621202278 ], [ -105.743622843424461, 40.349432712131097 ], [ -105.752210489908833, 40.350567287868948 ], [ -105.75612284342445, 40.353599378797767 ], [ -105.76164906819659, 40.355017428927972 ], [ -105.7625, 40.358333333333356 ], [ -105.762853325737822, 40.360757785373288 ], [ -105.776715257432699, 40.374645317925371 ], [ -105.783333333333303, 40.375 ], [ -105.783900621202235, 40.377210489908876 ], [ -105.791099378797725, 40.38528951009117 ], [ -105.792233954535561, 40.402210489908875 ], [ -105.795266045464388, 40.406122843424498 ], [ -105.79668426513669, 40.411649237738736 ], [ -105.8, 40.4125 ], [ -105.802424452039901, 40.412853325737871 ], [ -105.80797848171656, 40.418379720052108 ], [ -105.808333333333309, 40.425 ], [ -105.808686659071157, 40.427424452039951 ], [ -105.812146674262124, 40.430908881293426 ], [ -105.812853325737819, 40.43921576605905 ], [ -105.804519992404494, 40.447575547960092 ], [ -105.804166666666646, 40.458333333333357 ], [ -105.804827880859349, 40.465767076280407 ], [ -105.81054382324217, 40.467233954535615 ], [ -105.81862284342445, 40.474432712131097 ], [ -105.827210489908836, 40.475567287868948 ], [ -105.835289510091116, 40.48276604546443 ], [ -105.848043823242165, 40.483900621202281 ], [ -105.851956176757795, 40.4869327121311 ], [ -105.854166666666643, 40.4875 ], [ -105.855325486924883, 40.483447265625024 ], [ -105.860339864095025, 40.479784138997417 ], [ -105.890663994683138, 40.478506808810785 ], [ -105.892284308539473, 40.472839694552974 ], [ -105.895215691460479, 40.468826972113739 ], [ -105.896450975206136, 40.464506361219641 ], [ -105.900617641872813, 40.458802625868081 ], [ -105.899382358127141, 40.452006361219638 ], [ -105.896394856770812, 40.447916666666686 ], [ -105.900617641872813, 40.442135959201408 ], [ -105.899382358127141, 40.43117302788631 ], [ -105.895215691460479, 40.425469292534743 ], [ -105.896450975206136, 40.414506361219637 ], [ -105.899382358127141, 40.410493638780402 ], [ -105.9008095635308, 40.400688001844642 ], [ -105.9125, 40.4 ], [ -105.920833333333306, 40.4 ], [ -105.921191067165779, 40.397545030381963 ], [ -105.930908881293377, 40.387853325737872 ], [ -105.939924452039904, 40.387146674262176 ], [ -105.943408881293379, 40.383686659071202 ], [ -105.945833333333297, 40.383333333333354 ], [ -105.945480007595464, 40.380908881293422 ], [ -105.937853325737819, 40.373257785373283 ], [ -105.9375, 40.366666666666688 ], [ -105.944091118706581, 40.366313340928841 ], [ -105.953808932834178, 40.356621636284743 ], [ -105.954519992404485, 40.351742214626761 ], [ -105.957980007595467, 40.348257785373285 ], [ -105.9583333333333, 40.345833333333353 ], [ -105.960543823242148, 40.346400621202278 ], [ -105.972789510091104, 40.35776604546443 ], [ -105.977210489908813, 40.358900621202281 ], [ -105.981122843424444, 40.3619327121311 ], [ -105.985543823242153, 40.363067287868944 ], [ -105.98945617675777, 40.366099378797763 ], [ -106.000746663411419, 40.367233954535614 ], [ -106.006258816189202, 40.362961832682316 ], [ -106.014456176757776, 40.370266045464433 ], [ -106.034270562065927, 40.371400621202277 ], [ -106.043622843424444, 40.363067287868944 ], [ -106.048043823242153, 40.3619327121311 ], [ -106.05195617675777, 40.358900621202281 ], [ -106.064710489908819, 40.35776604546443 ], [ -106.068622843424436, 40.354733954535611 ], [ -106.073043823242145, 40.353599378797767 ], [ -106.076956176757776, 40.350567287868948 ], [ -106.092413330078088, 40.349432712131097 ], [ -106.097789510091104, 40.353599378797767 ], [ -106.100746663411428, 40.354733954535611 ], [ -106.106122843424444, 40.350567287868948 ], [ -106.110543823242153, 40.349432712131097 ], [ -106.11445617675777, 40.346400621202278 ], [ -106.118877156575479, 40.345266045464435 ], [ -106.126956176757773, 40.338067287868945 ], [ -106.132672119140594, 40.336600409613737 ], [ -106.133333333333297, 40.329166666666687 ], [ -106.143877156575485, 40.329733954535612 ], [ -106.147789510091116, 40.332766045464432 ], [ -106.153315904405346, 40.334184095594637 ], [ -106.154166666666626, 40.3375 ], [ -106.15501742892792, 40.340815904405403 ], [ -106.160543823242151, 40.342233954535615 ], [ -106.164456176757781, 40.345266045464435 ], [ -106.175, 40.345833333333353 ], [ -106.175567287868887, 40.343622843424498 ], [ -106.182766045464376, 40.335543823242212 ], [ -106.184247843424444, 40.329769219292558 ], [ -106.218877156575488, 40.328599378797762 ], [ -106.222789510091104, 40.325567287868942 ], [ -106.233333333333292, 40.325 ], [ -106.23368665907114, 40.327424452039949 ], [ -106.253813340928787, 40.347575547960091 ], [ -106.254519992404482, 40.352424452039955 ], [ -106.260042995876702, 40.357975260416687 ], [ -106.2625, 40.358333333333356 ], [ -106.273257785373232, 40.357980007595508 ], [ -106.277083333333294, 40.35418124728735 ], [ -106.280908881293371, 40.357980007595508 ], [ -106.283333333333303, 40.358333333333356 ], [ -106.293914794921847, 40.357803683810786 ], [ -106.299343193901876, 40.353133138020851 ], [ -106.300529649522531, 40.344892713758703 ], [ -106.295351155598922, 40.338499281141516 ], [ -106.296719699435727, 40.334105767144116 ], [ -106.302248128255172, 40.332803683810788 ], [ -106.307334052191806, 40.328684488932311 ], [ -106.311727566189205, 40.330053032769122 ], [ -106.3125, 40.333333333333357 ], [ -106.318877156575482, 40.333900621202275 ], [ -106.322789510091113, 40.336932712131102 ], [ -106.331377156575485, 40.338067287868945 ], [ -106.335289510091116, 40.341099378797765 ], [ -106.340815904405346, 40.342517428927977 ], [ -106.34251742892792, 40.349149237738736 ], [ -106.348043823242151, 40.350567287868948 ], [ -106.356122843424444, 40.35776604546443 ], [ -106.371770562065933, 40.358900621202281 ], [ -106.38112284342445, 40.350567287868948 ], [ -106.386649237738681, 40.349149237738736 ], [ -106.3875, 40.345833333333353 ], [ -106.3958333333333, 40.345833333333353 ], [ -106.406591118706558, 40.346186659071201 ], [ -106.410075547960034, 40.349646674262175 ], [ -106.414924452039898, 40.350353325737871 ], [ -106.418408881293374, 40.353813340928838 ], [ -106.439213053385387, 40.354519992404533 ], [ -106.443408881293365, 40.350353325737871 ], [ -106.445833333333297, 40.35 ], [ -106.447993638780346, 40.350617472330754 ], [ -106.453008015950488, 40.354280598958354 ], [ -106.454784138997354, 40.360493638780405 ], [ -106.461882527669232, 40.36867302788631 ], [ -106.463217163085901, 40.382346937391517 ], [ -106.469906955295102, 40.384259711371548 ], [ -106.471450805664034, 40.389660305447073 ], [ -106.474382527669235, 40.393673027886308 ], [ -106.475617472330697, 40.402160305447069 ], [ -106.48381347656246, 40.411604817708358 ], [ -106.492135959201349, 40.413117472330754 ], [ -106.498841349283822, 40.408219401041691 ], [ -106.500617472330688, 40.402006361219641 ], [ -106.507715861002566, 40.393826972113736 ], [ -106.509545898437466, 40.387425401475717 ], [ -106.514506361219588, 40.391049194335963 ], [ -106.524000379774265, 40.392284138997418 ], [ -106.525617472330694, 40.381173027886305 ], [ -106.528549194335909, 40.37716030544707 ], [ -106.529954020182259, 40.367505900065126 ], [ -106.537969292534683, 40.366049194335957 ], [ -106.543673027886257, 40.370215861002627 ], [ -106.553194851345452, 40.371601698133702 ], [ -106.555164252387115, 40.378489515516513 ], [ -106.577160305447009, 40.379784138997415 ], [ -106.581173027886251, 40.382715861002623 ], [ -106.587969292534694, 40.383950805664085 ], [ -106.593673027886254, 40.379784138997415 ], [ -106.597993638780352, 40.37854919433596 ], [ -106.602083333333297, 40.375561523437526 ], [ -106.606173027886257, 40.37854919433596 ], [ -106.615978664822009, 40.379976060655402 ], [ -106.617284138997363, 40.402160305447069 ], [ -106.620215861002578, 40.406173027886304 ], [ -106.621450805664026, 40.410493638780402 ], [ -106.624382527669241, 40.414506361219637 ], [ -106.625617472330703, 40.418826972113735 ], [ -106.628549194335903, 40.422839694552977 ], [ -106.629979112413167, 40.432665337456619 ], [ -106.6458333333333, 40.433333333333358 ], [ -106.65, 40.433333333333358 ], [ -106.650642903645803, 40.435468207465298 ], [ -106.6535237630208, 40.439531792534744 ], [ -106.654809570312466, 40.447968207465301 ], [ -106.657690429687463, 40.452031792534747 ], [ -106.659072536892324, 40.470058525933183 ], [ -106.666666666666629, 40.470833333333353 ], [ -106.666099378797711, 40.48137715657554 ], [ -106.663067287868884, 40.485289510091171 ], [ -106.661649237738686, 40.490815904405402 ], [ -106.658333333333303, 40.491666666666688 ], [ -106.657980007595455, 40.494091118706621 ], [ -106.654519992404488, 40.497575547960089 ], [ -106.65416666666664, 40.504166666666691 ], [ -106.654519992404488, 40.506591118706623 ], [ -106.670480007595458, 40.522575547960095 ], [ -106.670833333333306, 40.5375 ], [ -106.678267076280349, 40.538161214192733 ], [ -106.679733954535564, 40.543877156575547 ], [ -106.695266045464379, 40.560289510091167 ], [ -106.69640062120223, 40.573043823242209 ], [ -106.699432712131042, 40.576956176757832 ], [ -106.7, 40.59166666666669 ], [ -106.700353325737808, 40.602424452039955 ], [ -106.703813340928789, 40.605908881293423 ], [ -106.704519992404485, 40.610757785373288 ], [ -106.708319430881048, 40.614584011501762 ], [ -106.700353325737808, 40.622575547960096 ], [ -106.699642266167501, 40.627454969618078 ], [ -106.689924452039904, 40.637146674262176 ], [ -106.6875, 40.6375 ], [ -106.6875, 40.65 ], [ -106.6875, 40.65416666666669 ], [ -106.687146674262124, 40.660757785373285 ], [ -106.683686659071142, 40.664242214626761 ], [ -106.683333333333294, 40.675 ], [ -106.683333333333294, 40.679166666666688 ], [ -106.679812282986077, 40.680070326063394 ], [ -106.666099378797711, 40.694845241970512 ], [ -106.667233954535561, 40.702210489908879 ], [ -106.671400621202224, 40.707586669921902 ], [ -106.670229424370632, 40.740752495659748 ], [ -106.666666666666629, 40.741666666666688 ], [ -106.667233954535561, 40.760543823242216 ], [ -106.670364718966979, 40.764583333333356 ], [ -106.666270616319409, 40.769865587022593 ], [ -106.660289510091118, 40.771400621202282 ], [ -106.656377156575488, 40.774432712131102 ], [ -106.647789510091116, 40.775567287868952 ], [ -106.642634412977401, 40.779562717013917 ], [ -106.641099378797705, 40.785543823242215 ], [ -106.63390062120223, 40.793622843424501 ], [ -106.632766045464379, 40.804913330078151 ], [ -106.636932712131042, 40.810289510091174 ], [ -106.638067287868893, 40.814710489908876 ], [ -106.642062717013857, 40.819865587022598 ], [ -106.649149237738683, 40.821684095594641 ], [ -106.65, 40.825 ], [ -106.656591118706558, 40.825353325737872 ], [ -106.660075547960034, 40.828813340928846 ], [ -106.6625, 40.829166666666694 ], [ -106.661932712131048, 40.835543823242212 ], [ -106.658900621202221, 40.839456176757835 ], [ -106.657766045464371, 40.857118394639784 ], [ -106.665815904405349, 40.859184095594642 ], [ -106.666666666666629, 40.8625 ], [ -106.669982571072012, 40.863350762261312 ], [ -106.670833333333306, 40.866666666666696 ], [ -106.677424452039901, 40.867019992404536 ], [ -106.68297763400605, 40.872545369466174 ], [ -106.683686659071142, 40.881591118706623 ], [ -106.687146674262124, 40.885075547960099 ], [ -106.6875, 40.8875 ], [ -106.698257785373229, 40.887146674262176 ], [ -106.710075547960031, 40.875353325737876 ], [ -106.727424452039898, 40.874646674262181 ], [ -106.730908881293374, 40.871186659071206 ], [ -106.739214409722194, 40.870480007595511 ], [ -106.745478312174441, 40.876713053385444 ], [ -106.745833333333294, 40.883333333333361 ], [ -106.746568467881914, 40.890864054362005 ], [ -106.756326972113683, 40.892284138997425 ], [ -106.760339694552925, 40.895215861002633 ], [ -106.769861518012121, 40.896601698133708 ], [ -106.771793619791637, 40.903358968098985 ], [ -106.779635959201357, 40.904784138997421 ], [ -106.785339694552917, 40.900617472330758 ], [ -106.797993638780355, 40.899382527669296 ], [ -106.802006361219583, 40.896450805664088 ], [ -106.804166666666632, 40.895833333333357 ], [ -106.804733954535564, 40.898043823242212 ], [ -106.807766045464376, 40.901956176757835 ], [ -106.808900621202227, 40.906377156575545 ], [ -106.811932712131039, 40.910289510091175 ], [ -106.813350762261251, 40.915815904405406 ], [ -106.819982571072018, 40.917517428927979 ], [ -106.82140062120223, 40.92304382324221 ], [ -106.824432712131042, 40.926956176757841 ], [ -106.825, 40.929166666666696 ], [ -106.835493638780349, 40.928549194335965 ], [ -106.839506361219591, 40.925617472330757 ], [ -106.849000379774282, 40.924382527669295 ], [ -106.850617472330697, 40.935493638780407 ], [ -106.861882527669238, 40.947839694552975 ], [ -106.8631174723307, 40.952160305447073 ], [ -106.870215861002578, 40.960339694552978 ], [ -106.871450805664026, 40.982333713107664 ], [ -106.859062703450491, 40.984136962890652 ], [ -106.857715861002575, 40.998632134331622 ], [ -106.864660305447018, 41.000617472330759 ], [ -106.86867302788626, 41.003549194335967 ], [ -106.872993638780358, 41.004784138997422 ], [ -106.877006361219586, 41.00771586100263 ], [ -106.885493638780346, 41.008950805664092 ], [ -106.893673027886251, 41.016049194335963 ], [ -106.896302625868032, 41.017284138997425 ], [ -106.902006361219591, 41.013117472330755 ], [ -106.925469292534686, 41.0118825276693 ], [ -106.93117302788626, 41.016049194335963 ], [ -106.9375, 41.016666666666694 ], [ -106.937146674262124, 41.027424452039959 ], [ -106.925353325737817, 41.039242214626761 ], [ -106.924646674262121, 41.044091118706625 ], [ -106.921186659071154, 41.047575547960093 ], [ -106.920475260416637, 41.052457004123291 ], [ -106.914924452039898, 41.057980007595511 ], [ -106.910075547960034, 41.058686659071206 ], [ -106.906591118706572, 41.062146674262181 ], [ -106.901742214626708, 41.062853325737876 ], [ -106.889924452039907, 41.074646674262183 ], [ -106.8875, 41.075 ], [ -106.888350762261254, 41.078315904405407 ], [ -106.894982571072021, 41.080017428927981 ], [ -106.896400621202233, 41.085543823242219 ], [ -106.904749552408816, 41.094913736979194 ], [ -106.908333333333303, 41.09583333333336 ], [ -106.910543823242151, 41.095266045464435 ], [ -106.914456176757781, 41.092233954535615 ], [ -106.921579996744754, 41.091099378797772 ], [ -106.926956176757784, 41.095266045464435 ], [ -106.961585489908828, 41.096435885959231 ], [ -106.963067287868896, 41.102210489908884 ], [ -106.966099378797708, 41.106122843424508 ], [ -106.967233954535558, 41.110543823242217 ], [ -106.972329033745623, 41.116653442382841 ], [ -106.976956176757781, 41.113067287868951 ], [ -106.988246663411431, 41.111932712131107 ], [ -106.993622843424447, 41.11609937879777 ], [ -106.995833333333309, 41.116666666666696 ], [ -106.995266045464376, 41.123043823242213 ], [ -106.992233954535564, 41.126956176757844 ], [ -106.991099378797713, 41.135543823242216 ], [ -106.987103949652749, 41.140698920355931 ], [ -106.980017428927923, 41.142517428927981 ], [ -106.979166666666643, 41.145833333333364 ], [ -106.975, 41.145833333333364 ], [ -106.975567287868898, 41.148043823242219 ], [ -106.982766045464373, 41.156122843424505 ], [ -106.983900621202224, 41.164710489908884 ], [ -106.987896050347189, 41.169865587022599 ], [ -106.993877156575493, 41.171400621202288 ], [ -106.99778951009111, 41.174432712131107 ], [ -107.006377156575496, 41.175567287868951 ], [ -107.010289510091113, 41.17859937879777 ], [ -107.014710489908822, 41.179733954535621 ], [ -107.018622843424453, 41.18276604546444 ], [ -107.024149237738683, 41.18418426513675 ], [ -107.025, 41.1875 ], [ -107.044917805989556, 41.188098483615477 ], [ -107.045833333333306, 41.191666666666691 ], [ -107.053267076280349, 41.192327880859402 ], [ -107.054166666666632, 41.195833333333361 ], [ -107.057482571072015, 41.196684265136746 ], [ -107.058333333333309, 41.2 ], [ -107.064924452039904, 41.200353325737879 ], [ -107.068408881293379, 41.203813340928846 ], [ -107.079166666666637, 41.204166666666694 ], [ -107.080017428927917, 41.200850931803416 ], [ -107.0833333333333, 41.2 ], [ -107.09166666666664, 41.2 ], [ -107.092233954535558, 41.202210489908886 ], [ -107.099432712131048, 41.210289510091172 ], [ -107.100567287868898, 41.214710489908882 ], [ -107.109327189127569, 41.224368116590739 ], [ -107.128260972764721, 41.225637647840742 ], [ -107.129166666666634, 41.229166666666693 ], [ -107.126956176757787, 41.229733954535618 ], [ -107.117333984374966, 41.238461642795166 ], [ -107.116099378797713, 41.250746663411491 ], [ -107.120266045464376, 41.256122843424507 ], [ -107.121400621202227, 41.260543823242216 ], [ -107.141099378797719, 41.281122843424505 ], [ -107.142517428927917, 41.286649068196645 ], [ -107.148043823242162, 41.288067287868955 ], [ -107.157413567437032, 41.296416219075553 ], [ -107.158333333333303, 41.3 ], [ -107.155908881293371, 41.300353325737873 ], [ -107.133688015407955, 41.32254909939239 ], [ -107.133333333333297, 41.329166666666694 ], [ -107.148997328016463, 41.329826524522602 ], [ -107.150971815321157, 41.336731804741781 ], [ -107.161705864800325, 41.338294135199682 ], [ -107.163117641872802, 41.347993469238311 ], [ -107.166105143229132, 41.352083333333361 ], [ -107.163058980305962, 41.356253560384147 ], [ -107.167491488986514, 41.361795552571643 ], [ -107.185493469238253, 41.363117641872861 ], [ -107.18950653076169, 41.366049024793867 ], [ -107.193826802571593, 41.367284308539524 ], [ -107.202006530761693, 41.3743823581272 ], [ -107.207656351725234, 41.375997755262617 ], [ -107.2083333333333, 41.3875 ], [ -107.2083333333333, 41.4 ], [ -107.210543823242162, 41.400567287868952 ], [ -107.214583333333309, 41.40369788275828 ], [ -107.218622843424455, 41.400567287868952 ], [ -107.243877156575493, 41.399432712131109 ], [ -107.251956176757787, 41.392233954535619 ], [ -107.256377156575496, 41.391099378797776 ], [ -107.260289510091113, 41.388067287868957 ], [ -107.265815734863253, 41.386649068196647 ], [ -107.267585584852398, 41.379752773708795 ], [ -107.3, 41.379166666666698 ], [ -107.300353325737817, 41.385757785373293 ], [ -107.305876498752141, 41.391308593750033 ], [ -107.308333333333309, 41.391666666666694 ], [ -107.310757785373241, 41.392019992404542 ], [ -107.314242214626702, 41.395480007595516 ], [ -107.331591118706569, 41.396186659071212 ], [ -107.339242214626708, 41.403813340928849 ], [ -107.34166666666664, 41.404166666666697 ], [ -107.34166666666664, 41.4166666666667 ], [ -107.342019992404488, 41.423257785373295 ], [ -107.349646674262132, 41.430908881293433 ], [ -107.35, 41.4375 ], [ -107.345833333333303, 41.4375 ], [ -107.33839959038626, 41.438161214192739 ], [ -107.336649068196593, 41.444982401529977 ], [ -107.331122843424453, 41.446400621202287 ], [ -107.327210489908822, 41.449432712131106 ], [ -107.321684265136696, 41.450850931803416 ], [ -107.319982401529927, 41.45748240152998 ], [ -107.314456176757787, 41.458900621202289 ], [ -107.310543823242156, 41.461932712131109 ], [ -107.308333333333309, 41.4625 ], [ -107.308686659071157, 41.464924452039959 ], [ -107.314209832085481, 41.470475260416698 ], [ -107.319091118706567, 41.471186659071208 ], [ -107.328808932834178, 41.480878194173208 ], [ -107.329166666666637, 41.483333333333363 ], [ -107.328813340928789, 41.494091118706628 ], [ -107.317019992404482, 41.505908881293436 ], [ -107.316666666666634, 41.525 ], [ -107.318877156575496, 41.525567287868952 ], [ -107.322789510091113, 41.528599378797772 ], [ -107.335543823242162, 41.529733954535622 ], [ -107.339456176757778, 41.532766045464442 ], [ -107.344982401529919, 41.534184265136751 ], [ -107.345833333333303, 41.5375 ], [ -107.354166666666643, 41.5375 ], [ -107.377424452039904, 41.537146674262182 ], [ -107.380908881293379, 41.533686659071215 ], [ -107.385757785373244, 41.532980007595519 ], [ -107.389242214626705, 41.529519992404545 ], [ -107.391666666666637, 41.529166666666697 ], [ -107.398043823242162, 41.529733954535622 ], [ -107.401956176757778, 41.532766045464442 ], [ -107.407624816894511, 41.534220716688402 ], [ -107.409041849772109, 41.544945949978327 ], [ -107.414710489908828, 41.546400621202288 ], [ -107.418622843424458, 41.549432712131107 ], [ -107.431377156575493, 41.550567287868958 ], [ -107.435289510091124, 41.553599378797777 ], [ -107.444945949978276, 41.554875183105501 ], [ -107.445833333333312, 41.558333333333366 ], [ -107.448257785373244, 41.557980007595518 ], [ -107.472575547960048, 41.533686659071215 ], [ -107.477424452039898, 41.532980007595519 ], [ -107.480908881293374, 41.529519992404545 ], [ -107.483333333333306, 41.529166666666697 ], [ -107.48971048990883, 41.529733954535622 ], [ -107.497789510091124, 41.536932712131104 ], [ -107.507445949978276, 41.538208516438836 ], [ -107.50890062120223, 41.543877156575554 ], [ -107.511932712131056, 41.547789510091178 ], [ -107.513350931803359, 41.553315734863311 ], [ -107.516666666666637, 41.554166666666696 ], [ -107.51756625705292, 41.550661214192736 ], [ -107.53237355550128, 41.549344041612443 ], [ -107.536932712131048, 41.543877156575554 ], [ -107.538350931803365, 41.538350931803414 ], [ -107.543877156575491, 41.536932712131104 ], [ -107.547789510091121, 41.533900621202285 ], [ -107.55, 41.533333333333367 ], [ -107.550967746310732, 41.529562547471819 ], [ -107.556122843424447, 41.525567287868952 ], [ -107.560543823242156, 41.524432712131109 ], [ -107.565920003255187, 41.520266045464439 ], [ -107.578217400444856, 41.521501837836404 ], [ -107.582766045464382, 41.526956176757842 ], [ -107.584301079644078, 41.532937452528245 ], [ -107.589456176757793, 41.536932712131104 ], [ -107.598043823242165, 41.538067287868955 ], [ -107.602083333333312, 41.541197882758276 ], [ -107.606122843424458, 41.538067287868955 ], [ -107.610543823242168, 41.536932712131104 ], [ -107.614456176757784, 41.533900621202285 ], [ -107.618877156575493, 41.532766045464442 ], [ -107.628003438313783, 41.524634128146729 ], [ -107.629733954535567, 41.531377156575552 ], [ -107.632766045464379, 41.535289510091175 ], [ -107.63454827202689, 41.542233954535618 ], [ -107.639710489908822, 41.541099378797774 ], [ -107.647789510091116, 41.533900621202285 ], [ -107.652210489908825, 41.532766045464442 ], [ -107.657586669921855, 41.528599378797772 ], [ -107.665786912706139, 41.529905361599425 ], [ -107.667586432562914, 41.536917114257847 ], [ -107.676956176757784, 41.545266045464444 ], [ -107.689710489908833, 41.546400621202288 ], [ -107.69362284342445, 41.549432712131107 ], [ -107.710543823242162, 41.550567287868958 ], [ -107.714456176757793, 41.553599378797777 ], [ -107.720833333333303, 41.554166666666696 ], [ -107.721684265136702, 41.557482401529981 ], [ -107.725, 41.558333333333366 ], [ -107.725, 41.5625 ], [ -107.741666666666646, 41.5625 ], [ -107.747968377007354, 41.5618572658963 ], [ -107.752031622992604, 41.558976067437101 ], [ -107.760468377007356, 41.55769059922963 ], [ -107.76869828965927, 41.550642734103761 ], [ -107.777135043674022, 41.549357265896298 ], [ -107.781198289659258, 41.546476067437098 ], [ -107.785468377007362, 41.545190599229635 ], [ -107.789531622992598, 41.542309400770428 ], [ -107.807295227050759, 41.540947638617652 ], [ -107.808976067437044, 41.535364956325985 ], [ -107.816816541883654, 41.526209343804283 ], [ -107.822968377007356, 41.524357265896299 ], [ -107.827031622992592, 41.521476067437099 ], [ -107.831301710340682, 41.520190599229629 ], [ -107.835364956325932, 41.517309400770429 ], [ -107.843801710340685, 41.516023932562966 ], [ -107.847864956325935, 41.513142734103766 ], [ -107.852135043674025, 41.511857265896296 ], [ -107.856198289659261, 41.508976067437096 ], [ -107.858655124240428, 41.507690599229633 ], [ -107.864531622992601, 41.511857265896296 ], [ -107.878116353352837, 41.513142734103766 ], [ -107.87980940077037, 41.502031622992654 ], [ -107.882690599229576, 41.49796837700741 ], [ -107.884104749891463, 41.484104749891522 ], [ -107.891666666666637, 41.483333333333363 ], [ -107.894091118706569, 41.483686659071211 ], [ -107.901742214626708, 41.491313340928848 ], [ -107.906591118706572, 41.492019992404543 ], [ -107.914242214626711, 41.499646674262181 ], [ -107.919091118706575, 41.500353325737876 ], [ -107.922575547960051, 41.503813340928851 ], [ -107.929166666666646, 41.504166666666698 ], [ -107.929733954535564, 41.506377156575553 ], [ -107.93276604546439, 41.510289510091177 ], [ -107.933900621202241, 41.514710489908886 ], [ -107.941099378797716, 41.522789510091179 ], [ -107.942233954535567, 41.527210489908882 ], [ -107.945266045464393, 41.531122843424512 ], [ -107.94640062120223, 41.535543823242222 ], [ -107.953599378797719, 41.543622843424508 ], [ -107.95473395453557, 41.552210489908887 ], [ -107.957766045464382, 41.556122843424511 ], [ -107.958994547526018, 41.569933742947079 ], [ -107.964710489908839, 41.571400621202287 ], [ -107.97408023410371, 41.579749552408884 ], [ -107.975567287868898, 41.585543823242219 ], [ -107.983916219075496, 41.594913567437096 ], [ -107.98971048990883, 41.596400621202292 ], [ -108.003263176812041, 41.608979119194913 ], [ -108.004166666666649, 41.6125 ], [ -108.011697387695293, 41.613235134548646 ], [ -108.01326819525822, 41.624028354220954 ], [ -108.018826802571596, 41.625617641872864 ], [ -108.022839864095033, 41.62854902479387 ], [ -108.041666666666643, 41.629166666666698 ], [ -108.042233954535547, 41.631377156575553 ], [ -108.041666668244645, 41.629166666718469 ], [ -108.056591118706578, 41.629519992404546 ], [ -108.060075547960054, 41.632980007595521 ], [ -108.077424452039907, 41.633686659071209 ], [ -108.080908881293382, 41.637146674262183 ], [ -108.085757785373247, 41.637853325737879 ], [ -108.089242214626708, 41.641313340928853 ], [ -108.093379550509965, 41.642019992404549 ], [ -108.097575547960048, 41.637853325737879 ], [ -108.108333333333306, 41.6375 ], [ -108.109104749891472, 41.629938083224857 ], [ -108.125642734103707, 41.628251139322948 ], [ -108.124357265896251, 41.618698289659321 ], [ -108.121476067437044, 41.614635043674078 ], [ -108.120833333333309, 41.608333333333363 ], [ -108.121186659071157, 41.593408881293435 ], [ -108.128813340928801, 41.585757785373296 ], [ -108.129166666666649, 41.583333333333364 ], [ -108.156591118706572, 41.582980007595516 ], [ -108.160075547960048, 41.579519992404542 ], [ -108.177424452039915, 41.578813340928853 ], [ -108.180908881293377, 41.575353325737879 ], [ -108.198257785373244, 41.574646674262183 ], [ -108.201742214626719, 41.571186659071209 ], [ -108.214924452039909, 41.570480007595521 ], [ -108.218408881293385, 41.567019992404546 ], [ -108.231591118706575, 41.566313340928851 ], [ -108.235075547960051, 41.562853325737876 ], [ -108.256591118706581, 41.562146674262181 ], [ -108.260075547960056, 41.558686659071213 ], [ -108.266666666666652, 41.558333333333366 ], [ -108.275, 41.558333333333366 ], [ -108.285757785373221, 41.557980007595518 ], [ -108.289242214626697, 41.554519992404543 ], [ -108.291666666666629, 41.554166666666696 ], [ -108.292554050021664, 41.55762481689456 ], [ -108.302210489908816, 41.558900621202291 ], [ -108.31862284342445, 41.574432712131106 ], [ -108.320833333333297, 41.575 ], [ -108.321186659071145, 41.577424452039963 ], [ -108.324646674262112, 41.580908881293432 ], [ -108.325, 41.583333333333364 ], [ -108.335757785373232, 41.582980007595516 ], [ -108.339242214626694, 41.579519992404542 ], [ -108.341666666666626, 41.579166666666701 ], [ -108.344982571072009, 41.580017598470086 ], [ -108.345833333333303, 41.583333333333364 ], [ -108.34547831217445, 41.589953782823379 ], [ -108.339924452039895, 41.595480007595519 ], [ -108.3333333333333, 41.595833333333367 ], [ -108.332482571072006, 41.599149068196645 ], [ -108.329166666666637, 41.6 ], [ -108.325, 41.6 ], [ -108.325567287868893, 41.610543823242217 ], [ -108.328599378797705, 41.614456176757841 ], [ -108.329733954535556, 41.627210489908883 ], [ -108.332766045464368, 41.631122843424514 ], [ -108.33418409559458, 41.636649068196647 ], [ -108.339710489908825, 41.638067287868957 ], [ -108.347789510091104, 41.645266045464439 ], [ -108.352210489908813, 41.646400621202289 ], [ -108.357596503363681, 41.650892469618086 ], [ -108.358900621202224, 41.659079996744822 ], [ -108.35390218098955, 41.665529547797341 ], [ -108.358333333333292, 41.6666666666667 ], [ -108.373257785373227, 41.666313340928852 ], [ -108.385075547960028, 41.654519992404545 ], [ -108.389213053385376, 41.653813340928849 ], [ -108.393408881293368, 41.657980007595519 ], [ -108.401713053385379, 41.658686659071215 ], [ -108.405908881293371, 41.654519992404545 ], [ -108.414213053385382, 41.653813340928849 ], [ -108.418408881293374, 41.657980007595519 ], [ -108.426713053385384, 41.658686659071215 ], [ -108.430908881293362, 41.654519992404545 ], [ -108.439213053385387, 41.653813340928849 ], [ -108.443408881293365, 41.657980007595519 ], [ -108.452424452039892, 41.658686659071215 ], [ -108.455908881293368, 41.662146674262182 ], [ -108.464924452039895, 41.662853325737878 ], [ -108.472575547960034, 41.670480007595515 ], [ -108.494091118706564, 41.671186659071211 ], [ -108.497575547960039, 41.674646674262185 ], [ -108.510757785373229, 41.675353325737881 ], [ -108.514242214626705, 41.678813340928855 ], [ -108.518382432725659, 41.679519992404543 ], [ -108.526742214626708, 41.671186659071211 ], [ -108.556591118706564, 41.670480007595515 ], [ -108.560075547960039, 41.667019992404548 ], [ -108.564924452039904, 41.666313340928852 ], [ -108.568408881293365, 41.662853325737878 ], [ -108.575, 41.6625 ], [ -108.577424452039892, 41.662853325737878 ], [ -108.580908881293368, 41.666313340928852 ], [ -108.604166666666629, 41.6666666666667 ], [ -108.603637017144067, 41.668914964464008 ], [ -108.594879150390597, 41.678410000271299 ], [ -108.588412136501702, 41.679933166503936 ], [ -108.586970350477401, 41.68427412245012 ], [ -108.591137017144064, 41.68941836886939 ], [ -108.592196316189202, 41.692607455783453 ], [ -108.588029649522539, 41.697751702202723 ], [ -108.586970350477401, 41.705249701605936 ], [ -108.595445081922705, 41.714573838975724 ], [ -108.592196316189202, 41.718585035536059 ], [ -108.591137017144064, 41.723081631130675 ], [ -108.583862982855862, 41.731085035536054 ], [ -108.582803683810724, 41.735581631130678 ], [ -108.579696316189199, 41.739418368869387 ], [ -108.578637017144061, 41.74260745578345 ], [ -108.582803683810724, 41.74775170220272 ], [ -108.583862982855862, 41.76474829779734 ], [ -108.591137017144064, 41.772751702202726 ], [ -108.59166666666664, 41.775 ], [ -108.602210489908828, 41.775567287868959 ], [ -108.606122843424444, 41.778599378797779 ], [ -108.619933742947012, 41.779827880859408 ], [ -108.620833333333294, 41.783333333333367 ], [ -108.65, 41.783333333333367 ], [ -108.652424452039895, 41.783686659071215 ], [ -108.660075547960034, 41.791313340928852 ], [ -108.677424452039901, 41.792019992404548 ], [ -108.691308932834175, 41.805878872341616 ], [ -108.691666666666634, 41.808333333333366 ], [ -108.694091118706567, 41.808686659071213 ], [ -108.697575547960042, 41.812146674262188 ], [ -108.7083333333333, 41.8125 ], [ -108.719091118706558, 41.812146674262188 ], [ -108.722575547960034, 41.808686659071213 ], [ -108.726713053385382, 41.807980007595518 ], [ -108.730908881293374, 41.812146674262188 ], [ -108.744091118706564, 41.812853325737883 ], [ -108.760075547960042, 41.828813340928853 ], [ -108.769091118706569, 41.829519992404549 ], [ -108.772575547960031, 41.832980007595523 ], [ -108.781591118706572, 41.833686659071212 ], [ -108.785075547960034, 41.837146674262186 ], [ -108.794091118706561, 41.837853325737882 ], [ -108.797575547960037, 41.841313340928856 ], [ -108.806591118706564, 41.842019992404545 ], [ -108.81041666666664, 41.845818752712709 ], [ -108.814242214626702, 41.842019992404545 ], [ -108.827424452039892, 41.841313340928856 ], [ -108.830908881293368, 41.837853325737882 ], [ -108.864924452039901, 41.837146674262186 ], [ -108.86875, 41.833347913954029 ], [ -108.872575547960039, 41.837146674262186 ], [ -108.876713053385387, 41.837853325737882 ], [ -108.880908881293365, 41.833686659071212 ], [ -108.883333333333297, 41.833333333333364 ], [ -108.885757785373229, 41.832980007595523 ], [ -108.889242214626705, 41.829519992404549 ], [ -108.898257785373232, 41.828813340928853 ], [ -108.901742214626708, 41.825353325737879 ], [ -108.939924452039904, 41.824646674262183 ], [ -108.943408881293379, 41.821186659071216 ], [ -108.948257785373229, 41.820480007595521 ], [ -108.951742214626705, 41.817019992404546 ], [ -108.960757785373232, 41.816313340928851 ], [ -108.970478651258645, 41.806618754069042 ], [ -108.970833333333303, 41.8 ], [ -108.995833333333309, 41.8 ], [ -108.996400621202227, 41.806377156575557 ], [ -108.999432712131039, 41.810289510091181 ], [ -109.000850762261251, 41.815815734863314 ], [ -109.006377156575496, 41.817233954535624 ], [ -109.015747070312472, 41.825582885742222 ], [ -109.017517428927917, 41.83248240152998 ], [ -109.0208333333333, 41.833333333333364 ], [ -109.020266045464382, 41.835543823242219 ], [ -109.017233954535556, 41.839456176757849 ], [ -109.016099378797719, 41.843877156575552 ], [ -109.00890062120223, 41.851956176757845 ], [ -109.007766045464379, 41.854913330078162 ], [ -109.011932712131042, 41.860289510091178 ], [ -109.013161214192678, 41.874100409613746 ], [ -109.018877156575485, 41.875567287868961 ], [ -109.022789510091116, 41.87859937879778 ], [ -109.028315904405346, 41.880017598470083 ], [ -109.030054050021675, 41.886791483561232 ], [ -109.039710489908828, 41.888067287868957 ], [ -109.043622843424444, 41.891099378797776 ], [ -109.048043823242153, 41.892233954535627 ], [ -109.051956176757784, 41.895266045464446 ], [ -109.060543823242156, 41.896400621202289 ], [ -109.065698920355871, 41.900395880805156 ], [ -109.066666666666634, 41.904166666666697 ], [ -109.066099378797716, 41.906377156575552 ], [ -109.058900621202227, 41.914456176757845 ], [ -109.057482571072015, 41.919982401529985 ], [ -109.054166666666632, 41.92083333333337 ], [ -109.051709662543374, 41.920475260416701 ], [ -109.046186659071154, 41.914924452039962 ], [ -109.045833333333306, 41.9125 ], [ -109.0375, 41.9125 ], [ -109.036584472656216, 41.916068183051252 ], [ -109.016666666666637, 41.9166666666667 ], [ -109.015779283311602, 41.920124816894564 ], [ -109.005221218532952, 41.921519809299078 ], [ -109.003599378797716, 41.925746663411495 ], [ -109.007766045464379, 41.931122843424511 ], [ -109.00890062120223, 41.934321424696215 ], [ -108.996400621202227, 41.947789510091184 ], [ -108.995266045464376, 41.952210489908886 ], [ -108.992233954535564, 41.956122843424517 ], [ -108.991666666666632, 41.966666666666704 ], [ -108.989242214626699, 41.967019992404545 ], [ -108.985757785373238, 41.970480007595519 ], [ -108.980908881293374, 41.971186659071215 ], [ -108.977424452039898, 41.974646674262189 ], [ -108.975, 41.975 ], [ -108.972575547960034, 41.974646674262189 ], [ -108.969091118706572, 41.971186659071215 ], [ -108.9625, 41.970833333333367 ], [ -108.961727566189211, 41.967553032769132 ], [ -108.957181464301186, 41.966137186686232 ], [ -108.942340766059004, 41.980470784505243 ], [ -108.940908135308135, 41.98655378553606 ], [ -108.935581461588512, 41.991137186686231 ], [ -108.931085205078091, 41.992196146647167 ], [ -108.927248128255172, 41.995303853352901 ], [ -108.922751871744765, 41.996362813313837 ], [ -108.918914794921847, 41.999470520019564 ], [ -108.916666666666629, 42.0 ], [ -108.916099378797711, 42.002210489908876 ], [ -108.908900621202221, 42.010289510091162 ], [ -108.907766045464385, 42.014710489908872 ], [ -108.904733954535558, 42.018622843424495 ], [ -108.903599378797708, 42.031377156575537 ], [ -108.896400621202233, 42.039456176757831 ], [ -108.895266045464382, 42.046770562065994 ], [ -108.904532538519931, 42.057170274522591 ], [ -108.896541680230001, 42.059220716688387 ], [ -108.895266045464382, 42.068877156575539 ], [ -108.886917114257784, 42.078247070312521 ], [ -108.88112284342445, 42.079733954535612 ], [ -108.877210489908819, 42.082766045464432 ], [ -108.868622843424447, 42.083900621202275 ], [ -108.850895521375833, 42.100677151150194 ], [ -108.85, 42.104166666666686 ], [ -108.849382527669235, 42.110493638780405 ], [ -108.842284138997371, 42.118673027886302 ], [ -108.841049194335909, 42.129635959201408 ], [ -108.845215861002572, 42.135339694552968 ], [ -108.846627468532958, 42.145039198133702 ], [ -108.856326972113678, 42.146450805664081 ], [ -108.86033969455292, 42.149382527669289 ], [ -108.8625, 42.15 ], [ -108.862853325737817, 42.160757785373285 ], [ -108.866313340928784, 42.164242214626753 ], [ -108.866666666666632, 42.166666666666686 ], [ -108.867233954535564, 42.16887715657554 ], [ -108.871400621202227, 42.174253336588563 ], [ -108.870266045464376, 42.185543823242206 ], [ -108.863067287868887, 42.1936228434245 ], [ -108.861649237738689, 42.199149237738737 ], [ -108.858333333333306, 42.2 ], [ -108.858686659071154, 42.210757785373282 ], [ -108.868378363715252, 42.220475599500887 ], [ -108.870833333333309, 42.220833333333353 ], [ -108.875, 42.220833333333353 ], [ -108.874646335177914, 42.239950561523457 ], [ -108.860757785373238, 42.253813340928843 ], [ -108.854166666666629, 42.254166666666691 ], [ -108.853813340928795, 42.256591118706616 ], [ -108.850353325737814, 42.260075547960092 ], [ -108.85, 42.2625 ], [ -108.850353325737814, 42.264924452039949 ], [ -108.857980007595458, 42.272575547960088 ], [ -108.858333333333306, 42.27916666666669 ], [ -108.861838785807265, 42.280066257052972 ], [ -108.863067287868887, 42.29387715657554 ], [ -108.866099378797713, 42.297789510091164 ], [ -108.867517428927925, 42.303315904405402 ], [ -108.870833333333309, 42.304166666666688 ], [ -108.870480007595461, 42.310757785373283 ], [ -108.867019992404479, 42.314242214626759 ], [ -108.866666666666632, 42.3375 ], [ -108.872993638780358, 42.338117472330751 ], [ -108.877006361219586, 42.341049194335959 ], [ -108.88240695529511, 42.342593044704884 ], [ -108.883950805664028, 42.347993638780402 ], [ -108.887830946180529, 42.353305053710962 ], [ -108.899205864800322, 42.354960801866341 ], [ -108.900617472330694, 42.364660305447067 ], [ -108.904497612847194, 42.369971720377627 ], [ -108.915694851345449, 42.371601698133702 ], [ -108.917638481987822, 42.378398301866341 ], [ -108.927160305447018, 42.379784138997415 ], [ -108.93117302788626, 42.382715861002623 ], [ -108.935493638780358, 42.383950805664085 ], [ -108.943673027886248, 42.391049194335963 ], [ -108.947993638780346, 42.392284138997418 ], [ -108.952006361219588, 42.395215861002626 ], [ -108.9583333333333, 42.395833333333357 ], [ -108.95906846788192, 42.403364054362001 ], [ -108.968826972113689, 42.404784138997421 ], [ -108.977006361219594, 42.411882527669292 ], [ -108.99086405436195, 42.413235134548636 ], [ -108.992435031466982, 42.424028184678839 ], [ -108.99907362196177, 42.42592637803822 ], [ -109.0, 42.429166666666688 ], [ -109.004166666666634, 42.429166666666688 ], [ -109.006326972113683, 42.428549194335957 ], [ -109.010339694552925, 42.42561747233075 ], [ -109.014660305447023, 42.424382527669295 ], [ -109.019884914822015, 42.420565795898462 ], [ -109.021627468532955, 42.432539198133703 ], [ -109.031326972113689, 42.433950805664082 ], [ -109.035339694552917, 42.43688252766929 ], [ -109.053359646267324, 42.43820563422311 ], [ -109.054969278971328, 42.449264865451411 ], [ -109.068826972113683, 42.450617472330748 ], [ -109.072839694552925, 42.453549194335963 ], [ -109.081326972113686, 42.454784138997418 ], [ -109.085339694552928, 42.457715861002626 ], [ -109.106965467664907, 42.458950805664088 ], [ -109.108333333333306, 42.454166666666687 ], [ -109.110543823242153, 42.454733954535612 ], [ -109.114456176757784, 42.457766045464432 ], [ -109.124112616644936, 42.459041680230058 ], [ -109.12556728786889, 42.464710489908875 ], [ -109.128599378797716, 42.468622843424498 ], [ -109.130017428927928, 42.474149237738736 ], [ -109.135543823242159, 42.475567287868948 ], [ -109.13945617675779, 42.478599378797767 ], [ -109.143877156575485, 42.479733954535611 ], [ -109.147789510091116, 42.48276604546443 ], [ -109.156377156575488, 42.483900621202281 ], [ -109.160289510091118, 42.4869327121311 ], [ -109.164710489908828, 42.488067287868944 ], [ -109.168622843424444, 42.491099378797763 ], [ -109.1875, 42.491666666666688 ], [ -109.187853325737819, 42.502424452039953 ], [ -109.197547912597628, 42.512145317925373 ], [ -109.204166666666637, 42.5125 ], [ -109.203813340928789, 42.514924452039956 ], [ -109.200353325737822, 42.518408881293425 ], [ -109.199646674262127, 42.527424452039952 ], [ -109.196186659071145, 42.530908881293428 ], [ -109.195480007595464, 42.535757785373285 ], [ -109.187853325737819, 42.543408881293423 ], [ -109.187142266167513, 42.548288302951413 ], [ -109.177424452039901, 42.557980007595511 ], [ -109.172575547960037, 42.558686659071206 ], [ -109.160757785373235, 42.570480007595506 ], [ -109.155908881293371, 42.571186659071202 ], [ -109.152424452039895, 42.574646674262176 ], [ -109.147545708550325, 42.57535773383249 ], [ -109.133686659071145, 42.589242214626758 ], [ -109.132980007595464, 42.598257785373285 ], [ -109.129519992404482, 42.601742214626761 ], [ -109.128810967339376, 42.61078796386721 ], [ -109.123257785373241, 42.616313340928841 ], [ -109.1125, 42.616666666666688 ], [ -109.112146674262121, 42.619091118706621 ], [ -109.106623670789901, 42.62464192708336 ], [ -109.101742214626711, 42.625353325737869 ], [ -109.096191406249972, 42.630876329210096 ], [ -109.095480007595455, 42.635757785373286 ], [ -109.092019992404488, 42.639242214626762 ], [ -109.09166666666664, 42.641666666666694 ], [ -109.094091118706572, 42.642019992404535 ], [ -109.101742214626711, 42.649646674262179 ], [ -109.106591118706575, 42.650353325737868 ], [ -109.112145657009521, 42.655880059136308 ], [ -109.112853325737817, 42.673257785373288 ], [ -109.129153103298577, 42.689582316080752 ], [ -109.125353325737819, 42.693408881293429 ], [ -109.125, 42.708333333333357 ], [ -109.129166666666634, 42.708333333333357 ], [ -109.129166666666634, 42.72083333333336 ], [ -109.131301540798589, 42.721476236979193 ], [ -109.140867784288162, 42.729668172200547 ], [ -109.142441474066814, 42.74509412977433 ], [ -109.160468377007348, 42.746476236979191 ], [ -109.164531622992598, 42.749357096354188 ], [ -109.177135043674014, 42.750642903645861 ], [ -109.193698289659267, 42.766023763020861 ], [ -109.215218607584603, 42.767309570312527 ], [ -109.217546081542935, 42.759579128689261 ], [ -109.221155124240425, 42.757690429687528 ], [ -109.227031622992598, 42.761857096354191 ], [ -109.229166666666643, 42.7625 ], [ -109.232482401529921, 42.763350762261311 ], [ -109.233333333333306, 42.766666666666694 ], [ -109.233900621202224, 42.768877156575549 ], [ -109.237031216091552, 42.772916666666688 ], [ -109.233900621202224, 42.776956176757835 ], [ -109.232766045464388, 42.781377156575545 ], [ -109.224070739746068, 42.79096374511721 ], [ -109.213387383355013, 42.792375013563394 ], [ -109.2125, 42.795833333333356 ], [ -109.213067287868896, 42.79804382324221 ], [ -109.216099378797708, 42.801956176757841 ], [ -109.217803785535992, 42.808597819010444 ], [ -109.222789510091118, 42.804733954535614 ], [ -109.242413330078094, 42.80359937879777 ], [ -109.247789510091124, 42.807766045464433 ], [ -109.252210489908833, 42.808900621202284 ], [ -109.274109395345022, 42.829862806532141 ], [ -109.275567287868896, 42.835543823242212 ], [ -109.280126444498677, 42.841010877821205 ], [ -109.294933742947023, 42.842327880859401 ], [ -109.296400621202224, 42.848043823242215 ], [ -109.300959777832006, 42.853510877821208 ], [ -109.315767076280352, 42.854827880859403 ], [ -109.317233954535567, 42.86054382324221 ], [ -109.325582885742165, 42.869913736979193 ], [ -109.329166666666637, 42.870833333333358 ], [ -109.329166666666637, 42.879166666666691 ], [ -109.329166666666637, 42.883333333333361 ], [ -109.332482401529916, 42.884184095594641 ], [ -109.3333333333333, 42.8875 ], [ -109.333686659071148, 42.889924452039956 ], [ -109.337146674262129, 42.893408881293432 ], [ -109.337853325737825, 42.898257785373289 ], [ -109.341313340928792, 42.901742214626765 ], [ -109.342019992404488, 42.914924452039955 ], [ -109.357980007595458, 42.930908881293426 ], [ -109.358686659071154, 42.935757785373291 ], [ -109.368378194173147, 42.945475599500895 ], [ -109.370833333333309, 42.945833333333361 ], [ -109.371801079644072, 42.942062717013918 ], [ -109.378420003255187, 42.936932712131103 ], [ -109.394845411512563, 42.938138495551243 ], [ -109.403599378797722, 42.94778951009117 ], [ -109.405017598470025, 42.953315904405407 ], [ -109.410543823242165, 42.954733954535619 ], [ -109.414456176757781, 42.957766045464439 ], [ -109.424080573187908, 42.959037611219642 ], [ -109.428599378797713, 42.964456176757842 ], [ -109.43007592095266, 42.970209757487005 ], [ -109.453160773383217, 42.971451822916691 ], [ -109.461932712131045, 42.981122843424508 ], [ -109.463419765896248, 42.986917114257842 ], [ -109.472789510091118, 42.995266045464433 ], [ -109.481377156575491, 42.996400621202284 ], [ -109.485289510091121, 42.999432712131103 ], [ -109.48971048990883, 43.000567287868954 ], [ -109.497789510091124, 43.007766045464436 ], [ -109.520833333333314, 43.008333333333361 ], [ -109.523257785373232, 43.008686659071209 ], [ -109.526742214626708, 43.012146674262183 ], [ -109.52916666666664, 43.0125 ], [ -109.530303785535992, 43.01693115234378 ], [ -109.535289510091118, 43.01306728786895 ], [ -109.55, 43.0125 ], [ -109.550353325737817, 43.023257785373289 ], [ -109.554152086045974, 43.027083333333358 ], [ -109.550353325737817, 43.030908881293428 ], [ -109.549646674262121, 43.035049099392388 ], [ -109.557980007595461, 43.043408881293431 ], [ -109.558686659071157, 43.051713053385441 ], [ -109.554519992404494, 43.055908881293433 ], [ -109.554166666666646, 43.058333333333358 ], [ -109.553813340928798, 43.060757785373291 ], [ -109.550013732910131, 43.064584011501765 ], [ -109.562146674262124, 43.076742214626762 ], [ -109.562853325737819, 43.089924452039959 ], [ -109.570480007595464, 43.097575547960098 ], [ -109.570833333333312, 43.104166666666693 ], [ -109.573257785373244, 43.103813340928845 ], [ -109.576742214626705, 43.100353325737878 ], [ -109.579166666666637, 43.1 ], [ -109.580057271321593, 43.103470526801246 ], [ -109.601956176757781, 43.124432712131103 ], [ -109.606377156575491, 43.125567287868954 ], [ -109.614456176757784, 43.132766045464436 ], [ -109.619982401529924, 43.134184095594648 ], [ -109.621400621202227, 43.139710489908879 ], [ -109.624432712131053, 43.143622843424509 ], [ -109.625567287868904, 43.148043823242219 ], [ -109.629431321885832, 43.153029378255233 ], [ -109.625, 43.154166666666697 ], [ -109.625, 43.1625 ], [ -109.631591118706567, 43.162853325737878 ], [ -109.635075547960042, 43.166313340928845 ], [ -109.65, 43.166666666666693 ], [ -109.650353325737825, 43.169091118706625 ], [ -109.653813340928792, 43.172575547960101 ], [ -109.654519992404488, 43.198257785373293 ], [ -109.666313340928795, 43.210075547960095 ], [ -109.667019992404491, 43.214924452039959 ], [ -109.670480007595458, 43.218408881293428 ], [ -109.671186659071154, 43.235757785373295 ], [ -109.674646674262135, 43.239242214626763 ], [ -109.675353325737817, 43.244091118706628 ], [ -109.682980007595461, 43.251742214626766 ], [ -109.683333333333309, 43.2625 ], [ -109.682980007595461, 43.273257785373289 ], [ -109.679519992404494, 43.276742214626765 ], [ -109.678813340928798, 43.289924452039962 ], [ -109.675353325737817, 43.293408881293431 ], [ -109.674646674262135, 43.298257785373295 ], [ -109.671186659071154, 43.301742214626763 ], [ -109.670833333333306, 43.308333333333366 ], [ -109.67721048990883, 43.308900621202284 ], [ -109.682365587022545, 43.312895880805151 ], [ -109.684184265136693, 43.319982401529977 ], [ -109.691005452473931, 43.321732923719651 ], [ -109.691666666666649, 43.329166666666694 ], [ -109.694091118706567, 43.329519992404542 ], [ -109.699641927083306, 43.335043165418867 ], [ -109.7, 43.3375 ], [ -109.700353325737822, 43.369091118706628 ], [ -109.705876498752147, 43.37464192708336 ], [ -109.708333333333314, 43.375 ], [ -109.728250969780788, 43.37440151638458 ], [ -109.729166666666643, 43.370833333333366 ], [ -109.729524739583312, 43.368376498752198 ], [ -109.735785590277757, 43.362146674262185 ], [ -109.739924452039901, 43.362853325737873 ], [ -109.743408881293377, 43.366313340928848 ], [ -109.764924452039907, 43.367019992404543 ], [ -109.772575547960045, 43.374646674262181 ], [ -109.777455139160139, 43.375357733832494 ], [ -109.787146674262132, 43.385075547960099 ], [ -109.7875, 43.3875 ], [ -109.7875, 43.4 ], [ -109.776956176757793, 43.400567287868952 ], [ -109.773043823242162, 43.403599378797772 ], [ -109.767340426974798, 43.405063035753066 ], [ -109.766099378797719, 43.417413330078155 ], [ -109.770266045464382, 43.422789510091178 ], [ -109.771400621202233, 43.434079996744821 ], [ -109.767135450575068, 43.439583333333367 ], [ -109.77122921413843, 43.444865587022598 ], [ -109.777210489908825, 43.446400621202287 ], [ -109.781122843424455, 43.449432712131106 ], [ -109.786649068196596, 43.450850931803416 ], [ -109.7875, 43.454166666666694 ], [ -109.791666666666643, 43.454166666666694 ], [ -109.793877156575491, 43.454733954535619 ], [ -109.801956176757784, 43.461932712131109 ], [ -109.817413330078097, 43.463067287868952 ], [ -109.822789510091127, 43.458900621202289 ], [ -109.825937228732613, 43.457766045464439 ], [ -109.835289510091116, 43.466099378797772 ], [ -109.839710489908825, 43.467233954535622 ], [ -109.843622843424455, 43.470266045464442 ], [ -109.86471048990883, 43.471400621202285 ], [ -109.868622843424461, 43.474432712131104 ], [ -109.877210489908833, 43.475567287868955 ], [ -109.885289510091127, 43.482766045464437 ], [ -109.889710489908836, 43.483900621202288 ], [ -109.893622843424453, 43.486932712131107 ], [ -109.898785061306398, 43.488067287868958 ], [ -109.900850931803362, 43.480017598470084 ], [ -109.906377156575502, 43.478599378797774 ], [ -109.910289510091118, 43.475567287868955 ], [ -109.92721048990883, 43.474432712131104 ], [ -109.931122843424461, 43.471400621202285 ], [ -109.944618394639733, 43.470266045464442 ], [ -109.94640062120223, 43.477210489908884 ], [ -109.949432712131056, 43.481122843424508 ], [ -109.950567287868907, 43.489710489908887 ], [ -109.953599378797719, 43.493622843424511 ], [ -109.95473395453557, 43.496579996744821 ], [ -109.950567287868907, 43.501956176757844 ], [ -109.949432712131056, 43.506377156575553 ], [ -109.942233954535567, 43.514456176757847 ], [ -109.941099378797716, 43.518877156575549 ], [ -109.937968783908403, 43.522916666666696 ], [ -109.941099378797716, 43.526956176757842 ], [ -109.942233954535567, 43.531377156575552 ], [ -109.953599378797719, 43.543622843424508 ], [ -109.95507236056855, 43.549362352159321 ], [ -109.973043823242165, 43.550567287868958 ], [ -109.976956176757795, 43.553599378797777 ], [ -109.985543823242168, 43.554733954535621 ], [ -109.989456176757784, 43.55776604546444 ], [ -110.002210489908833, 43.558900621202291 ], [ -110.006122843424464, 43.56193271213111 ], [ -110.015451727973073, 43.563067287868954 ], [ -110.016666666666652, 43.558333333333366 ], [ -110.023930019802492, 43.558979458279111 ], [ -110.025567287868896, 43.563246663411491 ], [ -110.021295166015605, 43.568758816189266 ], [ -110.028599378797722, 43.576956176757847 ], [ -110.029733954535573, 43.581377156575556 ], [ -110.03429311116534, 43.586844041612444 ], [ -110.048043823242168, 43.588067287868952 ], [ -110.051956176757784, 43.591099378797772 ], [ -110.057672119140605, 43.592566257052979 ], [ -110.058333333333294, 43.6 ], [ -110.056122843424461, 43.600567287868955 ], [ -110.048043823242168, 43.607766045464444 ], [ -110.038387383355015, 43.609041849772169 ], [ -110.0375, 43.6125 ], [ -110.038067287868898, 43.61887715657555 ], [ -110.046416219075496, 43.628246900770428 ], [ -110.053315734863261, 43.630017598470083 ], [ -110.054733954535564, 43.635543823242216 ], [ -110.05776604546439, 43.639456176757847 ], [ -110.058900621202241, 43.659183417426249 ], [ -110.053206888834609, 43.66601070827911 ], [ -110.039456176757795, 43.667233954535625 ], [ -110.032766045464385, 43.673785061306454 ], [ -110.039710489908828, 43.675567287868958 ], [ -110.049396599663609, 43.68435295952694 ], [ -110.050607469346772, 43.71575334337026 ], [ -110.054166666666632, 43.716666666666697 ], [ -110.054519992404494, 43.719091118706629 ], [ -110.057980007595461, 43.722575547960105 ], [ -110.058333333333309, 43.725 ], [ -110.059184265136693, 43.728315734863315 ], [ -110.0625, 43.7291666666667 ], [ -110.06335093180337, 43.732482401529978 ], [ -110.068877156575496, 43.733900621202288 ], [ -110.072789510091127, 43.736932712131107 ], [ -110.078315734863253, 43.738350931803417 ], [ -110.079166666666623, 43.741666666666703 ], [ -110.07695617675779, 43.742233954535621 ], [ -110.071801079644075, 43.746229214138488 ], [ -110.069982401529927, 43.753315734863314 ], [ -110.064456176757787, 43.754733954535624 ], [ -110.059301079644072, 43.758729214138491 ], [ -110.058333333333309, 43.7625 ], [ -110.05, 43.7625 ], [ -110.04668426513669, 43.763350931803416 ], [ -110.045833333333306, 43.766666666666701 ], [ -110.045833333333306, 43.770833333333364 ], [ -110.043622843424458, 43.771400621202289 ], [ -110.038467746310744, 43.775395880805156 ], [ -110.036612616644945, 43.782624816894561 ], [ -110.026956176757793, 43.783900621202292 ], [ -110.021801079644078, 43.787895880805152 ], [ -110.020833333333314, 43.7916666666667 ], [ -110.019945949978279, 43.795124816894564 ], [ -110.010289510091127, 43.796400621202288 ], [ -110.006241183810744, 43.799538167317742 ], [ -109.99804382324217, 43.792233954535625 ], [ -109.981122843424458, 43.791099378797774 ], [ -109.977210489908828, 43.788067287868955 ], [ -109.958333333333314, 43.7875 ], [ -109.95748240152993, 43.790815734863315 ], [ -109.950850931803359, 43.792517598470084 ], [ -109.949112616644939, 43.799291483561234 ], [ -109.939456176757787, 43.800567287868958 ], [ -109.93554382324217, 43.803599378797777 ], [ -109.906122843424455, 43.804733954535621 ], [ -109.902210489908825, 43.80776604546444 ], [ -109.888399590386257, 43.808994547526076 ], [ -109.8875, 43.8125 ], [ -109.88664906819659, 43.815815734863314 ], [ -109.883333333333312, 43.816666666666698 ], [ -109.883333333333312, 43.820833333333368 ], [ -109.879166666666649, 43.820833333333368 ], [ -109.87880859374998, 43.823290167914529 ], [ -109.873257785373241, 43.828813340928853 ], [ -109.858333333333306, 43.829166666666701 ], [ -109.857753499348931, 43.831364610460106 ], [ -109.854746500651018, 43.835302056206629 ], [ -109.853586832682268, 43.843864610460102 ], [ -109.849675496419252, 43.848986307779981 ], [ -109.843635389539912, 43.850579833984412 ], [ -109.835531277126719, 43.857753499348995 ], [ -109.821705627441389, 43.859013027615049 ], [ -109.820253499348937, 43.86541442871097 ], [ -109.828340148925761, 43.86754777696401 ], [ -109.829746500651012, 43.873747762044303 ], [ -109.821839735243032, 43.875833808051247 ], [ -109.820253499348937, 43.880054389105936 ], [ -109.829678853352846, 43.890702480740053 ], [ -109.8333333333333, 43.891666666666701 ], [ -109.835468377007359, 43.892309400770436 ], [ -109.84920840793184, 43.904739040798646 ], [ -109.850774637858052, 43.920094129774341 ], [ -109.870041741265169, 43.921571180555588 ], [ -109.871476067437044, 43.93404727511939 ], [ -109.858976067437041, 43.947864956325986 ], [ -109.858333333333306, 43.958333333333371 ], [ -109.860543823242153, 43.957766045464446 ], [ -109.86445617675777, 43.954733954535627 ], [ -109.868877156575479, 43.953599378797776 ], [ -109.87278951009111, 43.950567287868957 ], [ -109.881377156575482, 43.949432712131113 ], [ -109.885289510091113, 43.946400621202294 ], [ -109.889710489908822, 43.945266045464443 ], [ -109.89375, 43.942135450575122 ], [ -109.897789510091101, 43.945266045464443 ], [ -109.904913330078088, 43.946400621202294 ], [ -109.910289510091104, 43.942233954535624 ], [ -109.921821424696148, 43.94109937879778 ], [ -109.93528951009111, 43.953599378797776 ], [ -109.944945949978262, 43.9548751831055 ], [ -109.946737331814205, 43.961856418185796 ], [ -109.963437228732602, 43.963067287868959 ], [ -109.972789510091104, 43.954733954535627 ], [ -109.981377156575476, 43.953599378797776 ], [ -109.985289510091107, 43.950567287868957 ], [ -109.9875, 43.95 ], [ -109.998257785373227, 43.950353325737879 ], [ -110.00416802300343, 43.956234063042572 ], [ -110.000353325737805, 43.960075547960102 ], [ -110.0, 43.9625 ], [ -110.00089959038624, 43.966005452473993 ], [ -110.014710489908822, 43.967233954535622 ], [ -110.019865587022537, 43.971229214138489 ], [ -110.021400621202218, 43.977210489908892 ], [ -110.032766045464371, 43.989456176757848 ], [ -110.033900621202221, 43.99804382324222 ], [ -110.037896050347186, 44.003198920355935 ], [ -110.043877156575476, 44.004733954535624 ], [ -110.047789510091107, 44.007766045464443 ], [ -110.05, 44.008333333333354 ], [ -110.056591118706564, 44.007980007595521 ], [ -110.064242214626702, 44.000353325737883 ], [ -110.077424452039892, 43.999646674262188 ], [ -110.080908881293368, 43.996186659071213 ], [ -110.118379720052047, 43.995480007595518 ], [ -110.122575547960025, 43.999646674262188 ], [ -110.133333333333297, 44.0 ], [ -110.133900621202216, 44.006377156575553 ], [ -110.138478936089371, 44.011867268880245 ], [ -110.156377156575488, 44.013067287868957 ], [ -110.164456176757781, 44.020266045464446 ], [ -110.168877156575491, 44.021400621202289 ], [ -110.178247070312466, 44.029749552408887 ], [ -110.17973395453555, 44.035543823242222 ], [ -110.182766045464376, 44.039456176757845 ], [ -110.184184095594588, 44.044982401529985 ], [ -110.189710489908819, 44.046400621202295 ], [ -110.193622843424436, 44.049432712131114 ], [ -110.198043823242145, 44.050567287868958 ], [ -110.203351169162289, 44.054993353949691 ], [ -110.204733954535556, 44.061285061306457 ], [ -110.196456909179645, 44.063409254286057 ], [ -110.195833333333297, 44.075 ], [ -110.196186659071145, 44.106591118706632 ], [ -110.199646674262112, 44.110075547960108 ], [ -110.200353325737808, 44.114212883843351 ], [ -110.196186659071145, 44.118408881293441 ], [ -110.195833333333297, 44.125 ], [ -110.195266045464379, 44.127210489908876 ], [ -110.187330118815069, 44.136116875542555 ], [ -110.192413330078082, 44.138067287868942 ], [ -110.197916666666629, 44.133801947699673 ], [ -110.201956176757776, 44.136932712131099 ], [ -110.207482571072006, 44.138350762261304 ], [ -110.208900621202218, 44.143877156575542 ], [ -110.211932712131045, 44.147789510091165 ], [ -110.213067287868881, 44.159079996744815 ], [ -110.208900621202218, 44.164456176757831 ], [ -110.207766045464368, 44.16887715657554 ], [ -110.204733954535556, 44.172789510091164 ], [ -110.204166666666623, 44.175 ], [ -110.200850762261254, 44.175850762261305 ], [ -110.2, 44.179166666666688 ], [ -110.231339518229134, 44.179771592881963 ], [ -110.235327148437463, 44.182728407118077 ], [ -110.246373833550308, 44.183938259548633 ], [ -110.252083333333303, 44.179705471462697 ], [ -110.256160481770792, 44.182728407118077 ], [ -110.277172851562469, 44.183938259548633 ], [ -110.2936604817708, 44.199395073784743 ], [ -110.3105061848958, 44.200604926215298 ], [ -110.314493815104129, 44.203561740451406 ], [ -110.320154825846316, 44.205138142903664 ], [ -110.321438259548572, 44.223006184895851 ], [ -110.325352647569403, 44.228285386827281 ], [ -110.33418545193139, 44.229771592881967 ], [ -110.347907172308993, 44.217198350694467 ], [ -110.351993815104137, 44.220228407118078 ], [ -110.371373833550308, 44.221438259548634 ], [ -110.37840847439233, 44.216222805447067 ], [ -110.3868262396918, 44.217466905381968 ], [ -110.3875, 44.229166666666686 ], [ -110.379844495985211, 44.229947577582486 ], [ -110.378496636284694, 44.278113810221377 ], [ -110.372865125868017, 44.279809570312523 ], [ -110.367928398979998, 44.283309936523459 ], [ -110.366023763020792, 44.289634874131963 ], [ -110.358976236979132, 44.297865125868078 ], [ -110.357690429687466, 44.304917399088566 ], [ -110.375530327690939, 44.324128553602449 ], [ -110.385468207465237, 44.325642903645857 ], [ -110.390846082899273, 44.32945590549047 ], [ -110.391666666666637, 44.3375 ], [ -110.398257785373232, 44.337853325737868 ], [ -110.401742214626708, 44.341313340928842 ], [ -110.419091118706561, 44.342019992404538 ], [ -110.422575547960037, 44.345480007595505 ], [ -110.429166666666632, 44.345833333333353 ], [ -110.432482571072015, 44.344982571072073 ], [ -110.433900621202227, 44.339456176757835 ], [ -110.437896050347192, 44.334301079644121 ], [ -110.443877156575482, 44.332766045464432 ], [ -110.447789510091113, 44.329733954535612 ], [ -110.450746663411422, 44.328599378797762 ], [ -110.456122843424438, 44.332766045464432 ], [ -110.464710489908825, 44.333900621202275 ], [ -110.481122843424444, 44.349432712131097 ], [ -110.483333333333306, 44.35 ], [ -110.485757785373224, 44.349646674262175 ], [ -110.493408881293362, 44.342019992404538 ], [ -110.498257785373227, 44.341313340928842 ], [ -110.505908881293365, 44.333686659071205 ], [ -110.523257785373232, 44.332980007595509 ], [ -110.530908881293371, 44.325353325737865 ], [ -110.533333333333303, 44.325 ], [ -110.535757785373235, 44.325353325737865 ], [ -110.539242214626697, 44.328813340928839 ], [ -110.544091118706561, 44.329519992404535 ], [ -110.547575547960037, 44.332980007595509 ], [ -110.560757785373227, 44.333686659071205 ], [ -110.566308593749966, 44.339209662543425 ], [ -110.567019992404482, 44.344091118706622 ], [ -110.574646674262112, 44.351742214626761 ], [ -110.575353325737808, 44.356591118706618 ], [ -110.578813340928789, 44.360075547960093 ], [ -110.579166666666637, 44.3625 ], [ -110.589710489908825, 44.363067287868944 ], [ -110.606122843424444, 44.378599378797766 ], [ -110.610543823242153, 44.37973395453561 ], [ -110.614456176757784, 44.382766045464429 ], [ -110.623043823242156, 44.38390062120228 ], [ -110.632701619466118, 44.392660522460957 ], [ -110.63390062120223, 44.410543823242207 ], [ -110.636932712131042, 44.414456176757838 ], [ -110.638405693901873, 44.420195515950546 ], [ -110.656377156575488, 44.421400621202281 ], [ -110.660289510091118, 44.4244327121311 ], [ -110.6625, 44.425 ], [ -110.661600409613683, 44.428505452473978 ], [ -110.65416666666664, 44.429166666666688 ], [ -110.642709350585903, 44.429870266384569 ], [ -110.641023763020797, 44.435468207465298 ], [ -110.637210761176178, 44.440846082899327 ], [ -110.621553209092852, 44.442443169487866 ], [ -110.620833333333294, 44.454166666666687 ], [ -110.618585205078091, 44.454696316189256 ], [ -110.613098483615417, 44.4594173855252 ], [ -110.611970350477392, 44.473081461588563 ], [ -110.607851155598922, 44.478167385525197 ], [ -110.609257676866292, 44.482682291666691 ], [ -110.618914794921835, 44.483862982855925 ], [ -110.626918538411431, 44.491137017144119 ], [ -110.631414794921838, 44.492196316189258 ], [ -110.635251871744757, 44.495303683810789 ], [ -110.6375, 44.495833333333358 ], [ -110.6458333333333, 44.495833333333358 ], [ -110.652210489908825, 44.495266045464433 ], [ -110.657365587022539, 44.491270616319468 ], [ -110.659244113498232, 44.483950466579884 ], [ -110.684079996744757, 44.48276604546443 ], [ -110.689456176757773, 44.4869327121311 ], [ -110.700746663411422, 44.488067287868944 ], [ -110.706122843424453, 44.483900621202281 ], [ -110.7125, 44.483333333333356 ], [ -110.733333333333306, 44.483333333333356 ], [ -110.733686659071154, 44.480908881293423 ], [ -110.737146674262121, 44.477424452039955 ], [ -110.737853325737817, 44.472575547960091 ], [ -110.745480007595461, 44.464924452039952 ], [ -110.745833333333294, 44.4625 ], [ -110.743622843424447, 44.461932712131102 ], [ -110.739710489908816, 44.458900621202282 ], [ -110.734184095594586, 44.45748257107207 ], [ -110.732482571072012, 44.450850762261311 ], [ -110.725396050347186, 44.449032253689261 ], [ -110.720266045464371, 44.442413330078146 ], [ -110.721400621202221, 44.431122843424504 ], [ -110.724432712131048, 44.427210489908873 ], [ -110.725887383355001, 44.421541680230057 ], [ -110.735543823242153, 44.42026604546443 ], [ -110.751956176757787, 44.404733954535615 ], [ -110.760543823242159, 44.403599378797765 ], [ -110.764456176757776, 44.400567287868945 ], [ -110.793877156575491, 44.399432712131102 ], [ -110.797789510091121, 44.396400621202275 ], [ -110.802210489908816, 44.395266045464432 ], [ -110.81028951009111, 44.388067287868942 ], [ -110.824040052625833, 44.386844211154539 ], [ -110.828599378797705, 44.381377156575546 ], [ -110.830054050021673, 44.375708346896722 ], [ -110.840737575954833, 44.374297078450546 ], [ -110.849550374348922, 44.364580620659744 ], [ -110.833900621202218, 44.348043823242207 ], [ -110.8333333333333, 44.34166666666669 ], [ -110.864660305447018, 44.341049194335959 ], [ -110.86867302788626, 44.338117472330751 ], [ -110.882333713107613, 44.336882527669289 ], [ -110.883950805664028, 44.347993638780402 ], [ -110.895215861002569, 44.360339694552977 ], [ -110.896450805664031, 44.364660305447067 ], [ -110.904463365342849, 44.373893568250892 ], [ -110.911822848849795, 44.375997585720505 ], [ -110.9125, 44.3875 ], [ -110.916666666666629, 44.3875 ], [ -110.925, 44.3875 ], [ -110.9256174723307, 44.389660305447073 ], [ -110.932715861002578, 44.397839694552971 ], [ -110.934259711371496, 44.403240288628496 ], [ -110.939660305447021, 44.404784138997421 ], [ -110.943673027886248, 44.407715861002629 ], [ -110.949231635199624, 44.409305148654539 ], [ -110.950802612304656, 44.420098198784743 ], [ -110.9583333333333, 44.420833333333356 ], [ -110.958994547526018, 44.428267076280406 ], [ -110.9625, 44.429166666666688 ], [ -110.963123575846325, 44.440757581922767 ], [ -110.968877156575488, 44.44223395453561 ], [ -110.972789510091118, 44.445266045464429 ], [ -110.977210489908828, 44.44640062120228 ], [ -110.981122843424444, 44.449432712131099 ], [ -110.98971048990883, 44.45056728786895 ], [ -110.993622843424447, 44.453599378797769 ], [ -110.999362182617162, 44.4550723605686 ], [ -111.000637817382781, 44.47409430609811 ], [ -111.004166666666634, 44.475 ], [ -111.008333333333297, 44.475 ], [ -111.019091118706569, 44.474646674262175 ], [ -111.022575547960045, 44.471186659071201 ], [ -111.039213053385382, 44.470480007595512 ], [ -111.043408881293374, 44.474646674262175 ], [ -111.048257785373238, 44.475353325737871 ], [ -111.055908881293377, 44.482980007595508 ], [ -111.098257785373235, 44.483686659071203 ], [ -111.101742214626711, 44.487146674262178 ], [ -111.106591118706575, 44.487853325737873 ], [ -111.118408881293377, 44.499646674262173 ], [ -111.127424452039904, 44.500353325737869 ], [ -111.143408881293368, 44.516313340928839 ], [ -111.148257785373232, 44.517019992404535 ], [ -111.155908881293371, 44.524646674262172 ], [ -111.170833333333306, 44.525 ], [ -111.171186659071154, 44.535757785373285 ], [ -111.174646674262121, 44.539242214626761 ], [ -111.175353325737817, 44.548257785373288 ], [ -111.178813340928798, 44.551742214626756 ], [ -111.179519992404479, 44.556591118706621 ], [ -111.197549608018633, 44.574645996093771 ], [ -111.223257785373235, 44.575353325737872 ], [ -111.228808593749974, 44.580876329210092 ], [ -111.229519992404491, 44.585757785373289 ], [ -111.232980007595458, 44.589242214626758 ], [ -111.233686659071154, 44.598257785373285 ], [ -111.237146674262121, 44.601742214626761 ], [ -111.2375, 44.6125 ], [ -111.241666666666646, 44.6125 ], [ -111.24251759847003, 44.615815904405409 ], [ -111.248043823242156, 44.617233954535614 ], [ -111.254153442382787, 44.622329033745686 ], [ -111.249604119194856, 44.628198920355928 ], [ -111.242644076877141, 44.629985215928841 ], [ -111.241099378797713, 44.634270562065993 ], [ -111.249432712131053, 44.643622843424502 ], [ -111.25081091986759, 44.648993259006097 ], [ -111.254913330078097, 44.650567287868945 ], [ -111.260416666666643, 44.646301947699676 ], [ -111.26445617675779, 44.649432712131102 ], [ -111.278096686469155, 44.650645955403668 ], [ -111.279733954535558, 44.654913330078152 ], [ -111.275567287868896, 44.660289510091168 ], [ -111.274432712131045, 44.68211839463978 ], [ -111.281377156575488, 44.683900621202284 ], [ -111.285289510091118, 44.686932712131103 ], [ -111.289710489908828, 44.688067287868947 ], [ -111.294865587022542, 44.692062717013911 ], [ -111.296400621202224, 44.698043823242209 ], [ -111.305095926920544, 44.707630411783882 ], [ -111.314710489908833, 44.708900621202282 ], [ -111.320177374945715, 44.713459947374155 ], [ -111.32140062120223, 44.727210489908877 ], [ -111.324432712131056, 44.731122843424501 ], [ -111.325, 44.733333333333356 ], [ -111.335543823242162, 44.732766045464437 ], [ -111.343622843424455, 44.725567287868948 ], [ -111.346579996744765, 44.724432712131104 ], [ -111.351956176757781, 44.728599378797767 ], [ -111.357482401529921, 44.730017428927979 ], [ -111.35918426513669, 44.736649237738739 ], [ -111.365815734863247, 44.738350762261312 ], [ -111.367233954535564, 44.743877156575543 ], [ -111.375582885742162, 44.753247070312526 ], [ -111.382482401529927, 44.755017428927978 ], [ -111.383333333333312, 44.758333333333361 ], [ -111.385757785373244, 44.757980007595513 ], [ -111.395478481716552, 44.748285590277803 ], [ -111.3958333333333, 44.741666666666688 ], [ -111.396186659071148, 44.726742214626761 ], [ -111.399646674262129, 44.723257785373292 ], [ -111.400358072916646, 44.718376329210095 ], [ -111.405908881293371, 44.712853325737875 ], [ -111.408333333333303, 44.7125 ], [ -111.418877156575491, 44.713067287868945 ], [ -111.422789510091121, 44.716099378797765 ], [ -111.428315734863261, 44.717517428927977 ], [ -111.429166666666646, 44.72083333333336 ], [ -111.443877156575496, 44.720266045464435 ], [ -111.447789510091113, 44.717233954535615 ], [ -111.464710489908825, 44.716099378797765 ], [ -111.472789510091118, 44.708900621202282 ], [ -111.477210489908828, 44.707766045464432 ], [ -111.486764526367168, 44.699100409613742 ], [ -111.488067287868901, 44.690920003255229 ], [ -111.483900621202224, 44.685543823242213 ], [ -111.482766045464388, 44.681122843424504 ], [ -111.475567287868898, 44.67304382324221 ], [ -111.474432712131048, 44.665729437934054 ], [ -111.483916219075496, 44.655086263020856 ], [ -111.490815734863261, 44.653315904405403 ], [ -111.492233954535564, 44.647789510091172 ], [ -111.49461839463973, 44.645266045464432 ], [ -111.495833333333309, 44.65 ], [ -111.503267076280352, 44.649338785807316 ], [ -111.504166666666634, 44.645833333333357 ], [ -111.511600409613692, 44.645172119140646 ], [ -111.5125, 44.641666666666694 ], [ -111.51311764187281, 44.627006361219642 ], [ -111.516049024793816, 44.622993638780407 ], [ -111.517593044704839, 44.617593044704883 ], [ -111.525617641872799, 44.615298800998289 ], [ -111.524382358127141, 44.589506361219641 ], [ -111.521450975206136, 44.585493638780406 ], [ -111.520215691460479, 44.581173027886308 ], [ -111.517284308539473, 44.577160305447073 ], [ -111.515872531466982, 44.567460801866346 ], [ -111.506173197428353, 44.56604919433596 ], [ -111.502160135904916, 44.563117472330752 ], [ -111.493673197428365, 44.561882527669297 ], [ -111.48549346923825, 44.55478413899742 ], [ -111.46666666666664, 44.554166666666688 ], [ -111.46666666666664, 44.55 ], [ -111.467445543077233, 44.542364501953145 ], [ -111.497968377007354, 44.54102376302086 ], [ -111.50203162299259, 44.538142903645856 ], [ -111.510468377007356, 44.53685709635419 ], [ -111.514531622992592, 44.533976236979193 ], [ -111.525, 44.53333333333336 ], [ -111.525353325737825, 44.539924452039955 ], [ -111.53087649875215, 44.545475260416687 ], [ -111.535757785373235, 44.546186659071203 ], [ -111.547575547960037, 44.557980007595511 ], [ -111.573257785373244, 44.558686659071206 ], [ -111.576742214626705, 44.562146674262173 ], [ -111.581591118706569, 44.562853325737869 ], [ -111.585075547960045, 44.566313340928843 ], [ -111.589216444227404, 44.567019992404539 ], [ -111.601742214626711, 44.554519992404536 ], [ -111.606591118706575, 44.553813340928841 ], [ -111.614582655164909, 44.545847235785615 ], [ -111.618408881293377, 44.549646674262178 ], [ -111.639924452039907, 44.550353325737873 ], [ -111.643408881293382, 44.553813340928841 ], [ -111.651712883843288, 44.554519992404536 ], [ -111.65625, 44.550014580620683 ], [ -111.660075547960048, 44.553813340928841 ], [ -111.664924452039912, 44.554519992404536 ], [ -111.668408881293374, 44.557980007595511 ], [ -111.691666666666649, 44.558333333333358 ], [ -111.708333333333314, 44.558333333333358 ], [ -111.708900621202233, 44.556122843424504 ], [ -111.711932712131045, 44.55221048990888 ], [ -111.713350931803362, 44.546684095594642 ], [ -111.718877156575502, 44.54526604546443 ], [ -111.722789510091118, 44.542233954535611 ], [ -111.73971048990883, 44.541099378797767 ], [ -111.743622843424461, 44.538067287868948 ], [ -111.75, 44.5375 ], [ -111.752424452039904, 44.537146674262175 ], [ -111.757975260416643, 44.531623670789955 ], [ -111.758333333333312, 44.52916666666669 ], [ -111.777210489908825, 44.528599378797765 ], [ -111.781122843424455, 44.525567287868945 ], [ -111.793877156575491, 44.524432712131102 ], [ -111.797789510091121, 44.521400621202282 ], [ -111.807445949978273, 44.520124986436656 ], [ -111.809242587619337, 44.513123575846379 ], [ -111.820833333333312, 44.5125 ], [ -111.82140062120223, 44.514710489908879 ], [ -111.828599378797719, 44.522789510091172 ], [ -111.82973395453557, 44.531377156575545 ], [ -111.834252760145375, 44.536795722113737 ], [ -111.844945949978282, 44.538208346896724 ], [ -111.846684265136702, 44.544982571072069 ], [ -111.852210489908828, 44.546400621202281 ], [ -111.856122843424458, 44.5494327121311 ], [ -111.861838785807265, 44.550899590386308 ], [ -111.8625, 44.558333333333358 ], [ -111.8625, 44.5625 ], [ -111.877424452039904, 44.562146674262173 ], [ -111.88125, 44.558347913954016 ], [ -111.885075547960042, 44.562146674262173 ], [ -111.891666666666637, 44.5625 ], [ -111.893877156575499, 44.561932712131096 ], [ -111.89778951009113, 44.558900621202284 ], [ -111.910543823242165, 44.557766045464433 ], [ -111.914456176757795, 44.554733954535614 ], [ -111.917413330078105, 44.553599378797763 ], [ -111.922789510091121, 44.557766045464433 ], [ -111.934079996744771, 44.558900621202284 ], [ -111.939456176757787, 44.554733954535614 ], [ -111.948043823242159, 44.553599378797763 ], [ -111.956122843424453, 44.546400621202281 ], [ -111.965779283311605, 44.545124986436655 ], [ -111.967233954535573, 44.539456176757838 ], [ -111.971725802951369, 44.534070163302971 ], [ -111.979913330078105, 44.532766045464435 ], [ -111.985289510091121, 44.536932712131097 ], [ -111.988246663411431, 44.538067287868948 ], [ -111.993622843424461, 44.533900621202278 ], [ -111.995833333333309, 44.53333333333336 ], [ -111.998257785373241, 44.533686659071201 ], [ -112.001742214626717, 44.537146674262175 ], [ -112.010757785373244, 44.537853325737871 ], [ -112.014242214626719, 44.541313340928845 ], [ -112.02916666666664, 44.541666666666693 ], [ -112.035757785373249, 44.541313340928845 ], [ -112.039242214626711, 44.537853325737871 ], [ -112.069091118706581, 44.537146674262175 ], [ -112.072575547960042, 44.533686659071201 ], [ -112.1, 44.53333333333336 ], [ -112.100755988226979, 44.525758870442729 ], [ -112.113080851236958, 44.524502563476588 ], [ -112.118685743543821, 44.528536309136307 ], [ -112.12298092312281, 44.529797024197073 ], [ -112.127019076877147, 44.532702975802977 ], [ -112.131314256456136, 44.533963690863736 ], [ -112.135352410210487, 44.53686964246964 ], [ -112.158333333333317, 44.5375 ], [ -112.159184265136702, 44.540815904405406 ], [ -112.1625, 44.541666666666693 ], [ -112.1625, 44.545833333333356 ], [ -112.168826972113678, 44.545215861002625 ], [ -112.177006361219583, 44.538117472330754 ], [ -112.187969292534689, 44.536882527669292 ], [ -112.193673027886248, 44.541049194335962 ], [ -112.210493638780349, 44.542284138997417 ], [ -112.214506361219577, 44.545215861002625 ], [ -112.218826972113675, 44.546450805664087 ], [ -112.228334893120618, 44.554701741536483 ], [ -112.229969278971325, 44.565931532118078 ], [ -112.243826972113681, 44.567284138997422 ], [ -112.247916666666626, 44.570271809895857 ], [ -112.252083333333303, 44.567228190104188 ], [ -112.256173027886248, 44.57021586100263 ], [ -112.258802625868015, 44.571450805664085 ], [ -112.264506361219588, 44.567284138997422 ], [ -112.279635959201357, 44.56604919433596 ], [ -112.285339694552917, 44.57021586100263 ], [ -112.2875, 44.570833333333354 ], [ -112.294933742947009, 44.570172119140651 ], [ -112.296400621202224, 44.564456176757837 ], [ -112.304749552408822, 44.555086263020854 ], [ -112.310543823242156, 44.553599378797763 ], [ -112.315698920355871, 44.549603949652798 ], [ -112.31755405002167, 44.542375013563394 ], [ -112.327210489908822, 44.541099378797767 ], [ -112.331122843424438, 44.538067287868948 ], [ -112.357421535915762, 44.53688591851131 ], [ -112.358900621202224, 44.531122843424505 ], [ -112.366099378797713, 44.523043823242212 ], [ -112.36723395453555, 44.499253336588566 ], [ -112.362968614366281, 44.49375 ], [ -112.366099378797713, 44.48971048990888 ], [ -112.36723395453555, 44.468622843424498 ], [ -112.370266045464376, 44.464710489908875 ], [ -112.371684095594588, 44.459184095594644 ], [ -112.377210489908819, 44.457766045464432 ], [ -112.382365587022534, 44.453770616319467 ], [ -112.383333333333297, 44.45 ], [ -112.385757785373229, 44.450353325737872 ], [ -112.389242214626705, 44.453813340928839 ], [ -112.3958333333333, 44.454166666666687 ], [ -112.398257785373232, 44.454519992404535 ], [ -112.401742214626708, 44.457980007595509 ], [ -112.410046386718719, 44.458686659071205 ], [ -112.414242214626697, 44.454519992404535 ], [ -112.433333333333294, 44.454166666666687 ], [ -112.433900621202227, 44.460543823242212 ], [ -112.438459947374099, 44.466010877821205 ], [ -112.453267076280355, 44.467327880859401 ], [ -112.455017428927917, 44.474149237738736 ], [ -112.460543823242148, 44.475567287868948 ], [ -112.464456176757778, 44.478599378797767 ], [ -112.475937228732604, 44.479733954535611 ], [ -112.485289510091107, 44.471400621202278 ], [ -112.493877156575493, 44.470266045464435 ], [ -112.502074517144067, 44.462961832682311 ], [ -112.50612284342445, 44.466099378797765 ], [ -112.5125, 44.46666666666669 ], [ -112.513161214192678, 44.47410040961374 ], [ -112.518877156575485, 44.475567287868948 ], [ -112.522789510091116, 44.478599378797767 ], [ -112.5375, 44.479166666666686 ], [ -112.538414171006906, 44.482729424370682 ], [ -112.571579996744759, 44.483900621202281 ], [ -112.576956176757776, 44.479733954535611 ], [ -112.579913330078085, 44.478599378797767 ], [ -112.585289510091116, 44.48276604546443 ], [ -112.589710489908825, 44.483900621202281 ], [ -112.593622843424441, 44.4869327121311 ], [ -112.595833333333303, 44.4875 ], [ -112.627210489908819, 44.488067287868944 ], [ -112.63112284342445, 44.491099378797763 ], [ -112.646579996744762, 44.492233954535614 ], [ -112.651956176757778, 44.488067287868944 ], [ -112.657482571072009, 44.486649237738739 ], [ -112.658333333333303, 44.483333333333356 ], [ -112.660757785373235, 44.483686659071203 ], [ -112.664242214626697, 44.487146674262178 ], [ -112.669091118706561, 44.487853325737873 ], [ -112.672575547960037, 44.491313340928841 ], [ -112.685757785373227, 44.492019992404536 ], [ -112.693408881293365, 44.499646674262173 ], [ -112.702424452039892, 44.500353325737869 ], [ -112.705908881293368, 44.503813340928843 ], [ -112.722549777560729, 44.504519992404539 ], [ -112.735075547960037, 44.492019992404536 ], [ -112.75, 44.491666666666688 ], [ -112.750899590386254, 44.488161214192729 ], [ -112.764710489908822, 44.4869327121311 ], [ -112.768622843424453, 44.483900621202281 ], [ -112.782373385959175, 44.482677544487871 ], [ -112.786932712131048, 44.477210489908877 ], [ -112.78835076226126, 44.47168409559464 ], [ -112.793877156575491, 44.470266045464435 ], [ -112.81028951009111, 44.454733954535612 ], [ -112.824100409613678, 44.453505452473983 ], [ -112.825567287868893, 44.44778951009117 ], [ -112.828599378797705, 44.443877156575546 ], [ -112.829733954535556, 44.431122843424504 ], [ -112.833900621202218, 44.425746663411481 ], [ -112.832766045464382, 44.422789510091171 ], [ -112.82140062120223, 44.410543823242207 ], [ -112.820833333333297, 44.40416666666669 ], [ -112.819982571072018, 44.400850762261307 ], [ -112.81309848361542, 44.39908447265627 ], [ -112.8125, 44.379166666666691 ], [ -112.814924452039904, 44.378813340928843 ], [ -112.826742214626705, 44.367019992404536 ], [ -112.8333333333333, 44.366666666666688 ], [ -112.833686659071148, 44.364242214626756 ], [ -112.837146674262115, 44.360757785373288 ], [ -112.8375, 44.358333333333356 ], [ -112.84166666666664, 44.358333333333356 ], [ -112.852424452039898, 44.358686659071203 ], [ -112.855908881293374, 44.362146674262178 ], [ -112.858333333333306, 44.3625 ], [ -112.858686659071154, 44.364924452039951 ], [ -112.864209662543374, 44.37047526041669 ], [ -112.869091118706564, 44.371186659071199 ], [ -112.880908881293365, 44.382980007595506 ], [ -112.883333333333297, 44.383333333333354 ], [ -112.88390062120223, 44.398043823242212 ], [ -112.887677341037289, 44.402916802300368 ], [ -112.892413330078099, 44.404733954535615 ], [ -112.897789510091116, 44.400567287868945 ], [ -112.904913330078088, 44.399432712131102 ], [ -112.910289510091118, 44.403599378797765 ], [ -112.914710489908828, 44.404733954535615 ], [ -112.922789510091121, 44.411932712131097 ], [ -112.935543823242156, 44.413067287868948 ], [ -112.939456176757787, 44.416099378797767 ], [ -112.949112616644939, 44.417375013563387 ], [ -112.950899590386257, 44.424338785807315 ], [ -112.964710489908825, 44.425567287868944 ], [ -112.972789510091118, 44.432766045464433 ], [ -112.977210489908828, 44.433900621202277 ], [ -112.985289510091121, 44.441099378797766 ], [ -112.98971048990883, 44.44223395453561 ], [ -112.99778951009111, 44.449432712131099 ], [ -113.0, 44.45 ], [ -113.000353325737819, 44.452424452039956 ], [ -113.007980007595449, 44.460075547960095 ], [ -113.008686659071145, 44.473257785373285 ], [ -113.024646674262129, 44.489242214626756 ], [ -113.025, 44.495833333333358 ], [ -113.024149237738683, 44.499149237738735 ], [ -113.017517428927917, 44.500850762261308 ], [ -113.016099378797719, 44.506377156575546 ], [ -113.013067287868893, 44.51028951009117 ], [ -113.011791653103273, 44.519945949978322 ], [ -113.008333333333297, 44.520833333333357 ], [ -113.008994547526015, 44.528267076280407 ], [ -113.014710489908822, 44.529733954535615 ], [ -113.018622843424453, 44.532766045464435 ], [ -113.023043823242162, 44.533900621202278 ], [ -113.026956176757778, 44.536932712131097 ], [ -113.02916666666664, 44.5375 ], [ -113.035543823242165, 44.538067287868948 ], [ -113.039456176757781, 44.541099378797767 ], [ -113.04509446885848, 44.542546251085092 ], [ -113.046400621202224, 44.550746663411481 ], [ -113.042233954535561, 44.556122843424504 ], [ -113.041099378797711, 44.560543823242213 ], [ -113.037235514322887, 44.565529378255235 ], [ -113.043877156575491, 44.567233954535617 ], [ -113.047789510091121, 44.570266045464436 ], [ -113.05221048990883, 44.57140062120228 ], [ -113.06028951009111, 44.578599378797769 ], [ -113.065958319769933, 44.580054050021722 ], [ -113.067233954535567, 44.589710489908875 ], [ -113.071229383680532, 44.594865587022596 ], [ -113.078315904405358, 44.59668409559464 ], [ -113.079166666666637, 44.6 ], [ -113.078813340928789, 44.602424452039955 ], [ -113.075353325737822, 44.605908881293423 ], [ -113.074646674262127, 44.610757785373288 ], [ -113.069121297200496, 44.61631096733943 ], [ -113.060075547960039, 44.617019992404536 ], [ -113.050354342990417, 44.626715087890652 ], [ -113.05, 44.6375 ], [ -113.0506174723307, 44.639660305447073 ], [ -113.0542805989583, 44.644674682617215 ], [ -113.061731635199621, 44.646805148654536 ], [ -113.063117472330703, 44.656326972113739 ], [ -113.066049194335903, 44.660339694552974 ], [ -113.067284138997366, 44.672993638780405 ], [ -113.078549194335906, 44.685339694552972 ], [ -113.080093044704824, 44.690740288628497 ], [ -113.085493638780349, 44.692284138997422 ], [ -113.099296400282086, 44.705000135633703 ], [ -113.100617472330697, 44.722993638780409 ], [ -113.104497612847197, 44.728305053710962 ], [ -113.115872531466991, 44.729960801866341 ], [ -113.117284138997363, 44.739660305447075 ], [ -113.120215861002578, 44.74367302788631 ], [ -113.12145080566404, 44.747993638780407 ], [ -113.125799899631048, 44.753431193033876 ], [ -113.133333333333297, 44.754166666666691 ], [ -113.13393181694876, 44.774084472656277 ], [ -113.1375, 44.775 ], [ -113.139924452039907, 44.775353325737875 ], [ -113.143408881293368, 44.778813340928842 ], [ -113.1458333333333, 44.77916666666669 ], [ -113.164924452039898, 44.779519992404538 ], [ -113.168408881293374, 44.782980007595512 ], [ -113.173257785373238, 44.783686659071208 ], [ -113.176742214626714, 44.787146674262175 ], [ -113.185757785373241, 44.787853325737871 ], [ -113.197575547960042, 44.799646674262178 ], [ -113.202424452039907, 44.800353325737873 ], [ -113.210075547960045, 44.807980007595511 ], [ -113.219091118706572, 44.808686659071206 ], [ -113.222575547960048, 44.812146674262181 ], [ -113.235757785373238, 44.812853325737876 ], [ -113.239242214626714, 44.816313340928843 ], [ -113.244091118706564, 44.817019992404539 ], [ -113.247575547960039, 44.820480007595513 ], [ -113.25587955050996, 44.821186659071209 ], [ -113.260075547960042, 44.817019992404539 ], [ -113.273257785373232, 44.816313340928843 ], [ -113.280908881293371, 44.808686659071206 ], [ -113.285757785373235, 44.807980007595511 ], [ -113.289242214626711, 44.804519992404536 ], [ -113.294091118706575, 44.803813340928848 ], [ -113.297575547960037, 44.800353325737873 ], [ -113.306591118706564, 44.799646674262178 ], [ -113.310075547960039, 44.796186659071203 ], [ -113.314924452039904, 44.795480007595515 ], [ -113.322575547960042, 44.787853325737871 ], [ -113.331591118706569, 44.787146674262175 ], [ -113.335075547960045, 44.783686659071208 ], [ -113.3375, 44.78333333333336 ], [ -113.339924452039909, 44.783686659071208 ], [ -113.347575547960048, 44.791313340928845 ], [ -113.35, 44.791666666666693 ], [ -113.349382358127144, 44.793826972113742 ], [ -113.346450975206139, 44.797839694552977 ], [ -113.345215691460481, 44.80046929253475 ], [ -113.349382358127144, 44.80617302788631 ], [ -113.350735134548586, 44.820030721028672 ], [ -113.36049346923825, 44.821450805664085 ], [ -113.364506530761687, 44.824382527669293 ], [ -113.36882680257159, 44.825617472330755 ], [ -113.374264526367156, 44.82996656629777 ], [ -113.375, 44.8375 ], [ -113.377424452039904, 44.837853325737875 ], [ -113.38125, 44.841652086046032 ], [ -113.385075547960042, 44.837853325737875 ], [ -113.397546217176625, 44.837146674262179 ], [ -113.401742214626708, 44.841313340928842 ], [ -113.420833333333306, 44.84166666666669 ], [ -113.421186659071154, 44.844091118706622 ], [ -113.424646674262121, 44.847575547960098 ], [ -113.425, 44.854166666666693 ], [ -113.431591118706564, 44.854519992404541 ], [ -113.435075547960039, 44.857980007595515 ], [ -113.439924452039904, 44.858686659071203 ], [ -113.447575547960042, 44.866313340928848 ], [ -113.4583333333333, 44.866666666666696 ], [ -113.4583333333333, 44.870833333333358 ], [ -113.459184265136699, 44.874149237738742 ], [ -113.4625, 44.875 ], [ -113.463107469346767, 44.890753173828152 ], [ -113.468877156575502, 44.892233954535619 ], [ -113.474344041612383, 44.896793280707492 ], [ -113.475567287868898, 44.910543823242215 ], [ -113.478599378797711, 44.914456176757838 ], [ -113.480075920952657, 44.920209757487008 ], [ -113.491666666666646, 44.920833333333363 ], [ -113.491666666666646, 44.929166666666696 ], [ -113.489456176757784, 44.929733954535614 ], [ -113.485543823242168, 44.932766045464433 ], [ -113.481122843424458, 44.933900621202284 ], [ -113.477210489908828, 44.936932712131103 ], [ -113.464456176757793, 44.938067287868947 ], [ -113.459037611219586, 44.942586263020857 ], [ -113.457624816894509, 44.953279283311659 ], [ -113.45195617675779, 44.954733954535619 ], [ -113.446466064453105, 44.959312269422767 ], [ -113.445266045464379, 44.977210489908884 ], [ -113.442233954535567, 44.981122843424508 ], [ -113.441099378797716, 44.988246663411488 ], [ -113.445266045464379, 44.993622843424504 ], [ -113.44640062120223, 45.000746663411483 ], [ -113.442233954535567, 45.006122843424507 ], [ -113.441666666666634, 45.008333333333361 ], [ -113.442019992404482, 45.010757785373293 ], [ -113.445480007595464, 45.014242214626762 ], [ -113.446186659071159, 45.019091118706626 ], [ -113.449646674262127, 45.022575547960095 ], [ -113.450353325737822, 45.031591118706622 ], [ -113.453813340928789, 45.035075547960098 ], [ -113.454166666666637, 45.041666666666693 ], [ -113.45473395453557, 45.05637715657555 ], [ -113.459312438964815, 45.061867268880235 ], [ -113.477210489908828, 45.063067287868954 ], [ -113.481122843424458, 45.066099378797773 ], [ -113.486838785807265, 45.067566257052981 ], [ -113.4875, 45.075 ], [ -113.489924452039901, 45.075353325737872 ], [ -113.497915988498235, 45.083319430881104 ], [ -113.502083333333303, 45.079181247287352 ], [ -113.505908881293379, 45.082980007595516 ], [ -113.510757785373244, 45.083686659071205 ], [ -113.516307746039473, 45.089208645290825 ], [ -113.517019992404485, 45.093382432725718 ], [ -113.508686659071159, 45.101742214626761 ], [ -113.507980007595464, 45.110047743055581 ], [ -113.514212883843285, 45.116311645507842 ], [ -113.526712883843288, 45.117019992404543 ], [ -113.530908881293371, 45.112853325737873 ], [ -113.554166666666646, 45.1125 ], [ -113.554901801215252, 45.120030721028677 ], [ -113.56569502088756, 45.121601698133709 ], [ -113.566666666666634, 45.125 ], [ -113.574228583441808, 45.125771416558187 ], [ -113.575, 45.133333333333361 ], [ -113.571456909179659, 45.134242418077285 ], [ -113.570833333333312, 45.145833333333364 ], [ -113.573043823242159, 45.146400621202282 ], [ -113.57695617675779, 45.149432712131102 ], [ -113.581377156575499, 45.150567287868952 ], [ -113.585289510091116, 45.153599378797772 ], [ -113.590958150227834, 45.155054050021732 ], [ -113.592233954535558, 45.164710489908884 ], [ -113.595364549424886, 45.16875 ], [ -113.592233954535558, 45.172789510091171 ], [ -113.591099378797722, 45.180178324381536 ], [ -113.609010484483477, 45.199104478624157 ], [ -113.61471048990883, 45.20056728786895 ], [ -113.618622843424447, 45.203599378797769 ], [ -113.620833333333309, 45.204166666666694 ], [ -113.621684265136693, 45.20748240152998 ], [ -113.627210489908833, 45.208900621202282 ], [ -113.63112284342445, 45.211932712131102 ], [ -113.63664906819659, 45.213350931803411 ], [ -113.638067287868893, 45.218877156575552 ], [ -113.645266045464382, 45.226956176757838 ], [ -113.646400621202233, 45.231377156575547 ], [ -113.649432712131045, 45.235289510091178 ], [ -113.65, 45.2375 ], [ -113.656591118706572, 45.237853325737873 ], [ -113.66630893283417, 45.247544860839874 ], [ -113.666666666666643, 45.25 ], [ -113.6875, 45.25 ], [ -113.687853325737819, 45.256591118706623 ], [ -113.691313340928801, 45.260075547960099 ], [ -113.691666666666649, 45.270833333333364 ], [ -113.685075547960039, 45.271186659071212 ], [ -113.67952558729381, 45.276708814832929 ], [ -113.678813340928798, 45.280882602267823 ], [ -113.689211527506487, 45.291308932834234 ], [ -113.694091118706567, 45.292019992404541 ], [ -113.697575547960042, 45.295480007595515 ], [ -113.7, 45.295833333333363 ], [ -113.702424452039907, 45.296186659071211 ], [ -113.707975260416646, 45.301709832085535 ], [ -113.708686659071162, 45.306591118706628 ], [ -113.720480007595455, 45.318408881293429 ], [ -113.720833333333303, 45.320833333333361 ], [ -113.732424079047291, 45.321456909179716 ], [ -113.733333333333306, 45.325 ], [ -113.736855570475242, 45.325903828938834 ], [ -113.738067287868901, 45.342413330078152 ], [ -113.733900621202238, 45.347789510091175 ], [ -113.733333333333306, 45.366666666666696 ], [ -113.736649068196584, 45.36751759847008 ], [ -113.7375, 45.370833333333366 ], [ -113.733961147732174, 45.371741400824682 ], [ -113.732766045464388, 45.392413330078156 ], [ -113.737895880805098, 45.399032253689263 ], [ -113.743877156575493, 45.400567287868952 ], [ -113.747789510091124, 45.403599378797772 ], [ -113.752210489908833, 45.404733954535622 ], [ -113.75612284342445, 45.407766045464442 ], [ -113.775, 45.40833333333336 ], [ -113.775, 45.4125 ], [ -113.774432712131059, 45.414710489908884 ], [ -113.766083780924461, 45.424080234103762 ], [ -113.758068678114128, 45.426137118869391 ], [ -113.762895880805104, 45.432365587022602 ], [ -113.768877156575499, 45.433900621202284 ], [ -113.772789510091116, 45.43693271213111 ], [ -113.775, 45.4375 ], [ -113.775, 45.45 ], [ -113.775, 45.454166666666694 ], [ -113.774646674262129, 45.460757785373296 ], [ -113.771186659071162, 45.464242214626765 ], [ -113.770833333333314, 45.470833333333367 ], [ -113.76998240152993, 45.474149068196645 ], [ -113.76445617675779, 45.475567287868955 ], [ -113.759301079644075, 45.479562547471822 ], [ -113.758333333333312, 45.483333333333363 ], [ -113.75890062120223, 45.485543823242217 ], [ -113.761932712131056, 45.489456176757841 ], [ -113.763067287868893, 45.502210489908883 ], [ -113.766099378797719, 45.506122843424507 ], [ -113.767327880859355, 45.519933742947082 ], [ -113.773043823242162, 45.521400621202289 ], [ -113.776956176757793, 45.524432712131109 ], [ -113.779913330078102, 45.525567287868952 ], [ -113.785416666666649, 45.521302117241788 ], [ -113.789583333333312, 45.52453121609161 ], [ -113.79375, 45.521302117241788 ], [ -113.797789510091121, 45.524432712131109 ], [ -113.816666666666649, 45.525 ], [ -113.825, 45.525 ], [ -113.824392530653185, 45.540753343370255 ], [ -113.817517598470033, 45.542517598470084 ], [ -113.816099378797716, 45.548043823242217 ], [ -113.813067287868904, 45.551956176757841 ], [ -113.811838785807268, 45.565767076280416 ], [ -113.80501759847003, 45.567517598470083 ], [ -113.803599378797713, 45.573043823242216 ], [ -113.796400621202238, 45.581122843424509 ], [ -113.795266045464388, 45.584079996744826 ], [ -113.79943271213105, 45.589456176757842 ], [ -113.800567287868901, 45.593877156575552 ], [ -113.803599378797713, 45.597789510091175 ], [ -113.804166666666646, 45.6041666666667 ], [ -113.806377156575493, 45.604733954535625 ], [ -113.814456176757787, 45.611932712131107 ], [ -113.844920010036873, 45.613107469346822 ], [ -113.846400621202235, 45.61887715657555 ], [ -113.851001485188775, 45.624394056532147 ], [ -113.879913330078097, 45.625567287868954 ], [ -113.885289510091127, 45.621400621202291 ], [ -113.9, 45.620833333333366 ], [ -113.899432712131059, 45.635543823242216 ], [ -113.896400621202233, 45.639456176757847 ], [ -113.895266045464382, 45.648785061306455 ], [ -113.902210489908825, 45.650567287868952 ], [ -113.910289510091118, 45.657766045464442 ], [ -113.915815734863259, 45.659184265136751 ], [ -113.917517598470027, 45.665815734863315 ], [ -113.924149068196598, 45.667517598470084 ], [ -113.925567287868901, 45.673043823242217 ], [ -113.928599378797713, 45.676956176757848 ], [ -113.929733954535564, 45.68137715657555 ], [ -113.93276604546439, 45.685289510091181 ], [ -113.933333333333309, 45.695833333333368 ], [ -113.927044338650148, 45.696488783094651 ], [ -113.922955661349803, 45.699344550238749 ], [ -113.90392252604164, 45.700834486219648 ], [ -113.907677883572021, 45.706211005316874 ], [ -113.9089887830946, 45.712745836046039 ], [ -113.904794820149718, 45.71875 ], [ -113.907677883572021, 45.722877671983539 ], [ -113.9089887830946, 45.727122328016527 ], [ -113.911844550238698, 45.731211005316872 ], [ -113.913155449761263, 45.750245836046041 ], [ -113.908424546983483, 45.757018534342478 ], [ -113.900983005099803, 45.759316338433194 ], [ -113.899016994900151, 45.765683661566875 ], [ -113.893711005316817, 45.767322116427984 ], [ -113.889622328016472, 45.770177883572082 ], [ -113.881211005316814, 45.771488783094654 ], [ -113.877122328016469, 45.774344550238752 ], [ -113.871816338433135, 45.77598300509986 ], [ -113.870833333333309, 45.779166666666697 ], [ -113.868408881293377, 45.778813340928849 ], [ -113.864924452039901, 45.775353325737882 ], [ -113.860044860839821, 45.774642266167568 ], [ -113.850353325737828, 45.764924452039963 ], [ -113.85, 45.7625 ], [ -113.849641927083312, 45.760043165418871 ], [ -113.844091118706572, 45.754519992404546 ], [ -113.839242214626708, 45.753813340928851 ], [ -113.835757785373247, 45.750353325737883 ], [ -113.825, 45.75 ], [ -113.823862881130623, 45.754431321885882 ], [ -113.81875, 45.750468783908453 ], [ -113.814710489908833, 45.753599378797773 ], [ -113.808729214138438, 45.755134412977462 ], [ -113.804733954535564, 45.760289510091177 ], [ -113.803263176812038, 45.766020880805158 ], [ -113.789710489908828, 45.778599378797779 ], [ -113.7875, 45.779166666666697 ], [ -113.787853325737828, 45.781591118706629 ], [ -113.791313340928795, 45.785075547960105 ], [ -113.791666666666643, 45.7875 ], [ -113.785289510091118, 45.788067287868955 ], [ -113.781377156575502, 45.791099378797774 ], [ -113.776956176757793, 45.792233954535625 ], [ -113.768877156575499, 45.799432712131107 ], [ -113.760289510091127, 45.800567287868958 ], [ -113.752210489908833, 45.80776604546444 ], [ -113.746684265136693, 45.80918426513675 ], [ -113.744933742947026, 45.816005452473995 ], [ -113.731122843424458, 45.817233954535624 ], [ -113.727210489908828, 45.820266045464443 ], [ -113.725, 45.820833333333368 ], [ -113.724338785807262, 45.828267076280412 ], [ -113.718622843424455, 45.829733954535627 ], [ -113.714710489908825, 45.832766045464446 ], [ -113.709184265136699, 45.834184265136756 ], [ -113.708333333333314, 45.8375 ], [ -113.706122843424453, 45.838067287868959 ], [ -113.700746663411437, 45.842233954535622 ], [ -113.689456176757787, 45.841099378797779 ], [ -113.68541666666664, 45.837968783908451 ], [ -113.679913330078094, 45.842233954535622 ], [ -113.67171308729381, 45.840927971733976 ], [ -113.669618394639727, 45.832766045464446 ], [ -113.664456176757781, 45.833900621202289 ], [ -113.660543823242165, 45.836932712131109 ], [ -113.643622843424453, 45.838067287868959 ], [ -113.638246663411437, 45.842233954535622 ], [ -113.630046420627139, 45.840927971733976 ], [ -113.629166666666634, 45.8375 ], [ -113.626742214626717, 45.837853325737882 ], [ -113.614924452039901, 45.849646674262189 ], [ -113.595833333333303, 45.85 ], [ -113.592327880859344, 45.850899590386319 ], [ -113.591010708279057, 45.865706888834666 ], [ -113.585543823242162, 45.87026604546444 ], [ -113.56862284342445, 45.871400621202291 ], [ -113.564710489908833, 45.87443271213111 ], [ -113.551956176757784, 45.875567287868961 ], [ -113.547916666666637, 45.878697882758281 ], [ -113.542413330078105, 45.87443271213111 ], [ -113.539456176757781, 45.875567287868961 ], [ -113.535543823242165, 45.87859937879778 ], [ -113.533333333333303, 45.879166666666698 ], [ -113.533900621202235, 45.906377156575552 ], [ -113.53704020182289, 45.91042802598745 ], [ -113.525567287868896, 45.922789510091178 ], [ -113.524149068196593, 45.928315734863318 ], [ -113.520833333333314, 45.929166666666703 ], [ -113.517327880859355, 45.930066257052985 ], [ -113.516666666666637, 45.9375 ], [ -113.513350931803359, 45.93835093180342 ], [ -113.511532253689211, 45.945437452528246 ], [ -113.504913330078097, 45.950567287868957 ], [ -113.501956176757787, 45.949432712131113 ], [ -113.498043823242156, 45.946400621202294 ], [ -113.489456176757784, 45.945266045464443 ], [ -113.485543823242168, 45.942233954535624 ], [ -113.481122843424458, 45.94109937879778 ], [ -113.477210489908828, 45.938067287868961 ], [ -113.475, 45.9375 ], [ -113.474432712131048, 45.943877156575553 ], [ -113.458783806694854, 45.960412767198385 ], [ -113.466204833984349, 45.968741183810799 ], [ -113.463067287868896, 45.972789510091182 ], [ -113.461791483561171, 45.982445949978334 ], [ -113.4583333333333, 45.983333333333348 ], [ -113.451742214626705, 45.982980007595522 ], [ -113.447546217176622, 45.978813340928852 ], [ -113.439242214626717, 45.979519992404548 ], [ -113.435757785373241, 45.982980007595522 ], [ -113.430908881293377, 45.983686659071218 ], [ -113.427424452039901, 45.987146674262185 ], [ -113.420833333333306, 45.9875 ], [ -113.417062547471758, 45.988467746310796 ], [ -113.413067287868898, 45.993622843424511 ], [ -113.411649068196581, 45.999149068196651 ], [ -113.408333333333303, 46.0 ], [ -113.396570671929226, 46.000737338595954 ], [ -113.3958333333333, 46.0125 ], [ -113.389242214626705, 46.012853325737879 ], [ -113.385757785373244, 46.016313340928853 ], [ -113.380908881293379, 46.017019992404549 ], [ -113.377082316080703, 46.020819769965314 ], [ -113.360417005750847, 46.004179551866358 ], [ -113.352084011501702, 46.012486097547779 ], [ -113.348257785373235, 46.008686659071216 ], [ -113.339242214626708, 46.007980007595521 ], [ -113.335757785373232, 46.004519992404546 ], [ -113.3333333333333, 46.004166666666698 ], [ -113.330908881293382, 46.004519992404546 ], [ -113.310757785373241, 46.024646674262186 ], [ -113.304166666666646, 46.025 ], [ -113.30327928331161, 46.028458150227898 ], [ -113.293622843424458, 46.029733954535622 ], [ -113.284253099229574, 46.03808288574222 ], [ -113.282766045464385, 46.043877156575554 ], [ -113.279733954535558, 46.047789510091178 ], [ -113.27916666666664, 46.058333333333351 ], [ -113.275, 46.058333333333366 ], [ -113.2708333333333, 46.058333333333366 ], [ -113.264242214626705, 46.057980007595525 ], [ -113.260757785373229, 46.054519992404551 ], [ -113.245833333333309, 46.054166666666703 ], [ -113.243408881293377, 46.053813340928855 ], [ -113.239924452039901, 46.050353325737881 ], [ -113.226742214626711, 46.049646674262185 ], [ -113.223257785373235, 46.046186659071218 ], [ -113.21666666666664, 46.04583333333337 ], [ -113.210075547960045, 46.046186659071218 ], [ -113.201715596516905, 46.054519992404551 ], [ -113.197575547960042, 46.053813340928855 ], [ -113.19337955050996, 46.049646674262185 ], [ -113.180908881293377, 46.050353325737881 ], [ -113.177424452039901, 46.053813340928855 ], [ -113.172575547960037, 46.054519992404551 ], [ -113.164924452039898, 46.062146674262188 ], [ -113.160075547960048, 46.062853325737883 ], [ -113.156591118706572, 46.066313340928858 ], [ -113.15416666666664, 46.066666666666684 ], [ -113.151742214626708, 46.066313340928858 ], [ -113.148257785373232, 46.062853325737883 ], [ -113.1458333333333, 46.0625 ], [ -113.139242214626705, 46.062146674262188 ], [ -113.135757785373229, 46.058686659071213 ], [ -113.101742214626711, 46.057980007595525 ], [ -113.098257785373235, 46.054519992404551 ], [ -113.085075547960045, 46.053813340928855 ], [ -113.081591118706569, 46.050353325737881 ], [ -113.072575547960042, 46.049646674262185 ], [ -113.069091118706567, 46.046186659071218 ], [ -113.064242214626702, 46.045480007595522 ], [ -113.060757785373241, 46.042019992404548 ], [ -113.051742214626699, 46.041313340928852 ], [ -113.048257785373238, 46.037853325737885 ], [ -113.041666666666643, 46.0375 ], [ -113.026956176757778, 46.036932712131112 ], [ -113.023043823242162, 46.033900621202292 ], [ -113.017517428927917, 46.032482401529982 ], [ -113.015815904405358, 46.025850931803419 ], [ -113.010289510091113, 46.024432712131109 ], [ -113.006377156575496, 46.021400621202289 ], [ -112.993622843424447, 46.020266045464446 ], [ -112.9895833333333, 46.017135450575125 ], [ -112.985543823242153, 46.020266045464446 ], [ -112.981122843424444, 46.021400621202289 ], [ -112.977210489908828, 46.024432712131109 ], [ -112.954166666666637, 46.025 ], [ -112.953543090820276, 46.01340925428606 ], [ -112.947789510091113, 46.011932712131113 ], [ -112.942413330078097, 46.007766045464443 ], [ -112.93528951009111, 46.008900621202294 ], [ -112.930662367078966, 46.012486775716184 ], [ -112.925567287868887, 46.006377156575553 ], [ -112.925, 46.004166666666698 ], [ -112.925567287868887, 46.001956176757844 ], [ -112.928599378797713, 45.99804382324222 ], [ -112.929733954535564, 45.993622843424511 ], [ -112.932766045464376, 45.989710489908887 ], [ -112.93404168023001, 45.980054050021735 ], [ -112.9375, 45.9791666666667 ], [ -112.937146674262124, 45.960075547960102 ], [ -112.933686659071157, 45.956591118706633 ], [ -112.932980007595461, 45.951742214626769 ], [ -112.925353325737817, 45.944091118706631 ], [ -112.925, 45.933333333333366 ], [ -112.922575547960037, 45.932980007595518 ], [ -112.914924452039898, 45.925353325737881 ], [ -112.910075547960034, 45.924646674262185 ], [ -112.906591118706572, 45.921186659071218 ], [ -112.90416666666664, 45.92083333333337 ], [ -112.900708346896664, 45.921720716688405 ], [ -112.899291653103262, 45.93244594997833 ], [ -112.893622843424453, 45.933900621202291 ], [ -112.889583333333306, 45.937031216091611 ], [ -112.885543823242159, 45.933900621202291 ], [ -112.839456176757778, 45.932766045464447 ], [ -112.835416666666632, 45.92963545057512 ], [ -112.831377156575485, 45.932766045464447 ], [ -112.829166666666637, 45.933333333333366 ], [ -112.825, 45.933333333333366 ], [ -112.806122843424447, 45.932766045464447 ], [ -112.802210489908816, 45.929733954535621 ], [ -112.796684095594586, 45.928315734863318 ], [ -112.794618394639727, 45.920266045464444 ], [ -112.776956176757778, 45.921400621202288 ], [ -112.773043823242162, 45.924432712131107 ], [ -112.758333333333297, 45.925 ], [ -112.757766045464379, 45.918622843424515 ], [ -112.754733954535553, 45.914710489908892 ], [ -112.753458319769933, 45.905054050021732 ], [ -112.74778951009111, 45.903599378797779 ], [ -112.739710489908816, 45.896400621202289 ], [ -112.731122843424444, 45.895266045464446 ], [ -112.723043823242151, 45.888067287868957 ], [ -112.718622843424441, 45.886932712131113 ], [ -112.714710489908825, 45.883900621202294 ], [ -112.69362284342445, 45.882766045464443 ], [ -112.688246663411419, 45.87859937879778 ], [ -112.676956176757784, 45.879733954535624 ], [ -112.673043823242153, 45.882766045464443 ], [ -112.664456176757781, 45.883900621202294 ], [ -112.652210489908825, 45.895266045464446 ], [ -112.614456176757784, 45.896400621202289 ], [ -112.610543823242153, 45.899432712131109 ], [ -112.608333333333306, 45.9 ], [ -112.607715861002575, 45.897839864095083 ], [ -112.599382527669235, 45.888236660427552 ], [ -112.600617472330697, 45.881173197428417 ], [ -112.607776557074615, 45.872923278808628 ], [ -112.60478413899736, 45.868826802571647 ], [ -112.603194851345449, 45.863268195258279 ], [ -112.592372300889721, 45.861692979600726 ], [ -112.591049194335909, 45.843673197428416 ], [ -112.588117472330694, 45.839660135904978 ], [ -112.5875, 45.833333333333364 ], [ -112.581122843424453, 45.832766045464446 ], [ -112.577210489908822, 45.829733954535627 ], [ -112.56862284342445, 45.828599378797776 ], [ -112.560543823242156, 45.821400621202287 ], [ -112.556122843424447, 45.820266045464443 ], [ -112.548043823242153, 45.813067287868954 ], [ -112.543622843424444, 45.81193271213111 ], [ -112.539710489908828, 45.808900621202291 ], [ -112.534184095594583, 45.807482401529981 ], [ -112.532413736979137, 45.800582885742223 ], [ -112.523043823242148, 45.792233954535625 ], [ -112.5125, 45.7916666666667 ], [ -112.508333333333297, 45.7916666666667 ], [ -112.507803683810735, 45.802248297797341 ], [ -112.504696316189197, 45.806085035536057 ], [ -112.503637017144058, 45.814748297797344 ], [ -112.500529649522534, 45.81858503553606 ], [ -112.499227566189205, 45.824113633897603 ], [ -112.494834052191806, 45.82548200819231 ], [ -112.489748128255172, 45.821362813313833 ], [ -112.485251871744751, 45.820303853352897 ], [ -112.476083034939208, 45.811970520019564 ], [ -112.464418538411422, 45.8130294799805 ], [ -112.460581461588504, 45.816137186686234 ], [ -112.45, 45.816666666666698 ], [ -112.449470350477398, 45.818914964464007 ], [ -112.445303683810735, 45.824059210883277 ], [ -112.446362982855874, 45.83141496446401 ], [ -112.454696316189199, 45.840583631727462 ], [ -112.453221299913167, 45.845223490397167 ], [ -112.445833333333297, 45.845833333333367 ], [ -112.444982571072018, 45.849149068196645 ], [ -112.441666666666634, 45.85 ], [ -112.4375, 45.85 ], [ -112.43684522840708, 45.857360331217478 ], [ -112.427210489908816, 45.866099378797777 ], [ -112.421416219075482, 45.867586432562966 ], [ -112.413067287868884, 45.876956176757844 ], [ -112.411600409613683, 45.882672119140658 ], [ -112.404166666666626, 45.883333333333368 ], [ -112.404519992404474, 45.894091118706633 ], [ -112.407980007595455, 45.897575547960102 ], [ -112.408686659071151, 45.902424452039966 ], [ -112.416313340928781, 45.910075547960105 ], [ -112.417019992404477, 45.923257785373295 ], [ -112.422542995876697, 45.928808593750034 ], [ -112.427424452039901, 45.929519992404551 ], [ -112.432975260416626, 45.935043165418868 ], [ -112.433686659071142, 45.939924452039968 ], [ -112.437146674262124, 45.943408881293436 ], [ -112.437853325737819, 45.964924452039966 ], [ -112.441652086045977, 45.96875 ], [ -112.437853325737819, 45.972575547960105 ], [ -112.437146674262124, 45.993379550510021 ], [ -112.441313340928787, 45.997575547960103 ], [ -112.441666666666634, 46.0 ], [ -112.441005452473917, 46.007433742947086 ], [ -112.4375, 46.008333333333368 ], [ -112.437146674262124, 46.010757785373301 ], [ -112.433686659071142, 46.014242214626769 ], [ -112.433333333333294, 46.016666666666701 ], [ -112.435543823242156, 46.017233954535627 ], [ -112.440698920355871, 46.021229214138486 ], [ -112.442233954535553, 46.027210489908889 ], [ -112.446229383680517, 46.032365587022603 ], [ -112.453315904405343, 46.034184265136751 ], [ -112.45506625705292, 46.041005452473996 ], [ -112.469933742947021, 46.042327880859411 ], [ -112.471400621202221, 46.048043823242224 ], [ -112.47453138563364, 46.052083333333371 ], [ -112.471400621202221, 46.056122843424518 ], [ -112.470266045464371, 46.06054382324222 ], [ -112.467233954535558, 46.064456176757851 ], [ -112.466099378797708, 46.068877156575553 ], [ -112.463067287868896, 46.072789510091184 ], [ -112.461932712131045, 46.075937228732677 ], [ -112.470266045464371, 46.085289510091179 ], [ -112.470833333333303, 46.1 ], [ -112.477424452039898, 46.100353325737885 ], [ -112.480908881293374, 46.103813340928852 ], [ -112.489924452039901, 46.104519992404548 ], [ -112.493408881293362, 46.107980007595522 ], [ -112.5, 46.10833333333337 ], [ -112.5, 46.116666666666688 ], [ -112.50242445203989, 46.117019992404536 ], [ -112.516308932834164, 46.130879041883702 ], [ -112.517019992404485, 46.135757785373286 ], [ -112.520819430881048, 46.139584011501753 ], [ -112.512853325737808, 46.147575547960088 ], [ -112.512146674262112, 46.152424452039952 ], [ -112.508347913953955, 46.15625 ], [ -112.512146674262112, 46.160075547960091 ], [ -112.512853325737808, 46.172546386718771 ], [ -112.508686659071145, 46.176742214626756 ], [ -112.508333333333297, 46.183333333333351 ], [ -112.5208333333333, 46.183333333333351 ], [ -112.521970621744757, 46.187764485677107 ], [ -112.526956176757778, 46.183900621202277 ], [ -112.531377156575488, 46.182766045464433 ], [ -112.539456176757781, 46.175567287868944 ], [ -112.542413330078091, 46.174432712131093 ], [ -112.547789510091107, 46.178599378797763 ], [ -112.554913330078094, 46.179733954535614 ], [ -112.56041666666664, 46.175468614366338 ], [ -112.564456176757773, 46.178599378797763 ], [ -112.575, 46.179166666666688 ], [ -112.575, 46.183333333333351 ], [ -112.575567287868893, 46.185543823242206 ], [ -112.578599378797705, 46.18945617675783 ], [ -112.579733954535556, 46.204913330078142 ], [ -112.575567287868893, 46.210289510091165 ], [ -112.574432712131042, 46.219618394639781 ], [ -112.581377156575485, 46.221400621202278 ], [ -112.585289510091116, 46.224432712131097 ], [ -112.590815904405346, 46.225850762261302 ], [ -112.59166666666664, 46.229166666666686 ], [ -112.59166666666664, 46.233333333333356 ], [ -112.590815904405346, 46.236649237738739 ], [ -112.585289510091116, 46.238067287868944 ], [ -112.55922071668833, 46.263208685980921 ], [ -112.557766045464376, 46.268877156575542 ], [ -112.554635281032958, 46.272916666666688 ], [ -112.557766045464376, 46.276956176757835 ], [ -112.558900621202227, 46.281377156575545 ], [ -112.561932712131039, 46.285289510091168 ], [ -112.56306728786889, 46.29387715657554 ], [ -112.570266045464379, 46.301956176757834 ], [ -112.570833333333297, 46.304166666666688 ], [ -112.568408881293365, 46.304519992404536 ], [ -112.564924452039904, 46.307980007595511 ], [ -112.555908881293362, 46.308686659071199 ], [ -112.552424452039901, 46.312146674262173 ], [ -112.547542995876697, 46.31285807291669 ], [ -112.542019992404477, 46.318408881293422 ], [ -112.54130893283417, 46.323288302951411 ], [ -112.531591118706558, 46.332980007595509 ], [ -112.525, 46.333333333333357 ], [ -112.523785061306384, 46.328599378797762 ], [ -112.505148315429651, 46.329796685112868 ], [ -112.50056728786889, 46.335289510091165 ], [ -112.499149237738678, 46.340815904405403 ], [ -112.495833333333294, 46.34166666666669 ], [ -112.476742214626697, 46.341313340928842 ], [ -112.464924452039895, 46.329519992404535 ], [ -112.45, 46.329166666666687 ], [ -112.449401516384512, 46.349084472656273 ], [ -112.44362284342445, 46.350567287868948 ], [ -112.439710489908819, 46.353599378797767 ], [ -112.425, 46.354166666666686 ], [ -112.424432712131036, 46.35637715657554 ], [ -112.421400621202224, 46.360289510091164 ], [ -112.420266045464373, 46.373043823242213 ], [ -112.411570909288159, 46.382630411783879 ], [ -112.401956176757778, 46.38390062120228 ], [ -112.397907850477395, 46.387038167317733 ], [ -112.389710489908822, 46.37973395453561 ], [ -112.386753336588512, 46.378599378797766 ], [ -112.381377156575482, 46.382766045464429 ], [ -112.378420003255172, 46.38390062120228 ], [ -112.372916666666626, 46.379635281033011 ], [ -112.368877156575479, 46.382766045464429 ], [ -112.351956176757781, 46.38390062120228 ], [ -112.348043823242151, 46.386932712131099 ], [ -112.34251742892792, 46.388350762261304 ], [ -112.341099378797708, 46.393877156575542 ], [ -112.338067287868881, 46.397789510091165 ], [ -112.336649237738683, 46.403315904405403 ], [ -112.331122843424438, 46.404733954535615 ], [ -112.327210489908822, 46.407766045464435 ], [ -112.322789510091113, 46.408900621202278 ], [ -112.313419596354137, 46.417249552408876 ], [ -112.3125, 46.420833333333356 ], [ -112.31306728786889, 46.42304382324221 ], [ -112.316099378797702, 46.426956176757834 ], [ -112.317517428927914, 46.432482571072072 ], [ -112.320833333333297, 46.433333333333358 ], [ -112.320266045464379, 46.439710489908876 ], [ -112.317233954535553, 46.4436228434245 ], [ -112.316099378797702, 46.448043823242209 ], [ -112.308900621202227, 46.456122843424502 ], [ -112.307766045464376, 46.460543823242212 ], [ -112.30473395453555, 46.464456176757835 ], [ -112.303599378797713, 46.471579996744815 ], [ -112.307766045464376, 46.476956176757838 ], [ -112.308900621202227, 46.479913330078148 ], [ -112.30473395453555, 46.485289510091171 ], [ -112.303599378797713, 46.500746663411483 ], [ -112.307864718966982, 46.50625 ], [ -112.30473395453555, 46.51028951009117 ], [ -112.303599378797713, 46.514710489908879 ], [ -112.299603949652749, 46.519865587022593 ], [ -112.292399427625838, 46.521714613172769 ], [ -112.291099378797711, 46.530154758029539 ], [ -112.303599378797713, 46.543622843424501 ], [ -112.30473395453555, 46.54804382324221 ], [ -112.307766045464376, 46.551956176757834 ], [ -112.308333333333294, 46.554166666666688 ], [ -112.308686659071142, 46.560757785373283 ], [ -112.312146674262124, 46.564242214626759 ], [ -112.312853325737805, 46.580883110894121 ], [ -112.300353325737817, 46.593408881293428 ], [ -112.299646674262121, 46.598257785373285 ], [ -112.29618665907114, 46.601742214626761 ], [ -112.295833333333292, 46.604166666666693 ], [ -112.296400621202224, 46.618877156575543 ], [ -112.299432712131036, 46.622789510091167 ], [ -112.300850762261248, 46.628315904405405 ], [ -112.307624986436593, 46.630054050021727 ], [ -112.309041680229996, 46.640779283311659 ], [ -112.315958319769933, 46.642554050021722 ], [ -112.317233954535553, 46.652210489908882 ], [ -112.320266045464379, 46.656122843424505 ], [ -112.321400621202216, 46.668877156575547 ], [ -112.324432712131042, 46.672789510091171 ], [ -112.325567287868893, 46.680154758029538 ], [ -112.31306728786889, 46.693622843424507 ], [ -112.3125, 46.695833333333354 ], [ -112.3125, 46.708333333333357 ], [ -112.315815734863264, 46.709184095594644 ], [ -112.317233954535567, 46.714710489908882 ], [ -112.320266045464393, 46.718622843424505 ], [ -112.321732923719594, 46.724338785807319 ], [ -112.335543823242162, 46.725567287868948 ], [ -112.340698920355877, 46.729562717013913 ], [ -112.341666666666626, 46.733333333333356 ], [ -112.352210489908813, 46.732766045464437 ], [ -112.357365587022528, 46.728770616319466 ], [ -112.359232923719588, 46.721494547526063 ], [ -112.373043823242156, 46.720266045464435 ], [ -112.376956176757773, 46.717233954535615 ], [ -112.384079996744759, 46.716099378797765 ], [ -112.389456176757776, 46.720266045464435 ], [ -112.410543823242151, 46.721400621202278 ], [ -112.414456176757781, 46.724432712131104 ], [ -112.4583333333333, 46.725 ], [ -112.460757785373232, 46.724646674262175 ], [ -112.464242214626708, 46.721186659071208 ], [ -112.466666666666626, 46.72083333333336 ], [ -112.469091118706558, 46.721186659071208 ], [ -112.480908881293374, 46.732980007595508 ], [ -112.489213053385384, 46.733686659071203 ], [ -112.49375, 46.72918124728735 ], [ -112.497575547960039, 46.732980007595508 ], [ -112.506591118706567, 46.733686659071203 ], [ -112.510075547960042, 46.737146674262178 ], [ -112.516666666666637, 46.7375 ], [ -112.515815904405343, 46.740815904405409 ], [ -112.5125, 46.741666666666688 ], [ -112.513117472330691, 46.747993638780407 ], [ -112.516997612847192, 46.75330505371096 ], [ -112.528372531466985, 46.754960801866346 ], [ -112.529935031466977, 46.765694851345508 ], [ -112.536573621961779, 46.767593044704888 ], [ -112.5375, 46.770833333333357 ], [ -112.535289510091118, 46.771400621202282 ], [ -112.531377156575488, 46.774432712131102 ], [ -112.525637817382773, 46.775905693901933 ], [ -112.524432712131045, 46.793877156575547 ], [ -112.517233954535556, 46.801956176757841 ], [ -112.516099378797705, 46.809079996744813 ], [ -112.520266045464382, 46.814456176757837 ], [ -112.521400621202218, 46.825746663411486 ], [ -112.517233954535556, 46.831122843424502 ], [ -112.516666666666637, 46.833333333333357 ], [ -112.514242214626705, 46.833686659071205 ], [ -112.510757785373229, 46.837146674262179 ], [ -112.508333333333297, 46.8375 ], [ -112.50612284342445, 46.838067287868952 ], [ -112.502210489908819, 46.841099378797772 ], [ -112.485289510091107, 46.842233954535615 ], [ -112.473043823242151, 46.853599378797767 ], [ -112.46751742892792, 46.855017428927979 ], [ -112.466666666666626, 46.858333333333363 ], [ -112.463350762261257, 46.859184095594642 ], [ -112.4625, 46.8625 ], [ -112.464710489908825, 46.863067287868951 ], [ -112.468622843424441, 46.86609937879777 ], [ -112.477210489908813, 46.867233954535614 ], [ -112.482365587022542, 46.871229383680578 ], [ -112.484184095594586, 46.878315904405405 ], [ -112.489710489908816, 46.879733954535617 ], [ -112.493622843424447, 46.882766045464436 ], [ -112.500365871853262, 46.884496392144122 ], [ -112.49223395453555, 46.893622843424502 ], [ -112.491666666666632, 46.916666666666693 ], [ -112.476003011067675, 46.917270575629367 ], [ -112.471400621202221, 46.922789510091171 ], [ -112.469945949978268, 46.928458319769994 ], [ -112.459266493055523, 46.929869249131968 ], [ -112.44640062120223, 46.943622843424507 ], [ -112.444982571072018, 46.949149237738744 ], [ -112.438350762261251, 46.950850762261311 ], [ -112.436362711588501, 46.958597819010443 ], [ -112.431377156575479, 46.954733954535619 ], [ -112.420833333333292, 46.954166666666694 ], [ -112.414418538411425, 46.953637017144125 ], [ -112.410416666666634, 46.950396050347251 ], [ -112.406414794921844, 46.953637017144125 ], [ -112.397751871744759, 46.954696316189263 ], [ -112.393914794921841, 46.957803683810788 ], [ -112.389418538411419, 46.958862982855926 ], [ -112.385581461588501, 46.961970350477458 ], [ -112.376918538411417, 46.963029649522596 ], [ -112.368914794921835, 46.970303683810791 ], [ -112.360251871744751, 46.971362982855929 ], [ -112.352248128255169, 46.978637017144123 ], [ -112.347751871744762, 46.979696316189262 ], [ -112.343914794921844, 46.982803683810793 ], [ -112.338457234700485, 46.984089152018257 ], [ -112.324470350477398, 46.998870849609403 ], [ -112.325529649522537, 47.002248128255232 ], [ -112.329696316189199, 47.007392713758705 ], [ -112.328254530164898, 47.011733330620686 ], [ -112.325, 47.0125 ], [ -112.324090915256036, 47.01604309082034 ], [ -112.3125, 47.016666666666694 ], [ -112.3125, 47.020833333333357 ], [ -112.316028849283825, 47.02173902723527 ], [ -112.317233954535553, 47.039710489908884 ], [ -112.324432712131042, 47.047789510091171 ], [ -112.325708346896661, 47.057445949978323 ], [ -112.331377156575485, 47.058900621202284 ], [ -112.335289510091116, 47.061932712131103 ], [ -112.339710489908825, 47.063067287868954 ], [ -112.343622843424441, 47.066099378797773 ], [ -112.349149237738686, 47.067517428927978 ], [ -112.350850762261246, 47.074149237738744 ], [ -112.354166666666629, 47.075 ], [ -112.366666666666632, 47.075 ], [ -112.378357272677917, 47.075688001844647 ], [ -112.379784138997366, 47.085493638780406 ], [ -112.383447265624966, 47.090508015950547 ], [ -112.390740288628436, 47.092593044704891 ], [ -112.392284138997354, 47.097993638780409 ], [ -112.396633232964376, 47.103431193033884 ], [ -112.410493638780352, 47.104784138997424 ], [ -112.41450636121958, 47.107715861002632 ], [ -112.420116170247354, 47.1093197292752 ], [ -112.421550496419229, 47.124013604058185 ], [ -112.428499688042507, 47.126000637478327 ], [ -112.429833645290771, 47.153166029188398 ], [ -112.435493638780343, 47.154784138997421 ], [ -112.440508015950485, 47.158447265625028 ], [ -112.441666666666634, 47.1625 ], [ -112.452424452039892, 47.162853325737878 ], [ -112.455908881293368, 47.166313340928845 ], [ -112.469091118706558, 47.167019992404541 ], [ -112.476742214626697, 47.174646674262178 ], [ -112.479166666666629, 47.175 ], [ -112.489924452039901, 47.174646674262178 ], [ -112.493408881293362, 47.171186659071211 ], [ -112.495833333333294, 47.170833333333363 ], [ -112.496970621744751, 47.175264655219209 ], [ -112.501956176757773, 47.171400621202288 ], [ -112.504166666666634, 47.170833333333363 ], [ -112.518826972113686, 47.171450975206191 ], [ -112.522839694552914, 47.174382358127197 ], [ -112.525469292534694, 47.175617641872861 ], [ -112.531173027886254, 47.171450975206191 ], [ -112.535493638780352, 47.170215691460534 ], [ -112.53950636121958, 47.167284308539521 ], [ -112.55073682996958, 47.166049024793864 ], [ -112.560339694552923, 47.174382358127197 ], [ -112.570039198133642, 47.175794135199681 ], [ -112.571642727322015, 47.186811998155413 ], [ -112.595023939344586, 47.188188001844644 ], [ -112.596450805664034, 47.197993469238313 ], [ -112.599382527669235, 47.20200653076175 ], [ -112.600617472330697, 47.206326802571645 ], [ -112.603549194335898, 47.210339864095083 ], [ -112.604166666666629, 47.22083333333336 ], [ -112.604933336045974, 47.224088033040395 ], [ -112.609273952907955, 47.225529479980494 ], [ -112.614418538411428, 47.221362813313831 ], [ -112.630249701605877, 47.220303853352895 ], [ -112.639418538411419, 47.228637186686228 ], [ -112.643914794921841, 47.229696146647164 ], [ -112.647751871744759, 47.232803853352891 ], [ -112.659273952907952, 47.233862813313834 ], [ -112.664418538411425, 47.229696146647164 ], [ -112.675940619574618, 47.228637186686228 ], [ -112.681085205078091, 47.232803853352891 ], [ -112.695833333333297, 47.233333333333363 ], [ -112.704166666666637, 47.233333333333363 ], [ -112.7083333333333, 47.233333333333363 ], [ -112.719091118706558, 47.233686659071211 ], [ -112.722575547960034, 47.237146674262185 ], [ -112.741666666666632, 47.2375 ], [ -112.742327880859349, 47.244933742947076 ], [ -112.745833333333294, 47.245833333333366 ], [ -112.744982571072015, 47.249149068196644 ], [ -112.739456176757784, 47.250567287868954 ], [ -112.734301079644069, 47.254562547471821 ], [ -112.732482571072012, 47.261649068196647 ], [ -112.725643920898406, 47.263403998480932 ], [ -112.724432712131048, 47.280016750759579 ], [ -112.730173746744754, 47.286900668674072 ], [ -112.764710489908822, 47.288067287868955 ], [ -112.772789510091116, 47.295266045464437 ], [ -112.779913330078088, 47.296400621202288 ], [ -112.785289510091118, 47.292233954535618 ], [ -112.792413330078091, 47.291099378797774 ], [ -112.797789510091121, 47.295266045464437 ], [ -112.806377156575493, 47.296400621202288 ], [ -112.81028951009111, 47.299432712131107 ], [ -112.814710489908819, 47.300567287868951 ], [ -112.81862284342445, 47.30359937879777 ], [ -112.828279283311602, 47.304875183105494 ], [ -112.829166666666637, 47.308333333333366 ], [ -112.832482571072021, 47.30918426513675 ], [ -112.8333333333333, 47.3125 ], [ -112.852424452039898, 47.312146674262181 ], [ -112.855908881293374, 47.308686659071213 ], [ -112.858333333333306, 47.308333333333366 ], [ -112.859184095594586, 47.311649068196644 ], [ -112.865815904405352, 47.313350931803413 ], [ -112.867233954535564, 47.318877156575553 ], [ -112.871229383680529, 47.324032253689268 ], [ -112.878315904405355, 47.325850931803416 ], [ -112.879166666666634, 47.329166666666694 ], [ -112.898257785373232, 47.329519992404542 ], [ -112.901742214626708, 47.332980007595516 ], [ -112.90416666666664, 47.333333333333364 ], [ -112.905072360568539, 47.336862352159315 ], [ -112.923043823242153, 47.338067287868952 ], [ -112.926956176757784, 47.341099378797772 ], [ -112.933333333333309, 47.341666666666697 ], [ -112.932482571072015, 47.344982401529975 ], [ -112.929166666666632, 47.34583333333336 ], [ -112.928549194335901, 47.347993469238311 ], [ -112.9256174723307, 47.352006530761749 ], [ -112.924382527669238, 47.356326802571644 ], [ -112.91728413899736, 47.364506530761751 ], [ -112.916049194335912, 47.379903327094212 ], [ -112.925535074869757, 47.39083489312069 ], [ -112.935493638780358, 47.39228430853953 ], [ -112.939506361219586, 47.395215691460535 ], [ -112.94490695529511, 47.396759711371558 ], [ -112.946450805664028, 47.402160135904978 ], [ -112.963305324978265, 47.420098537868952 ], [ -112.978364054361947, 47.421568467881976 ], [ -112.97978413899736, 47.431326802571647 ], [ -112.991049194335901, 47.443673197428417 ], [ -112.991666666666632, 47.445833333333361 ], [ -112.992284138997363, 47.447993469238313 ], [ -112.999382527669241, 47.456173197428413 ], [ -113.000794135199627, 47.465872531467042 ], [ -113.010493638780346, 47.467284308539526 ], [ -113.015508015950488, 47.470947265625028 ], [ -113.017284138997368, 47.477160135904981 ], [ -113.020215861002569, 47.481173197428419 ], [ -113.0208333333333, 47.4875 ], [ -113.023257785373232, 47.487853325737881 ], [ -113.026742214626708, 47.491313340928848 ], [ -113.055882432725667, 47.492019992404543 ], [ -113.064242214626702, 47.483686659071211 ], [ -113.093379720052056, 47.482980007595515 ], [ -113.097575547960034, 47.487146674262185 ], [ -113.106591118706575, 47.487853325737881 ], [ -113.110075547960037, 47.491313340928848 ], [ -113.1125, 47.491666666666696 ], [ -113.113067287868901, 47.49387715657555 ], [ -113.116099378797713, 47.497789510091174 ], [ -113.117327880859349, 47.511600409613749 ], [ -113.120833333333309, 47.5125 ], [ -113.121400621202227, 47.523043823242219 ], [ -113.124432712131053, 47.526956176757842 ], [ -113.12556728786889, 47.557118394639787 ], [ -113.117399427625841, 47.559214613172777 ], [ -113.116099378797713, 47.567654758029548 ], [ -113.128599378797716, 47.581122843424509 ], [ -113.129733954535567, 47.585543823242219 ], [ -113.134252929687477, 47.590962388780412 ], [ -113.143877156575485, 47.592233954535622 ], [ -113.149361504448763, 47.596807691786054 ], [ -113.150567287868896, 47.613437228732671 ], [ -113.142233954535556, 47.622789510091181 ], [ -113.141099378797719, 47.625746663411491 ], [ -113.146097819010393, 47.63219621446401 ], [ -113.138350762261254, 47.634184265136753 ], [ -113.136932712131042, 47.639710489908886 ], [ -113.13390062120223, 47.643622843424509 ], [ -113.133333333333297, 47.658333333333367 ], [ -113.140767076280355, 47.658994547526071 ], [ -113.142233954535556, 47.664710489908884 ], [ -113.145266045464382, 47.668622843424508 ], [ -113.146400621202233, 47.673043823242217 ], [ -113.149432712131045, 47.676956176757848 ], [ -113.15, 47.683333333333366 ], [ -113.15331590440536, 47.68418426513675 ], [ -113.15416666666664, 47.6875 ], [ -113.156377156575488, 47.688067287868954 ], [ -113.161844041612383, 47.692626444498728 ], [ -113.163067287868898, 47.706377156575556 ], [ -113.166099378797711, 47.710289510091179 ], [ -113.167233954535561, 47.727951727973121 ], [ -113.160289510091118, 47.729733954535625 ], [ -113.156377156575488, 47.732766045464444 ], [ -113.151956176757778, 47.733900621202288 ], [ -113.142586263020803, 47.742249552408886 ], [ -113.141666666666637, 47.745833333333366 ], [ -113.126918538411431, 47.745303853352894 ], [ -113.123081461588512, 47.742196146647167 ], [ -113.107392713758657, 47.741137186686231 ], [ -113.102248128255184, 47.745303853352894 ], [ -113.085251871744759, 47.746362813313837 ], [ -113.07982347276473, 47.751033528645863 ], [ -113.078637017144075, 47.759274122450122 ], [ -113.083815511067684, 47.765667385525205 ], [ -113.082446967230879, 47.7700607299805 ], [ -113.076918538411434, 47.771362813313836 ], [ -113.067271931966118, 47.780260382758279 ], [ -113.066137017144072, 47.792607455783454 ], [ -113.070437282986077, 47.797916666666701 ], [ -113.067196316189211, 47.801918368869394 ], [ -113.066666666666634, 47.808333333333366 ], [ -113.066049194335903, 47.831326802571645 ], [ -113.063117472330703, 47.835339864095083 ], [ -113.061882527669241, 47.867135789659322 ], [ -113.066049194335903, 47.872839864095084 ], [ -113.067284138997366, 47.88132680257165 ], [ -113.070947265624966, 47.886341179741791 ], [ -113.077160305447023, 47.888117641872867 ], [ -113.081173027886251, 47.891049024793872 ], [ -113.090998670789901, 47.892479112413227 ], [ -113.09166666666664, 47.908333333333367 ], [ -113.091308593749972, 47.910790167914527 ], [ -113.085757785373232, 47.916313340928852 ], [ -113.079166666666637, 47.9166666666667 ], [ -113.078315904405358, 47.919982401529985 ], [ -113.072789510091113, 47.921400621202288 ], [ -113.068877156575496, 47.924432712131107 ], [ -113.056122843424447, 47.925567287868958 ], [ -113.050746663411431, 47.929733954535621 ], [ -113.039456176757781, 47.928599378797777 ], [ -113.034079996744765, 47.924432712131107 ], [ -113.031122843424455, 47.925567287868958 ], [ -113.027210489908825, 47.928599378797777 ], [ -113.017554050021673, 47.929875183105501 ], [ -113.015698920355874, 47.937104119194913 ], [ -113.010543823242159, 47.94109937879778 ], [ -112.993622843424447, 47.942233954535624 ], [ -112.984270562065944, 47.950567287868957 ], [ -112.951956176757776, 47.949432712131113 ], [ -112.946579996744759, 47.945266045464443 ], [ -112.918622843424444, 47.946400621202294 ], [ -112.914710489908828, 47.949432712131113 ], [ -112.908333333333303, 47.95 ], [ -112.90797932942705, 47.960784233941006 ], [ -112.894091118706569, 47.974646674262189 ], [ -112.8875, 47.975 ], [ -112.880112033420104, 47.97560984293623 ], [ -112.878637017144072, 47.980249701605935 ], [ -112.886970350477398, 47.989418368869394 ], [ -112.888029649522537, 47.998081631130674 ], [ -112.891137017144061, 48.00191836886939 ], [ -112.892196316189199, 48.010581631130677 ], [ -112.895303683810738, 48.014418368869393 ], [ -112.8958333333333, 48.016666666666701 ], [ -112.896450805664031, 48.018826802571652 ], [ -112.909211900499102, 48.032678731282587 ], [ -112.947993638780346, 48.033950975206196 ], [ -112.952478027343716, 48.03722686767582 ], [ -112.954784138997368, 48.042135789659326 ], [ -112.949886067708306, 48.048841179741785 ], [ -112.943673027886248, 48.050617641872861 ], [ -112.939188639322893, 48.053893534342485 ], [ -112.936882527669241, 48.058802456325992 ], [ -112.941997612847189, 48.065805223253072 ], [ -112.952160305447023, 48.067284308539534 ], [ -112.956173027886251, 48.07021569146054 ], [ -112.960493638780349, 48.071450975206197 ], [ -112.964506361219591, 48.074382358127203 ], [ -112.978364054361947, 48.075735134548644 ], [ -112.97978413899736, 48.085493469238315 ], [ -112.983447265624974, 48.090507846408457 ], [ -112.989660305447018, 48.092284308539533 ], [ -112.994901869032091, 48.096113247341613 ], [ -112.99645080566404, 48.104635789659326 ], [ -112.992284138997363, 48.110339864095089 ], [ -112.991049194335901, 48.114660135904984 ], [ -112.988056776258645, 48.118756612141965 ], [ -112.995215861002578, 48.127006530761754 ], [ -112.997045898437477, 48.133407931857676 ], [ -113.002006361219586, 48.129784308539534 ], [ -113.017135959201354, 48.12854902479387 ], [ -113.023841349283828, 48.133447265625037 ], [ -113.025, 48.1375 ], [ -113.027424452039895, 48.137146674262191 ], [ -113.043408881293374, 48.121186659071213 ], [ -113.05, 48.120833333333351 ], [ -113.053528849283822, 48.121739027235265 ], [ -113.054733954535564, 48.139710489908872 ], [ -113.06749403211802, 48.153351508246544 ], [ -113.073785061306396, 48.154733954535608 ], [ -113.075567287868893, 48.147789510091165 ], [ -113.08434482150605, 48.138112386067732 ], [ -113.109079996744768, 48.136932712131099 ], [ -113.1145833333333, 48.141198052300368 ], [ -113.118622843424447, 48.138067287868942 ], [ -113.133333333333297, 48.1375 ], [ -113.132766045464379, 48.139710489908872 ], [ -113.129635281032961, 48.14375 ], [ -113.132766045464379, 48.147789510091165 ], [ -113.134242418077221, 48.153543090820335 ], [ -113.156377156575488, 48.154733954535608 ], [ -113.161532253689202, 48.158729383680573 ], [ -113.163387383355001, 48.165958319769985 ], [ -113.173043823242153, 48.167233954535611 ], [ -113.176956176757784, 48.17026604546443 ], [ -113.181377156575493, 48.171400621202274 ], [ -113.185289510091124, 48.174432712131093 ], [ -113.188246663411434, 48.175567287868944 ], [ -113.19362284342445, 48.171400621202274 ], [ -113.198043823242159, 48.17026604546443 ], [ -113.206241183810732, 48.162961832682313 ], [ -113.210289510091116, 48.16609937879776 ], [ -113.214710489908825, 48.167233954535611 ], [ -113.218622843424455, 48.17026604546443 ], [ -113.228279283311608, 48.171541680230057 ], [ -113.229166666666643, 48.175 ], [ -113.232709757486958, 48.175909084743942 ], [ -113.233333333333306, 48.1875 ], [ -113.233686659071154, 48.206591118706619 ], [ -113.237853325737817, 48.210786946614604 ], [ -113.237141248914895, 48.214955986870677 ], [ -113.227424452039898, 48.224646674262175 ], [ -113.225, 48.225 ], [ -113.225567287868898, 48.23137715657554 ], [ -113.229562547471758, 48.236532253689255 ], [ -113.236649068196584, 48.238350762261305 ], [ -113.238067287868901, 48.243877156575543 ], [ -113.246852959526876, 48.253563435872415 ], [ -113.2625, 48.254166666666691 ], [ -113.263350931803359, 48.257482571072067 ], [ -113.268877156575499, 48.25890062120228 ], [ -113.272789510091116, 48.261932712131099 ], [ -113.281377156575488, 48.263067287868942 ], [ -113.285289510091118, 48.266099378797762 ], [ -113.291666666666643, 48.266666666666687 ], [ -113.292284308539465, 48.277160305447069 ], [ -113.296164449055965, 48.282471720377629 ], [ -113.30632680257159, 48.283950805664084 ], [ -113.31450653076169, 48.291049194335962 ], [ -113.331326802571581, 48.292284138997417 ], [ -113.335339864095019, 48.295215861002625 ], [ -113.349197387695284, 48.296568467881968 ], [ -113.350617641872802, 48.306326972113737 ], [ -113.353549024793807, 48.310339694552972 ], [ -113.354784308539465, 48.31466030544707 ], [ -113.35771569146047, 48.318673027886305 ], [ -113.358950975206142, 48.322993638780403 ], [ -113.361882358127147, 48.327006361219638 ], [ -113.363117641872805, 48.331326972113736 ], [ -113.36604902479381, 48.335339694552971 ], [ -113.366666666666646, 48.354166666666686 ], [ -113.366666666666646, 48.358333333333356 ], [ -113.364242214626714, 48.358686659071203 ], [ -113.360757785373238, 48.362146674262178 ], [ -113.355908881293374, 48.362853325737866 ], [ -113.352424452039898, 48.366313340928841 ], [ -113.347575547960048, 48.367019992404536 ], [ -113.333688015407958, 48.380881754557315 ], [ -113.3333333333333, 48.3875 ], [ -113.336649068196593, 48.388350762261304 ], [ -113.338067287868896, 48.393877156575542 ], [ -113.342062547471755, 48.399032253689256 ], [ -113.349338785807262, 48.40089959038631 ], [ -113.350567287868898, 48.414710489908877 ], [ -113.353599378797711, 48.418622843424501 ], [ -113.354166666666643, 48.425 ], [ -113.369091118706564, 48.424646674262178 ], [ -113.376742214626702, 48.417019992404533 ], [ -113.397546217176625, 48.416313340928845 ], [ -113.401742214626708, 48.420480007595508 ], [ -113.405879550509951, 48.421186659071203 ], [ -113.410075547960048, 48.417019992404533 ], [ -113.4125, 48.416666666666686 ], [ -113.412853325737814, 48.419091118706618 ], [ -113.416313340928795, 48.422575547960093 ], [ -113.417019992404491, 48.427424452039951 ], [ -113.422543165418816, 48.43297526041669 ], [ -113.427424452039901, 48.433686659071199 ], [ -113.430908881293377, 48.437146674262173 ], [ -113.439924452039904, 48.437853325737869 ], [ -113.443408881293379, 48.441313340928843 ], [ -113.452424452039907, 48.442019992404539 ], [ -113.455908881293382, 48.445480007595506 ], [ -113.4625, 48.445833333333354 ], [ -113.464924452039909, 48.446186659071202 ], [ -113.468408881293371, 48.449646674262176 ], [ -113.479166666666643, 48.45 ], [ -113.478813340928795, 48.464924452039952 ], [ -113.466680399576802, 48.477082655164956 ], [ -113.470480007595455, 48.480908881293423 ], [ -113.471186659071151, 48.489213053385441 ], [ -113.467019992404488, 48.493408881293426 ], [ -113.466313340928792, 48.497549099392387 ], [ -113.474646674262132, 48.505908881293422 ], [ -113.475353325737814, 48.51421305338544 ], [ -113.471186659071151, 48.518408881293425 ], [ -113.470833333333303, 48.520833333333357 ], [ -113.471422322591124, 48.549081759982663 ], [ -113.477210489908828, 48.550567287868944 ], [ -113.481122843424458, 48.553599378797763 ], [ -113.502210489908833, 48.554733954535614 ], [ -113.50612284342445, 48.557766045464433 ], [ -113.511791483561169, 48.559220716688394 ], [ -113.513067287868893, 48.568877156575546 ], [ -113.516099378797719, 48.57278951009117 ], [ -113.516666666666637, 48.575 ], [ -113.514531622992592, 48.575642903645857 ], [ -113.510468377007356, 48.578523763020854 ], [ -113.50203162299259, 48.57980957031252 ], [ -113.497968377007354, 48.582690429687524 ], [ -113.492411634657088, 48.584363471137173 ], [ -113.490892028808574, 48.599260796440994 ], [ -113.472864956325935, 48.600642903645856 ], [ -113.463298882378439, 48.60883483886721 ], [ -113.4625, 48.616666666666688 ], [ -113.426021321614556, 48.617248874240474 ], [ -113.421400621202224, 48.622789510091167 ], [ -113.419982401529921, 48.628315904405405 ], [ -113.416666666666643, 48.629166666666691 ], [ -113.41631181504988, 48.635786946614608 ], [ -113.410757785373235, 48.641313340928846 ], [ -113.408333333333303, 48.641666666666694 ], [ -113.407482401529919, 48.64498257107207 ], [ -113.401956176757778, 48.646400621202282 ], [ -113.397083028157525, 48.650177341037349 ], [ -113.395266045464382, 48.654913330078152 ], [ -113.399432712131045, 48.660289510091168 ], [ -113.400567287868896, 48.665451727973114 ], [ -113.392290242512999, 48.667575751410617 ], [ -113.391099378797719, 48.689710489908876 ], [ -113.388067287868893, 48.693622843424507 ], [ -113.386932712131056, 48.723043823242215 ], [ -113.38390062120223, 48.726956176757838 ], [ -113.382766045464379, 48.731377156575547 ], [ -113.37556728786889, 48.739456176757841 ], [ -113.374432712131053, 48.743877156575543 ], [ -113.371400621202227, 48.747789510091174 ], [ -113.370266045464376, 48.764710489908879 ], [ -113.367233954535564, 48.768622843424502 ], [ -113.366666666666646, 48.770833333333357 ], [ -113.366666666666646, 48.775 ], [ -113.366099378797713, 48.777210489908882 ], [ -113.363067287868901, 48.781122843424505 ], [ -113.36193271213105, 48.806377156575543 ], [ -113.358900621202224, 48.810289510091174 ], [ -113.357766045464388, 48.814710489908876 ], [ -113.354733954535561, 48.818622843424507 ], [ -113.353315734863259, 48.824149237738737 ], [ -113.347789510091118, 48.82556728786895 ], [ -113.331377156575499, 48.841099378797772 ], [ -113.32695617675779, 48.842233954535615 ], [ -113.318877156575496, 48.849432712131104 ], [ -113.314456176757787, 48.850567287868948 ], [ -113.310543823242156, 48.853599378797767 ], [ -113.301956176757784, 48.854733954535618 ], [ -113.298043823242153, 48.857766045464437 ], [ -113.295833333333306, 48.858333333333363 ], [ -113.296186659071154, 48.877424452039953 ], [ -113.299646674262121, 48.880908881293429 ], [ -113.300353325737817, 48.88921305338544 ], [ -113.295847574869768, 48.893750339084228 ], [ -113.301713901095894, 48.899646335177977 ], [ -113.320833333333312, 48.9 ], [ -113.32414906819659, 48.900850762261314 ], [ -113.325, 48.90416666666669 ], [ -113.327424452039907, 48.904519992404538 ], [ -113.337142266167504, 48.914211697048636 ], [ -113.3375, 48.916666666666693 ], [ -113.337141927083309, 48.919123670789958 ], [ -113.331591118706569, 48.924646674262178 ], [ -113.322575547960042, 48.925353325737873 ], [ -113.31837955050996, 48.929519992404543 ], [ -113.235075547960037, 48.928813340928848 ], [ -113.23125, 48.925014580620683 ], [ -113.226712883843291, 48.929519992404543 ], [ -113.214242214626708, 48.928813340928848 ], [ -113.210416666666632, 48.925014580620683 ], [ -113.206591118706569, 48.928813340928848 ], [ -113.193408881293379, 48.929519992404543 ], [ -113.189924452039904, 48.932980007595511 ], [ -113.176742214626714, 48.933686659071206 ], [ -113.164924452039898, 48.945480007595513 ], [ -113.160075547960048, 48.946186659071209 ], [ -113.156591118706572, 48.949646674262176 ], [ -113.147545369466116, 48.950355699327282 ], [ -113.142019992404485, 48.955908881293432 ], [ -113.141308593749969, 48.960790337456622 ], [ -113.135757785373229, 48.966313340928849 ], [ -113.114242214626714, 48.967019992404538 ], [ -113.110757785373238, 48.970480007595512 ], [ -113.101742214626711, 48.971186659071208 ], [ -113.089924452039895, 48.982980007595515 ], [ -113.075, 48.983333333333363 ], [ -113.074332004123235, 48.999187554253496 ], [ -113.064506361219586, 49.000617472330759 ], [ -113.052160305447018, 49.0118825276693 ], [ -113.04783969455292, 49.013117472330755 ], [ -113.043826972113692, 49.016049194335963 ], [ -113.039506361219594, 49.017284138997425 ], [ -113.035493638780352, 49.020215861002633 ], [ -113.029858737521678, 49.021826850043432 ], [ -113.028549194335909, 49.039660305447079 ], [ -113.025617472330694, 49.043673027886314 ], [ -113.025, 49.045833333333363 ], [ -113.022839694552928, 49.046450805664087 ], [ -113.017528279622368, 49.05033094618058 ], [ -113.016049194335906, 49.060493638780407 ], [ -113.004784138997366, 49.072839694552982 ], [ -113.003372531466979, 49.082539198133709 ], [ -112.99367302788626, 49.083950805664088 ], [ -112.988235473632784, 49.088299899631103 ], [ -112.9875, 49.09583333333336 ], [ -112.983333333333306, 49.09583333333336 ], [ -112.982419840494757, 49.092274305555584 ], [ -112.96666666666664, 49.091666666666697 ], [ -112.966099378797708, 49.093877156575552 ], [ -112.963067287868896, 49.097789510091175 ], [ -112.961932712131045, 49.102210489908884 ], [ -112.958900621202233, 49.106122843424508 ], [ -112.957365587022537, 49.112103949652806 ], [ -112.952210489908822, 49.11609937879777 ], [ -112.94362284342445, 49.117233954535621 ], [ -112.939710489908819, 49.12026604546444 ], [ -112.93528951009111, 49.121400621202284 ], [ -112.923043823242153, 49.132766045464436 ], [ -112.918622843424444, 49.133900621202287 ], [ -112.905154758029482, 49.146400621202282 ], [ -112.884241739908816, 49.145206366644992 ], [ -112.882365587022534, 49.137896050347251 ], [ -112.877210489908819, 49.133900621202287 ], [ -112.87278951009111, 49.132766045464436 ], [ -112.868877156575493, 49.129733954535617 ], [ -112.864456176757784, 49.128599378797773 ], [ -112.860416666666637, 49.125468614366348 ], [ -112.854913330078091, 49.129733954535617 ], [ -112.847789510091118, 49.128599378797773 ], [ -112.842413330078088, 49.124432712131103 ], [ -112.835289510091116, 49.125567287868954 ], [ -112.829913330078099, 49.129733954535617 ], [ -112.81862284342445, 49.128599378797773 ], [ -112.813246663411434, 49.124432712131103 ], [ -112.806122843424447, 49.125567287868954 ], [ -112.802210489908816, 49.128599378797773 ], [ -112.789456176757781, 49.129733954535617 ], [ -112.785543823242151, 49.132766045464436 ], [ -112.783333333333303, 49.133333333333361 ], [ -112.783976236979129, 49.164635043674075 ], [ -112.78685709635414, 49.168698289659318 ], [ -112.788142903645806, 49.18130171034074 ], [ -112.795190429687466, 49.189531622992646 ], [ -112.796476236979132, 49.191988457573814 ], [ -112.792309570312469, 49.197864956325986 ], [ -112.790890163845461, 49.211780124240477 ], [ -112.76869845920136, 49.213142734103762 ], [ -112.763320583767324, 49.216955905490479 ], [ -112.761857096354134, 49.231301710340738 ], [ -112.754809570312474, 49.239531622992651 ], [ -112.753421698676178, 49.253136528862875 ], [ -112.745848592122357, 49.255416531033013 ], [ -112.749357096354132, 49.260364956325986 ], [ -112.75, 49.2625 ], [ -112.749432712131039, 49.264710489908886 ], [ -112.746400621202227, 49.268622843424509 ], [ -112.744982571072015, 49.274149068196643 ], [ -112.741666666666632, 49.275 ], [ -112.7375, 49.275 ], [ -112.735075547960037, 49.275353325737875 ], [ -112.731591118706561, 49.278813340928849 ], [ -112.726742214626711, 49.279519992404545 ], [ -112.723257785373235, 49.282980007595512 ], [ -112.704166666666637, 49.28333333333336 ], [ -112.697575547960042, 49.283686659071208 ], [ -112.694091118706567, 49.287146674262182 ], [ -112.6875, 49.2875 ], [ -112.676742214626699, 49.287853325737878 ], [ -112.672915988498232, 49.29165276421444 ], [ -112.664924452039898, 49.283686659071208 ], [ -112.65416666666664, 49.28333333333336 ], [ -112.65, 49.28333333333336 ], [ -112.647575547960031, 49.282980007595512 ], [ -112.639924452039892, 49.275353325737875 ], [ -112.626742214626702, 49.274646674262179 ], [ -112.62254638671871, 49.270480007595516 ], [ -112.585075547960031, 49.271186659071212 ], [ -112.580879720052053, 49.275353325737875 ], [ -112.572575547960042, 49.274646674262179 ], [ -112.569091118706567, 49.271186659071212 ], [ -112.564242214626702, 49.270480007595516 ], [ -112.56041666666664, 49.266681247287352 ], [ -112.556591118706564, 49.270480007595516 ], [ -112.539242214626697, 49.271186659071212 ], [ -112.535757785373235, 49.274646674262179 ], [ -112.533333333333303, 49.275 ], [ -112.533333333333303, 49.270833333333364 ], [ -112.533333333333303, 49.266666666666694 ], [ -112.510289510091113, 49.267233954535619 ], [ -112.50093722873261, 49.275567287868952 ], [ -112.49778951009111, 49.274432712131102 ], [ -112.493877156575493, 49.271400621202289 ], [ -112.489456176757784, 49.270266045464439 ], [ -112.484079996744754, 49.266099378797769 ], [ -112.472789510091118, 49.267233954535619 ], [ -112.468741183810735, 49.270371500651073 ], [ -112.460543823242148, 49.26306728786895 ], [ -112.44362284342445, 49.261932712131106 ], [ -112.435543823242156, 49.254733954535617 ], [ -112.421732923719588, 49.253505452473988 ], [ -112.419982571072012, 49.24668426513675 ], [ -112.414456176757781, 49.24526604546444 ], [ -112.410543823242151, 49.242233954535621 ], [ -112.401956176757778, 49.24109937879777 ], [ -112.398043823242148, 49.238067287868951 ], [ -112.375909084743881, 49.236876424153678 ], [ -112.375, 49.233333333333363 ], [ -112.358333333333292, 49.233333333333363 ], [ -112.351742214626697, 49.232980007595515 ], [ -112.348257785373235, 49.229519992404541 ], [ -112.343408881293371, 49.228813340928845 ], [ -112.339924452039895, 49.225353325737878 ], [ -112.335075547960031, 49.224646674262182 ], [ -112.331591118706555, 49.221186659071208 ], [ -112.318408881293365, 49.220480007595512 ], [ -112.31492445203989, 49.217019992404545 ], [ -112.305908881293362, 49.216313340928849 ], [ -112.302424452039901, 49.212853325737875 ], [ -112.297575547960037, 49.212146674262179 ], [ -112.294091118706561, 49.208686659071212 ], [ -112.285075547960034, 49.207980007595516 ], [ -112.281591118706558, 49.204519992404542 ], [ -112.260075547960028, 49.203813340928846 ], [ -112.256591118706567, 49.200353325737879 ], [ -112.247575547960039, 49.199646674262183 ], [ -112.244091118706564, 49.196186659071209 ], [ -112.2375, 49.195833333333361 ], [ -112.2375, 49.204166666666694 ], [ -112.236838785807265, 49.211600409613744 ], [ -112.23333333333332, 49.2125 ], [ -112.23333333333332, 49.216666666666697 ], [ -112.232975599500847, 49.219121805826852 ], [ -112.223257785373249, 49.228813340928845 ], [ -112.220833333333317, 49.229166666666693 ], [ -112.220095994737392, 49.240929328070777 ], [ -112.208333333333314, 49.241666666666696 ], [ -112.20741763644746, 49.24523484971791 ], [ -112.168622843424458, 49.246400621202284 ], [ -112.163104078504759, 49.251003011067738 ], [ -112.1625, 49.266666666666694 ], [ -112.154864501953099, 49.267445543077287 ], [ -112.153523932562919, 49.297968377007408 ], [ -112.150642734103712, 49.302031622992651 ], [ -112.149357265896242, 49.31046837700741 ], [ -112.13814273410371, 49.322864956325986 ], [ -112.1375, 49.325 ], [ -112.120833333333309, 49.325 ], [ -112.117062547471761, 49.324032253689268 ], [ -112.113067287868901, 49.318877156575553 ], [ -112.111580234103712, 49.313082885742219 ], [ -112.102210489908828, 49.304733954535621 ], [ -112.081122843424453, 49.30359937879777 ], [ -112.075746663411437, 49.299432712131107 ], [ -112.072789510091127, 49.300567287868951 ], [ -112.067413330078097, 49.304733954535621 ], [ -112.039456176757795, 49.30359937879777 ], [ -112.035543823242165, 49.300567287868951 ], [ -112.025887383355013, 49.299291483561227 ], [ -112.024032253689214, 49.292062547471815 ], [ -112.018877156575499, 49.288067287868955 ], [ -112.012895880805104, 49.286532253689266 ], [ -112.00890062120223, 49.281377156575552 ], [ -112.008333333333312, 49.275 ], [ -112.010757785373244, 49.274646674262179 ], [ -112.016308593749983, 49.269123501247861 ], [ -112.016666666666652, 49.266666666666694 ], [ -112.023043823242162, 49.266099378797769 ], [ -112.025567287868896, 49.263714938693603 ], [ -112.018622843424453, 49.261932712131106 ], [ -112.010543823242159, 49.254733954535617 ], [ -112.006122843424464, 49.253599378797773 ], [ -112.002210489908833, 49.250567287868954 ], [ -111.997789510091124, 49.249432712131103 ], [ -111.993877156575493, 49.246400621202284 ], [ -111.9875, 49.245833333333366 ], [ -111.971836344401027, 49.245229254828587 ], [ -111.967233954535573, 49.23971048990888 ], [ -111.966011895073763, 49.225973002115914 ], [ -111.955126274956569, 49.216099378797772 ], [ -111.947789510091127, 49.217233954535615 ], [ -111.934321424696151, 49.229733954535618 ], [ -111.922789510091121, 49.228599378797774 ], [ -111.918877156575505, 49.225567287868955 ], [ -111.913350931803365, 49.224149068196645 ], [ -111.911612616644945, 49.217375183105496 ], [ -111.900919426812038, 49.215962388780412 ], [ -111.896400621202233, 49.210543823242219 ], [ -111.89498240152993, 49.205017598470079 ], [ -111.88945617675779, 49.203599378797769 ], [ -111.885543823242159, 49.20056728786895 ], [ -111.875, 49.2 ], [ -111.874149068196587, 49.196684265136746 ], [ -111.868622843424461, 49.195266045464436 ], [ -111.863246663411431, 49.191099378797773 ], [ -111.851956176757795, 49.192233954535617 ], [ -111.846579996744765, 49.196400621202287 ], [ -111.817535400390597, 49.195221964518254 ], [ -111.816465250651021, 49.190447998046906 ], [ -111.820371500651021, 49.185407850477461 ], [ -111.811932712131053, 49.175937228732664 ], [ -111.813067287868904, 49.168622843424508 ], [ -111.816626485188777, 49.164030456542996 ], [ -111.806377156575493, 49.154733954535615 ], [ -111.8, 49.154166666666697 ], [ -111.799149068196584, 49.150850762261314 ], [ -111.793622843424458, 49.149432712131102 ], [ -111.777210489908825, 49.133900621202287 ], [ -111.770833333333314, 49.133333333333361 ], [ -111.760075547960042, 49.133686659071209 ], [ -111.75587955050996, 49.137853325737872 ], [ -111.722575547960048, 49.137146674262183 ], [ -111.719091118706572, 49.133686659071209 ], [ -111.705908881293382, 49.132980007595513 ], [ -111.702424452039907, 49.129519992404539 ], [ -111.691666666666649, 49.129166666666691 ], [ -111.685339864095027, 49.129784138997422 ], [ -111.68132680257159, 49.13271586100263 ], [ -111.671568467881926, 49.13413594563805 ], [ -111.670215691460484, 49.147993638780413 ], [ -111.667284308539479, 49.152006361219648 ], [ -111.665974595811605, 49.169839816623295 ], [ -111.6625, 49.170833333333363 ], [ -111.651742214626708, 49.170480007595515 ], [ -111.648257785373232, 49.167019992404541 ], [ -111.639242214626705, 49.166313340928845 ], [ -111.635757785373244, 49.162853325737878 ], [ -111.618408881293377, 49.162146674262182 ], [ -111.606591118706575, 49.150353325737875 ], [ -111.601742214626711, 49.149646674262179 ], [ -111.598257785373235, 49.146186659071205 ], [ -111.585075547960045, 49.145480007595516 ], [ -111.581591118706569, 49.142019992404542 ], [ -111.569120449489986, 49.141313340928846 ], [ -111.564924452039904, 49.145480007595516 ], [ -111.543408881293374, 49.146186659071205 ], [ -111.531591118706572, 49.157980007595512 ], [ -111.518408881293382, 49.158686659071208 ], [ -111.508688863118465, 49.168380567762618 ], [ -111.507980007595464, 49.177424452039958 ], [ -111.504519992404482, 49.180908881293433 ], [ -111.503813340928787, 49.194091118706623 ], [ -111.500353325737819, 49.197575547960099 ], [ -111.5, 49.2 ], [ -111.496684265136693, 49.200850931803416 ], [ -111.495833333333309, 49.204166666666694 ], [ -111.502210489908833, 49.204733954535619 ], [ -111.511580234103704, 49.213082885742217 ], [ -111.513067287868893, 49.218877156575552 ], [ -111.521762593587212, 49.228463745117217 ], [ -111.531377156575502, 49.229733954535618 ], [ -111.535289510091118, 49.232766045464437 ], [ -111.540815734863259, 49.234184265136747 ], [ -111.541666666666643, 49.2375 ], [ -111.541308593749974, 49.239956834581193 ], [ -111.535757785373235, 49.245480007595518 ], [ -111.533333333333303, 49.245833333333366 ], [ -111.530017598470025, 49.24668426513675 ], [ -111.528315734863256, 49.253315734863307 ], [ -111.525, 49.254166666666698 ], [ -111.524646674262129, 49.256591118706623 ], [ -111.521186659071148, 49.260075547960099 ], [ -111.520833333333314, 49.270833333333364 ], [ -111.501918368869326, 49.270303853352893 ], [ -111.496774122450063, 49.26613718668623 ], [ -111.451918368869329, 49.267196146647166 ], [ -111.446774122450066, 49.271362813313829 ], [ -111.431085035536, 49.270303853352893 ], [ -111.425940789116723, 49.26613718668623 ], [ -111.421599833170546, 49.267578633626329 ], [ -111.420074801974806, 49.274053785536054 ], [ -111.414748297797289, 49.278637186686225 ], [ -111.406085035535995, 49.279696146647161 ], [ -111.402248297797286, 49.282803853352895 ], [ -111.389418368869329, 49.283862813313831 ], [ -111.37709554036455, 49.295447285970084 ], [ -111.373081631130617, 49.292196146647164 ], [ -111.36025170220266, 49.291137186686228 ], [ -111.356414964463951, 49.288029479980494 ], [ -111.35, 49.2875 ], [ -111.346541849772109, 49.286612616644994 ], [ -111.345124816894497, 49.275887383355062 ], [ -111.34166666666664, 49.275 ], [ -111.341311815049892, 49.268379550510012 ], [ -111.335757785373232, 49.262853325737879 ], [ -111.330908881293382, 49.262146674262183 ], [ -111.327424452039907, 49.258686659071209 ], [ -111.325, 49.258333333333361 ], [ -111.293622843424458, 49.257766045464436 ], [ -111.289710489908828, 49.254733954535617 ], [ -111.285289510091118, 49.253599378797773 ], [ -111.279913330078102, 49.249432712131103 ], [ -111.242582024468291, 49.250599839952287 ], [ -111.240451727973067, 49.258900621202287 ], [ -111.222789510091118, 49.257766045464436 ], [ -111.206377156575499, 49.242233954535621 ], [ -111.183333333333309, 49.241666666666696 ], [ -111.182980007595461, 49.239242214626763 ], [ -111.174646674262121, 49.230882263183624 ], [ -111.175353325737817, 49.210075547960095 ], [ -111.178813340928798, 49.206591118706626 ], [ -111.179519992404479, 49.193408881293429 ], [ -111.183318752712651, 49.18958333333336 ], [ -111.178813340928798, 49.185046217176676 ], [ -111.179519992404479, 49.168408881293431 ], [ -111.182980007595461, 49.164924452039962 ], [ -111.183333333333309, 49.1625 ], [ -111.182427639431396, 49.158970981174072 ], [ -111.163405693901879, 49.157695685492648 ], [ -111.161285061306401, 49.149432712131102 ], [ -111.151956176757778, 49.150567287868952 ], [ -111.146579996744762, 49.154733954535615 ], [ -111.135289510091113, 49.153599378797772 ], [ -111.13125, 49.150468614366346 ], [ -111.125746663411434, 49.154733954535615 ], [ -111.12278951009111, 49.153599378797772 ], [ -111.118877156575493, 49.150567287868952 ], [ -111.110289510091121, 49.149432712131102 ], [ -111.104913330078091, 49.145266045464439 ], [ -111.101956176757781, 49.146400621202282 ], [ -111.096579996744765, 49.150567287868952 ], [ -111.093622843424455, 49.149432712131102 ], [ -111.088246663411425, 49.145266045464439 ], [ -111.081122843424453, 49.146400621202282 ], [ -111.077210489908822, 49.149432712131102 ], [ -111.047789510091121, 49.150567287868952 ], [ -111.042413330078091, 49.154733954535615 ], [ -111.01445617675779, 49.153599378797772 ], [ -111.010543823242159, 49.150567287868952 ], [ -111.008333333333297, 49.15 ], [ -111.001956176757787, 49.150567287868952 ], [ -110.996579996744757, 49.154733954535615 ], [ -110.988379584418368, 49.153427802191871 ], [ -110.986594306098056, 49.146471150716174 ], [ -110.968622843424455, 49.145266045464439 ], [ -110.963246663411425, 49.141099378797769 ], [ -110.951956176757776, 49.142233954535619 ], [ -110.947916666666643, 49.145364718967045 ], [ -110.942413330078097, 49.141099378797769 ], [ -110.917577446831572, 49.142283799913223 ], [ -110.915753173828094, 49.14939236111114 ], [ -110.9, 49.15 ], [ -110.888409084743898, 49.149376424153672 ], [ -110.886285061306396, 49.141099378797769 ], [ -110.876956176757787, 49.142233954535619 ], [ -110.86760389539927, 49.150567287868952 ], [ -110.843622843424441, 49.149432712131102 ], [ -110.839710489908825, 49.146400621202282 ], [ -110.835289510091116, 49.145266045464439 ], [ -110.831377156575485, 49.142233954535619 ], [ -110.8125, 49.141666666666694 ], [ -110.812146674262124, 49.144091118706626 ], [ -110.808686659071142, 49.147575547960095 ], [ -110.808333333333309, 49.15 ], [ -110.801956176757784, 49.150567287868952 ], [ -110.793877156575491, 49.157766045464435 ], [ -110.785289510091118, 49.158900621202285 ], [ -110.775937228732602, 49.167233954535618 ], [ -110.763396877712637, 49.165994771321643 ], [ -110.761649237738681, 49.159184265136744 ], [ -110.758333333333297, 49.15833333333336 ], [ -110.75, 49.15833333333336 ], [ -110.743622843424447, 49.157766045464435 ], [ -110.735425482855874, 49.150461832682318 ], [ -110.73125, 49.153698052300378 ], [ -110.727210489908828, 49.150567287868952 ], [ -110.714456176757778, 49.149432712131102 ], [ -110.709079996744762, 49.145266045464439 ], [ -110.689456176757773, 49.146400621202282 ], [ -110.684079996744757, 49.150567287868952 ], [ -110.660289510091118, 49.149432712131102 ], [ -110.654913330078088, 49.145266045464439 ], [ -110.647789510091116, 49.146400621202282 ], [ -110.635428195529485, 49.157873535156277 ], [ -110.631377156575482, 49.154733954535615 ], [ -110.626956176757773, 49.153599378797772 ], [ -110.623043823242156, 49.150567287868952 ], [ -110.618622843424447, 49.149432712131102 ], [ -110.614710489908816, 49.146400621202282 ], [ -110.609184095594586, 49.144982571072077 ], [ -110.60741373697914, 49.138082885742215 ], [ -110.596770562065942, 49.128599378797773 ], [ -110.592485215928789, 49.130143907335096 ], [ -110.590529378255169, 49.13776448567711 ], [ -110.584079996744762, 49.132766045464436 ], [ -110.564456176757773, 49.133900621202287 ], [ -110.560543823242156, 49.136932712131106 ], [ -110.554166666666632, 49.1375 ], [ -110.551956176757784, 49.13806728786895 ], [ -110.546579996744754, 49.142233954535619 ], [ -110.539456176757781, 49.141099378797769 ], [ -110.534079996744765, 49.136932712131106 ], [ -110.529812622070281, 49.138569810655412 ], [ -110.528599378797708, 49.152210489908882 ], [ -110.525567287868896, 49.156122843424505 ], [ -110.523785061306384, 49.163067287868955 ], [ -110.513390435112811, 49.161803181966171 ], [ -110.5125, 49.15833333333336 ], [ -110.489242214626699, 49.158686659071208 ], [ -110.481591118706561, 49.166313340928845 ], [ -110.475, 49.166666666666693 ], [ -110.475567287868884, 49.168877156575547 ], [ -110.482766045464373, 49.176956176757841 ], [ -110.483900621202224, 49.18137715657555 ], [ -110.486932712131036, 49.185289510091174 ], [ -110.488067287868887, 49.189710489908883 ], [ -110.492669677734341, 49.19522925482859 ], [ -110.523043823242148, 49.196400621202287 ], [ -110.528510877821148, 49.200959777832061 ], [ -110.529733954535558, 49.214710489908882 ], [ -110.532766045464371, 49.218622843424505 ], [ -110.534220716688338, 49.224291483561224 ], [ -110.544778781466974, 49.225686475965738 ], [ -110.546400621202224, 49.229913330078155 ], [ -110.542233954535561, 49.235289510091178 ], [ -110.541666666666629, 49.2375 ], [ -110.539242214626697, 49.237853325737873 ], [ -110.529524400499099, 49.247544860839874 ], [ -110.528813340928792, 49.252424452039961 ], [ -110.512853325737808, 49.268408881293432 ], [ -110.5125, 49.2875 ], [ -110.513350762261254, 49.290815734863308 ], [ -110.518877156575485, 49.292233954535618 ], [ -110.524032253689199, 49.296229214138485 ], [ -110.525, 49.3 ], [ -110.522789510091116, 49.300567287868951 ], [ -110.514710489908822, 49.30776604546444 ], [ -110.50612284342445, 49.308900621202284 ], [ -110.492288886176183, 49.321841600206191 ], [ -110.491099378797713, 49.342413330078152 ], [ -110.495266045464376, 49.347789510091175 ], [ -110.496684095594588, 49.353315734863308 ], [ -110.503315904405355, 49.355017598470084 ], [ -110.504733954535553, 49.360543823242217 ], [ -110.507766045464379, 49.364456176757841 ], [ -110.509184095594577, 49.369982401529981 ], [ -110.5125, 49.370833333333366 ], [ -110.512853325737808, 49.373257785373291 ], [ -110.516313340928789, 49.376742214626766 ], [ -110.517019992404485, 49.385046217176679 ], [ -110.512853325737808, 49.389242214626769 ], [ -110.5125, 49.404166666666697 ], [ -110.512853325737808, 49.406591118706629 ], [ -110.5208333333333, 49.414596557617216 ], [ -110.494091118706564, 49.441313340928851 ], [ -110.491666666666632, 49.441666666666698 ], [ -110.476742214626697, 49.441313340928851 ], [ -110.473257785373235, 49.437853325737876 ], [ -110.468408881293371, 49.437146674262181 ], [ -110.464924452039895, 49.433686659071213 ], [ -110.4625, 49.433333333333366 ], [ -110.461844550238681, 49.435455661349856 ], [ -110.458060709635376, 49.440872531467043 ], [ -110.437255859374972, 49.442501152886315 ], [ -110.441011216905352, 49.447877671983534 ], [ -110.441666666666634, 49.483333333333363 ], [ -110.440815904405341, 49.486649068196648 ], [ -110.434041680229996, 49.488387383355068 ], [ -110.432629055447009, 49.499080573187968 ], [ -110.427210489908816, 49.503599378797773 ], [ -110.422789510091107, 49.504733954535624 ], [ -110.418877156575491, 49.507766045464443 ], [ -110.4125, 49.508333333333361 ], [ -110.413067287868884, 49.527210489908882 ], [ -110.416198052300317, 49.53125 ], [ -110.413067287868884, 49.535289510091175 ], [ -110.411932712131048, 49.544618394639791 ], [ -110.418877156575491, 49.546400621202288 ], [ -110.422789510091107, 49.549432712131107 ], [ -110.427210489908816, 49.550567287868958 ], [ -110.431122843424447, 49.553599378797777 ], [ -110.441666666666634, 49.554166666666696 ], [ -110.442233954535553, 49.568877156575553 ], [ -110.445266045464379, 49.572789510091177 ], [ -110.44640062120223, 49.585543823242219 ], [ -110.450264485677053, 49.590529547797338 ], [ -110.445833333333297, 49.591666666666697 ], [ -110.443698459201357, 49.591023932562962 ], [ -110.439634874131912, 49.588142734103762 ], [ -110.422865125868015, 49.586857265896299 ], [ -110.404917399088504, 49.570190599229633 ], [ -110.399668714735213, 49.572528923882409 ], [ -110.396476236979126, 49.577031622992649 ], [ -110.39519042968746, 49.585468377007409 ], [ -110.392309570312463, 49.589531622992652 ], [ -110.391023763020797, 49.597968377007412 ], [ -110.3881429036458, 49.602031622992655 ], [ -110.386728583441808, 49.615895250108537 ], [ -110.372865125868017, 49.617309400770431 ], [ -110.368801540798572, 49.62019059922963 ], [ -110.364531792534692, 49.621476067437101 ], [ -110.360468207465246, 49.6243572658963 ], [ -110.358333333333292, 49.625 ], [ -110.341666666666626, 49.625 ], [ -110.339242214626694, 49.625353325737876 ], [ -110.335757785373232, 49.628813340928851 ], [ -110.3333333333333, 49.629166666666698 ], [ -110.332433742947018, 49.632672119140658 ], [ -110.325, 49.633333333333368 ], [ -110.297575547960037, 49.632980007595521 ], [ -110.293379720052044, 49.628813340928851 ], [ -110.276742214626694, 49.629519992404546 ], [ -110.272546386718716, 49.633686659071209 ], [ -110.264242214626705, 49.632980007595521 ], [ -110.260757785373229, 49.629519992404546 ], [ -110.254166666666634, 49.629166666666698 ], [ -110.25, 49.629166666666698 ], [ -110.247575547960054, 49.629519992404546 ], [ -110.239924452039915, 49.637146674262183 ], [ -110.235075547960051, 49.637853325737879 ], [ -110.225357733832439, 49.647544860839872 ], [ -110.225, 49.65 ], [ -110.214242214626722, 49.650353325737882 ], [ -110.208691406249983, 49.6558764987522 ], [ -110.2083333333333, 49.658333333333367 ], [ -110.205908881293382, 49.658686659071215 ], [ -110.202424452039907, 49.662146674262182 ], [ -110.155908881293385, 49.662853325737878 ], [ -110.152424452039909, 49.666313340928852 ], [ -110.15, 49.6666666666667 ], [ -110.14778951009113, 49.666099378797774 ], [ -110.142413330078099, 49.661932712131112 ], [ -110.125903828938775, 49.66314442952477 ], [ -110.124080234103715, 49.670250447591179 ], [ -110.113437228732622, 49.679733954535621 ], [ -110.110289510091121, 49.678599378797777 ], [ -110.106377156575505, 49.675567287868958 ], [ -110.101956176757795, 49.674432712131107 ], [ -110.098043823242165, 49.671400621202288 ], [ -110.056122843424461, 49.670266045464444 ], [ -110.05221048990883, 49.667233954535625 ], [ -110.006122843424464, 49.666099378797774 ], [ -110.002210489908833, 49.663067287868955 ], [ -109.997789510091124, 49.661932712131112 ], [ -109.993877156575493, 49.658900621202292 ], [ -109.980066257052925, 49.657672119140656 ], [ -109.978246731228282, 49.650582038031715 ], [ -109.9375, 49.65 ], [ -109.937141927083317, 49.647543165418867 ], [ -109.931591118706578, 49.642019992404549 ], [ -109.929166666666646, 49.641666666666701 ], [ -109.908333333333317, 49.641666666666701 ], [ -109.907365587022554, 49.645437452528242 ], [ -109.902210489908825, 49.649432712131109 ], [ -109.896541849772106, 49.650887383355069 ], [ -109.895129055447029, 49.661580573187969 ], [ -109.889710489908836, 49.666099378797774 ], [ -109.876956176757787, 49.667233954535625 ], [ -109.867603895399284, 49.675567287868958 ], [ -109.860289510091121, 49.674432712131107 ], [ -109.856377156575491, 49.671400621202288 ], [ -109.847789510091118, 49.670266045464444 ], [ -109.843877156575502, 49.667233954535625 ], [ -109.839456176757793, 49.666099378797774 ], [ -109.835543823242162, 49.663067287868955 ], [ -109.833333333333314, 49.6625 ], [ -109.832365587022551, 49.658729214138489 ], [ -109.825746663411437, 49.653599378797779 ], [ -109.814456176757787, 49.654733954535622 ], [ -109.81054382324217, 49.657766045464442 ], [ -109.806122843424461, 49.658900621202292 ], [ -109.802083333333314, 49.662031216091613 ], [ -109.798043823242168, 49.658900621202292 ], [ -109.7842329237196, 49.657672119140656 ], [ -109.782766045464385, 49.651956176757842 ], [ -109.779733954535573, 49.648043823242219 ], [ -109.77916666666664, 49.633333333333368 ], [ -109.785468377007362, 49.632690599229633 ], [ -109.788142734103715, 49.630614725748728 ], [ -109.781198289659258, 49.628523932562963 ], [ -109.777135043674022, 49.625642734103764 ], [ -109.76323920355901, 49.624225362141956 ], [ -109.761857265896239, 49.606198289659318 ], [ -109.758976067437047, 49.602135043674075 ], [ -109.757690599229576, 49.597864956325985 ], [ -109.750642734103707, 49.589635043674079 ], [ -109.75, 49.579166666666701 ], [ -109.739242214626714, 49.579519992404542 ], [ -109.735046217176631, 49.583686659071212 ], [ -109.718408881293385, 49.582980007595516 ], [ -109.714583333333309, 49.579181247287359 ], [ -109.710757785373232, 49.582980007595516 ], [ -109.705908881293382, 49.583686659071212 ], [ -109.702424452039907, 49.587146674262186 ], [ -109.69338056776256, 49.587855529785188 ], [ -109.683686659071157, 49.597575547960105 ], [ -109.682980007595461, 49.602424452039962 ], [ -109.679519992404494, 49.605908881293438 ], [ -109.678811136881492, 49.614952256944477 ], [ -109.664924452039912, 49.628813340928851 ], [ -109.660075547960048, 49.629519992404546 ], [ -109.652424452039909, 49.637146674262183 ], [ -109.647575547960045, 49.637853325737879 ], [ -109.639215596516905, 49.646186659071212 ], [ -109.635075547960042, 49.645480007595516 ], [ -109.63087955050996, 49.641313340928853 ], [ -109.614242214626714, 49.642019992404549 ], [ -109.606591118706575, 49.649646674262186 ], [ -109.5875, 49.65 ], [ -109.579969278971333, 49.65073513454864 ], [ -109.578549024793816, 49.660493469238311 ], [ -109.57561764187281, 49.664506530761749 ], [ -109.574073621961787, 49.669906955295168 ], [ -109.567593044704836, 49.671759711371557 ], [ -109.566666666666634, 49.675 ], [ -109.5375, 49.675 ], [ -109.534184265136687, 49.675850931803417 ], [ -109.532413567437047, 49.682750447591175 ], [ -109.523043823242162, 49.691099378797773 ], [ -109.518622843424453, 49.692233954535624 ], [ -109.514710489908822, 49.695266045464443 ], [ -109.508333333333312, 49.695833333333368 ], [ -109.505908881293379, 49.695480007595521 ], [ -109.498257785373241, 49.687853325737876 ], [ -109.493408881293377, 49.687146674262188 ], [ -109.485757785373238, 49.679519992404543 ], [ -109.480908881293374, 49.678813340928855 ], [ -109.469091118706572, 49.667019992404548 ], [ -109.46666666666664, 49.6666666666667 ], [ -109.464456176757793, 49.666099378797774 ], [ -109.460416666666646, 49.662968783908454 ], [ -109.456377156575499, 49.666099378797774 ], [ -109.442566257052931, 49.667327880859403 ], [ -109.44081573486325, 49.674149068196648 ], [ -109.435289510091124, 49.675567287868958 ], [ -109.431377156575493, 49.678599378797777 ], [ -109.425850931803353, 49.680017598470087 ], [ -109.424112616644933, 49.68679148356123 ], [ -109.414456176757781, 49.688067287868954 ], [ -109.410543823242165, 49.691099378797773 ], [ -109.401956176757778, 49.692233954535624 ], [ -109.393877156575499, 49.699432712131106 ], [ -109.376956176757787, 49.700567287868957 ], [ -109.371579996744771, 49.704733954535619 ], [ -109.367477586534264, 49.703159925672779 ], [ -109.366666666666646, 49.7 ], [ -109.360075547960037, 49.700353325737879 ], [ -109.333690897623669, 49.726713053385453 ], [ -109.3333333333333, 49.7291666666667 ], [ -109.325, 49.7291666666667 ], [ -109.322575547960042, 49.729519992404548 ], [ -109.319091118706567, 49.732980007595522 ], [ -109.314242214626702, 49.733686659071211 ], [ -109.310757785373241, 49.737146674262185 ], [ -109.308333333333309, 49.7375 ], [ -109.307445949978273, 49.734041849772169 ], [ -109.296752760145367, 49.732629055447084 ], [ -109.292233954535561, 49.727210489908884 ], [ -109.291666666666643, 49.725 ], [ -109.2875, 49.725 ], [ -109.286838785807262, 49.717566257052987 ], [ -109.283333333333303, 49.716666666666697 ], [ -109.282598198784697, 49.724197387695348 ], [ -109.272839864095019, 49.725617641872866 ], [ -109.267135789659264, 49.729784308539529 ], [ -109.256173197428353, 49.728549024793871 ], [ -109.252160135904916, 49.725617641872866 ], [ -109.241666666666646, 49.725 ], [ -109.2375, 49.725 ], [ -109.236590745713954, 49.721456909179722 ], [ -109.214456176757778, 49.720266045464442 ], [ -109.210543823242162, 49.717233954535622 ], [ -109.20195617675779, 49.716099378797779 ], [ -109.193877156575496, 49.708900621202289 ], [ -109.191666666666634, 49.708333333333364 ], [ -109.19081573486325, 49.71164906819665 ], [ -109.1875, 49.7125 ], [ -109.183333333333309, 49.7125 ], [ -109.18272823757593, 49.718839348687098 ], [ -109.179771762424011, 49.722827317979636 ], [ -109.178389824761254, 49.732548522949251 ], [ -109.170075310601106, 49.733777194552985 ], [ -109.164672682020367, 49.729771762424079 ], [ -109.151993815104134, 49.728561570909321 ], [ -109.148006184895806, 49.725605095757409 ], [ -109.135327148437469, 49.724394904242658 ], [ -109.127090793185729, 49.717200046115487 ], [ -109.1230061848958, 49.720228237575988 ], [ -109.11449381510414, 49.721438429090746 ], [ -109.108873833550319, 49.725605095757409 ], [ -109.089493815104134, 49.724394904242658 ], [ -109.085506184895806, 49.721438429090746 ], [ -109.076993815104132, 49.720228237575988 ], [ -109.063352118598061, 49.707728237575985 ], [ -109.056160481770803, 49.708938429090743 ], [ -109.052172851562474, 49.711894904242655 ], [ -109.047827148437477, 49.713105095757413 ], [ -109.039672851562472, 49.720228237575988 ], [ -109.0375, 49.720833333333367 ], [ -109.034184095594583, 49.719982401529982 ], [ -109.032482571072023, 49.713350931803419 ], [ -109.02916666666664, 49.7125 ], [ -109.028813340928792, 49.710075547960102 ], [ -109.025353325737811, 49.706591118706626 ], [ -109.025, 49.704166666666701 ], [ -109.0208333333333, 49.704166666666701 ], [ -109.013399590386257, 49.703505452473991 ], [ -109.0125, 49.7 ], [ -109.008333333333297, 49.7 ], [ -108.972789510091118, 49.699432712131106 ], [ -108.968877156575488, 49.696400621202287 ], [ -108.951956176757776, 49.695266045464443 ], [ -108.948043823242159, 49.692233954535624 ], [ -108.94362284342445, 49.691099378797773 ], [ -108.939710489908819, 49.688067287868954 ], [ -108.933994547526012, 49.686600409613746 ], [ -108.932672119140591, 49.671732923719652 ], [ -108.926956176757784, 49.670266045464444 ], [ -108.923043823242153, 49.667233954535625 ], [ -108.914456176757781, 49.666099378797774 ], [ -108.910543823242151, 49.663067287868955 ], [ -108.906122843424441, 49.661932712131112 ], [ -108.902210489908825, 49.658900621202292 ], [ -108.893622843424453, 49.657766045464442 ], [ -108.884270562065936, 49.649432712131109 ], [ -108.876956176757787, 49.650567287868952 ], [ -108.873043823242156, 49.653599378797779 ], [ -108.8375, 49.654166666666697 ], [ -108.837146674262115, 49.651742214626765 ], [ -108.832980007595452, 49.647546217176682 ], [ -108.833686659071148, 49.639242214626769 ], [ -108.837146674262115, 49.635757785373293 ], [ -108.837853325737811, 49.630908881293436 ], [ -108.841313340928792, 49.627424452039961 ], [ -108.84166666666664, 49.620833333333366 ], [ -108.830908881293368, 49.620480007595518 ], [ -108.827424452039892, 49.617019992404543 ], [ -108.822575547960042, 49.616313340928855 ], [ -108.819091118706567, 49.612853325737881 ], [ -108.814242214626702, 49.612146674262185 ], [ -108.810757785373227, 49.608686659071211 ], [ -108.805908881293377, 49.607980007595515 ], [ -108.802424452039901, 49.604519992404548 ], [ -108.797542995876711, 49.603808593750031 ], [ -108.792019992404477, 49.598257785373292 ], [ -108.791313340928781, 49.593408881293435 ], [ -108.787853325737814, 49.589924452039959 ], [ -108.787146674262118, 49.576742214626769 ], [ -108.775353325737811, 49.564924452039961 ], [ -108.774641927083309, 49.560043165418868 ], [ -108.768750339084164, 49.554180908203158 ], [ -108.764924452039892, 49.557980007595518 ], [ -108.760075547960042, 49.558686659071213 ], [ -108.756591118706567, 49.562146674262181 ], [ -108.747575547960039, 49.562853325737876 ], [ -108.744091118706564, 49.566313340928851 ], [ -108.7375, 49.566666666666698 ], [ -108.735075547960037, 49.567019992404546 ], [ -108.727424452039898, 49.574646674262183 ], [ -108.718408881293371, 49.575353325737879 ], [ -108.714924452039895, 49.578813340928853 ], [ -108.710075547960031, 49.579519992404542 ], [ -108.706591118706569, 49.582980007595516 ], [ -108.7, 49.583333333333364 ], [ -108.697789510091113, 49.582766045464439 ], [ -108.689710489908819, 49.575567287868957 ], [ -108.68528951009111, 49.574432712131106 ], [ -108.676163058810729, 49.566300794813401 ], [ -108.675, 49.570833333333368 ], [ -108.663490464952218, 49.570214165581632 ], [ -108.658900621202221, 49.564710489908883 ], [ -108.657482571072009, 49.55918426513675 ], [ -108.651956176757778, 49.55776604546444 ], [ -108.643877156575485, 49.550567287868958 ], [ -108.635289510091113, 49.549432712131107 ], [ -108.629913330078097, 49.545266045464444 ], [ -108.618622843424447, 49.546400621202288 ], [ -108.6145833333333, 49.549531216091609 ], [ -108.610543823242153, 49.546400621202288 ], [ -108.600919596354132, 49.545129055447077 ], [ -108.596400621202221, 49.539710489908884 ], [ -108.595833333333303, 49.520833333333364 ], [ -108.576742214626705, 49.520480007595516 ], [ -108.573257785373229, 49.517019992404542 ], [ -108.566666666666634, 49.516666666666694 ], [ -108.565698920355871, 49.512895880805154 ], [ -108.560543823242156, 49.508900621202287 ], [ -108.553769259982602, 49.507162136501769 ], [ -108.566099378797716, 49.49387715657555 ], [ -108.567233954535553, 49.485289510091178 ], [ -108.570266045464379, 49.481377156575554 ], [ -108.57140062120223, 49.476956176757845 ], [ -108.574432712131042, 49.473043823242222 ], [ -108.575, 49.466666666666697 ], [ -108.572575547960042, 49.466313340928849 ], [ -108.56837972005205, 49.462146674262186 ], [ -108.560075547960039, 49.462853325737875 ], [ -108.555879720052047, 49.467019992404545 ], [ -108.535075547960034, 49.466313340928849 ], [ -108.530879720052056, 49.462146674262186 ], [ -108.489242214626699, 49.462853325737875 ], [ -108.480882432725664, 49.471186659071208 ], [ -108.476742214626697, 49.470480007595519 ], [ -108.473257785373235, 49.467019992404545 ], [ -108.460075547960031, 49.466313340928849 ], [ -108.456591118706569, 49.462853325737875 ], [ -108.441666666666634, 49.4625 ], [ -108.4375, 49.4625 ], [ -108.4375, 49.483333333333363 ], [ -108.435339694552923, 49.483950975206191 ], [ -108.431326972113681, 49.486882358127204 ], [ -108.421627468532947, 49.488294135199681 ], [ -108.420215861002575, 49.49799346923831 ], [ -108.413117472330697, 49.506173197428417 ], [ -108.4125, 49.5125 ], [ -108.4125, 49.516666666666694 ], [ -108.414660305447015, 49.51728430853953 ], [ -108.420118543836765, 49.521649848090306 ], [ -108.421450805664023, 49.537969122992649 ], [ -108.41655273437496, 49.544674513075115 ], [ -108.408258734808996, 49.547045898437531 ], [ -108.411882527669235, 49.552006530761751 ], [ -108.413117472330697, 49.56882680257165 ], [ -108.416049194335898, 49.572839864095087 ], [ -108.41728413899736, 49.575469122992651 ], [ -108.413117472330697, 49.58117319742842 ], [ -108.411882527669235, 49.588236660427548 ], [ -108.420215861002575, 49.597839864095086 ], [ -108.421450805664023, 49.611500379774334 ], [ -108.409127468532958, 49.613294135199688 ], [ -108.407715861002572, 49.62299346923831 ], [ -108.404052734374972, 49.628007846408451 ], [ -108.396510484483471, 49.630164421929287 ], [ -108.395215861002569, 49.652160135904978 ], [ -108.392284138997354, 49.656173197428416 ], [ -108.391049194335906, 49.660493469238311 ], [ -108.379784138997366, 49.672839864095081 ], [ -108.378549194335903, 49.679635789659322 ], [ -108.382715861002566, 49.685339864095084 ], [ -108.383333333333297, 49.6875 ], [ -108.38112284342445, 49.688067287868954 ], [ -108.375704277886257, 49.692586093478766 ], [ -108.374432712131039, 49.702210489908886 ], [ -108.370437282986074, 49.707365587022601 ], [ -108.363161214192672, 49.709232923719654 ], [ -108.3625, 49.716666666666697 ], [ -108.358729383680526, 49.717634412977461 ], [ -108.354733954535561, 49.722789510091175 ], [ -108.353315904405349, 49.728315734863315 ], [ -108.346684095594583, 49.730017598470084 ], [ -108.344865587022539, 49.73710411919491 ], [ -108.339710489908825, 49.741099378797777 ], [ -108.320833333333297, 49.741666666666703 ], [ -108.321438259548572, 49.743839348687096 ], [ -108.325604926215249, 49.749459330240917 ], [ -108.324395073784686, 49.752172682020429 ], [ -108.321438259548572, 49.756160651312968 ], [ -108.320228407118023, 49.777172682020435 ], [ -108.317271592881909, 49.781160651312966 ], [ -108.315759277343716, 49.786592441135014 ], [ -108.308516777886254, 49.788609144422779 ], [ -108.304771592881906, 49.793660651312969 ], [ -108.303389824761254, 49.803381856282584 ], [ -108.295075141058987, 49.804610527886318 ], [ -108.289672851562472, 49.800605095757412 ], [ -108.268660481770794, 49.799394904242654 ], [ -108.259120686848917, 49.791061570909321 ], [ -108.2311604817708, 49.792271762424079 ], [ -108.227172851562457, 49.795228237575991 ], [ -108.220833333333303, 49.79583333333337 ], [ -108.220266045464385, 49.802210489908887 ], [ -108.21306728786891, 49.810289510091181 ], [ -108.211649068196593, 49.815815734863314 ], [ -108.203902011447468, 49.817803785536057 ], [ -108.207766045464396, 49.822789510091177 ], [ -108.208333333333314, 49.825 ], [ -108.208333333333314, 49.829166666666701 ], [ -108.207715691460479, 49.831326802571645 ], [ -108.204784308539473, 49.835339864095083 ], [ -108.203305223253011, 49.845502217610708 ], [ -108.196302456325938, 49.850617641872866 ], [ -108.177006530761702, 49.849382358127201 ], [ -108.167403327094164, 49.841049024793868 ], [ -108.164506530761699, 49.842284308539533 ], [ -108.15880245632593, 49.846450975206196 ], [ -108.147839864095033, 49.845215691460538 ], [ -108.143826802571596, 49.842284308539533 ], [ -108.13826819525822, 49.840695020887622 ], [ -108.13650037977429, 49.828549024793872 ], [ -108.114506530761702, 49.82978430853953 ], [ -108.110416666666652, 49.832771809895867 ], [ -108.10463578965927, 49.828549024793872 ], [ -108.097839864095036, 49.82978430853953 ], [ -108.093826802571598, 49.832715691460535 ], [ -108.089506530761696, 49.8339509752062 ], [ -108.084733412000844, 49.837437608506981 ], [ -108.07561764187281, 49.827160135904982 ], [ -108.073632134331575, 49.82021569146054 ], [ -108.068673197428367, 49.821450975206197 ], [ -108.06466013590493, 49.824382358127203 ], [ -108.039506530761699, 49.82561764187286 ], [ -108.035493469238261, 49.828549024793872 ], [ -108.030093044704842, 49.830093044704896 ], [ -108.028060234917518, 49.837203301323818 ], [ -108.017403327094158, 49.846450975206196 ], [ -108.00200653076169, 49.845215691460538 ], [ -107.997993469238253, 49.842284308539533 ], [ -107.991666666666646, 49.841666666666697 ], [ -107.991313340928798, 49.844091118706629 ], [ -107.987853325737831, 49.847575547960105 ], [ -107.987146674262135, 49.852424452039962 ], [ -107.983686659071154, 49.855908881293438 ], [ -107.982980007595458, 49.864216444227466 ], [ -107.995480007595461, 49.876742214626773 ], [ -107.996186659071157, 49.885757785373301 ], [ -108.003813340928801, 49.893408881293439 ], [ -108.004519992404497, 49.897546217176682 ], [ -108.000353325737819, 49.901742214626772 ], [ -107.999646674262124, 49.905883110894131 ], [ -108.012146674262127, 49.918408881293438 ], [ -108.0125, 49.925 ], [ -108.009184265136696, 49.924149068196648 ], [ -108.008333333333312, 49.92083333333337 ], [ -107.997575547960054, 49.921186659071218 ], [ -107.994091118706578, 49.924646674262185 ], [ -107.980908881293374, 49.925353325737881 ], [ -107.977424452039912, 49.928813340928855 ], [ -107.975, 49.929166666666703 ], [ -107.974646674262132, 49.935757785373298 ], [ -107.971186659071165, 49.939242214626773 ], [ -107.970480007595469, 49.960757785373296 ], [ -107.966680569118907, 49.964584011501771 ], [ -107.974646674262132, 49.972575547960105 ], [ -107.975, 50.004166666666684 ], [ -107.970833333333317, 50.004166666666698 ], [ -107.967517598470025, 50.003315734863314 ], [ -107.96666666666664, 50.0 ], [ -107.96666666666664, 49.995833333333366 ], [ -107.963208516438783, 49.99494594997833 ], [ -107.961932712131059, 49.985289510091178 ], [ -107.958900621202233, 49.981377156575554 ], [ -107.957413567437044, 49.97558288574222 ], [ -107.948043823242159, 49.967233954535622 ], [ -107.942517598470033, 49.965815734863313 ], [ -107.940746900770378, 49.958916219075554 ], [ -107.931377156575493, 49.950567287868957 ], [ -107.926956176757784, 49.949432712131113 ], [ -107.923043823242168, 49.946400621202294 ], [ -107.910289510091118, 49.945266045464443 ], [ -107.897928025987397, 49.933793131510448 ], [ -107.893877156575499, 49.93693271213111 ], [ -107.88945617675779, 49.938067287868961 ], [ -107.885543823242159, 49.94109937879778 ], [ -107.88112284342445, 49.942233954535624 ], [ -107.877210489908833, 49.945266045464443 ], [ -107.868622843424461, 49.946400621202294 ], [ -107.86471048990883, 49.949432712131113 ], [ -107.860289510091121, 49.950567287868957 ], [ -107.848043823242165, 49.961932712131109 ], [ -107.843622843424455, 49.963067287868959 ], [ -107.839710489908825, 49.966099378797779 ], [ -107.831122843424453, 49.967233954535622 ], [ -107.823043823242159, 49.974432712131112 ], [ -107.820833333333312, 49.975 ], [ -107.820833333333312, 49.991666666666703 ], [ -107.821186659071159, 49.994091118706635 ], [ -107.828813340928789, 50.001742214626773 ], [ -107.829166666666637, 50.02083333333335 ], [ -107.828315734863253, 50.02414906819665 ], [ -107.821494547526015, 50.025899590386317 ], [ -107.820833333333312, 50.033333333333353 ], [ -107.816666666666649, 50.033333333333367 ], [ -107.805908881293377, 50.032980007595519 ], [ -107.802424452039901, 50.029519992404552 ], [ -107.793408881293374, 50.028813340928856 ], [ -107.789924452039912, 50.025353325737882 ], [ -107.785075547960048, 50.024646674262186 ], [ -107.781591118706572, 50.021186659071219 ], [ -107.772575547960045, 50.020480007595523 ], [ -107.768379550509962, 50.016313340928853 ], [ -107.747575547960039, 50.017019992404549 ], [ -107.744091118706578, 50.020480007595523 ], [ -107.739242214626714, 50.021186659071219 ], [ -107.735757785373238, 50.024646674262186 ], [ -107.730908881293374, 50.025353325737882 ], [ -107.727424452039912, 50.028813340928856 ], [ -107.718408881293385, 50.029519992404552 ], [ -107.714924452039909, 50.032980007595519 ], [ -107.705908881293382, 50.033686659071215 ], [ -107.698257785373244, 50.041313340928852 ], [ -107.695833333333312, 50.0416666666667 ], [ -107.695833333333312, 50.04583333333337 ], [ -107.696186659071159, 50.048257785373302 ], [ -107.699646674262127, 50.051742214626771 ], [ -107.700353325737822, 50.055879550510021 ], [ -107.696186659071159, 50.060075547960103 ], [ -107.695480007595464, 50.064924452039968 ], [ -107.687853325737819, 50.072575547960106 ], [ -107.6875, 50.075 ], [ -107.691068183051186, 50.075915527343767 ], [ -107.692233954535567, 50.114710489908873 ], [ -107.695371500651021, 50.118758816189256 ], [ -107.688067287868904, 50.12695617675783 ], [ -107.686932712131053, 50.129913330078146 ], [ -107.691099378797716, 50.13528951009117 ], [ -107.692233954535567, 50.139710489908872 ], [ -107.696229214138427, 50.144865587022586 ], [ -107.703315734863253, 50.146684095594637 ], [ -107.704166666666637, 50.15 ], [ -107.70201907687715, 50.150630357530403 ], [ -107.697980923122799, 50.153536309136307 ], [ -107.689519076877147, 50.154797024197066 ], [ -107.68548092312281, 50.15770297580297 ], [ -107.677019076877144, 50.158963690863736 ], [ -107.672980923122807, 50.16186964246964 ], [ -107.659110175238695, 50.163254123263911 ], [ -107.657703145345025, 50.175396389431441 ], [ -107.66192135281031, 50.181257459852453 ], [ -107.650630187988256, 50.193685913085957 ], [ -107.649369812011699, 50.200685289171027 ], [ -107.657703145345025, 50.210352579752623 ], [ -107.658963521321596, 50.22714742024742 ], [ -107.662544928656658, 50.232123819987002 ], [ -107.668814256456145, 50.233963690863739 ], [ -107.677019076877144, 50.241036309136305 ], [ -107.681314256456133, 50.242297024197072 ], [ -107.686290486653618, 50.245878092447938 ], [ -107.6875, 50.25 ], [ -107.68688235812715, 50.25216030544707 ], [ -107.68321940104164, 50.257174682617212 ], [ -107.677006530761687, 50.258950805664085 ], [ -107.67299346923825, 50.261882527669293 ], [ -107.659135945637999, 50.26323513454863 ], [ -107.657715691460481, 50.272993638780406 ], [ -107.650617641872799, 50.281173027886304 ], [ -107.65, 50.3 ], [ -107.635289510091127, 50.2994327121311 ], [ -107.631377156575496, 50.296400621202281 ], [ -107.626956176757787, 50.29526604546443 ], [ -107.623043823242156, 50.292233954535611 ], [ -107.61751759847003, 50.290815904405406 ], [ -107.615757412380617, 50.283956909179707 ], [ -107.592575920952669, 50.282709757486998 ], [ -107.591099378797722, 50.276956176757835 ], [ -107.588067287868896, 50.273043823242212 ], [ -107.5875, 50.270833333333357 ], [ -107.585289510091116, 50.270266045464432 ], [ -107.575937228732613, 50.261932712131099 ], [ -107.550910949707003, 50.26311679416235 ], [ -107.549100409613686, 50.270172119140646 ], [ -107.535289510091118, 50.271400621202275 ], [ -107.531377156575502, 50.274432712131095 ], [ -107.526956176757793, 50.275567287868945 ], [ -107.518877156575499, 50.282766045464427 ], [ -107.516666666666637, 50.283333333333353 ], [ -107.515673149956569, 50.286807929144985 ], [ -107.497839864095027, 50.288117472330754 ], [ -107.48549346923825, 50.299382527669295 ], [ -107.474382358127144, 50.300999620225717 ], [ -107.475617641872802, 50.322993638780403 ], [ -107.483512030707445, 50.332090928819468 ], [ -107.479166666666643, 50.333333333333357 ], [ -107.479733954535561, 50.339710489908875 ], [ -107.482766045464388, 50.343622843424498 ], [ -107.483900621202224, 50.352210489908877 ], [ -107.48693271213105, 50.356122843424501 ], [ -107.488067287868901, 50.364710489908873 ], [ -107.491099378797713, 50.368622843424504 ], [ -107.492233954535564, 50.373043823242213 ], [ -107.49526604546439, 50.376956176757837 ], [ -107.496684265136693, 50.382482571072067 ], [ -107.50331573486325, 50.384184095594641 ], [ -107.504166666666634, 50.3875 ], [ -107.499432712131053, 50.388714938693596 ], [ -107.50063476562498, 50.407426961263042 ], [ -107.506377156575496, 50.408900621202278 ], [ -107.510289510091127, 50.411932712131097 ], [ -107.535543823242165, 50.413067287868948 ], [ -107.539456176757781, 50.416099378797767 ], [ -107.544982401529921, 50.417517428927972 ], [ -107.54668426513669, 50.424149237738739 ], [ -107.55221048990883, 50.425567287868944 ], [ -107.556122843424447, 50.428599378797763 ], [ -107.560543823242156, 50.429733954535614 ], [ -107.564456176757787, 50.432766045464433 ], [ -107.573043823242159, 50.433900621202277 ], [ -107.57695617675779, 50.436932712131096 ], [ -107.583900621202233, 50.4387149386936 ], [ -107.582766045464382, 50.452210489908879 ], [ -107.57973395453557, 50.456122843424502 ], [ -107.578599378797719, 50.460543823242212 ], [ -107.575567287868893, 50.464456176757835 ], [ -107.57414906819659, 50.469982571072073 ], [ -107.570833333333312, 50.470833333333353 ], [ -107.571186659071159, 50.473257785373285 ], [ -107.576712883843285, 50.478811645507832 ], [ -107.589212883843288, 50.479519992404533 ], [ -107.593408881293371, 50.475353325737871 ], [ -107.604166666666643, 50.475 ], [ -107.610757785373238, 50.475353325737871 ], [ -107.614242214626714, 50.478813340928845 ], [ -107.625, 50.479166666666686 ], [ -107.625567287868904, 50.48137715657554 ], [ -107.628599378797716, 50.485289510091171 ], [ -107.629733954535567, 50.498043823242213 ], [ -107.633729214138427, 50.503198920355928 ], [ -107.639710489908822, 50.50473395453561 ], [ -107.645096672905794, 50.509225802951413 ], [ -107.646400621202233, 50.517413330078149 ], [ -107.641270785861522, 50.524032253689256 ], [ -107.635289510091127, 50.525567287868945 ], [ -107.631377156575496, 50.528599378797765 ], [ -107.597048272026882, 50.529733954535615 ], [ -107.594936964246941, 50.521507093641517 ], [ -107.582586669921852, 50.520266045464432 ], [ -107.577210489908822, 50.524432712131102 ], [ -107.56862284342445, 50.525567287868945 ], [ -107.564710489908833, 50.528599378797765 ], [ -107.535289510091118, 50.529733954535615 ], [ -107.529796515570723, 50.534314982096376 ], [ -107.528599378797722, 50.552951727973117 ], [ -107.533333333333303, 50.554166666666688 ], [ -107.532611762152754, 50.565918646918426 ], [ -107.516238742404482, 50.567234293619812 ], [ -107.510468377007356, 50.563142903645854 ], [ -107.50203162299259, 50.561857096354188 ], [ -107.497968377007354, 50.558976236979191 ], [ -107.493698289659264, 50.557690429687526 ], [ -107.489583333333314, 50.554772949218773 ], [ -107.483655124240428, 50.558976236979191 ], [ -107.472864956325935, 50.557690429687526 ], [ -107.468801710340685, 50.554809570312521 ], [ -107.44786495632593, 50.553523763020856 ], [ -107.443801710340679, 50.550642903645858 ], [ -107.435364956325927, 50.549357096354193 ], [ -107.431301710340691, 50.546476236979188 ], [ -107.422864956325924, 50.545190429687523 ], [ -107.418801710340688, 50.542309570312526 ], [ -107.414531622992598, 50.54102376302086 ], [ -107.410468377007348, 50.538142903645856 ], [ -107.406198289659258, 50.53685709635419 ], [ -107.397968377007345, 50.529809570312523 ], [ -107.393698289659255, 50.528523763020857 ], [ -107.389635043674019, 50.52564290364586 ], [ -107.3875, 50.525 ], [ -107.383994547526015, 50.52589959038631 ], [ -107.382766045464379, 50.539710489908877 ], [ -107.379733954535567, 50.543622843424501 ], [ -107.378463745117159, 50.553237575954881 ], [ -107.368877156575493, 50.561932712131096 ], [ -107.356122843424458, 50.563067287868947 ], [ -107.348043823242165, 50.570266045464436 ], [ -107.343622843424455, 50.57140062120228 ], [ -107.338246663411425, 50.57556728786895 ], [ -107.335289510091116, 50.574432712131099 ], [ -107.329913330078099, 50.570266045464436 ], [ -107.32695617675779, 50.57140062120228 ], [ -107.323043823242159, 50.574432712131099 ], [ -107.320833333333312, 50.575 ], [ -107.318698289659267, 50.574357096354191 ], [ -107.314635043674016, 50.571476236979187 ], [ -107.312178209092849, 50.570190429687521 ], [ -107.306301710340691, 50.574357096354191 ], [ -107.292428588867153, 50.575772433810791 ], [ -107.291023932562908, 50.590616183810788 ], [ -107.30315246582029, 50.592464531792558 ], [ -107.304166666666646, 50.59583333333336 ], [ -107.303813340928798, 50.598257785373285 ], [ -107.300353325737817, 50.601742214626761 ], [ -107.3, 50.608333333333356 ], [ -107.29878506130639, 50.613067287868944 ], [ -107.296400621202224, 50.61054382324221 ], [ -107.295833333333306, 50.608333333333356 ], [ -107.291666666666643, 50.608333333333356 ], [ -107.290451727973064, 50.613067287868944 ], [ -107.281122843424455, 50.6119327121311 ], [ -107.277210489908825, 50.608900621202281 ], [ -107.268622843424453, 50.60776604546443 ], [ -107.264710489908822, 50.604733954535611 ], [ -107.260289510091113, 50.603599378797767 ], [ -107.254913330078097, 50.599432712131097 ], [ -107.251956176757787, 50.600567287868948 ], [ -107.243877156575493, 50.60776604546443 ], [ -107.220833333333303, 50.608333333333356 ], [ -107.220833333333303, 50.620833333333358 ], [ -107.21666666666664, 50.620833333333358 ], [ -107.215779283311605, 50.62429165310332 ], [ -107.206122843424453, 50.625567287868947 ], [ -107.188675096299889, 50.64207933213978 ], [ -107.186532253689208, 50.633729383680581 ], [ -107.179913330078094, 50.628599378797766 ], [ -107.176956176757784, 50.629733954535617 ], [ -107.173043823242153, 50.632766045464436 ], [ -107.164456176757781, 50.63390062120228 ], [ -107.156377156575488, 50.641099378797769 ], [ -107.15, 50.641666666666694 ], [ -107.146684095594594, 50.640815904405407 ], [ -107.144945949978265, 50.634041680230055 ], [ -107.135289510091113, 50.632766045464436 ], [ -107.131377156575496, 50.629733954535617 ], [ -107.129166666666634, 50.629166666666691 ], [ -107.128279283311599, 50.625708346896722 ], [ -107.118622843424447, 50.624432712131103 ], [ -107.11471048990883, 50.621400621202284 ], [ -107.097789510091118, 50.620266045464433 ], [ -107.093877156575488, 50.617233954535614 ], [ -107.089456176757778, 50.61609937879777 ], [ -107.085543823242162, 50.613067287868944 ], [ -107.056122843424447, 50.6119327121311 ], [ -107.05221048990883, 50.608900621202281 ], [ -107.042554050021678, 50.607624986436655 ], [ -107.041666666666643, 50.604166666666693 ], [ -107.033333333333303, 50.604166666666693 ], [ -107.030908881293371, 50.603813340928845 ], [ -107.027424452039895, 50.600353325737871 ], [ -107.025, 50.6 ], [ -106.99778951009111, 50.600567287868948 ], [ -106.984321424696148, 50.613067287868944 ], [ -106.981122843424444, 50.6119327121311 ], [ -106.975746663411428, 50.60776604546443 ], [ -106.968622843424455, 50.608900621202281 ], [ -106.964571804470452, 50.612040201822943 ], [ -106.952210489908822, 50.600567287868948 ], [ -106.94255405002167, 50.599291653103322 ], [ -106.940451727973056, 50.591099378797765 ], [ -106.93806728786889, 50.593622843424505 ], [ -106.936532253689208, 50.599603949652803 ], [ -106.93125, 50.603698052300373 ], [ -106.925746663411431, 50.599432712131097 ], [ -106.910289510091118, 50.600567287868948 ], [ -106.906377156575488, 50.603599378797767 ], [ -106.90416666666664, 50.604166666666693 ], [ -106.903394232855874, 50.607446967230928 ], [ -106.899000718858474, 50.608815511067732 ], [ -106.893914794921841, 50.604696316189262 ], [ -106.891666666666637, 50.604166666666693 ], [ -106.859342447916632, 50.604803805881097 ], [ -106.856965467664907, 50.613117472330757 ], [ -106.852006361219594, 50.611882527669295 ], [ -106.84630262586802, 50.607715861002625 ], [ -106.80919596354164, 50.608990139431448 ], [ -106.804784138997363, 50.61450636121964 ], [ -106.803352525499093, 50.624343193901936 ], [ -106.783333333333303, 50.625 ], [ -106.782425944010384, 50.621740722656277 ], [ -106.775183444552923, 50.619724188910617 ], [ -106.770228407118026, 50.613040500217039 ], [ -106.771438259548574, 50.610327148437527 ], [ -106.778561740451352, 50.602172851562521 ], [ -106.779771592881914, 50.597827148437524 ], [ -106.782728407118029, 50.593839518229188 ], [ -106.783938259548577, 50.585327148437521 ], [ -106.78810492621524, 50.579707166883708 ], [ -106.78667026095917, 50.571549479166691 ], [ -106.771672566731738, 50.570118204752625 ], [ -106.766061740451363, 50.563175455729187 ], [ -106.767271592881912, 50.560327148437523 ], [ -106.770228407118026, 50.556339518229187 ], [ -106.771438259548574, 50.55199381510419 ], [ -106.778561740451352, 50.543839518229191 ], [ -106.77916666666664, 50.5375 ], [ -106.7708333333333, 50.5375 ], [ -106.741666666666632, 50.5375 ], [ -106.740931193033816, 50.54503343370228 ], [ -106.733949110243017, 50.55061747233075 ], [ -106.722839694552917, 50.549382527669295 ], [ -106.718826972113689, 50.546450805664087 ], [ -106.709127468532955, 50.545039198133701 ], [ -106.707384914822015, 50.533065795898459 ], [ -106.702160305447023, 50.536882527669292 ], [ -106.697839694552925, 50.538117472330754 ], [ -106.689660305447021, 50.545215861002625 ], [ -106.6875, 50.545833333333356 ], [ -106.681122843424447, 50.54526604546443 ], [ -106.677210489908816, 50.542233954535611 ], [ -106.672789510091107, 50.541099378797767 ], [ -106.667634412977392, 50.537103949652803 ], [ -106.665815904405349, 50.530017428927977 ], [ -106.659184095594583, 50.528315904405403 ], [ -106.657766045464371, 50.522789510091172 ], [ -106.652670966254306, 50.516679890950542 ], [ -106.648043823242148, 50.520266045464432 ], [ -106.643622843424453, 50.521400621202282 ], [ -106.639710489908822, 50.524432712131102 ], [ -106.63112284342445, 50.525567287868945 ], [ -106.625967746310735, 50.52956271701391 ], [ -106.625, 50.53333333333336 ], [ -106.622575547960039, 50.532980007595512 ], [ -106.618379720052047, 50.528813340928842 ], [ -106.614242214626699, 50.529519992404538 ], [ -106.610415988498232, 50.5333194308811 ], [ -106.602424452039898, 50.525353325737868 ], [ -106.597575547960034, 50.524646674262172 ], [ -106.594091118706558, 50.521186659071205 ], [ -106.580879720052053, 50.520478312174504 ], [ -106.575353325737808, 50.514924452039956 ], [ -106.575, 50.5125 ], [ -106.571541680229998, 50.511612616644989 ], [ -106.570124986436596, 50.500887383355057 ], [ -106.564456176757773, 50.499432712131096 ], [ -106.560543823242156, 50.496400621202277 ], [ -106.522789510091116, 50.495266045464433 ], [ -106.518877156575485, 50.492233954535614 ], [ -106.511753336588512, 50.491099378797763 ], [ -106.506377156575482, 50.495266045464433 ], [ -106.492566257052914, 50.496494547526062 ], [ -106.491099378797713, 50.502210489908876 ], [ -106.482750447591116, 50.511580403645858 ], [ -106.475850762261246, 50.513350762261311 ], [ -106.475, 50.516666666666687 ], [ -106.468408881293371, 50.517019992404535 ], [ -106.464924452039895, 50.520480007595509 ], [ -106.460075547960031, 50.521186659071205 ], [ -106.456591118706569, 50.524646674262172 ], [ -106.451742214626705, 50.525353325737868 ], [ -106.444091118706567, 50.532980007595512 ], [ -106.4375, 50.53333333333336 ], [ -106.437853325737819, 50.530908881293428 ], [ -106.445480007595449, 50.523257785373289 ], [ -106.446186659071145, 50.514242214626762 ], [ -106.449986097547708, 50.510415988498288 ], [ -106.442019992404482, 50.502424452039953 ], [ -106.441313340928787, 50.489242214626756 ], [ -106.437146674262124, 50.485046386718771 ], [ -106.437859090169241, 50.48087531195749 ], [ -106.443408881293365, 50.475353325737871 ], [ -106.45, 50.475 ], [ -106.456591118706569, 50.474646674262175 ], [ -106.462141927083294, 50.469123670789955 ], [ -106.462853325737811, 50.464242214626758 ], [ -106.466313340928792, 50.460757785373289 ], [ -106.466666666666626, 50.45 ], [ -106.463350762261257, 50.449149237738737 ], [ -106.461532253689199, 50.442062717013911 ], [ -106.456377156575485, 50.438067287868947 ], [ -106.451956176757776, 50.436932712131096 ], [ -106.443877156575482, 50.429733954535614 ], [ -106.43528951009111, 50.428599378797763 ], [ -106.431377156575479, 50.425567287868944 ], [ -106.418622843424444, 50.4244327121311 ], [ -106.409270562065942, 50.416099378797767 ], [ -106.376956176757773, 50.417233954535611 ], [ -106.373043823242156, 50.42026604546443 ], [ -106.356122843424444, 50.421400621202281 ], [ -106.350746663411428, 50.425567287868944 ], [ -106.347789510091104, 50.4244327121311 ], [ -106.339710489908825, 50.417233954535611 ], [ -106.335289510091116, 50.416099378797767 ], [ -106.331377156575485, 50.413067287868948 ], [ -106.326956176757776, 50.411932712131097 ], [ -106.323043823242159, 50.408900621202278 ], [ -106.306122843424447, 50.407766045464435 ], [ -106.302210489908816, 50.404733954535615 ], [ -106.288459947374093, 50.403510877821205 ], [ -106.283900621202221, 50.398043823242212 ], [ -106.283333333333303, 50.395833333333357 ], [ -106.283686659071151, 50.380908881293422 ], [ -106.287853325737814, 50.376713053385437 ], [ -106.287146674262118, 50.372575547960089 ], [ -106.283686659071151, 50.369091118706621 ], [ -106.283333333333303, 50.34166666666669 ], [ -106.272575547960031, 50.341313340928842 ], [ -106.260757785373229, 50.329519992404535 ], [ -106.243408881293362, 50.328813340928839 ], [ -106.235757785373224, 50.321186659071202 ], [ -106.230908881293374, 50.320480007595506 ], [ -106.227424452039898, 50.317019992404532 ], [ -106.222575547960034, 50.316313340928843 ], [ -106.214924452039895, 50.308686659071199 ], [ -106.210075547960031, 50.307980007595511 ], [ -106.206591118706555, 50.304519992404536 ], [ -106.201742214626705, 50.303813340928841 ], [ -106.197916666666629, 50.300014580620683 ], [ -106.19337972005205, 50.304519992404536 ], [ -106.189242214626702, 50.303813340928841 ], [ -106.185416666666626, 50.300014580620683 ], [ -106.181591118706564, 50.303813340928841 ], [ -106.175, 50.304166666666688 ], [ -106.1746419270833, 50.306623670789953 ], [ -106.169091118706561, 50.312146674262173 ], [ -106.155908881293371, 50.312853325737869 ], [ -106.148257785373232, 50.320480007595506 ], [ -106.126742214626702, 50.321186659071202 ], [ -106.123257785373227, 50.324646674262176 ], [ -106.101742214626697, 50.325353325737865 ], [ -106.098257785373221, 50.328813340928839 ], [ -106.091666666666626, 50.329166666666687 ], [ -106.076742214626705, 50.329519992404535 ], [ -106.072546386718713, 50.333686659071205 ], [ -106.035048760308115, 50.332979668511307 ], [ -106.025013902452216, 50.322917344835091 ], [ -106.028813340928778, 50.319091118706616 ], [ -106.029519992404474, 50.314242214626759 ], [ -106.032980007595455, 50.310757785373283 ], [ -106.033333333333289, 50.308333333333351 ], [ -106.040767076280346, 50.307672119140648 ], [ -106.042233954535547, 50.301956176757834 ], [ -106.045266045464373, 50.29804382324221 ], [ -106.046400621202224, 50.295086669921893 ], [ -106.042233954535547, 50.289710489908877 ], [ -106.041666666666629, 50.2875 ], [ -106.022789510091101, 50.288067287868941 ], [ -106.017413330078085, 50.292233954535611 ], [ -106.014456176757776, 50.291099378797767 ], [ -106.010543823242145, 50.288067287868941 ], [ -105.967583211262976, 50.286904568142383 ], [ -105.966666666666626, 50.283333333333353 ], [ -105.964242214626694, 50.282980007595505 ], [ -105.960757785373232, 50.279519992404538 ], [ -105.945833333333312, 50.27916666666669 ], [ -105.945833333333312, 50.275 ], [ -105.935289510091124, 50.275567287868945 ], [ -105.930303785535997, 50.279431152343768 ], [ -105.929166666666646, 50.275 ], [ -105.922789510091121, 50.274432712131095 ], [ -105.918877156575505, 50.271400621202275 ], [ -105.915920003255181, 50.270266045464432 ], [ -105.910543823242165, 50.274432712131095 ], [ -105.905017598470025, 50.275850762261307 ], [ -105.90416666666664, 50.27916666666669 ], [ -105.893622843424453, 50.279733954535608 ], [ -105.88863711886934, 50.283597819010438 ], [ -105.8875, 50.27916666666669 ], [ -105.876956176757787, 50.278599378797765 ], [ -105.860543823242168, 50.263067287868942 ], [ -105.851956176757795, 50.261932712131099 ], [ -105.843877156575502, 50.25473395453561 ], [ -105.831122843424453, 50.253599378797766 ], [ -105.827210489908836, 50.250567287868947 ], [ -105.817554050021684, 50.24929165310332 ], [ -105.816666666666649, 50.245833333333351 ], [ -105.804166666666646, 50.245833333333351 ], [ -105.803813340928798, 50.243408881293426 ], [ -105.800353325737831, 50.239924452039951 ], [ -105.799646674262135, 50.235075547960093 ], [ -105.792019992404491, 50.227424452039955 ], [ -105.791666666666643, 50.225 ], [ -105.789242214626711, 50.224646674262175 ], [ -105.785757785373235, 50.221186659071201 ], [ -105.780908881293385, 50.220480007595505 ], [ -105.769091118706569, 50.208686659071198 ], [ -105.745833333333309, 50.208333333333357 ], [ -105.735075547960051, 50.207980007595509 ], [ -105.731591118706575, 50.204519992404535 ], [ -105.722575547960048, 50.203813340928839 ], [ -105.710757785373232, 50.192019992404532 ], [ -105.708333333333314, 50.191666666666684 ], [ -105.707766045464382, 50.18945617675783 ], [ -105.700567287868893, 50.181377156575543 ], [ -105.69914906819659, 50.175850762261305 ], [ -105.695833333333312, 50.175 ], [ -105.695480007595464, 50.168408881293423 ], [ -105.692019992404482, 50.164924452039948 ], [ -105.691313340928801, 50.143408881293425 ], [ -105.687853325737819, 50.139924452039949 ], [ -105.687146674262124, 50.135075547960092 ], [ -105.683347913953966, 50.13125 ], [ -105.687146674262124, 50.127424452039953 ], [ -105.6875, 50.1125 ], [ -105.684184265136693, 50.111649237738732 ], [ -105.68276604546439, 50.106122843424501 ], [ -105.679733954535564, 50.10221048990887 ], [ -105.678198920355882, 50.096229383680573 ], [ -105.673043823242168, 50.092233954535608 ], [ -105.668622843424458, 50.091099378797765 ], [ -105.664710489908828, 50.088067287868945 ], [ -105.660289510091118, 50.086932712131095 ], [ -105.656377156575502, 50.083900621202275 ], [ -105.651956176757793, 50.082766045464432 ], [ -105.626034037272106, 50.057766045464426 ], [ -105.622789510091124, 50.058900621202277 ], [ -105.618877156575493, 50.061932712131096 ], [ -105.606122843424458, 50.063067287868947 ], [ -105.602210489908828, 50.066099378797759 ], [ -105.6, 50.066666666666684 ], [ -105.596684265136687, 50.067517428927971 ], [ -105.595833333333303, 50.070833333333354 ], [ -105.59166666666664, 50.070833333333354 ], [ -105.590815734863256, 50.067517428927971 ], [ -105.5875, 50.066666666666684 ], [ -105.587141927083309, 50.069123670789949 ], [ -105.581591118706569, 50.074646674262169 ], [ -105.526742214626708, 50.075353325737865 ], [ -105.522546217176625, 50.079519992404535 ], [ -105.514242214626705, 50.078813340928839 ], [ -105.510416666666643, 50.075014580620682 ], [ -105.506591118706567, 50.078813340928839 ], [ -105.489242214626714, 50.079519992404535 ], [ -105.485757785373238, 50.082980007595509 ], [ -105.476742214626711, 50.083686659071198 ], [ -105.469091118706572, 50.091313340928842 ], [ -105.4625, 50.091666666666683 ], [ -105.462146674262129, 50.089242214626758 ], [ -105.458686659071148, 50.085757785373282 ], [ -105.457977634006056, 50.076712036132832 ], [ -105.452424452039907, 50.071186659071202 ], [ -105.45, 50.070833333333354 ], [ -105.450353325737822, 50.060075547960089 ], [ -105.457980007595467, 50.052424452039951 ], [ -105.458686659071148, 50.043408881293423 ], [ -105.462146674262129, 50.039924452039948 ], [ -105.4625, 50.0375 ], [ -105.465815734863256, 50.036649237738736 ], [ -105.46666666666664, 50.033333333333353 ], [ -105.467233954535558, 50.031122843424498 ], [ -105.470266045464385, 50.027210489908875 ], [ -105.471400621202235, 50.022789510091165 ], [ -105.474432712131048, 50.018877156575542 ], [ -105.475567287868898, 50.014456176757832 ], [ -105.478599378797711, 50.010543823242209 ], [ -105.479875183105449, 50.00088738335505 ], [ -105.485543823242168, 49.999432712131096 ], [ -105.489456176757784, 49.996400621202277 ], [ -105.499112616644936, 49.99512498643665 ], [ -105.500850931803356, 49.988350762261305 ], [ -105.504166666666634, 49.9875 ], [ -105.510543823242159, 49.986932712131093 ], [ -105.51445617675779, 49.983900621202274 ], [ -105.519982401529916, 49.982482571072069 ], [ -105.520833333333314, 49.9791666666667 ], [ -105.521423848470022, 49.955181037055155 ], [ -105.526956176757793, 49.950567287868957 ], [ -105.532482401529919, 49.949149068196647 ], [ -105.533900621202235, 49.943622843424514 ], [ -105.537031216091549, 49.939583333333367 ], [ -105.532766045464385, 49.934079996744828 ], [ -105.533900621202235, 49.918622843424515 ], [ -105.538067287868898, 49.913246663411492 ], [ -105.536932712131048, 49.901956176757849 ], [ -105.533900621202235, 49.898043823242219 ], [ -105.532365587022539, 49.892062547471824 ], [ -105.527210489908825, 49.888067287868957 ], [ -105.521684265136699, 49.886649068196647 ], [ -105.520266045464382, 49.881122843424514 ], [ -105.504733954535567, 49.864710489908887 ], [ -105.504166666666634, 49.8625 ], [ -105.497575547960039, 49.862146674262185 ], [ -105.494091118706578, 49.858686659071211 ], [ -105.489242214626714, 49.857980007595522 ], [ -105.485757785373238, 49.854519992404548 ], [ -105.472575547960048, 49.853813340928852 ], [ -105.469091118706572, 49.850353325737878 ], [ -105.4625, 49.85 ], [ -105.447575547960042, 49.850353325737878 ], [ -105.444091118706567, 49.853813340928852 ], [ -105.439242214626717, 49.854519992404548 ], [ -105.427424452039901, 49.866313340928855 ], [ -105.420833333333306, 49.866666666666681 ], [ -105.410289510091118, 49.867233954535621 ], [ -105.406377156575488, 49.87026604546444 ], [ -105.385289510091113, 49.871400621202291 ], [ -105.381377156575496, 49.87443271213111 ], [ -105.375850931803356, 49.87585093180342 ], [ -105.375, 49.879166666666684 ], [ -105.364242214626714, 49.879519992404546 ], [ -105.356591118706575, 49.887146674262183 ], [ -105.351742214626711, 49.887853325737879 ], [ -105.348257785373235, 49.891313340928853 ], [ -105.345833333333303, 49.891666666666701 ], [ -105.34166666666664, 49.891666666666701 ], [ -105.341308593749972, 49.894123501247861 ], [ -105.335757785373232, 49.899646674262186 ], [ -105.322575547960042, 49.900353325737882 ], [ -105.319091118706567, 49.903813340928856 ], [ -105.316666666666634, 49.904166666666683 ], [ -105.305908881293377, 49.904519992404545 ], [ -105.302424452039901, 49.907980007595519 ], [ -105.285075547960048, 49.908686659071215 ], [ -105.281591118706572, 49.912146674262189 ], [ -105.276742214626708, 49.912853325737885 ], [ -105.269091118706569, 49.920480007595522 ], [ -105.2625, 49.92083333333337 ], [ -105.260075547960042, 49.921186659071218 ], [ -105.252424452039904, 49.928813340928855 ], [ -105.25, 49.929166666666688 ], [ -105.249646674262124, 49.926742214626771 ], [ -105.242019992404479, 49.919091118706632 ], [ -105.241313340928798, 49.901742214626772 ], [ -105.237853325737817, 49.898257785373296 ], [ -105.2375, 49.883333333333368 ], [ -105.237146674262121, 49.876742214626773 ], [ -105.233686659071154, 49.873257785373298 ], [ -105.232975260416637, 49.868376498752205 ], [ -105.227424452039898, 49.862853325737881 ], [ -105.222575547960048, 49.862146674262185 ], [ -105.219091118706572, 49.858686659071211 ], [ -105.2125, 49.85833333333337 ], [ -105.210075547960045, 49.858686659071211 ], [ -105.201715596516905, 49.867019992404551 ], [ -105.185075547960039, 49.866313340928855 ], [ -105.180879550509957, 49.862146674262185 ], [ -105.176742214626714, 49.862853325737881 ], [ -105.172546217176617, 49.867019992404551 ], [ -105.155908881293371, 49.866313340928855 ], [ -105.152424452039895, 49.862853325737881 ], [ -105.1375, 49.8625 ], [ -105.137853325737822, 49.855908881293438 ], [ -105.142019992404485, 49.851712883843348 ], [ -105.141313340928789, 49.839242214626772 ], [ -105.137853325737822, 49.835757785373296 ], [ -105.1375, 49.833333333333364 ], [ -105.136011081271675, 49.828511216905412 ], [ -105.131211005316814, 49.829822116427984 ], [ -105.127122328016469, 49.832677883572082 ], [ -105.110377671983471, 49.833988783094654 ], [ -105.104412502712648, 49.838155449761317 ], [ -105.097877671983483, 49.836844550238752 ], [ -105.093788994683138, 49.833988783094654 ], [ -105.08537767198348, 49.832677883572082 ], [ -105.079412502712643, 49.828511216905412 ], [ -105.072877671983477, 49.829822116427984 ], [ -105.068788994683132, 49.832677883572082 ], [ -105.043711005316808, 49.833988783094654 ], [ -105.037745836045971, 49.838155449761317 ], [ -105.031211005316806, 49.836844550238752 ], [ -105.027122328016461, 49.833988783094654 ], [ -105.012737698025148, 49.832489691840308 ], [ -105.008988783094594, 49.827122328016529 ], [ -105.007533094618026, 49.803898620605501 ], [ -105.002122328016469, 49.807677883572083 ], [ -105.0, 49.808333333333366 ], [ -104.993408881293377, 49.808686659071213 ], [ -104.989582655164895, 49.812486267089881 ], [ -104.977424452039898, 49.800353325737881 ], [ -104.970833333333303, 49.8 ], [ -104.970190429687463, 49.797864956325988 ], [ -104.95897623697914, 49.785468377007412 ], [ -104.957457817925317, 49.770583089192741 ], [ -104.950321790907083, 49.775642734103769 ], [ -104.943698459201357, 49.774357265896299 ], [ -104.939634874131912, 49.771476067437099 ], [ -104.9375, 49.770833333333364 ], [ -104.93528951009111, 49.770266045464446 ], [ -104.931377156575493, 49.767233954535627 ], [ -104.925850762261248, 49.765815734863317 ], [ -104.924032253689205, 49.758729214138491 ], [ -104.918877156575491, 49.754733954535624 ], [ -104.914456176757781, 49.753599378797773 ], [ -104.910543823242151, 49.750567287868954 ], [ -104.906122843424441, 49.74943271213111 ], [ -104.896770562065939, 49.741099378797777 ], [ -104.885289510091113, 49.742233954535621 ], [ -104.881377156575496, 49.74526604546444 ], [ -104.87278951009111, 49.746400621202291 ], [ -104.868877156575493, 49.74943271213111 ], [ -104.866666666666632, 49.75 ], [ -104.860289510091121, 49.74943271213111 ], [ -104.854913330078091, 49.74526604546444 ], [ -104.851956176757781, 49.746400621202291 ], [ -104.846579996744765, 49.750567287868954 ], [ -104.843622843424441, 49.74943271213111 ], [ -104.839710489908825, 49.746400621202291 ], [ -104.813411797417501, 49.745219082302548 ], [ -104.811932712131039, 49.739456176757848 ], [ -104.804733954535564, 49.731377156575554 ], [ -104.803599378797713, 49.726956176757845 ], [ -104.796400621202224, 49.718877156575552 ], [ -104.795833333333306, 49.716666666666697 ], [ -104.794933742947023, 49.713161214192738 ], [ -104.7875, 49.7125 ], [ -104.787146674262118, 49.710075547960102 ], [ -104.779519992404488, 49.702424452039963 ], [ -104.77916666666664, 49.695833333333368 ], [ -104.781591118706572, 49.695480007595521 ], [ -104.785075547960034, 49.692019992404546 ], [ -104.7875, 49.691666666666698 ], [ -104.791666666666629, 49.691666666666698 ], [ -104.791099378797711, 49.676956176757848 ], [ -104.779626464843716, 49.664594692654113 ], [ -104.782766045464385, 49.660543823242222 ], [ -104.784301079644067, 49.654562547471819 ], [ -104.789456176757781, 49.650567287868952 ], [ -104.794982571072012, 49.64914906819665 ], [ -104.796684095594586, 49.642517598470086 ], [ -104.804733954535564, 49.640451727973122 ], [ -104.803469848632787, 49.630057101779542 ], [ -104.796229383680526, 49.628198920355935 ], [ -104.791099378797711, 49.621579996744821 ], [ -104.792233954535561, 49.618622843424511 ], [ -104.795266045464373, 49.614710489908887 ], [ -104.796400621202224, 49.606122843424508 ], [ -104.79943271213105, 49.602210489908884 ], [ -104.8, 49.595833333333367 ], [ -104.785289510091118, 49.596400621202292 ], [ -104.781377156575488, 49.599432712131104 ], [ -104.778229437934002, 49.600567287868955 ], [ -104.768877156575485, 49.592233954535622 ], [ -104.765920003255175, 49.591099378797772 ], [ -104.760543823242159, 49.595266045464442 ], [ -104.751956176757787, 49.596400621202292 ], [ -104.748043823242156, 49.599432712131104 ], [ -104.730072360568542, 49.600637647840742 ], [ -104.729166666666629, 49.6041666666667 ], [ -104.726742214626711, 49.603813340928852 ], [ -104.723257785373235, 49.600353325737878 ], [ -104.718378363715246, 49.599642266167564 ], [ -104.708686659071148, 49.589924452039959 ], [ -104.707980007595452, 49.572575547960099 ], [ -104.704519992404485, 49.569091118706631 ], [ -104.704166666666637, 49.566666666666698 ], [ -104.710455661349798, 49.566011216905416 ], [ -104.715823025173577, 49.562262132432757 ], [ -104.717322116427923, 49.547877671983535 ], [ -104.721125962999096, 49.54243181016713 ], [ -104.746101548936593, 49.540866258409316 ], [ -104.742322116427914, 49.535455661349857 ], [ -104.741011216905349, 49.526076083713136 ], [ -104.752122328016455, 49.524344550238744 ], [ -104.756211005316814, 49.521488783094647 ], [ -104.76588711208764, 49.519980875651072 ], [ -104.767425537109347, 49.505219014485711 ], [ -104.774222479926181, 49.503120083279114 ], [ -104.77565544976126, 49.49142083062069 ], [ -104.771488783094583, 49.48545566134986 ], [ -104.770177883572018, 49.482751803927982 ], [ -104.778511216905343, 49.472955661349857 ], [ -104.779953002929659, 49.459119839138488 ], [ -104.7875, 49.458333333333364 ], [ -104.790754530164904, 49.457566833496124 ], [ -104.792196316189205, 49.45322587754994 ], [ -104.787017822265597, 49.446832614474857 ], [ -104.788386366102401, 49.442439270019563 ], [ -104.791666666666629, 49.441666666666698 ], [ -104.791313340928781, 49.439242214626766 ], [ -104.787853325737814, 49.435757785373298 ], [ -104.7875, 49.433333333333366 ], [ -104.768408881293368, 49.433686659071213 ], [ -104.764924452039892, 49.437146674262181 ], [ -104.755908881293365, 49.437853325737876 ], [ -104.744091118706564, 49.449646674262183 ], [ -104.733333333333306, 49.45 ], [ -104.732560899522539, 49.453280300564266 ], [ -104.72816738552514, 49.454648674858973 ], [ -104.723081461588507, 49.450529479980503 ], [ -104.713578965928789, 49.449367947048643 ], [ -104.691137017144058, 49.426152716742649 ], [ -104.692196316189211, 49.422751702202724 ], [ -104.696362982855874, 49.417607455783454 ], [ -104.695303683810735, 49.406085035536051 ], [ -104.692196316189211, 49.402248297797343 ], [ -104.690910169813336, 49.396787516276071 ], [ -104.681414794921835, 49.388029479980496 ], [ -104.675, 49.3875 ], [ -104.675, 49.391666666666694 ], [ -104.656160481770797, 49.392271762424073 ], [ -104.652172851562469, 49.395228237575985 ], [ -104.643660481770794, 49.396438429090743 ], [ -104.635506184895803, 49.403561570909318 ], [ -104.631160481770806, 49.404771762424076 ], [ -104.627172851562463, 49.407728237575988 ], [ -104.622827148437466, 49.408938429090739 ], [ -104.610506184895797, 49.420228237575984 ], [ -104.59782714843746, 49.421438429090742 ], [ -104.593839518229132, 49.424394904242654 ], [ -104.585327148437472, 49.425605095757412 ], [ -104.58125, 49.428627861870687 ], [ -104.577172851562466, 49.425605095757412 ], [ -104.568660481770806, 49.424394904242654 ], [ -104.559120686848928, 49.416061570909321 ], [ -104.553561740451357, 49.418334113227026 ], [ -104.554771592881906, 49.423006015353764 ], [ -104.558938259548583, 49.428625996907584 ], [ -104.557503594292498, 49.436783854166698 ], [ -104.5436604817708, 49.438105095757408 ], [ -104.538040500216979, 49.442271762424078 ], [ -104.521802435980874, 49.440980190700984 ], [ -104.519775729709167, 49.433702596028674 ], [ -104.510506184895803, 49.425605095757412 ], [ -104.504166666666634, 49.425 ], [ -104.503198920355871, 49.421229214138485 ], [ -104.498043823242156, 49.417233954535618 ], [ -104.493622843424447, 49.416099378797774 ], [ -104.489710489908816, 49.413067287868955 ], [ -104.485289510091107, 49.411932712131104 ], [ -104.473043823242151, 49.400567287868952 ], [ -104.468622843424441, 49.399432712131109 ], [ -104.456377156575485, 49.388067287868957 ], [ -104.450661214192678, 49.386600409613749 ], [ -104.449432712131042, 49.372789510091174 ], [ -104.44640062120223, 49.36887715657555 ], [ -104.445833333333297, 49.366666666666696 ], [ -104.429166666666632, 49.366666666666696 ], [ -104.422789510091107, 49.36609937879777 ], [ -104.418877156575491, 49.363067287868951 ], [ -104.364456176757784, 49.361932712131107 ], [ -104.359079996744754, 49.357766045464437 ], [ -104.342570665147534, 49.358977762858103 ], [ -104.340529378255169, 49.366931321885879 ], [ -104.335543823242148, 49.363067287868951 ], [ -104.325, 49.3625 ], [ -104.324085489908825, 49.358935716417129 ], [ -104.289456176757781, 49.357766045464437 ], [ -104.285543823242151, 49.354733954535618 ], [ -104.272789510091116, 49.353599378797774 ], [ -104.264710489908822, 49.346400621202285 ], [ -104.260289510091113, 49.345266045464442 ], [ -104.256377156575482, 49.342233954535622 ], [ -104.24778951009111, 49.341099378797772 ], [ -104.243877156575479, 49.338067287868952 ], [ -104.23945617675777, 49.336932712131109 ], [ -104.235543823242153, 49.333900621202289 ], [ -104.222789510091104, 49.332766045464439 ], [ -104.210543823242148, 49.321400621202287 ], [ -104.204166666666623, 49.320833333333361 ], [ -104.203315904405343, 49.317517598470083 ], [ -104.197789510091113, 49.316099378797773 ], [ -104.193877156575482, 49.313067287868954 ], [ -104.181122843424447, 49.311932712131103 ], [ -104.177210489908816, 49.308900621202284 ], [ -104.160289510091104, 49.30776604546444 ], [ -104.156377156575488, 49.304733954535621 ], [ -104.143622843424438, 49.30359937879777 ], [ -104.139710489908822, 49.300567287868951 ], [ -104.133333333333312, 49.3 ], [ -104.133333333333297, 49.295833333333363 ], [ -104.132766045464393, 49.285289510091175 ], [ -104.125567287868904, 49.277210489908882 ], [ -104.12411261664495, 49.271541849772163 ], [ -104.114456176757798, 49.270266045464439 ], [ -104.102210489908828, 49.258900621202287 ], [ -104.092586093478715, 49.257629055447076 ], [ -104.088067287868896, 49.252210489908883 ], [ -104.0875, 49.25 ], [ -104.089924452039909, 49.249646674262181 ], [ -104.093408881293385, 49.246186659071206 ], [ -104.095833333333317, 49.245833333333366 ], [ -104.095833333333303, 49.233333333333363 ], [ -104.095479498969169, 49.214213901095945 ], [ -104.089924452039909, 49.208686659071212 ], [ -104.068408881293379, 49.207980007595516 ], [ -104.064924452039904, 49.204519992404542 ], [ -104.058333333333294, 49.204166666666694 ], [ -104.046848551432277, 49.203548685709663 ], [ -104.029733954535573, 49.185543823242213 ], [ -104.028029547797289, 49.178902011447512 ], [ -104.021579996744777, 49.183900621202284 ], [ -104.01445617675779, 49.18276604546444 ], [ -104.010543823242159, 49.179733954535621 ], [ -104.004166666666649, 49.179166666666696 ], [ -104.003599378797716, 49.172789510091171 ], [ -103.999432712131053, 49.167413330078155 ], [ -104.000644429524712, 49.150903998480928 ], [ -104.007937452528196, 49.149032253689263 ], [ -104.011932712131056, 49.143877156575549 ], [ -104.013067287868907, 49.13945617675784 ], [ -104.016099378797719, 49.135543823242216 ], [ -104.01723395453557, 49.118622843424504 ], [ -104.020266045464382, 49.11471048990888 ], [ -104.020833333333314, 49.1125 ], [ -104.0208333333333, 49.108333333333363 ], [ -104.020266045464382, 49.106122843424508 ], [ -104.017128499348942, 49.102074517144125 ], [ -104.025365871853282, 49.092829725477458 ], [ -104.017517598470036, 49.09081590440541 ], [ -104.016099378797719, 49.085289510091172 ], [ -104.013067287868907, 49.081377156575549 ], [ -104.01164906819659, 49.075850762261311 ], [ -104.008333333333312, 49.075 ], [ -104.004925367567253, 49.073947821723117 ], [ -104.003511216905366, 49.060377671983531 ], [ -104.000655449761268, 49.056288994683186 ], [ -103.999344550238689, 49.047877671983535 ], [ -103.995613606770817, 49.042536417643255 ], [ -103.982626851399715, 49.04101121690541 ], [ -103.964622328016475, 49.057677883572076 ], [ -103.962254163953972, 49.058988783094648 ], [ -103.956288994683135, 49.054822116427978 ], [ -103.92586669921873, 49.053511216905406 ], [ -103.924344550238686, 49.072955661349852 ], [ -103.91659122043184, 49.082069905598985 ], [ -103.909092034233922, 49.084385511610272 ], [ -103.908333333333317, 49.091666666666697 ], [ -103.901742214626708, 49.091313340928849 ], [ -103.898257785373247, 49.087853325737875 ], [ -103.885075547960042, 49.087146674262179 ], [ -103.881591118706581, 49.083686659071205 ], [ -103.872575547960054, 49.082980007595516 ], [ -103.869091118706578, 49.079519992404542 ], [ -103.860047234429231, 49.078811306423638 ], [ -103.850353325737828, 49.069091118706623 ], [ -103.849646674262132, 49.047575547960093 ], [ -103.841679890950502, 49.039583333333361 ], [ -103.849646674262132, 49.031591118706622 ], [ -103.85, 49.025 ], [ -103.843408881293385, 49.024646674262179 ], [ -103.839924452039909, 49.021186659071205 ], [ -103.8375, 49.020833333333357 ], [ -103.837141927083309, 49.023290337456622 ], [ -103.830881076388863, 49.029519992404538 ], [ -103.822575547960042, 49.028813340928849 ], [ -103.819091118706581, 49.025353325737875 ], [ -103.810075547960039, 49.024646674262179 ], [ -103.806591118706578, 49.021186659071205 ], [ -103.801742214626714, 49.020480007595516 ], [ -103.798257785373238, 49.017019992404542 ], [ -103.795833333333306, 49.016666666666694 ], [ -103.7950981987847, 49.00913594563805 ], [ -103.785339864095022, 49.00771586100263 ], [ -103.772993469238259, 48.99645080566409 ], [ -103.770833333333314, 48.995833333333358 ], [ -103.771186659071162, 48.989242214626763 ], [ -103.774646674262129, 48.985757785373288 ], [ -103.775, 48.966666666666697 ], [ -103.775, 48.9625 ], [ -103.772839864095033, 48.961882527669296 ], [ -103.768826802571596, 48.958950805664088 ], [ -103.76033986409503, 48.957715861002633 ], [ -103.756326802571593, 48.954784138997425 ], [ -103.745215691460473, 48.953167046440996 ], [ -103.746450975206145, 48.935339694552979 ], [ -103.74938235812715, 48.931326972113744 ], [ -103.750926378038173, 48.92592637803822 ], [ -103.758950975206133, 48.923632134331626 ], [ -103.75764957004121, 48.900849066840301 ], [ -103.747993469238253, 48.892284138997425 ], [ -103.741780598958314, 48.890508015950545 ], [ -103.738117641872805, 48.88549363878041 ], [ -103.736573621961782, 48.880093044704886 ], [ -103.731173197428362, 48.87854919433596 ], [ -103.722993469238261, 48.87145080566409 ], [ -103.718673197428359, 48.870215861002627 ], [ -103.714660135904921, 48.86728413899742 ], [ -103.7125, 48.866666666666696 ], [ -103.710289510091116, 48.867233954535614 ], [ -103.706377156575499, 48.870266045464433 ], [ -103.70195617675779, 48.871400621202284 ], [ -103.693877156575496, 48.878599378797766 ], [ -103.689456176757787, 48.879733954535617 ], [ -103.681377156575493, 48.886932712131099 ], [ -103.678420003255184, 48.88806728786895 ], [ -103.673043823242168, 48.88390062120228 ], [ -103.668622843424458, 48.882766045464436 ], [ -103.663637118869332, 48.878902180989613 ], [ -103.6625, 48.883333333333361 ], [ -103.660075547960048, 48.882980007595513 ], [ -103.639924452039907, 48.862853325737873 ], [ -103.630908881293379, 48.862146674262178 ], [ -103.62254892985024, 48.853813340928845 ], [ -103.605908881293374, 48.854519992404541 ], [ -103.602083333333312, 48.858318752712698 ], [ -103.598257785373235, 48.854519992404541 ], [ -103.5875, 48.854166666666693 ], [ -103.583333333333314, 48.854166666666693 ], [ -103.559148491753447, 48.853516981336831 ], [ -103.55751868353947, 48.842319403754367 ], [ -103.514506530761693, 48.841049194335966 ], [ -103.510493469238256, 48.838117472330751 ], [ -103.508333333333312, 48.8375 ], [ -103.507703145345033, 48.83535257975263 ], [ -103.504796854654927, 48.831314086914091 ], [ -103.503276570637993, 48.821108330620689 ], [ -103.49798092312281, 48.817297024197075 ], [ -103.488493008083736, 48.815883721245683 ], [ -103.486342875162734, 48.808556789822077 ], [ -103.475685458713087, 48.799369642469642 ], [ -103.472852410210479, 48.800630357530409 ], [ -103.467062886555965, 48.804797024197072 ], [ -103.44243147108287, 48.803468831380236 ], [ -103.441169399685307, 48.79108581542971 ], [ -103.445203145345019, 48.785480753580757 ], [ -103.445833333333312, 48.78333333333336 ], [ -103.44646352132159, 48.781185913085963 ], [ -103.449369812011696, 48.777147420247424 ], [ -103.450843980577233, 48.767250908745687 ], [ -103.468685743543816, 48.750630357530405 ], [ -103.474955071343288, 48.748790486653668 ], [ -103.478536478678365, 48.743814086914085 ], [ -103.479796854654921, 48.739519246419299 ], [ -103.488130187988261, 48.729851955837695 ], [ -103.48686981201169, 48.718685913085963 ], [ -103.483963521321584, 48.714647420247417 ], [ -103.482204013400576, 48.708651733398462 ], [ -103.463294474283828, 48.691036309136308 ], [ -103.456185743543813, 48.692297024197075 ], [ -103.450865851508226, 48.696125623914952 ], [ -103.449502733018633, 48.682752482096376 ], [ -103.453536478678359, 48.677147420247422 ], [ -103.455112033420107, 48.671778700086833 ], [ -103.4583333333333, 48.670833333333356 ], [ -103.457445949978279, 48.667375013563394 ], [ -103.447789510091113, 48.666099378797767 ], [ -103.442413330078097, 48.661932712131097 ], [ -103.418622843424458, 48.663067287868948 ], [ -103.409270562065942, 48.671400621202281 ], [ -103.39257083468965, 48.670189751519118 ], [ -103.390767076280355, 48.663161214192733 ], [ -103.383333333333312, 48.6625 ], [ -103.364506530761687, 48.661882527669292 ], [ -103.36049346923825, 48.658950805664084 ], [ -103.354934861924889, 48.657361518012181 ], [ -103.353364054361947, 48.64656846788197 ], [ -103.345833333333303, 48.645833333333357 ], [ -103.339506530761696, 48.646450805664088 ], [ -103.335493469238259, 48.649382527669296 ], [ -103.325794135199629, 48.650794135199675 ], [ -103.324138556586348, 48.662169053819468 ], [ -103.318826802571593, 48.666049194335962 ], [ -103.291666666666643, 48.666666666666693 ], [ -103.280075920952669, 48.667290242513047 ], [ -103.27916666666664, 48.670833333333356 ], [ -103.260075547960042, 48.671186659071203 ], [ -103.254524739583303, 48.676709662543431 ], [ -103.254166666666634, 48.679166666666688 ], [ -103.247575547960039, 48.679519992404536 ], [ -103.244091118706564, 48.682980007595511 ], [ -103.241666666666646, 48.683333333333358 ], [ -103.241666666666646, 48.6875 ], [ -103.241099378797713, 48.706377156575542 ], [ -103.237968783908386, 48.710416666666688 ], [ -103.242233954535564, 48.715920003255235 ], [ -103.24092797173391, 48.724120415581623 ], [ -103.235289510091121, 48.725567287868948 ], [ -103.231377156575491, 48.728599378797767 ], [ -103.218622843424455, 48.729733954535618 ], [ -103.214710489908825, 48.732766045464437 ], [ -103.2125, 48.733333333333356 ], [ -103.204166666666637, 48.733333333333356 ], [ -103.20195617675779, 48.733900621202281 ], [ -103.198043823242159, 48.7369327121311 ], [ -103.189456176757787, 48.738067287868951 ], [ -103.181377156575493, 48.745266045464433 ], [ -103.167566257052925, 48.746494547526069 ], [ -103.166099378797711, 48.752210489908876 ], [ -103.163067287868898, 48.756122843424507 ], [ -103.161932712131048, 48.764710489908879 ], [ -103.157937452528188, 48.769865587022593 ], [ -103.150850762261257, 48.771684095594644 ], [ -103.15, 48.775 ], [ -103.126742214626702, 48.775353325737875 ], [ -103.123257785373241, 48.778813340928842 ], [ -103.120833333333309, 48.77916666666669 ], [ -103.119982571072015, 48.782482571072073 ], [ -103.116666666666632, 48.78333333333336 ], [ -103.1125, 48.78333333333336 ], [ -103.108333333333306, 48.78333333333336 ], [ -103.107560899522539, 48.786613633897595 ], [ -103.10316738552514, 48.787982177734399 ], [ -103.098081461588507, 48.783862982855929 ], [ -103.089418538411422, 48.782803683810791 ], [ -103.085416666666632, 48.779562717013917 ], [ -103.081414794921841, 48.782803683810791 ], [ -103.075, 48.78333333333336 ], [ -103.072575547960042, 48.783686659071208 ], [ -103.069091118706567, 48.787146674262175 ], [ -103.060075547960039, 48.787853325737871 ], [ -103.056591118706564, 48.791313340928845 ], [ -103.054166666666632, 48.791666666666693 ], [ -103.052951727973067, 48.786932712131104 ], [ -103.043622843424444, 48.788067287868948 ], [ -103.038246663411428, 48.792233954535618 ], [ -103.026956176757778, 48.791099378797767 ], [ -103.023043823242162, 48.788067287868948 ], [ -103.01445617675779, 48.786932712131104 ], [ -103.010543823242159, 48.783900621202285 ], [ -103.000929090711779, 48.782630411783877 ], [ -102.992233954535564, 48.773043823242212 ], [ -102.991099378797713, 48.76445617675784 ], [ -102.988067287868887, 48.760543823242216 ], [ -102.9875, 48.754166666666691 ], [ -102.986532253689205, 48.750396050347248 ], [ -102.981377156575491, 48.746400621202284 ], [ -102.97585076226126, 48.744982571072072 ], [ -102.974086507161431, 48.738107638888913 ], [ -102.9583333333333, 48.7375 ], [ -102.951742214626705, 48.737853325737873 ], [ -102.947546386718713, 48.742019992404536 ], [ -102.943408881293379, 48.741313340928841 ], [ -102.939583333333303, 48.737514580620683 ], [ -102.935757785373227, 48.741313340928841 ], [ -102.933333333333309, 48.741666666666688 ], [ -102.930908881293377, 48.742019992404536 ], [ -102.925359090169238, 48.747541978624156 ], [ -102.924646674262121, 48.751713053385444 ], [ -102.928813340928784, 48.755908881293429 ], [ -102.929166666666632, 48.770833333333357 ], [ -102.925, 48.770833333333357 ], [ -102.922751871744765, 48.771362982855926 ], [ -102.918914794921847, 48.774470350477458 ], [ -102.913454182942672, 48.775756496853326 ], [ -102.904553900824624, 48.785405815972247 ], [ -102.908862982855865, 48.790726047092036 ], [ -102.906990898979998, 48.796362982855925 ], [ -102.893585205078097, 48.795303683810786 ], [ -102.889748128255178, 48.792196316189262 ], [ -102.864418538411428, 48.791137017144123 ], [ -102.860581461588509, 48.788029649522592 ], [ -102.847751871744762, 48.786970350477453 ], [ -102.839748128255181, 48.779696316189259 ], [ -102.826918538411434, 48.778637017144121 ], [ -102.821773952907961, 48.774470350477458 ], [ -102.806085205078091, 48.775529649522596 ], [ -102.8020833333333, 48.77877061631947 ], [ -102.798081461588509, 48.775529649522596 ], [ -102.795833333333306, 48.775 ], [ -102.780908881293371, 48.774646674262179 ], [ -102.777424452039895, 48.771186659071205 ], [ -102.766666666666637, 48.770833333333357 ], [ -102.765757581922713, 48.774376424153672 ], [ -102.754166666666634, 48.775 ], [ -102.701742214626705, 48.774646674262179 ], [ -102.698257785373229, 48.771186659071205 ], [ -102.693408881293365, 48.770480007595509 ], [ -102.689924452039904, 48.767019992404542 ], [ -102.672575547960037, 48.766313340928846 ], [ -102.669091118706561, 48.762853325737872 ], [ -102.660075547960034, 48.762146674262176 ], [ -102.656591118706558, 48.758686659071202 ], [ -102.639242214626705, 48.757980007595513 ], [ -102.635757785373229, 48.754519992404539 ], [ -102.625, 48.754166666666691 ], [ -102.624641927083303, 48.751709662543426 ], [ -102.618381076388857, 48.745480007595511 ], [ -102.614242214626699, 48.746186659071206 ], [ -102.610046386718722, 48.750353325737869 ], [ -102.601742214626697, 48.749646674262181 ], [ -102.594091118706558, 48.742019992404536 ], [ -102.589242214626708, 48.741313340928841 ], [ -102.581591118706569, 48.733686659071203 ], [ -102.57671169704858, 48.73297559950089 ], [ -102.567019992404482, 48.723257785373292 ], [ -102.566310967339376, 48.714212036132835 ], [ -102.560757785373227, 48.708686659071205 ], [ -102.551742214626699, 48.707980007595509 ], [ -102.548257785373224, 48.704519992404542 ], [ -102.545833333333306, 48.704166666666694 ], [ -102.545480007595458, 48.701742214626762 ], [ -102.537853325737814, 48.694091118706623 ], [ -102.5375, 48.691666666666691 ], [ -102.537141927083297, 48.689209662543426 ], [ -102.531250339084167, 48.683347574869813 ], [ -102.527424452039895, 48.687146674262181 ], [ -102.525, 48.6875 ], [ -102.516666666666637, 48.6875 ], [ -102.516308932834164, 48.685045030381971 ], [ -102.506250678168371, 48.675013902452278 ], [ -102.501713053385387, 48.679519992404536 ], [ -102.497575547960039, 48.678813340928841 ], [ -102.494091118706564, 48.675353325737873 ], [ -102.491666666666632, 48.675 ], [ -102.488464355468722, 48.674035644531273 ], [ -102.486857096354129, 48.668698459201416 ], [ -102.483976236979132, 48.66463487413197 ], [ -102.482457817925308, 48.649749755859396 ], [ -102.475979275173572, 48.654343329535614 ], [ -102.474357096354126, 48.64369845920141 ], [ -102.471476236979129, 48.639634874131971 ], [ -102.470833333333303, 48.625 ], [ -102.46037767198348, 48.625655449761311 ], [ -102.456288994683121, 48.628511216905409 ], [ -102.45204433865014, 48.629822116427974 ], [ -102.446079169379303, 48.633988783094644 ], [ -102.4437110053168, 48.632677883572072 ], [ -102.435455661349792, 48.625655449761311 ], [ -102.431211005316811, 48.624344550238739 ], [ -102.422915649414023, 48.617287868923633 ], [ -102.409000651041637, 48.629822116427974 ], [ -102.386844550238678, 48.628329467773462 ], [ -102.388213433159692, 48.605233086480055 ], [ -102.391666666666637, 48.604166666666693 ], [ -102.391313340928789, 48.601742214626761 ], [ -102.383686659071145, 48.594091118706622 ], [ -102.383333333333297, 48.583333333333357 ], [ -102.381173027886248, 48.583950805664088 ], [ -102.377160305447006, 48.586882527669296 ], [ -102.367401801215237, 48.588302612304709 ], [ -102.365949503580694, 48.603180270724849 ], [ -102.3625, 48.604166666666693 ], [ -102.361932712131036, 48.61054382324221 ], [ -102.346400621202221, 48.626956176757837 ], [ -102.34492763943139, 48.632695515950545 ], [ -102.325905693901873, 48.633971150716171 ], [ -102.32408447265621, 48.641068183051239 ], [ -102.304166666666632, 48.641666666666694 ], [ -102.292664252387112, 48.640989515516516 ], [ -102.290680270724792, 48.634050496419292 ], [ -102.275802612304645, 48.632598198784748 ], [ -102.27418755425343, 48.621501329210091 ], [ -102.242531670464373, 48.62016771104603 ], [ -102.233950805664023, 48.610493638780405 ], [ -102.232715861002575, 48.593673027886311 ], [ -102.22978413899736, 48.589660305447069 ], [ -102.228549194335898, 48.585339694552978 ], [ -102.225617472330697, 48.581326972113736 ], [ -102.224073621961765, 48.575926378038218 ], [ -102.216780598958294, 48.573841349283875 ], [ -102.21306152343746, 48.56875 ], [ -102.216109890407949, 48.564576890733534 ], [ -102.208950805664031, 48.556326972113737 ], [ -102.2083333333333, 48.554166666666688 ], [ -102.207118394639721, 48.5494327121311 ], [ -102.196723768446148, 48.550696818033877 ], [ -102.194982571072018, 48.557482571072072 ], [ -102.191666666666634, 48.558333333333358 ], [ -102.176742214626699, 48.557980007595511 ], [ -102.169091118706561, 48.550353325737873 ], [ -102.160045369466104, 48.549644300672767 ], [ -102.154519992404474, 48.544091118706618 ], [ -102.154166666666626, 48.541666666666693 ], [ -102.146793280707428, 48.541010877821201 ], [ -102.142233954535556, 48.535543823242207 ], [ -102.140815904405343, 48.530017428927977 ], [ -102.135289510091113, 48.528599378797765 ], [ -102.127210489908819, 48.521400621202282 ], [ -102.121229383680515, 48.519865587022593 ], [ -102.11723395453555, 48.514710489908879 ], [ -102.116666666666646, 48.5125 ], [ -102.117019992404494, 48.505908881293422 ], [ -102.120480007595461, 48.502424452039953 ], [ -102.120833333333294, 48.5 ], [ -102.119917636447468, 48.496431816948807 ], [ -102.1, 48.495833333333358 ], [ -102.072575547960042, 48.496186659071206 ], [ -102.06837955050996, 48.500353325737869 ], [ -102.064242214626717, 48.499646674262173 ], [ -102.060757785373241, 48.496186659071206 ], [ -102.047575547960051, 48.495480007595511 ], [ -102.044091118706575, 48.492019992404536 ], [ -102.035075547960048, 48.491313340928841 ], [ -102.031591118706572, 48.487853325737873 ], [ -102.02916666666664, 48.4875 ], [ -102.028599378797722, 48.472789510091168 ], [ -102.025567287868896, 48.468877156575545 ], [ -102.024432712131059, 48.464456176757835 ], [ -102.021400621202233, 48.460543823242212 ], [ -102.020195685492595, 48.442572360568597 ], [ -102.011932712131056, 48.440451727973112 ], [ -102.013307698567687, 48.434195285373285 ], [ -102.021400621202233, 48.43211839463978 ], [ -102.020266045464382, 48.426956176757834 ], [ -102.01723395453557, 48.42304382324221 ], [ -102.016666666666623, 48.420833333333356 ], [ -102.005075920952663, 48.420209757487001 ], [ -102.004166666666634, 48.416666666666686 ], [ -101.997575547960054, 48.416313340928845 ], [ -101.994091118706578, 48.412853325737871 ], [ -101.991666666666632, 48.4125 ], [ -101.990746900770375, 48.416083780924502 ], [ -101.980329895019509, 48.425365871853323 ], [ -101.979166666666629, 48.420833333333356 ], [ -101.972789510091118, 48.42026604546443 ], [ -101.968877156575502, 48.417233954535611 ], [ -101.964456176757793, 48.416099378797767 ], [ -101.960543823242162, 48.413067287868948 ], [ -101.942572360568548, 48.411862182617213 ], [ -101.940698920355885, 48.40456271701391 ], [ -101.93554382324217, 48.400567287868945 ], [ -101.931122843424461, 48.399432712131102 ], [ -101.923043823242168, 48.392233954535612 ], [ -101.906122843424455, 48.391099378797762 ], [ -101.902210489908825, 48.388067287868942 ], [ -101.9, 48.3875 ], [ -101.896684265136699, 48.386649237738737 ], [ -101.895266045464382, 48.3811228434245 ], [ -101.88390062120223, 48.368877156575543 ], [ -101.883333333333297, 48.358333333333356 ], [ -101.880017598470033, 48.357482571072069 ], [ -101.87795172797307, 48.349432712131097 ], [ -101.872789510091124, 48.350567287868948 ], [ -101.863437228732622, 48.358900621202281 ], [ -101.856122843424458, 48.35776604546443 ], [ -101.852210489908828, 48.354733954535611 ], [ -101.842554050021675, 48.353458319769985 ], [ -101.84166666666664, 48.35 ], [ -101.842019992404488, 48.347575547960091 ], [ -101.850353325737828, 48.339215766059048 ], [ -101.849646674262132, 48.335075547960088 ], [ -101.842019992404488, 48.327424452039949 ], [ -101.841312154134087, 48.31004672580297 ], [ -101.835757785373247, 48.304519992404536 ], [ -101.805908881293377, 48.303813340928841 ], [ -101.802424452039901, 48.300353325737866 ], [ -101.8, 48.3 ], [ -101.800353325737831, 48.293408881293423 ], [ -101.804519992404494, 48.289213053385438 ], [ -101.803813340928798, 48.285075547960091 ], [ -101.796186659071154, 48.277424452039952 ], [ -101.795480007595458, 48.272575547960088 ], [ -101.792019992404491, 48.269091118706619 ], [ -101.791666666666643, 48.2625 ], [ -101.789506530761699, 48.261882527669293 ], [ -101.785493469238261, 48.258950805664085 ], [ -101.764506530761693, 48.257715861002623 ], [ -101.756326802571593, 48.250617472330752 ], [ -101.750768195258217, 48.249028184678842 ], [ -101.749000379774287, 48.236882527669295 ], [ -101.727006530761699, 48.23811747233075 ], [ -101.722993469238261, 48.241049194335957 ], [ -101.720833333333303, 48.241666666666688 ], [ -101.719933742947021, 48.238161214192729 ], [ -101.706122843424453, 48.2369327121311 ], [ -101.698043823242159, 48.229733954535611 ], [ -101.691666666666649, 48.229166666666686 ], [ -101.690746900770378, 48.225582885742206 ], [ -101.681377156575493, 48.217233954535608 ], [ -101.675645785861519, 48.215763007269985 ], [ -101.663067287868898, 48.202210489908872 ], [ -101.661649068196596, 48.196684095594641 ], [ -101.656122843424455, 48.195266045464429 ], [ -101.652210489908825, 48.19223395453561 ], [ -101.65, 48.191666666666684 ], [ -101.643408881293382, 48.191313340928843 ], [ -101.631591118706567, 48.179519992404536 ], [ -101.629166666666634, 48.179166666666688 ], [ -101.628599378797716, 48.176956176757834 ], [ -101.625567287868904, 48.17304382324221 ], [ -101.624080234103701, 48.167249552408876 ], [ -101.61471048990883, 48.158900621202278 ], [ -101.60918426513669, 48.157482571072066 ], [ -101.608333333333306, 48.15416666666669 ], [ -101.605017598470027, 48.153315904405403 ], [ -101.604166666666643, 48.15 ], [ -101.604166666666643, 48.141666666666687 ], [ -101.604827880859347, 48.134232923719637 ], [ -101.611876424153621, 48.13242424858943 ], [ -101.6125, 48.120833333333351 ], [ -101.612146674262121, 48.114242214626771 ], [ -101.608686659071154, 48.110757785373302 ], [ -101.608333333333306, 48.1041666666667 ], [ -101.606122843424458, 48.104733954535625 ], [ -101.600746663411428, 48.108900621202295 ], [ -101.593622843424455, 48.107766045464444 ], [ -101.577210489908822, 48.092233954535629 ], [ -101.551013861762129, 48.091056993272602 ], [ -101.542233954535561, 48.081377156575556 ], [ -101.540815734863259, 48.075850931803423 ], [ -101.535289510091118, 48.074432712131113 ], [ -101.517678324381478, 48.057766045464447 ], [ -101.510289510091127, 48.058900621202291 ], [ -101.506377156575496, 48.06193271213111 ], [ -101.460289510091116, 48.063067287868961 ], [ -101.456377156575499, 48.06609937879778 ], [ -101.45195617675779, 48.067233954535624 ], [ -101.446579996744759, 48.071400621202294 ], [ -101.44362284342445, 48.070266045464443 ], [ -101.439710489908833, 48.067233954535624 ], [ -101.434041849772115, 48.06577928331167 ], [ -101.432624816894503, 48.055054050021738 ], [ -101.429166666666646, 48.054166666666703 ], [ -101.429784308539467, 48.043673197428419 ], [ -101.433600701226098, 48.03844858805342 ], [ -101.42021569146047, 48.036500379774338 ], [ -101.421450975206142, 48.02283986409509 ], [ -101.42854902479381, 48.014660135904982 ], [ -101.429969278971328, 48.004901801215311 ], [ -101.4375, 48.004166666666698 ], [ -101.438350931803356, 48.00085093180342 ], [ -101.446097988552495, 47.998862881130677 ], [ -101.441099378797716, 47.992413330078158 ], [ -101.442233954535567, 47.989456176757848 ], [ -101.445266045464379, 47.985543823242224 ], [ -101.445833333333312, 47.9791666666667 ], [ -101.444797600640157, 47.97581261528866 ], [ -101.432677883572026, 47.973923916286928 ], [ -101.433988783094591, 47.964544338650207 ], [ -101.436871846516894, 47.960416666666703 ], [ -101.433988783094591, 47.956288994683192 ], [ -101.432350328233483, 47.950983005099857 ], [ -101.427044338650148, 47.949344550238749 ], [ -101.421079169379311, 47.945177883572086 ], [ -101.410377671983483, 47.946488783094651 ], [ -101.406288994683138, 47.949344550238749 ], [ -101.39787767198348, 47.950655449761321 ], [ -101.39375, 47.953538513183631 ], [ -101.388768513997363, 47.950058831108976 ], [ -101.386236572265602, 47.958257887098561 ], [ -101.377087232801628, 47.966041225857239 ], [ -101.372955661349806, 47.963155449761317 ], [ -101.366011216905349, 47.961010911729637 ], [ -101.367322116427928, 47.956211005316874 ], [ -101.378542073567687, 47.943754916720955 ], [ -101.375655449761254, 47.939622328016526 ], [ -101.374241299099367, 47.926052347819045 ], [ -101.368711005316811, 47.92434455023875 ], [ -101.364622328016466, 47.921488783094652 ], [ -101.346533542209173, 47.920072767469655 ], [ -101.345833333333303, 47.9 ], [ -101.344945949978268, 47.89654184977217 ], [ -101.335289510091116, 47.895266045464446 ], [ -101.331377156575499, 47.892233954535627 ], [ -101.316666666666634, 47.891666666666701 ], [ -101.310339864095027, 47.89228430853953 ], [ -101.305527750651009, 47.895799424913228 ], [ -101.300617641872805, 47.889660135904982 ], [ -101.299382358127147, 47.885339864095087 ], [ -101.292223273383215, 47.877089945475291 ], [ -101.296450975206142, 47.871302456325992 ], [ -101.295139058430962, 47.850808546278245 ], [ -101.285339864095022, 47.849382358127201 ], [ -101.281326802571584, 47.846450975206196 ], [ -101.277006530761696, 47.845215691460538 ], [ -101.271302456325927, 47.841049024793868 ], [ -101.264506530761693, 47.842284308539533 ], [ -101.260493469238256, 47.845215691460538 ], [ -101.25, 47.845833333333367 ], [ -101.235289510091121, 47.845266045464442 ], [ -101.231377156575491, 47.842233954535622 ], [ -101.213479105631478, 47.841033935546911 ], [ -101.208900621202233, 47.835543823242219 ], [ -101.207482401529916, 47.830017598470086 ], [ -101.20195617675779, 47.828599378797776 ], [ -101.196579996744759, 47.824432712131113 ], [ -101.191844007703963, 47.826249694824256 ], [ -101.18806728786889, 47.831122843424509 ], [ -101.186604478624105, 47.836822848849863 ], [ -101.168877156575491, 47.853599378797774 ], [ -101.166666666666643, 47.8541666666667 ], [ -101.166005452473925, 47.86160040961375 ], [ -101.160289510091118, 47.863067287868958 ], [ -101.156377156575488, 47.866099378797777 ], [ -101.151956176757778, 47.867233954535621 ], [ -101.148043823242162, 47.87026604546444 ], [ -101.135289510091113, 47.871400621202291 ], [ -101.127210489908819, 47.87859937879778 ], [ -101.125, 47.879166666666684 ], [ -101.12278951009111, 47.879733954535624 ], [ -101.11471048990883, 47.886932712131113 ], [ -101.110289510091121, 47.888067287868957 ], [ -101.106377156575491, 47.891099378797776 ], [ -101.101956176757781, 47.892233954535627 ], [ -101.097329033745638, 47.895820109049509 ], [ -101.092233954535558, 47.889710489908886 ], [ -101.090529378255184, 47.883068678114185 ], [ -101.085543823242162, 47.886932712131113 ], [ -101.070833333333297, 47.8875 ], [ -101.06028951009111, 47.888067287868957 ], [ -101.056377156575493, 47.891099378797776 ], [ -101.046720716688341, 47.8923751831055 ], [ -101.045833333333306, 47.89583333333335 ], [ -101.041666666666643, 47.89583333333335 ], [ -101.041099378797711, 47.893622843424509 ], [ -101.038714938693545, 47.891099378797776 ], [ -101.0375, 47.89583333333335 ], [ -101.0125, 47.895833333333364 ], [ -101.011727566189208, 47.892553032769129 ], [ -101.007334052191808, 47.89118465847443 ], [ -101.002248128255175, 47.8953038533529 ], [ -101.0, 47.89583333333335 ], [ -100.989456176757784, 47.895266045464446 ], [ -100.985543823242153, 47.892233954535627 ], [ -100.981122843424444, 47.891099378797776 ], [ -100.977210489908828, 47.888067287868957 ], [ -100.971447414822023, 47.886588372124599 ], [ -100.970222981770803, 47.859331088595951 ], [ -100.964710489908825, 47.854733954535625 ], [ -100.929166666666632, 47.8541666666667 ], [ -100.925, 47.8541666666667 ], [ -100.924264526367153, 47.846633232964443 ], [ -100.918826972113692, 47.842284308539533 ], [ -100.914506361219594, 47.841049024793868 ], [ -100.910493638780352, 47.838117641872863 ], [ -100.906173027886254, 47.836882358127205 ], [ -100.897993638780349, 47.82978430853953 ], [ -100.893673027886251, 47.828549024793872 ], [ -100.889583333333306, 47.825561523437536 ], [ -100.885416666666629, 47.828605143229197 ], [ -100.881326972113683, 47.82561764187286 ], [ -100.877006361219586, 47.824382358127203 ], [ -100.872993638780358, 47.821450975206197 ], [ -100.86867302788626, 47.82021569146054 ], [ -100.862969292534686, 47.81604902479387 ], [ -100.859066094292501, 47.817882792154982 ], [ -100.857539198133651, 47.828372531467046 ], [ -100.847839694552917, 47.82978430853953 ], [ -100.843826972113689, 47.832715691460535 ], [ -100.839506361219591, 47.8339509752062 ], [ -100.833802625868017, 47.838117641872863 ], [ -100.813334147135379, 47.836807250976598 ], [ -100.808950805664026, 47.831326802571645 ], [ -100.807174682617159, 47.8251139322917 ], [ -100.802160305447018, 47.821450975206197 ], [ -100.79783969455292, 47.82021569146054 ], [ -100.793826972113678, 47.817284308539527 ], [ -100.791666666666629, 47.816666666666698 ], [ -100.791099378797711, 47.814456176757844 ], [ -100.788067287868898, 47.81054382324222 ], [ -100.786838785807262, 47.796732923719652 ], [ -100.78001742892792, 47.794982401529978 ], [ -100.778599378797708, 47.789456176757845 ], [ -100.775567287868896, 47.785543823242222 ], [ -100.775, 47.783333333333367 ], [ -100.751742214626702, 47.783686659071215 ], [ -100.748257785373227, 47.787146674262189 ], [ -100.741666666666632, 47.7875 ], [ -100.739456176757784, 47.786932712131112 ], [ -100.735543823242153, 47.783900621202292 ], [ -100.729562717013863, 47.782365587022603 ], [ -100.725567287868898, 47.777210489908889 ], [ -100.724032253689202, 47.771229214138486 ], [ -100.718877156575488, 47.767233954535627 ], [ -100.713350762261257, 47.765815734863317 ], [ -100.711649237738683, 47.759184265136753 ], [ -100.7083333333333, 47.758333333333368 ], [ -100.701742214626705, 47.758686659071216 ], [ -100.698257785373229, 47.762146674262183 ], [ -100.6875, 47.7625 ], [ -100.687146674262124, 47.764924452039963 ], [ -100.683686659071142, 47.768408881293439 ], [ -100.68297526041664, 47.773290167914531 ], [ -100.676714409722194, 47.779519992404545 ], [ -100.672575547960037, 47.778813340928849 ], [ -100.669091118706561, 47.775353325737882 ], [ -100.666666666666629, 47.775 ], [ -100.663208346896667, 47.774112616644999 ], [ -100.661791653103265, 47.763387383355067 ], [ -100.656122843424441, 47.761932712131113 ], [ -100.652210489908825, 47.758900621202287 ], [ -100.647789510091116, 47.757766045464443 ], [ -100.642413330078085, 47.753599378797773 ], [ -100.635289510091113, 47.754733954535624 ], [ -100.629913330078097, 47.758900621202287 ], [ -100.626956176757773, 47.757766045464443 ], [ -100.614710489908816, 47.746400621202291 ], [ -100.610289510091107, 47.74526604546444 ], [ -100.606377156575491, 47.742233954535621 ], [ -100.593622843424441, 47.741099378797777 ], [ -100.589710489908825, 47.738067287868958 ], [ -100.564456176757773, 47.736932712131107 ], [ -100.560543823242156, 47.733900621202288 ], [ -100.554875013563333, 47.732445949978334 ], [ -100.553458319769931, 47.721720716688402 ], [ -100.55, 47.720833333333367 ], [ -100.549432712131036, 47.714456176757842 ], [ -100.542128499348919, 47.706258816189269 ], [ -100.545266045464373, 47.702210489908886 ], [ -100.546400621202224, 47.697789510091177 ], [ -100.549432712131036, 47.693877156575553 ], [ -100.550899590386251, 47.688161214192739 ], [ -100.565809800889724, 47.686834886339007 ], [ -100.567108493381042, 47.681041971842482 ], [ -100.560543823242156, 47.675567287868958 ], [ -100.554790242512993, 47.674090745714011 ], [ -100.553599378797713, 47.651956176757842 ], [ -100.549432712131036, 47.646579996744826 ], [ -100.550567287868887, 47.643622843424509 ], [ -100.553599378797713, 47.639710489908886 ], [ -100.555303955078088, 47.633068678114178 ], [ -100.560956827799444, 47.637449815538226 ], [ -100.574432712131042, 47.62304382324222 ], [ -100.575567287868893, 47.610289510091178 ], [ -100.578599378797705, 47.606377156575554 ], [ -100.579166666666637, 47.6 ], [ -100.578267076280355, 47.596494547526071 ], [ -100.564456176757773, 47.595266045464442 ], [ -100.550988091362811, 47.582766045464439 ], [ -100.531122843424441, 47.583900621202289 ], [ -100.523043823242148, 47.591099378797772 ], [ -100.5125, 47.591666666666697 ], [ -100.509184095594577, 47.590815734863313 ], [ -100.507766045464379, 47.585289510091179 ], [ -100.504733954535553, 47.581377156575556 ], [ -100.503599378797702, 47.572789510091177 ], [ -100.50056728786889, 47.568877156575553 ], [ -100.499344211154479, 47.555126444498732 ], [ -100.493877156575493, 47.550567287868958 ], [ -100.488350762261248, 47.549149068196648 ], [ -100.4875, 47.545833333333363 ], [ -100.489660305447018, 47.545215691460534 ], [ -100.493673027886246, 47.542284308539529 ], [ -100.497993638780343, 47.541049024793871 ], [ -100.503513929578958, 47.536633978949681 ], [ -100.504784138997366, 47.495364210340739 ], [ -100.500617472330688, 47.489660135904977 ], [ -100.499184841579833, 47.479816351996561 ], [ -100.475, 47.4791666666667 ], [ -100.472839694552917, 47.479784308539529 ], [ -100.467135959201357, 47.483950975206191 ], [ -100.459120686848919, 47.482494099934925 ], [ -100.457384914822015, 47.470565965440571 ], [ -100.452160305447009, 47.474382358127201 ], [ -100.443673027886248, 47.475617641872859 ], [ -100.435493638780343, 47.482715691460534 ], [ -100.42283969455292, 47.483950975206191 ], [ -100.41713595920136, 47.488117641872861 ], [ -100.389506361219588, 47.486882358127204 ], [ -100.385493638780346, 47.483950975206191 ], [ -100.380093044704822, 47.482406955295168 ], [ -100.378060234917498, 47.475296698676246 ], [ -100.367403496636257, 47.466049024793868 ], [ -100.36033969455292, 47.467284308539526 ], [ -100.352160305447015, 47.474382358127201 ], [ -100.339506361219577, 47.475617641872859 ], [ -100.329903496636248, 47.483950975206191 ], [ -100.309168158637121, 47.482641771104632 ], [ -100.304784138997363, 47.477160135904981 ], [ -100.303305053710901, 47.466997782389356 ], [ -100.297993638780341, 47.463117641872863 ], [ -100.291666666666629, 47.4625 ], [ -100.289242214626697, 47.462853325737875 ], [ -100.285757785373221, 47.466313340928849 ], [ -100.264242214626705, 47.467019992404545 ], [ -100.260757785373229, 47.470480007595519 ], [ -100.254166666666634, 47.470833333333367 ], [ -100.253549194335903, 47.468673197428416 ], [ -100.250617472330688, 47.464660135904978 ], [ -100.249382527669241, 47.45200653076175 ], [ -100.246450805664026, 47.447993469238313 ], [ -100.245215861002563, 47.439506530761747 ], [ -100.2381174723307, 47.431326802571647 ], [ -100.236697387695273, 47.421568467881976 ], [ -100.222839694552917, 47.420215691460534 ], [ -100.21875, 47.417228190104197 ], [ -100.21296929253468, 47.421450975206191 ], [ -100.206173027886251, 47.420215691460534 ], [ -100.202160305447009, 47.417284308539529 ], [ -100.185339694552908, 47.416049024793864 ], [ -100.177160305447018, 47.408950975206196 ], [ -100.17283969455292, 47.407715691460531 ], [ -100.167135959201346, 47.403549024793868 ], [ -100.152006361219577, 47.404784308539526 ], [ -100.147993638780349, 47.407715691460531 ], [ -100.131173027886248, 47.408950975206196 ], [ -100.127160305447006, 47.411882358127201 ], [ -100.125, 47.4125 ], [ -100.12464667426211, 47.414924452039962 ], [ -100.121186659071142, 47.418408881293431 ], [ -100.120833333333294, 47.420833333333363 ], [ -100.118408881293362, 47.421186659071211 ], [ -100.110757785373224, 47.428813340928848 ], [ -100.108333333333292, 47.429166666666696 ], [ -100.107980007595444, 47.439924452039961 ], [ -100.104519992404477, 47.443408881293436 ], [ -100.103813340928781, 47.447546217176679 ], [ -100.107980007595444, 47.451742214626769 ], [ -100.108333333333292, 47.454166666666694 ], [ -100.110543823242153, 47.454733954535619 ], [ -100.11445617675777, 47.457766045464439 ], [ -100.121400621202213, 47.459548272026943 ], [ -100.118877156575479, 47.461932712131109 ], [ -100.116666666666632, 47.4625 ], [ -100.116313340928784, 47.464924452039959 ], [ -100.112853325737817, 47.468408881293435 ], [ -100.1125, 47.475 ], [ -100.111921861436599, 47.48655293782555 ], [ -100.107334052191803, 47.487982008192304 ], [ -100.100940619574615, 47.482803853352898 ], [ -100.097751871744748, 47.483862813313834 ], [ -100.093914794921844, 47.486970520019561 ], [ -100.081085205078082, 47.488029479980497 ], [ -100.077248128255178, 47.491137186686231 ], [ -100.072751871744757, 47.492196146647167 ], [ -100.068914794921838, 47.495303853352894 ], [ -100.060251871744754, 47.49636281331383 ], [ -100.052248128255172, 47.503637186686227 ], [ -100.05, 47.504166666666698 ], [ -100.05, 47.508333333333361 ], [ -100.053315734863261, 47.509184265136753 ], [ -100.054733954535564, 47.514710489908886 ], [ -100.05776604546439, 47.518622843424509 ], [ -100.058333333333294, 47.525 ], [ -100.051918368869337, 47.525529479980499 ], [ -100.048081631130614, 47.528637186686225 ], [ -100.042578633626277, 47.529933166503938 ], [ -100.041137186686171, 47.534274122450121 ], [ -100.045303853352848, 47.539418368869391 ], [ -100.046362813313777, 47.542607455783454 ], [ -100.042196146647115, 47.547751702202724 ], [ -100.041666666666643, 47.55 ], [ -100.029976230197462, 47.550688001844648 ], [ -100.028549024793818, 47.56049346923831 ], [ -100.020298258463527, 47.570001559787357 ], [ -100.01033986409503, 47.571450975206197 ], [ -100.005325486924889, 47.5751139322917 ], [ -100.003549024793813, 47.581326802571645 ], [ -99.996450975206145, 47.589506530761753 ], [ -99.995215691460487, 47.593826802571648 ], [ -99.988117641872805, 47.602006530761749 ], [ -99.986882358127147, 47.610493469238314 ], [ -99.983950975206142, 47.614506530761751 ], [ -99.982715691460484, 47.63132680257165 ], [ -99.979784308539479, 47.635339864095087 ], [ -99.978549024793821, 47.639660135904982 ], [ -99.975617641872802, 47.64367319742842 ], [ -99.974382358127144, 47.647993469238315 ], [ -99.957452392578105, 47.66601206461592 ], [ -99.918673197428362, 47.667284308539529 ], [ -99.910493469238261, 47.674382358127204 ], [ -99.904934861924886, 47.675971645779114 ], [ -99.903549024793818, 47.685493469238317 ], [ -99.900617641872813, 47.689506530761754 ], [ -99.899382358127141, 47.69382680257165 ], [ -99.895719401041646, 47.698841179741784 ], [ -99.888217163085912, 47.70098622639977 ], [ -99.8875, 47.708333333333364 ], [ -99.883333333333312, 47.708333333333364 ], [ -99.882561916775146, 47.715895250108538 ], [ -99.867239040798594, 47.717458258734844 ], [ -99.853523932562908, 47.732619391547345 ], [ -99.854809400770378, 47.739635043674078 ], [ -99.857727220323326, 47.74375 ], [ -99.854809400770378, 47.747864956325991 ], [ -99.853523932562908, 47.75213504367408 ], [ -99.850642734103715, 47.756198289659324 ], [ -99.848551940917943, 47.763142734103766 ], [ -99.839531622992595, 47.761857265896303 ], [ -99.833655124240423, 47.757690599229633 ], [ -99.83119828965927, 47.758976067437096 ], [ -99.822968377007356, 47.766023932562966 ], [ -99.816666666666649, 47.766666666666701 ], [ -99.810289510091124, 47.767233954535627 ], [ -99.804913330078108, 47.771400621202289 ], [ -99.793622843424458, 47.770266045464446 ], [ -99.789710489908828, 47.767233954535627 ], [ -99.76445617675779, 47.766099378797776 ], [ -99.760543823242159, 47.763067287868957 ], [ -99.747789510091124, 47.761932712131113 ], [ -99.743877156575493, 47.758900621202287 ], [ -99.738350931803367, 47.757482401529984 ], [ -99.7375, 47.754166666666698 ], [ -99.737141927083314, 47.751709832085538 ], [ -99.731591118706575, 47.746186659071213 ], [ -99.718408881293385, 47.745480007595518 ], [ -99.714924452039909, 47.742019992404543 ], [ -99.7125, 47.741666666666703 ], [ -99.70195617675779, 47.741099378797777 ], [ -99.697329033745632, 47.737513224283887 ], [ -99.692233954535567, 47.743622843424511 ], [ -99.690698920355885, 47.749604119194913 ], [ -99.685543823242156, 47.753599378797773 ], [ -99.667572360568556, 47.75480431450741 ], [ -99.665503438313777, 47.762865871853329 ], [ -99.656377156575502, 47.754733954535624 ], [ -99.651956176757793, 47.753599378797773 ], [ -99.648043823242162, 47.750567287868954 ], [ -99.63945617675779, 47.74943271213111 ], [ -99.635543823242159, 47.746400621202291 ], [ -99.626956176757787, 47.74526604546444 ], [ -99.617603895399284, 47.736932712131107 ], [ -99.600904168022979, 47.738143581814271 ], [ -99.599149068196596, 47.744982401529981 ], [ -99.595833333333303, 47.745833333333366 ], [ -99.596186659071151, 47.748257785373298 ], [ -99.605878194173158, 47.757975599500902 ], [ -99.608333333333306, 47.758333333333368 ], [ -99.611649068196584, 47.759184265136753 ], [ -99.6125, 47.7625 ], [ -99.6125, 47.766666666666701 ], [ -99.614660135904927, 47.76728430853953 ], [ -99.618673197428365, 47.770215691460535 ], [ -99.629581705729137, 47.771803453233538 ], [ -99.621450975206145, 47.781173197428416 ], [ -99.620097859700493, 47.795033433702287 ], [ -99.614660135904927, 47.799382358127204 ], [ -99.595833333333303, 47.8 ], [ -99.567701551649279, 47.800586446126339 ], [ -99.558900621202227, 47.810289510091181 ], [ -99.55776604546439, 47.81471048990889 ], [ -99.550567287868901, 47.822789510091177 ], [ -99.549291483561177, 47.832445949978336 ], [ -99.545833333333306, 47.833333333333364 ], [ -99.543698289659261, 47.832690599229636 ], [ -99.535468377007348, 47.825642734103766 ], [ -99.517413160535995, 47.824258761935795 ], [ -99.517001342773412, 47.8191329956055 ], [ -99.521083577473931, 47.813375515408019 ], [ -99.5125, 47.8125 ], [ -99.508242119683132, 47.811185201009145 ], [ -99.504822116427931, 47.806288994683193 ], [ -99.503299967447887, 47.786844550238747 ], [ -99.46871100531682, 47.788155449761319 ], [ -99.462745836045983, 47.792322116427982 ], [ -99.46037767198348, 47.791011216905417 ], [ -99.454412502712643, 47.786844550238747 ], [ -99.447877671983477, 47.788155449761319 ], [ -99.443788994683132, 47.791011216905417 ], [ -99.439544338650151, 47.792322116427982 ], [ -99.435455661349806, 47.79517788357208 ], [ -99.433333333333309, 47.79583333333337 ], [ -99.385075547960042, 47.796186659071211 ], [ -99.381591118706567, 47.799646674262185 ], [ -99.370833333333309, 47.8 ], [ -99.370479668511251, 47.823285929362015 ], [ -99.36458367241751, 47.829152425130239 ], [ -99.360757785373238, 47.825353325737879 ], [ -99.354166666666643, 47.825 ], [ -99.347789510091118, 47.824432712131113 ], [ -99.339710489908825, 47.817233954535624 ], [ -99.335289510091116, 47.816099378797773 ], [ -99.327210489908822, 47.808900621202291 ], [ -99.322789510091113, 47.80776604546444 ], [ -99.318877156575496, 47.804733954535621 ], [ -99.306122843424447, 47.803599378797777 ], [ -99.30221048990883, 47.800567287868958 ], [ -99.297789510091121, 47.799432712131107 ], [ -99.281377156575488, 47.783900621202292 ], [ -99.276956176757778, 47.782766045464442 ], [ -99.268877156575499, 47.775567287868959 ], [ -99.26445617675779, 47.774432712131109 ], [ -99.260543823242159, 47.771400621202289 ], [ -99.239456176757784, 47.770266045464446 ], [ -99.235543823242153, 47.767233954535627 ], [ -99.222789510091118, 47.766099378797776 ], [ -99.21875, 47.762968783908455 ], [ -99.214710489908825, 47.766099378797776 ], [ -99.189456176757787, 47.767233954535627 ], [ -99.181377156575493, 47.774432712131109 ], [ -99.167566257052925, 47.775661214192738 ], [ -99.166666666666643, 47.779166666666697 ], [ -99.151956176757778, 47.778599378797779 ], [ -99.148043823242162, 47.775567287868959 ], [ -99.13945617675779, 47.774432712131109 ], [ -99.135543823242159, 47.771400621202289 ], [ -99.125887383355007, 47.770124816894565 ], [ -99.125, 47.766666666666701 ], [ -99.122575547960039, 47.766313340928853 ], [ -99.119091118706564, 47.762853325737879 ], [ -99.1125, 47.7625 ], [ -99.108333333333306, 47.7625 ], [ -99.101742214626711, 47.762853325737879 ], [ -99.098257785373235, 47.766313340928853 ], [ -99.09166666666664, 47.766666666666701 ], [ -99.091099378797708, 47.777210489908889 ], [ -99.088067287868896, 47.781122843424512 ], [ -99.086932712131045, 47.785543823242222 ], [ -99.079733954535556, 47.793622843424515 ], [ -99.078458319769936, 47.803279283311667 ], [ -99.075, 47.804166666666703 ], [ -99.075, 47.808333333333366 ], [ -99.047575547960037, 47.808686659071213 ], [ -99.044091118706561, 47.812146674262188 ], [ -99.039242214626711, 47.812853325737883 ], [ -99.035757785373235, 47.816313340928851 ], [ -99.033333333333303, 47.816666666666698 ], [ -99.032482571072023, 47.81335093180342 ], [ -99.025708346896678, 47.811612616645 ], [ -99.024295722113692, 47.800919426812101 ], [ -99.018877156575485, 47.796400621202288 ], [ -98.985289510091121, 47.795266045464444 ], [ -98.981377156575491, 47.792233954535625 ], [ -98.970833333333303, 47.7916666666667 ], [ -98.966850111219586, 47.790557522243958 ], [ -98.961895073784689, 47.783874003092478 ], [ -98.963104926215252, 47.781160651312966 ], [ -98.967271592881914, 47.775540669759145 ], [ -98.965876261393205, 47.76760677761505 ], [ -98.95851677788626, 47.765557522243959 ], [ -98.954705471462646, 47.7604166666667 ], [ -98.958938259548574, 47.754707336425817 ], [ -98.957495795355868, 47.74650488959422 ], [ -98.935327148437466, 47.745228237575986 ], [ -98.931339518229137, 47.742271762424075 ], [ -98.92699381510414, 47.741061570909324 ], [ -98.923006184895797, 47.738105095757412 ], [ -98.9186604817708, 47.736894904242654 ], [ -98.914672851562472, 47.733938429090742 ], [ -98.901993815104134, 47.732728237575991 ], [ -98.893839518229129, 47.725605095757409 ], [ -98.889493815104132, 47.724394904242658 ], [ -98.885506184895803, 47.721438429090746 ], [ -98.883333333333297, 47.720833333333367 ], [ -98.88261854383677, 47.713345675998298 ], [ -98.871649509006048, 47.703561570909322 ], [ -98.860327148437463, 47.70477176242408 ], [ -98.854707166883657, 47.708938429090743 ], [ -98.843660481770797, 47.707728237575985 ], [ -98.839672851562469, 47.70477176242408 ], [ -98.83321261935761, 47.702972751193606 ], [ -98.838104926215252, 47.69637400309248 ], [ -98.836437988281219, 47.686894904242656 ], [ -98.826993815104132, 47.688105095757408 ], [ -98.823006184895803, 47.691061570909319 ], [ -98.818660481770806, 47.692271762424078 ], [ -98.813040500216985, 47.696438429090747 ], [ -98.808312988281216, 47.69433000352651 ], [ -98.800533379448751, 47.685423956977026 ], [ -98.804771592881906, 47.679707336425814 ], [ -98.803561740451357, 47.676993984646302 ], [ -98.800604926215243, 47.673006015353764 ], [ -98.8, 47.670833333333363 ], [ -98.788309393988683, 47.670145331488747 ], [ -98.786882527669235, 47.660339864095086 ], [ -98.783950805664034, 47.656326802571648 ], [ -98.782333713107604, 47.645215691460535 ], [ -98.768673027886251, 47.646450975206193 ], [ -98.764583333333306, 47.64943847656253 ], [ -98.760493638780346, 47.646450975206193 ], [ -98.752006361219586, 47.645215691460535 ], [ -98.739660305447018, 47.633950975206197 ], [ -98.720833333333303, 47.633333333333368 ], [ -98.72047831217445, 47.626712883843346 ], [ -98.714924452039895, 47.621186659071213 ], [ -98.710075547960031, 47.620480007595518 ], [ -98.706591118706569, 47.617019992404543 ], [ -98.691666666666634, 47.616666666666696 ], [ -98.688350762261251, 47.615815734863311 ], [ -98.686932712131039, 47.610289510091178 ], [ -98.679733954535564, 47.602210489908884 ], [ -98.678462388780346, 47.592586093478765 ], [ -98.673043823242153, 47.588067287868952 ], [ -98.668622843424444, 47.586932712131109 ], [ -98.660543823242151, 47.579733954535619 ], [ -98.656122843424441, 47.578599378797776 ], [ -98.652210489908825, 47.575567287868957 ], [ -98.646440972222194, 47.574086676703587 ], [ -98.6458333333333, 47.558333333333366 ], [ -98.677424452039901, 47.558686659071213 ], [ -98.680908881293377, 47.562146674262181 ], [ -98.689216783311593, 47.562853325737876 ], [ -98.707975599500841, 47.544120788574247 ], [ -98.708686659071148, 47.539242214626768 ], [ -98.712146674262115, 47.535757785373292 ], [ -98.7125, 47.533333333333367 ], [ -98.70897115071611, 47.532427639431454 ], [ -98.707766045464382, 47.514456176757847 ], [ -98.69640062120223, 47.502210489908883 ], [ -98.694945949978262, 47.496541849772164 ], [ -98.68422071668833, 47.49512481689456 ], [ -98.683333333333294, 47.491666666666696 ], [ -98.683900621202227, 47.489456176757841 ], [ -98.691204833984344, 47.481258816189268 ], [ -98.686932712131039, 47.475746663411492 ], [ -98.68806728786889, 47.472789510091175 ], [ -98.691099378797716, 47.468877156575552 ], [ -98.692517428927914, 47.463350931803419 ], [ -98.698043823242159, 47.461932712131109 ], [ -98.710289510091116, 47.450567287868957 ], [ -98.728172810872366, 47.44936811659074 ], [ -98.73693271213105, 47.439710489908883 ], [ -98.738350762261248, 47.43418426513675 ], [ -98.743877156575493, 47.43276604546444 ], [ -98.751956176757787, 47.425567287868951 ], [ -98.757482571072018, 47.424149068196641 ], [ -98.75890062120223, 47.418622843424508 ], [ -98.763067287868893, 47.413246663411485 ], [ -98.761932712131042, 47.393622843424509 ], [ -98.757766045464379, 47.388246663411486 ], [ -98.75890062120223, 47.385289510091177 ], [ -98.761932712131042, 47.381377156575553 ], [ -98.763067287868893, 47.372789510091174 ], [ -98.766099378797705, 47.36887715657555 ], [ -98.766666666666637, 47.366666666666696 ], [ -98.766313340928789, 47.364242214626763 ], [ -98.762146674262127, 47.360046217176681 ], [ -98.762853325737808, 47.347575547960098 ], [ -98.766313340928789, 47.344091118706629 ], [ -98.766666666666637, 47.3375 ], [ -98.766313340928789, 47.330908881293432 ], [ -98.762853325737808, 47.327424452039963 ], [ -98.762141927083306, 47.322543165418864 ], [ -98.756591118706567, 47.317019992404546 ], [ -98.747575547960039, 47.316313340928851 ], [ -98.744091118706564, 47.312853325737876 ], [ -98.739209662543374, 47.31214192708336 ], [ -98.733686659071154, 47.306591118706628 ], [ -98.733333333333306, 47.304166666666696 ], [ -98.733686659071154, 47.280908881293435 ], [ -98.737146674262121, 47.277424452039959 ], [ -98.7375, 47.266666666666694 ], [ -98.735075547960037, 47.267019992404542 ], [ -98.730879720052044, 47.271186659071212 ], [ -98.705908881293368, 47.270480007595516 ], [ -98.702424452039892, 47.267019992404542 ], [ -98.697575547960042, 47.266313340928846 ], [ -98.694091118706567, 47.262853325737879 ], [ -98.6875, 47.2625 ], [ -98.688117472330703, 47.26033986409508 ], [ -98.691049194335903, 47.256326802571643 ], [ -98.692284138997366, 47.247839864095084 ], [ -98.6952718098958, 47.24375 ], [ -98.691049194335903, 47.237969122992652 ], [ -98.692474365234347, 47.23012695312503 ], [ -98.700617472330691, 47.227798800998293 ], [ -98.698998345269061, 47.221298387315564 ], [ -98.681326972113681, 47.204784308539523 ], [ -98.677006361219583, 47.203549024793865 ], [ -98.671302625868023, 47.199382358127195 ], [ -98.647839694552914, 47.20061764187286 ], [ -98.642135959201354, 47.204784308539523 ], [ -98.629966566297711, 47.203413052029106 ], [ -98.628305053710903, 47.19199778238935 ], [ -98.622993638780343, 47.188117641872857 ], [ -98.612830946180523, 47.186638556586402 ], [ -98.608950805664023, 47.18132680257164 ], [ -98.607406955295104, 47.17592637803822 ], [ -98.604166666666629, 47.175 ], [ -98.596604749891455, 47.174228583441867 ], [ -98.595068698459173, 47.159169175889787 ], [ -98.585365125868023, 47.157690599229632 ], [ -98.581301540798577, 47.15480957031253 ], [ -98.579166666666637, 47.154166666666697 ], [ -98.576742214626705, 47.153813340928849 ], [ -98.569091118706567, 47.146186659071205 ], [ -98.558333333333294, 47.145833333333364 ], [ -98.547865125868029, 47.145190429687531 ], [ -98.543801540798583, 47.142309570312527 ], [ -98.529938083224792, 47.140895250108535 ], [ -98.52825113932289, 47.124357096354196 ], [ -98.522865125868023, 47.125642903645861 ], [ -98.509047105577224, 47.138142903645864 ], [ -98.497865125868017, 47.136857096354191 ], [ -98.493801540798572, 47.133976236979194 ], [ -98.488244967990411, 47.132303195529545 ], [ -98.486722140841977, 47.117373657226594 ], [ -98.459082370334173, 47.115958319769994 ], [ -98.458668009440075, 47.11079949273006 ], [ -98.461857096354137, 47.10630154079864 ], [ -98.463142903645803, 47.097865125868083 ], [ -98.467309570312466, 47.091988457573812 ], [ -98.4660237630208, 47.081198459201417 ], [ -98.463106282552047, 47.077083333333363 ], [ -98.4660237630208, 47.072968207465308 ], [ -98.466666666666626, 47.0625 ], [ -98.467019992404474, 47.060075547960096 ], [ -98.474646674262118, 47.052424452039958 ], [ -98.475353325737814, 47.039242214626761 ], [ -98.479519992404477, 47.035046386718776 ], [ -98.478813340928781, 47.022575547960095 ], [ -98.475353325737814, 47.019091118706626 ], [ -98.475, 47.016666666666694 ], [ -98.474646674262118, 47.010075547960099 ], [ -98.471186659071151, 47.006591118706623 ], [ -98.470833333333303, 47.0 ], [ -98.470215861002572, 46.997839694552979 ], [ -98.467284138997357, 46.993826972113744 ], [ -98.465931193033825, 46.979966566297769 ], [ -98.460493638780349, 46.975617472330754 ], [ -98.45073513454858, 46.974197387695341 ], [ -98.45, 46.966666666666697 ], [ -98.449149237738681, 46.963350762261314 ], [ -98.44362284342445, 46.961932712131102 ], [ -98.438246663411419, 46.957766045464439 ], [ -98.43528951009111, 46.958900621202282 ], [ -98.429913330078094, 46.963067287868952 ], [ -98.422789510091107, 46.961932712131102 ], [ -98.418877156575491, 46.958900621202282 ], [ -98.414456176757781, 46.957766045464439 ], [ -98.406377156575488, 46.95056728786895 ], [ -98.3875, 46.95 ], [ -98.379864501953094, 46.949221123589439 ], [ -98.379166666666634, 46.933333333333358 ], [ -98.379784138997366, 46.927006361219647 ], [ -98.383299424913162, 46.922194417317733 ], [ -98.377160305447006, 46.917284138997424 ], [ -98.372839694552923, 46.916049194335962 ], [ -98.364660305447018, 46.908950805664091 ], [ -98.35200636121958, 46.907715861002629 ], [ -98.347993638780352, 46.904784138997421 ], [ -98.338188001844586, 46.903357272677979 ], [ -98.3375, 46.891666666666694 ], [ -98.3375, 46.8875 ], [ -98.336845228407086, 46.880139499240478 ], [ -98.327210489908822, 46.871400621202284 ], [ -98.321440972222192, 46.869919840494816 ], [ -98.320833333333297, 46.854166666666693 ], [ -98.320480007595449, 46.847575547960098 ], [ -98.312853325737805, 46.839924452039959 ], [ -98.3125, 46.8375 ], [ -98.31028951009111, 46.836932712131102 ], [ -98.298043823242153, 46.82556728786895 ], [ -98.29140218098955, 46.823862711588568 ], [ -98.295266045464373, 46.818877156575546 ], [ -98.296400621202224, 46.814456176757837 ], [ -98.299959648979993, 46.809863620334227 ], [ -98.289710489908813, 46.800567287868951 ], [ -98.280054050021661, 46.799291653103325 ], [ -98.278315904405346, 46.792517428927979 ], [ -98.27168409559458, 46.790815904405406 ], [ -98.270266045464368, 46.785289510091168 ], [ -98.266099378797705, 46.779913330078152 ], [ -98.267233954535556, 46.76028951009117 ], [ -98.270266045464368, 46.756377156575546 ], [ -98.271400621202218, 46.751956176757837 ], [ -98.274531385633651, 46.74791666666669 ], [ -98.271400621202218, 46.743877156575543 ], [ -98.270214165581564, 46.721823798285612 ], [ -98.264710489908822, 46.717233954535615 ], [ -98.251956176757773, 46.716099378797765 ], [ -98.243877156575479, 46.708900621202282 ], [ -98.241666666666632, 46.708333333333357 ], [ -98.231122843424444, 46.708900621202282 ], [ -98.227074517144061, 46.712038167317729 ], [ -98.217603895399265, 46.703599378797769 ], [ -98.214456176757778, 46.704733954535612 ], [ -98.210543823242148, 46.707766045464432 ], [ -98.200887383354996, 46.709041680230058 ], [ -98.198785061306381, 46.717233954535615 ], [ -98.189456176757773, 46.716099378797765 ], [ -98.185543823242156, 46.713067287868945 ], [ -98.179166666666646, 46.7125 ], [ -98.179733954535564, 46.710289510091172 ], [ -98.18276604546439, 46.706377156575542 ], [ -98.183900621202241, 46.70195617675784 ], [ -98.188067287868904, 46.696579996744816 ], [ -98.186445617675759, 46.692352973090301 ], [ -98.175887383355018, 46.69095831976999 ], [ -98.174080234103712, 46.683916219075542 ], [ -98.163437228732619, 46.6744327121311 ], [ -98.121749538845464, 46.675596449110266 ], [ -98.119921705457884, 46.682719251844645 ], [ -98.093622843424455, 46.683900621202284 ], [ -98.088995700412312, 46.687486775716167 ], [ -98.083900621202233, 46.681377156575543 ], [ -98.08242001003687, 46.675607638888913 ], [ -98.050913323296413, 46.674392361111138 ], [ -98.049032253689219, 46.667062717013913 ], [ -98.043877156575505, 46.663067287868948 ], [ -98.029166666666626, 46.6625 ], [ -98.028394063313783, 46.665780300564258 ], [ -98.023899332682277, 46.667180379231795 ], [ -98.014748297797283, 46.658862982855929 ], [ -98.006085035536003, 46.657803683810791 ], [ -98.00224829779728, 46.654696316189259 ], [ -97.985251702202675, 46.653637017144121 ], [ -97.981414964463951, 46.650529649522596 ], [ -97.970833333333317, 46.65 ], [ -97.9714887830946, 46.614544338650198 ], [ -97.974344550238698, 46.610455661349853 ], [ -97.97631479899087, 46.60407545301652 ], [ -97.981211005316823, 46.600655449761305 ], [ -97.99559546576603, 46.599156358506967 ], [ -97.999344550238689, 46.59378899468318 ], [ -98.000655449761268, 46.5895443386502 ], [ -98.008358934190511, 46.580488416883703 ], [ -98.002122328016469, 46.575655449761307 ], [ -97.996645948621946, 46.573964436848982 ], [ -97.995177883572026, 46.564544338650194 ], [ -97.979822116427925, 46.547955661349846 ], [ -97.978183661566817, 46.542649671766519 ], [ -97.970742119683138, 46.540351698133705 ], [ -97.96642252604164, 46.534167819552977 ], [ -97.98677741156682, 46.532574462890651 ], [ -97.988155449761265, 46.506211005316864 ], [ -97.991011216905363, 46.502122328016519 ], [ -97.991666666666646, 46.491666666666688 ], [ -97.998257785373241, 46.491313340928841 ], [ -98.00380859374998, 46.485790337456621 ], [ -98.004519992404497, 46.480908881293423 ], [ -98.007980007595464, 46.477424452039955 ], [ -98.008333333333312, 46.475 ], [ -98.010757785373244, 46.474646674262175 ], [ -98.022575547960045, 46.462853325737868 ], [ -98.025, 46.4625 ], [ -98.025353325737825, 46.447575547960092 ], [ -98.029152086045983, 46.44375 ], [ -98.025353325737825, 46.439924452039953 ], [ -98.024646674262129, 46.410075547960091 ], [ -98.021186659071162, 46.406591118706622 ], [ -98.020480007595467, 46.397575547960088 ], [ -98.012146674262127, 46.389215766059053 ], [ -98.012853325737822, 46.385075547960092 ], [ -98.016313340928804, 46.381591118706616 ], [ -98.017019992404485, 46.372575547960089 ], [ -98.020480007595467, 46.369091118706621 ], [ -98.021186659071162, 46.360075547960093 ], [ -98.024646674262129, 46.356591118706618 ], [ -98.025, 46.345833333333353 ], [ -98.028559197319851, 46.344919840494811 ], [ -98.029166666666626, 46.329166666666687 ], [ -98.028599378797722, 46.326956176757832 ], [ -98.025461832682268, 46.322907850477449 ], [ -98.032766045464385, 46.314710489908876 ], [ -98.033900621202235, 46.297789510091164 ], [ -98.042088487413167, 46.288600328233528 ], [ -98.036281331380181, 46.287298583984395 ], [ -98.030662367078975, 46.291653442382831 ], [ -98.025567287868896, 46.285543823242207 ], [ -98.024149068196593, 46.28001742892797 ], [ -98.017062547471767, 46.278198920355926 ], [ -98.013067287868907, 46.273043823242212 ], [ -98.011791483561183, 46.263387383355052 ], [ -98.008333333333312, 46.2625 ], [ -98.00890062120223, 46.251956176757837 ], [ -98.016099378797719, 46.243877156575543 ], [ -98.017566257052934, 46.238161214192729 ], [ -98.031377156575502, 46.2369327121311 ], [ -98.036753336588518, 46.23276604546443 ], [ -98.048043823242168, 46.233900621202281 ], [ -98.053420003255184, 46.238067287868944 ], [ -98.058900621202241, 46.235964626736134 ], [ -98.05776604546439, 46.206122843424502 ], [ -98.053599378797728, 46.200746663411479 ], [ -98.054733954535564, 46.18945617675783 ], [ -98.058900621202241, 46.184079996744813 ], [ -98.05776604546439, 46.176956176757834 ], [ -98.054733954535564, 46.17304382324221 ], [ -98.054166666666632, 46.166666666666686 ], [ -98.051709832085479, 46.166308593750017 ], [ -98.046186659071154, 46.160757785373285 ], [ -98.045833333333306, 46.158333333333353 ], [ -98.043622843424458, 46.158900621202278 ], [ -98.039710489908828, 46.161932712131097 ], [ -98.034184265136702, 46.163350762261302 ], [ -98.032118394639738, 46.171400621202274 ], [ -98.018622843424453, 46.17026604546443 ], [ -98.013246663411437, 46.16609937879776 ], [ -97.997789510091124, 46.167233954535611 ], [ -97.99375, 46.170364718967036 ], [ -97.98971048990883, 46.167233954535611 ], [ -97.985289510091121, 46.16609937879776 ], [ -97.981377156575505, 46.163067287868941 ], [ -97.968622843424455, 46.161932712131097 ], [ -97.964583333333309, 46.158801947699672 ], [ -97.960543823242162, 46.161932712131097 ], [ -97.947789510091127, 46.163067287868941 ], [ -97.943877156575496, 46.16609937879776 ], [ -97.939456176757787, 46.167233954535611 ], [ -97.930103895399284, 46.175567287868944 ], [ -97.922789510091121, 46.174432712131093 ], [ -97.918877156575505, 46.171400621202274 ], [ -97.910289510091118, 46.17026604546443 ], [ -97.906377156575502, 46.167233954535611 ], [ -97.9, 46.166666666666686 ], [ -97.9, 46.1625 ], [ -97.896529473198768, 46.16160922580297 ], [ -97.875446234809004, 46.139584011501753 ], [ -97.891099378797719, 46.123043823242206 ], [ -97.892517598470036, 46.117517428927968 ], [ -97.898043823242162, 46.116099378797763 ], [ -97.906122843424455, 46.108900621202274 ], [ -97.910543823242165, 46.10776604546443 ], [ -97.922789510091121, 46.096400621202278 ], [ -97.928770785861516, 46.094865587022589 ], [ -97.93276604546439, 46.089710489908875 ], [ -97.933333333333309, 46.08333333333335 ], [ -97.933688015407967, 46.076715426974843 ], [ -97.951742214626719, 46.058686659071199 ], [ -97.956621805826799, 46.057975599500885 ], [ -97.966313340928792, 46.048257785373281 ], [ -97.96666666666664, 46.045833333333356 ], [ -97.96666666666664, 46.041666666666686 ], [ -97.966313340928792, 46.022575547960088 ], [ -97.962853325737825, 46.019091118706619 ], [ -97.962146674262129, 46.010075547960085 ], [ -97.957980007595467, 46.0058797200521 ], [ -97.958686659071162, 45.993408881293419 ], [ -97.966313340928792, 45.985757785373281 ], [ -97.967019992404488, 45.976742214626753 ], [ -97.970480007595469, 45.973257785373285 ], [ -97.970833333333317, 45.970833333333353 ], [ -97.969982401529933, 45.96751742892797 ], [ -97.96666666666664, 45.966666666666683 ], [ -97.960339864095033, 45.967284308539533 ], [ -97.954635789659264, 45.971450975206196 ], [ -97.934141879611516, 45.970139058431023 ], [ -97.93233371310761, 45.957715691460535 ], [ -97.922839864095025, 45.9589509752062 ], [ -97.91875, 45.961938476562537 ], [ -97.914660135904924, 45.9589509752062 ], [ -97.910339864095036, 45.957715691460535 ], [ -97.904635789659267, 45.953549024793872 ], [ -97.900860765245199, 45.955322604709238 ], [ -97.898841179741737, 45.962386067708366 ], [ -97.893826802571596, 45.966049024793868 ], [ -97.889506530761693, 45.967284308539533 ], [ -97.883802456325938, 45.971450975206196 ], [ -97.87700653076169, 45.970215691460538 ], [ -97.871302456325935, 45.966049024793868 ], [ -97.863460286458306, 45.967474365234409 ], [ -97.861491733127153, 45.974359639485712 ], [ -97.833333333333314, 45.975 ], [ -97.828599378797719, 45.973785061306458 ], [ -97.82973395453557, 45.968622843424512 ], [ -97.833900621202233, 45.963246663411496 ], [ -97.832594638400579, 45.955046420627205 ], [ -97.82570851643878, 45.953279283311666 ], [ -97.824432712131056, 45.943622843424514 ], [ -97.813067287868904, 45.931377156575557 ], [ -97.81188184950085, 45.90934533013241 ], [ -97.798043823242168, 45.896400621202289 ], [ -97.791666666666643, 45.895833333333364 ], [ -97.790557522243901, 45.891850111219654 ], [ -97.783874003092421, 45.886894904242652 ], [ -97.781160651312916, 45.88810509575741 ], [ -97.775540669759096, 45.89227176242408 ], [ -97.767438591851104, 45.890846761067742 ], [ -97.765890502929665, 45.879956732855938 ], [ -97.760506015353712, 45.875605095757415 ], [ -97.756160651312911, 45.874394904242656 ], [ -97.752172682020372, 45.871438429090745 ], [ -97.74651184082029, 45.869862026638486 ], [ -97.74522823757593, 45.851993984646299 ], [ -97.741061570909267, 45.846374003092478 ], [ -97.742271762424025, 45.843660651312966 ], [ -97.74522823757593, 45.839672682020435 ], [ -97.746438429090688, 45.835327317979633 ], [ -97.749461195203963, 45.83125 ], [ -97.746438429090688, 45.827172682020432 ], [ -97.74522823757593, 45.82282731797963 ], [ -97.733938429090685, 45.810506015353766 ], [ -97.73235321044919, 45.804813469780846 ], [ -97.71666666666664, 45.804166666666703 ], [ -97.714242214626708, 45.804519992404551 ], [ -97.710757785373232, 45.807980007595518 ], [ -97.704166666666637, 45.808333333333366 ], [ -97.697789510091127, 45.808900621202291 ], [ -97.693877156575496, 45.81193271213111 ], [ -97.688082885742162, 45.813419765896299 ], [ -97.679733954535564, 45.822789510091177 ], [ -97.678315734863261, 45.828315734863317 ], [ -97.672789510091121, 45.829733954535627 ], [ -97.668877156575491, 45.832766045464446 ], [ -97.664456176757781, 45.833900621202289 ], [ -97.656377156575502, 45.841099378797779 ], [ -97.645833333333314, 45.841666666666697 ], [ -97.63533986409503, 45.841049024793868 ], [ -97.627160135904916, 45.8339509752062 ], [ -97.618673197428365, 45.832715691460535 ], [ -97.606326802571587, 45.821450975206197 ], [ -97.597839864095022, 45.82021569146054 ], [ -97.593826802571584, 45.817284308539527 ], [ -97.585339864095033, 45.81604902479387 ], [ -97.581326802571596, 45.813117641872864 ], [ -97.57283986409503, 45.811882358127207 ], [ -97.568826802571593, 45.808950975206194 ], [ -97.56450653076169, 45.807715691460537 ], [ -97.56041666666664, 45.8047281901042 ], [ -97.554635789659258, 45.808950975206194 ], [ -97.552006530761687, 45.807715691460537 ], [ -97.546302456325932, 45.803549024793867 ], [ -97.543673197428362, 45.804784308539531 ], [ -97.537969122992592, 45.808950975206194 ], [ -97.525799899631053, 45.807579718695777 ], [ -97.524000379774279, 45.795215691460534 ], [ -97.514506530761693, 45.796450975206199 ], [ -97.510408189561602, 45.799444749620257 ], [ -97.497925143771681, 45.788055250379806 ], [ -97.49382680257159, 45.791049024793871 ], [ -97.489506530761687, 45.792284308539529 ], [ -97.48549346923825, 45.795215691460534 ], [ -97.472839864095022, 45.796450975206199 ], [ -97.464660135904921, 45.803549024793867 ], [ -97.460339864095019, 45.804784308539531 ], [ -97.456326802571581, 45.807715691460537 ], [ -97.454166666666637, 45.808333333333351 ], [ -97.454166666666637, 45.804166666666703 ], [ -97.450661214192678, 45.803267076280413 ], [ -97.45, 45.79583333333337 ], [ -97.439456176757787, 45.796400621202288 ], [ -97.434079996744771, 45.800567287868958 ], [ -97.426956176757784, 45.799432712131107 ], [ -97.423043823242168, 45.796400621202288 ], [ -97.417517598470027, 45.794982401529978 ], [ -97.415451727973064, 45.786932712131112 ], [ -97.410289510091118, 45.788067287868955 ], [ -97.404913330078102, 45.792233954535625 ], [ -97.396713087293804, 45.790927971733971 ], [ -97.394865587022537, 45.783729214138489 ], [ -97.389710489908822, 45.779733954535622 ], [ -97.368622843424447, 45.778599378797779 ], [ -97.3645833333333, 45.775468783908451 ], [ -97.360543823242153, 45.778599378797779 ], [ -97.354166666666643, 45.779166666666697 ], [ -97.354519992404491, 45.785757785373299 ], [ -97.357980007595458, 45.789242214626768 ], [ -97.358686659071154, 45.805882263183626 ], [ -97.350353325737814, 45.814242214626766 ], [ -97.35, 45.820833333333354 ], [ -97.347852410210479, 45.821463521321647 ], [ -97.322980923122799, 45.845203145345089 ], [ -97.31868574354381, 45.846463521321645 ], [ -97.314647589789473, 45.849369812011751 ], [ -97.306185743543807, 45.850630187988315 ], [ -97.297980923122807, 45.857703145345084 ], [ -97.293685743543804, 45.858963521321648 ], [ -97.289647589789467, 45.861869812011754 ], [ -97.280159674750408, 45.863283114963139 ], [ -97.278536478678362, 45.868814256456197 ], [ -97.271463521321593, 45.877019076877204 ], [ -97.269875590006478, 45.882430521647166 ], [ -97.263907708062035, 45.883963521321647 ], [ -97.261238098144503, 45.874866739908889 ], [ -97.252147589789473, 45.882703145345083 ], [ -97.246778700086779, 45.884278700086838 ], [ -97.244571431477837, 45.891799926757848 ], [ -97.235026719835048, 45.883572048611143 ], [ -97.229891120062902, 45.884095425075991 ], [ -97.22844356960718, 45.903386264377204 ], [ -97.216270446777315, 45.904796854654982 ], [ -97.210480923122802, 45.900630187988313 ], [ -97.190948147243901, 45.899369812011756 ], [ -97.17992248535154, 45.909094577365487 ], [ -97.178536478678353, 45.922980923122864 ], [ -97.175630187988247, 45.927019076877201 ], [ -97.17436981201169, 45.929562886556027 ], [ -97.178586832682257, 45.935422431098125 ], [ -97.171463521321584, 45.943685743543874 ], [ -97.170203145345027, 45.947980923122863 ], [ -97.163130187988259, 45.95618574354387 ], [ -97.161869812011687, 45.964647589789529 ], [ -97.158963521321581, 45.968685743543872 ], [ -97.158333333333303, 45.970833333333353 ], [ -97.151742214626708, 45.971186659071215 ], [ -97.148257785373232, 45.974646674262189 ], [ -97.141666666666637, 45.975 ], [ -97.140815904405358, 45.971684265136751 ], [ -97.133729383680532, 45.969865587022603 ], [ -97.128599378797716, 45.963246663411496 ], [ -97.129733954535567, 45.960289510091179 ], [ -97.13390062120223, 45.954913330078156 ], [ -97.132594468858471, 45.946713087293872 ], [ -97.125396050347192, 45.944865587022605 ], [ -97.121400621202227, 45.93971048990889 ], [ -97.119982571072015, 45.93418426513675 ], [ -97.114456176757784, 45.932766045464447 ], [ -97.098043823242165, 45.917233954535625 ], [ -97.095833333333303, 45.9166666666667 ], [ -97.085339694552928, 45.917284308539529 ], [ -97.081326972113686, 45.920215691460541 ], [ -97.068673027886248, 45.921450975206199 ], [ -97.062969292534689, 45.925617641872861 ], [ -97.059066094292504, 45.923783874511756 ], [ -97.057526312934002, 45.913205634223125 ], [ -97.039506361219594, 45.911882358127201 ], [ -97.035493638780352, 45.908950975206196 ], [ -97.029280598958309, 45.90717451307512 ], [ -97.024382527669246, 45.900469122992654 ], [ -97.025617472330694, 45.89367319742842 ], [ -97.028549194335909, 45.889660135904982 ], [ -97.029784138997371, 45.872839864095084 ], [ -97.036882527669235, 45.864660135904984 ], [ -97.038426378038167, 45.859259711371564 ], [ -97.046450805664037, 45.856965467664963 ], [ -97.044990709092858, 45.846178181966181 ], [ -97.039660305447015, 45.842284308539533 ], [ -97.034259711371504, 45.840740288628503 ], [ -97.032715861002572, 45.835339864095083 ], [ -97.025617472330694, 45.827160135904982 ], [ -97.025, 45.825 ], [ -97.024646674262129, 45.822575547960099 ], [ -97.021186659071148, 45.819091118706631 ], [ -97.020480007595452, 45.814242214626766 ], [ -97.017019992404485, 45.810757785373298 ], [ -97.016313340928789, 45.797575547960101 ], [ -97.012853325737822, 45.794091118706632 ], [ -97.012146674262127, 45.789242214626768 ], [ -97.008686659071145, 45.785757785373299 ], [ -97.008333333333297, 45.783333333333367 ], [ -97.008333333333297, 45.75 ], [ -97.007980007595449, 45.743408881293433 ], [ -97.004519992404482, 45.739924452039965 ], [ -97.003813340928787, 45.735075547960101 ], [ -96.996186659071157, 45.727424452039962 ], [ -96.995480007595461, 45.722575547960105 ], [ -96.992019992404479, 45.719091118706629 ], [ -96.991313340928784, 45.710075547960102 ], [ -96.987853325737817, 45.706591118706626 ], [ -96.9875, 45.704166666666701 ], [ -96.986485799153613, 45.700797865125899 ], [ -96.977031792534689, 45.699357265896296 ], [ -96.972968207465243, 45.696476067437096 ], [ -96.968698459201363, 45.695190599229633 ], [ -96.964634874131917, 45.692309400770434 ], [ -96.939531792534694, 45.691023932562963 ], [ -96.931301540798586, 45.683976067437101 ], [ -96.925744967990425, 45.682303195529549 ], [ -96.924228583441817, 45.667438083224859 ], [ -96.910365125868026, 45.666023932562965 ], [ -96.90630154079858, 45.663142734103765 ], [ -96.896847534179656, 45.661702134874162 ], [ -96.8958333333333, 45.658333333333367 ], [ -96.879166666666634, 45.658333333333367 ], [ -96.878315904405355, 45.655017598470081 ], [ -96.871229383680529, 45.653198920355933 ], [ -96.867233954535564, 45.648043823242219 ], [ -96.866099378797713, 45.643622843424509 ], [ -96.863067287868887, 45.639710489908886 ], [ -96.86190049913192, 45.60517357720272 ], [ -96.855016750759518, 45.599432712131104 ], [ -96.834241400824624, 45.600627475314703 ], [ -96.832442559136254, 45.607637193467916 ], [ -96.810543823242156, 45.628599378797773 ], [ -96.806122843424447, 45.629733954535624 ], [ -96.802210489908816, 45.632766045464443 ], [ -96.797789510091121, 45.633900621202287 ], [ -96.792413330078091, 45.638067287868957 ], [ -96.781122843424441, 45.636932712131106 ], [ -96.777210489908825, 45.633900621202287 ], [ -96.768622843424453, 45.632766045464443 ], [ -96.764583333333306, 45.629635450575115 ], [ -96.759079996744759, 45.633900621202287 ], [ -96.751956176757787, 45.632766045464443 ], [ -96.746579996744757, 45.628599378797773 ], [ -96.743622843424447, 45.629733954535624 ], [ -96.738246663411431, 45.633900621202287 ], [ -96.734144422743029, 45.632326592339439 ], [ -96.732433742947023, 45.625661214192739 ], [ -96.725, 45.625 ], [ -96.725, 45.620833333333366 ], [ -96.724338785807262, 45.613399590386315 ], [ -96.718622843424441, 45.611932712131107 ], [ -96.714710489908825, 45.608900621202288 ], [ -96.7, 45.608333333333363 ], [ -96.696494547526015, 45.609232923719652 ], [ -96.695833333333297, 45.616666666666696 ], [ -96.694982571072018, 45.619982401529981 ], [ -96.691666666666634, 45.620833333333366 ], [ -96.6875, 45.620833333333366 ], [ -96.686285061306393, 45.625567287868954 ], [ -96.672789510091107, 45.62443271213111 ], [ -96.668877156575491, 45.621400621202291 ], [ -96.656122843424441, 45.62026604546444 ], [ -96.652210489908825, 45.617233954535621 ], [ -96.643622843424453, 45.616099378797777 ], [ -96.630154758029477, 45.603599378797774 ], [ -96.617617797851523, 45.604832797580329 ], [ -96.613067287868887, 45.610289510091178 ], [ -96.61193271213105, 45.61887715657555 ], [ -96.608900621202224, 45.622789510091181 ], [ -96.607118394639727, 45.629733954535624 ], [ -96.601956176757781, 45.628599378797773 ], [ -96.593877156575488, 45.621400621202291 ], [ -96.581122843424453, 45.62026604546444 ], [ -96.577210489908822, 45.617233954535621 ], [ -96.575, 45.616666666666696 ], [ -96.575617472330691, 45.602006530761749 ], [ -96.578611246744757, 45.597908189561664 ], [ -96.567284138997366, 45.585493469238315 ], [ -96.565962388780349, 45.567491488986576 ], [ -96.560493638780343, 45.563117641872864 ], [ -96.554092068142324, 45.561287434895867 ], [ -96.557715861002578, 45.556326802571647 ], [ -96.558950805664026, 45.552006530761751 ], [ -96.561882527669241, 45.547993469238314 ], [ -96.563192070854996, 45.530160183376765 ], [ -96.56990695529511, 45.528240288628503 ], [ -96.571450805664028, 45.522839864095083 ], [ -96.575617472330691, 45.517135789659321 ], [ -96.574382527669243, 45.51033986409508 ], [ -96.567284138997366, 45.50216013590498 ], [ -96.565740288628433, 45.49675971137156 ], [ -96.558630032009518, 45.494726901584229 ], [ -96.549382527669238, 45.484069993760883 ], [ -96.550750393337637, 45.471633741590743 ], [ -96.561528184678792, 45.470065138075114 ], [ -96.5625, 45.466666666666697 ], [ -96.562146674262124, 45.464242214626765 ], [ -96.558686659071142, 45.460757785373296 ], [ -96.557980007595447, 45.455908881293432 ], [ -96.554519992404479, 45.452424452039963 ], [ -96.554166666666632, 45.45 ], [ -96.543408881293374, 45.450353325737879 ], [ -96.539924452039898, 45.453813340928846 ], [ -96.522575547960031, 45.454519992404542 ], [ -96.51875, 45.458318752712707 ], [ -96.514924452039892, 45.454519992404542 ], [ -96.508333333333297, 45.454166666666694 ], [ -96.507482571072018, 45.45748240152998 ], [ -96.501956176757773, 45.458900621202289 ], [ -96.496801079644058, 45.462895880805149 ], [ -96.495833333333294, 45.466666666666697 ], [ -96.483333333333306, 45.466666666666697 ], [ -96.482406955295104, 45.469906955295173 ], [ -96.47700636121958, 45.471450975206196 ], [ -96.468826972113675, 45.478549024793864 ], [ -96.417549641927053, 45.479811943901943 ], [ -96.408950805664034, 45.489506530761751 ], [ -96.407530721028607, 45.499264865451423 ], [ -96.393673027886251, 45.500617641872864 ], [ -96.389583333333292, 45.503605143229194 ], [ -96.385493638780346, 45.500617641872864 ], [ -96.381173027886248, 45.4993823581272 ], [ -96.377160305447006, 45.496450975206194 ], [ -96.372839694552923, 45.495215691460537 ], [ -96.367135959201349, 45.491049024793867 ], [ -96.363360934787295, 45.492822604709232 ], [ -96.361513604058118, 45.499282836914091 ], [ -96.347839694552917, 45.500617641872864 ], [ -96.342135959201357, 45.504784308539527 ], [ -96.339506361219577, 45.50354902479387 ], [ -96.329903496636248, 45.495215691460537 ], [ -96.314506361219586, 45.496450975206194 ], [ -96.310493638780343, 45.4993823581272 ], [ -96.3, 45.5 ], [ -96.289456176757781, 45.500567287868954 ], [ -96.284079996744751, 45.504733954535624 ], [ -96.271729871961767, 45.503492906358538 ], [ -96.2708333333333, 45.5 ], [ -96.264242214626705, 45.500353325737876 ], [ -96.260757785373229, 45.503813340928851 ], [ -96.258333333333297, 45.504166666666698 ], [ -96.254166666666634, 45.504166666666698 ], [ -96.254166666666634, 45.5 ], [ -96.254166666666634, 45.495833333333366 ], [ -96.247575547960039, 45.495480007595518 ], [ -96.244091118706564, 45.492019992404543 ], [ -96.230881076388854, 45.491311815049947 ], [ -96.221186659071151, 45.481591118706625 ], [ -96.220833333333303, 45.4791666666667 ], [ -96.214456176757778, 45.478599378797774 ], [ -96.209079996744748, 45.474432712131104 ], [ -96.204977756076346, 45.476006740993952 ], [ -96.202951727973058, 45.483900621202288 ], [ -96.193622843424436, 45.482766045464437 ], [ -96.188637288411428, 45.478902011447516 ], [ -96.186932712131039, 45.485543823242217 ], [ -96.183900621202227, 45.489456176757841 ], [ -96.182482571072015, 45.494982401529981 ], [ -96.179166666666632, 45.495833333333366 ], [ -96.179696316189194, 45.498081631130674 ], [ -96.182945081922711, 45.502092827691001 ], [ -96.175379774305526, 45.5104166666667 ], [ -96.183847045898403, 45.519732666015656 ], [ -96.18244696723086, 45.524227396647163 ], [ -96.176918538411428, 45.525529479980499 ], [ -96.171591864691806, 45.530112881130677 ], [ -96.170303683810729, 45.535581631130675 ], [ -96.167196316189205, 45.539418368869391 ], [ -96.166137017144067, 45.546916368272598 ], [ -96.174611748589371, 45.556240505642393 ], [ -96.171362982855868, 45.56025170220272 ], [ -96.170303683810729, 45.563440789116783 ], [ -96.174470350477392, 45.568585035536053 ], [ -96.175, 45.579166666666701 ], [ -96.174112616644933, 45.582624816894565 ], [ -96.164456176757781, 45.583900621202289 ], [ -96.159079996744751, 45.588067287868952 ], [ -96.156122843424441, 45.586932712131109 ], [ -96.150746663411425, 45.582766045464439 ], [ -96.139456176757776, 45.583900621202289 ], [ -96.135543823242145, 45.586932712131109 ], [ -96.129749552408811, 45.588419765896298 ], [ -96.121400621202213, 45.597789510091175 ], [ -96.119865587022531, 45.603770785861578 ], [ -96.114710489908816, 45.607766045464444 ], [ -96.105054050021664, 45.609041849772169 ], [ -96.103599378797711, 45.614710489908887 ], [ -96.096295166015594, 45.622907850477461 ], [ -96.099986775716104, 45.627670966254371 ], [ -96.093877156575488, 45.632766045464443 ], [ -96.076956176757776, 45.633900621202287 ], [ -96.073043823242145, 45.636932712131106 ], [ -96.054166666666646, 45.6375 ], [ -96.026714070637993, 45.637853664822082 ], [ -96.020847574869777, 45.64374966091583 ], [ -96.024646674262129, 45.647575547960102 ], [ -96.025353325737825, 45.656591118706629 ], [ -96.029519992404488, 45.660787116156719 ], [ -96.028813340928792, 45.664924452039962 ], [ -96.025353325737825, 45.668408881293438 ], [ -96.024641927083309, 45.67329016791453 ], [ -96.018381076388863, 45.679519992404543 ], [ -96.014242214626719, 45.678813340928855 ], [ -96.005882263183565, 45.670480007595515 ], [ -95.997575547960054, 45.671186659071211 ], [ -95.994091118706578, 45.674646674262185 ], [ -95.972575547960048, 45.675353325737881 ], [ -95.969091118706572, 45.678813340928855 ], [ -95.964242214626708, 45.679519992404543 ], [ -95.960757785373247, 45.682980007595518 ], [ -95.955908881293382, 45.683686659071213 ], [ -95.952424452039907, 45.687146674262188 ], [ -95.933333333333309, 45.6875 ], [ -95.93001759847003, 45.68835093180342 ], [ -95.928315734863261, 45.694982401529984 ], [ -95.925, 45.695833333333368 ], [ -95.925, 45.7125 ], [ -95.924646674262135, 45.714924452039966 ], [ -95.921186659071154, 45.718408881293435 ], [ -95.920833333333306, 45.7291666666667 ], [ -95.921518961588518, 45.749219936794738 ], [ -95.936469862196162, 45.750744967990485 ], [ -95.938142734103707, 45.756301710340743 ], [ -95.941023932562914, 45.760364956325986 ], [ -95.94230940077037, 45.766988457573817 ], [ -95.937280612521675, 45.774081081814266 ], [ -95.925764804416204, 45.775835842556454 ], [ -95.924357265896248, 45.789635043674082 ], [ -95.9214394463433, 45.79375 ], [ -95.924976433647984, 45.798738437228764 ], [ -95.929166666666632, 45.8 ], [ -95.928315734863261, 45.803315734863318 ], [ -95.92168426513669, 45.805017598470087 ], [ -95.920833333333306, 45.808333333333366 ], [ -95.918660651312905, 45.808938429090745 ], [ -95.914672682020381, 45.811894904242656 ], [ -95.906160651312916, 45.813105095757415 ], [ -95.892442660861519, 45.825791083441871 ], [ -95.891061570909272, 45.835506015353765 ], [ -95.888033379448757, 45.839590623643694 ], [ -95.895228237575935, 45.847827317979636 ], [ -95.896740892198324, 45.853259107801684 ], [ -95.902172682020378, 45.854771762424079 ], [ -95.906160651312916, 45.857728237575991 ], [ -95.913040669759098, 45.858938429090742 ], [ -95.919831339518211, 45.853903706868522 ], [ -95.921438429090685, 45.863040669759151 ], [ -95.917271762424022, 45.868660651312965 ], [ -95.916061570909264, 45.875540669759147 ], [ -95.920228237575927, 45.881160651312968 ], [ -95.921438429090685, 45.885506015353769 ], [ -95.925443861219591, 45.890908643934495 ], [ -95.924206712510824, 45.899280463324686 ], [ -95.916666666666643, 45.9 ], [ -95.914456176757795, 45.900567287868959 ], [ -95.910543823242165, 45.903599378797779 ], [ -95.904863484700499, 45.905057101779548 ], [ -95.903599378797722, 45.915451727973121 ], [ -95.910543823242165, 45.917233954535625 ], [ -95.918622843424458, 45.924432712131107 ], [ -95.931377156575493, 45.925567287868958 ], [ -95.936532253689208, 45.929562547471825 ], [ -95.9375, 45.933333333333366 ], [ -95.931173197428365, 45.933950975206194 ], [ -95.927160135904927, 45.936882358127207 ], [ -95.910339864095036, 45.938117641872864 ], [ -95.905098130967858, 45.941946580674944 ], [ -95.903549024793818, 45.950469122992658 ], [ -95.907715691460481, 45.95617319742842 ], [ -95.908950975206139, 45.960493469238315 ], [ -95.912613932291649, 45.965507846408457 ], [ -95.92006513807506, 45.967638312445779 ], [ -95.921450975206142, 45.977160135904981 ], [ -95.924438476562472, 45.98125 ], [ -95.921450975206142, 45.985339864095089 ], [ -95.920215691460484, 45.990667046441004 ], [ -95.932539198133654, 45.992460801866358 ], [ -95.933950975206145, 46.00216013590498 ], [ -95.93688235812715, 46.006173197428417 ], [ -95.938268195258217, 46.01569502088762 ], [ -95.941666666666634, 46.016666666666701 ], [ -95.941313340928801, 46.031591118706629 ], [ -95.937853325737819, 46.035075547960105 ], [ -95.9375, 46.045833333333356 ], [ -95.940958150227843, 46.046720716688384 ], [ -95.942233954535567, 46.056377156575543 ], [ -95.945266045464393, 46.060289510091167 ], [ -95.94640062120223, 46.071579996744809 ], [ -95.942233954535567, 46.076956176757832 ], [ -95.941099378797716, 46.079913330078142 ], [ -95.945266045464393, 46.085289510091165 ], [ -95.946684265136696, 46.090815904405403 ], [ -95.952210489908836, 46.092233954535608 ], [ -95.956122843424453, 46.095266045464427 ], [ -95.964710489908839, 46.096400621202278 ], [ -95.968622843424455, 46.099432712131097 ], [ -95.977210489908828, 46.100567287868941 ], [ -95.981122843424458, 46.10359937879776 ], [ -95.98971048990883, 46.104733954535611 ], [ -96.003512403700071, 46.117644924587694 ], [ -96.004827880859352, 46.132433742947072 ], [ -96.011855570475234, 46.134237331814255 ], [ -96.013067287868907, 46.150746663411482 ], [ -96.008237372504311, 46.156978691948808 ], [ -96.013246663411437, 46.158900621202278 ], [ -96.018622843424453, 46.154733954535608 ], [ -96.029913330078102, 46.153599378797765 ], [ -96.036532253689217, 46.158729383680573 ], [ -96.038067287868898, 46.164710489908877 ], [ -96.041099378797725, 46.168622843424501 ], [ -96.041666666666629, 46.179166666666688 ], [ -96.041308593749974, 46.181623670789953 ], [ -96.035757785373249, 46.187146674262173 ], [ -96.033333333333289, 46.1875 ], [ -96.025719875759521, 46.188276502821203 ], [ -96.025, 46.2 ], [ -96.021127827962218, 46.200993855794295 ], [ -96.02169002956812, 46.203501722547763 ], [ -96.029166666666626, 46.204166666666687 ], [ -96.029822116427923, 46.214622328016517 ], [ -96.032677883572021, 46.218711005316862 ], [ -96.0339887830946, 46.229412502712691 ], [ -96.028898620605446, 46.23669976128474 ], [ -96.041666666666629, 46.2375 ], [ -96.040740288628456, 46.240740288628494 ], [ -96.034101528591563, 46.242638481987868 ], [ -96.032539198133662, 46.253372531467036 ], [ -96.021164449055973, 46.255028279622415 ], [ -96.017284308539473, 46.260339694552975 ], [ -96.015454101562483, 46.266741265190994 ], [ -96.010493469238256, 46.263117472330748 ], [ -96.00200653076169, 46.261882527669293 ], [ -95.997993469238253, 46.258950805664085 ], [ -95.993673197428365, 46.257715861002623 ], [ -95.989660135904927, 46.254784138997415 ], [ -95.984259711371507, 46.25324028862849 ], [ -95.982406955295119, 46.246759711371546 ], [ -95.977006530761699, 46.245215861002627 ], [ -95.972993469238261, 46.24228413899742 ], [ -95.941666666666649, 46.241666666666688 ], [ -95.935075547960054, 46.242019992404536 ], [ -95.929520840114989, 46.24754672580297 ], [ -95.928813340928798, 46.269091118706619 ], [ -95.925353325737831, 46.272575547960088 ], [ -95.925, 46.27916666666669 ], [ -95.889242214626719, 46.278813340928842 ], [ -95.880882263183565, 46.270480007595509 ], [ -95.876742214626717, 46.271186659071205 ], [ -95.873257785373241, 46.274646674262172 ], [ -95.868408881293377, 46.275353325737868 ], [ -95.864212883843294, 46.279519992404538 ], [ -95.839242214626708, 46.278813340928842 ], [ -95.835757785373247, 46.275353325737868 ], [ -95.822575547960042, 46.274646674262172 ], [ -95.819091118706581, 46.271186659071205 ], [ -95.793408881293374, 46.270480007595509 ], [ -95.789212883843291, 46.266313340928839 ], [ -95.776742214626708, 46.267019992404535 ], [ -95.773257785373247, 46.270480007595509 ], [ -95.758333333333312, 46.270833333333357 ], [ -95.75890062120223, 46.264456176757832 ], [ -95.761932712131056, 46.260543823242209 ], [ -95.763067287868893, 46.247789510091167 ], [ -95.76619788275822, 46.24375 ], [ -95.763067287868893, 46.239710489908873 ], [ -95.761844041612392, 46.22595994737415 ], [ -95.756377156575496, 46.221400621202278 ], [ -95.751956176757787, 46.220266045464427 ], [ -95.74804382324217, 46.217233954535608 ], [ -95.742249552408836, 46.215747070312517 ], [ -95.732766045464388, 46.205103895399326 ], [ -95.733976915147551, 46.188403998480922 ], [ -95.7375, 46.1875 ], [ -95.736285061306404, 46.182766045464433 ], [ -95.718622843424455, 46.183900621202277 ], [ -95.714710489908825, 46.186932712131096 ], [ -95.70195617675779, 46.188067287868947 ], [ -95.689710489908833, 46.199432712131099 ], [ -95.6875, 46.2 ], [ -95.68504621717662, 46.199642266167558 ], [ -95.662513563368037, 46.177084350585957 ], [ -95.666313340928795, 46.173257785373281 ], [ -95.666666666666643, 46.158333333333353 ], [ -95.659190029568123, 46.157668389214429 ], [ -95.658131917317689, 46.152947998046898 ], [ -95.663067287868898, 46.146579996744812 ], [ -95.661932712131048, 46.13528951009117 ], [ -95.658900621202235, 46.131377156575539 ], [ -95.657482401529919, 46.125850762261308 ], [ -95.651956176757793, 46.124432712131096 ], [ -95.648043823242162, 46.121400621202277 ], [ -95.63838738335501, 46.12012498643665 ], [ -95.6375, 46.116666666666688 ], [ -95.610075547960051, 46.117019992404536 ], [ -95.601715596516897, 46.125353325737869 ], [ -95.593408881293371, 46.124646674262173 ], [ -95.589924452039909, 46.121186659071199 ], [ -95.579166666666637, 46.120833333333351 ], [ -95.578599378797719, 46.131377156575539 ], [ -95.573504299587654, 46.13748677571617 ], [ -95.56875, 46.133801947699673 ], [ -95.564710489908833, 46.136932712131099 ], [ -95.556122843424447, 46.138067287868942 ], [ -95.55221048990883, 46.141099378797762 ], [ -95.547789510091121, 46.142233954535612 ], [ -95.542358737521681, 46.146763102213562 ], [ -95.541099378797711, 46.157118394639774 ], [ -95.545833333333306, 46.158333333333353 ], [ -95.545833333333306, 46.166666666666686 ], [ -95.546186659071154, 46.169091118706618 ], [ -95.551709832085479, 46.174641927083357 ], [ -95.554166666666646, 46.175 ], [ -95.552951727973067, 46.179733954535614 ], [ -95.539456176757781, 46.178599378797763 ], [ -95.534079996744765, 46.174432712131093 ], [ -95.531122843424455, 46.175567287868944 ], [ -95.527210489908825, 46.178599378797763 ], [ -95.505075920952663, 46.179790242513043 ], [ -95.503198920355871, 46.187103949652801 ], [ -95.498043823242156, 46.191099378797766 ], [ -95.491666666666646, 46.191666666666684 ], [ -95.479166666666643, 46.191666666666684 ], [ -95.479166666666643, 46.195833333333354 ], [ -95.478599378797711, 46.198043823242209 ], [ -95.475567287868898, 46.201956176757832 ], [ -95.474094306098067, 46.20769551595054 ], [ -95.455160522460915, 46.208965047200543 ], [ -95.445266045464379, 46.219873725043421 ], [ -95.44640062120223, 46.23554382324221 ], [ -95.450567287868893, 46.240920003255226 ], [ -95.449432712131056, 46.248043823242206 ], [ -95.44640062120223, 46.251956176757837 ], [ -95.444982401529927, 46.257482571072067 ], [ -95.439456176757787, 46.25890062120228 ], [ -95.435543823242156, 46.261932712131099 ], [ -95.433333333333309, 46.2625 ], [ -95.429166666666646, 46.2625 ], [ -95.428523932562911, 46.268801540798634 ], [ -95.425606113009962, 46.272916666666688 ], [ -95.428628370496938, 46.277178955078149 ], [ -95.433655124240431, 46.279809570312523 ], [ -95.43953162299259, 46.275642903645853 ], [ -95.44615512424042, 46.274357096354187 ], [ -95.452031622992592, 46.278523763020857 ], [ -95.461621771918374, 46.279985215928839 ], [ -95.463142734103712, 46.287821790907138 ], [ -95.458976067437035, 46.293698459201408 ], [ -95.457690599229579, 46.309047105577278 ], [ -95.470190599229568, 46.322865125868077 ], [ -95.471604749891469, 46.336728583441861 ], [ -95.486664157443556, 46.33826463487415 ], [ -95.488142734103704, 46.3479682074653 ], [ -95.491023932562911, 46.352031792534746 ], [ -95.491666666666646, 46.3625 ], [ -95.510543823242159, 46.3619327121311 ], [ -95.539456176757781, 46.333900621202275 ], [ -95.554913330078094, 46.332766045464432 ], [ -95.560289510091124, 46.336932712131102 ], [ -95.567603895399287, 46.338067287868945 ], [ -95.57695617675779, 46.329733954535612 ], [ -95.604913330078105, 46.328599378797762 ], [ -95.610289510091121, 46.332766045464432 ], [ -95.616931321885829, 46.334470621744813 ], [ -95.613067287868901, 46.339456176757835 ], [ -95.6125, 46.34166666666669 ], [ -95.61308898925779, 46.369915093315996 ], [ -95.616666666666646, 46.370833333333358 ], [ -95.615815734863261, 46.374149237738735 ], [ -95.6125, 46.375 ], [ -95.606160651312905, 46.375604926215303 ], [ -95.602172682020381, 46.37856174045141 ], [ -95.593660651312902, 46.379771592881966 ], [ -95.58827616373695, 46.384123399522593 ], [ -95.586894904242598, 46.393839518229186 ], [ -95.582470703124969, 46.39931369357641 ], [ -95.563334655761693, 46.400688340928838 ], [ -95.561894904242592, 46.408873833550366 ], [ -95.56606157090927, 46.414493815104187 ], [ -95.566666666666634, 46.425 ], [ -95.564242214626717, 46.425353325737866 ], [ -95.560757785373241, 46.428813340928841 ], [ -95.526742214626708, 46.429519992404536 ], [ -95.523257785373232, 46.432980007595511 ], [ -95.514242214626705, 46.433686659071199 ], [ -95.510757785373244, 46.437146674262173 ], [ -95.498287116156661, 46.437853325737869 ], [ -95.493749660915768, 46.433347574869813 ], [ -95.487855699327227, 46.439212036132837 ], [ -95.487146674262121, 46.448257785373286 ], [ -95.483686659071154, 46.451742214626762 ], [ -95.482980007595458, 46.456591118706619 ], [ -95.479519992404491, 46.460075547960095 ], [ -95.479166666666643, 46.4625 ], [ -95.477006530761699, 46.463117472330751 ], [ -95.472993469238261, 46.466049194335959 ], [ -95.460339864095019, 46.467284138997421 ], [ -95.456326802571581, 46.470215861002629 ], [ -95.43950653076169, 46.471450805664084 ], [ -95.435493469238253, 46.474382527669292 ], [ -95.422839864095025, 46.475617472330754 ], [ -95.417135789659255, 46.479784138997417 ], [ -95.404966566297716, 46.478413221571202 ], [ -95.403398471408394, 46.467638481987869 ], [ -95.4, 46.46666666666669 ], [ -95.388268703884521, 46.467386881510436 ], [ -95.378523932562914, 46.478497314453151 ], [ -95.37980940077037, 46.481301540798633 ], [ -95.383976067437032, 46.487178209092903 ], [ -95.382690599229576, 46.497968207465298 ], [ -95.375642734103707, 46.506198459201414 ], [ -95.37422858344182, 46.520061916775198 ], [ -95.366666666666646, 46.520833333333357 ], [ -95.367019992404494, 46.527424452039952 ], [ -95.370480007595461, 46.530908881293428 ], [ -95.371186659071157, 46.535757785373285 ], [ -95.378813340928787, 46.543408881293423 ], [ -95.379166666666634, 46.554166666666688 ], [ -95.378240288628447, 46.557406955295164 ], [ -95.37163357204858, 46.559295993381099 ], [ -95.370215691460473, 46.56740349663631 ], [ -95.378610059950063, 46.57707689073353 ], [ -95.375617641872807, 46.581173027886308 ], [ -95.37438235812715, 46.594465467664953 ], [ -95.381326802571593, 46.596450805664084 ], [ -95.383950975206133, 46.599000379774331 ], [ -95.372839864095027, 46.600617472330754 ], [ -95.36882680257159, 46.603549194335962 ], [ -95.364506530761687, 46.604784138997417 ], [ -95.36049346923825, 46.607715861002625 ], [ -95.357864210340679, 46.608950805664087 ], [ -95.350948588053356, 46.603899129231792 ], [ -95.34923180474172, 46.615694851345509 ], [ -95.343673197428359, 46.61728413899742 ], [ -95.339660135904921, 46.620215861002627 ], [ -95.328899298773848, 46.621781751844644 ], [ -95.332715691460479, 46.627006361219642 ], [ -95.3333333333333, 46.633333333333354 ], [ -95.348257785373235, 46.633686659071202 ], [ -95.355908881293374, 46.641313340928846 ], [ -95.364924452039901, 46.642019992404535 ], [ -95.372575547960039, 46.649646674262179 ], [ -95.385757785373244, 46.650353325737868 ], [ -95.397575547960045, 46.662146674262175 ], [ -95.419091118706575, 46.662853325737871 ], [ -95.426742214626714, 46.670480007595508 ], [ -95.431591118706564, 46.671186659071203 ], [ -95.435075547960039, 46.674646674262178 ], [ -95.45, 46.675 ], [ -95.450567287868893, 46.67721048990888 ], [ -95.457871500651009, 46.685407850477453 ], [ -95.45473395453557, 46.689456176757837 ], [ -95.453599378797719, 46.698043823242209 ], [ -95.449604119194845, 46.703198920355931 ], [ -95.442327880859352, 46.705066257052977 ], [ -95.441666666666634, 46.7125 ], [ -95.434104749891461, 46.713271416558186 ], [ -95.432690599229574, 46.72713487413197 ], [ -95.429809400770367, 46.731198459201416 ], [ -95.428523932562911, 46.737821790907141 ], [ -95.432690599229574, 46.743698459201411 ], [ -95.434078301323751, 46.757303195529538 ], [ -95.440702480739986, 46.759297688802107 ], [ -95.44230940077037, 46.764634874131971 ], [ -95.449357265896239, 46.77286512586808 ], [ -95.45064273410371, 46.788133748372424 ], [ -95.44230940077037, 46.797865125868078 ], [ -95.441023932562914, 46.800321790907141 ], [ -95.445190599229576, 46.806198459201411 ], [ -95.446476067437032, 46.814634874131968 ], [ -95.461903211805534, 46.831247965494818 ], [ -95.453741285535997, 46.840778944227459 ], [ -95.442493184407525, 46.842493014865475 ], [ -95.441023932562914, 46.85213487413197 ], [ -95.433183458116289, 46.861290486653672 ], [ -95.427031622992601, 46.863142903645858 ], [ -95.422968377007351, 46.866023763020863 ], [ -95.418698289659261, 46.867309570312528 ], [ -95.413761562771242, 46.870809936523465 ], [ -95.4125, 46.875 ], [ -95.414924452039898, 46.875353325737876 ], [ -95.418408881293374, 46.878813340928843 ], [ -95.422546217176617, 46.879519992404539 ], [ -95.42708367241751, 46.875014241536483 ], [ -95.43297526041664, 46.880876329210096 ], [ -95.433686659071157, 46.885757785373286 ], [ -95.447545539008217, 46.899642266167561 ], [ -95.45, 46.9 ], [ -95.451035732693114, 46.903354220920164 ], [ -95.460455661349798, 46.904822116427979 ], [ -95.46871100531682, 46.91184455023874 ], [ -95.477122328016463, 46.913155449761312 ], [ -95.481211005316808, 46.91601121690541 ], [ -95.497955661349806, 46.917322116427975 ], [ -95.502044338650151, 46.920177883572073 ], [ -95.506288994683132, 46.921488783094645 ], [ -95.511699591742598, 46.925268215603325 ], [ -95.5125, 46.9125 ], [ -95.514710489908822, 46.911932712131104 ], [ -95.518622843424453, 46.908900621202285 ], [ -95.539710489908828, 46.907766045464435 ], [ -95.544696214463954, 46.903902180989611 ], [ -95.545833333333306, 46.90833333333336 ], [ -95.546400621202224, 46.910543823242215 ], [ -95.54943271213105, 46.914456176757838 ], [ -95.550567287868901, 46.918877156575547 ], [ -95.554733954535564, 46.924253336588571 ], [ -95.553599378797713, 46.935543823242213 ], [ -95.550567287868901, 46.939456176757837 ], [ -95.54943271213105, 46.943877156575546 ], [ -95.536932712131048, 46.957345241970515 ], [ -95.538067287868898, 46.960543823242212 ], [ -95.542233954535561, 46.965920003255235 ], [ -95.540927971733922, 46.974120415581623 ], [ -95.5375, 46.975 ], [ -95.527006530761696, 46.974382527669299 ], [ -95.521302456325927, 46.970215861002629 ], [ -95.506173197428353, 46.971450805664091 ], [ -95.502160135904916, 46.974382527669299 ], [ -95.479976230197451, 46.975688001844645 ], [ -95.478549024793807, 46.985493638780412 ], [ -95.470215691460481, 46.99509650336374 ], [ -95.471450975206139, 47.01049363878041 ], [ -95.474443393283394, 47.014589775933189 ], [ -95.467284308539476, 47.022839694552978 ], [ -95.466049024793804, 47.027160305447076 ], [ -95.463117641872799, 47.031173027886311 ], [ -95.461132134331564, 47.038117472330754 ], [ -95.456173197428356, 47.036882527669299 ], [ -95.450948588053365, 47.033065795898466 ], [ -95.449382358127139, 47.043826972113742 ], [ -95.445215691460476, 47.049530707465308 ], [ -95.446450975206133, 47.052160305447075 ], [ -95.45061764187281, 47.057864040798641 ], [ -95.449299452039909, 47.074008856879367 ], [ -95.443673197428353, 47.075617472330755 ], [ -95.439660135904916, 47.078549194335963 ], [ -95.4375, 47.079166666666694 ], [ -95.4375, 47.0875 ], [ -95.439924452039904, 47.087853325737875 ], [ -95.449645826551617, 47.097548421223983 ], [ -95.45, 47.108333333333363 ], [ -95.449073621961773, 47.111573621961831 ], [ -95.442399766710039, 47.113481648763049 ], [ -95.441049024793813, 47.125469292534753 ], [ -95.445215691460476, 47.131173027886312 ], [ -95.446450975206133, 47.144833713107666 ], [ -95.434114752875402, 47.146629163954017 ], [ -95.432715691460473, 47.156965467664961 ], [ -95.439660135904916, 47.158950975206189 ], [ -95.443673197428353, 47.161882358127201 ], [ -95.449231804741729, 47.163471645779111 ], [ -95.45061764187281, 47.172993469238307 ], [ -95.45360514322914, 47.177083333333364 ], [ -95.450561523437472, 47.18125 ], [ -95.453549024793816, 47.185339864095077 ], [ -95.454784308539473, 47.193826802571643 ], [ -95.458447265624969, 47.198841179741784 ], [ -95.465949503580703, 47.20098622639977 ], [ -95.467284308539476, 47.214660135904978 ], [ -95.470215691460481, 47.218673197428416 ], [ -95.470833333333303, 47.225 ], [ -95.468408881293371, 47.225353325737878 ], [ -95.464212883843288, 47.229519992404541 ], [ -95.460075547960045, 47.228813340928845 ], [ -95.456591118706569, 47.225353325737878 ], [ -95.454166666666637, 47.225 ], [ -95.452951727973058, 47.229733954535618 ], [ -95.44362284342445, 47.228599378797774 ], [ -95.438246663411434, 47.224432712131104 ], [ -95.431122843424447, 47.225567287868955 ], [ -95.425746663411431, 47.229733954535618 ], [ -95.409326850043371, 47.228528679741785 ], [ -95.396400621202233, 47.214710489908882 ], [ -95.394618394639735, 47.207766045464439 ], [ -95.38945617675779, 47.208900621202282 ], [ -95.377210489908833, 47.220266045464442 ], [ -95.366666666666646, 47.22083333333336 ], [ -95.366005452473928, 47.22826707628041 ], [ -95.360289510091121, 47.229733954535618 ], [ -95.356377156575491, 47.232766045464437 ], [ -95.35, 47.233333333333363 ], [ -95.348849487304662, 47.228849962022601 ], [ -95.342299397786434, 47.234312438964871 ], [ -95.341099378797722, 47.252210489908883 ], [ -95.328233506944414, 47.265964253743519 ], [ -95.31862284342445, 47.267233954535619 ], [ -95.313204277886257, 47.271752760145425 ], [ -95.311932712131053, 47.281377156575552 ], [ -95.307937452528179, 47.286532253689266 ], [ -95.301956176757784, 47.288067287868955 ], [ -95.296452501085042, 47.292657131618952 ], [ -95.295833333333306, 47.304166666666696 ], [ -95.296400621202224, 47.318877156575553 ], [ -95.29943271213105, 47.322789510091177 ], [ -95.300567287868901, 47.327210489908886 ], [ -95.32140062120223, 47.348974778917132 ], [ -95.319868299696154, 47.353345065646728 ], [ -95.314456176757787, 47.354733954535618 ], [ -95.310543823242156, 47.357766045464437 ], [ -95.289456176757781, 47.358900621202288 ], [ -95.285543823242165, 47.361932712131107 ], [ -95.276956176757778, 47.363067287868951 ], [ -95.273043823242162, 47.36609937879777 ], [ -95.268622843424453, 47.367233954535621 ], [ -95.264710489908822, 47.37026604546444 ], [ -95.258970981174016, 47.371739027235272 ], [ -95.257695685492592, 47.390760972764788 ], [ -95.251956176757787, 47.392233954535619 ], [ -95.248043823242156, 47.395266045464439 ], [ -95.241666666666646, 47.395833333333364 ], [ -95.242233954535564, 47.402210489908882 ], [ -95.250929260253884, 47.411797078450547 ], [ -95.261612616644939, 47.413208516438829 ], [ -95.263067287868893, 47.418877156575547 ], [ -95.266099378797719, 47.422789510091178 ], [ -95.267517598470022, 47.428315734863311 ], [ -95.274362352159258, 47.430072360568609 ], [ -95.275637647840682, 47.449094306098118 ], [ -95.27916666666664, 47.45 ], [ -95.278599378797722, 47.452210489908886 ], [ -95.275567287868896, 47.456122843424509 ], [ -95.274432712131045, 47.460543823242219 ], [ -95.271302117241731, 47.464583333333366 ], [ -95.274432712131045, 47.468622843424512 ], [ -95.275567287868896, 47.477210489908884 ], [ -95.282766045464385, 47.485289510091178 ], [ -95.284041849772109, 47.49494594997833 ], [ -95.289710489908828, 47.496400621202291 ], [ -95.307437811957442, 47.513177151150202 ], [ -95.309184265136693, 47.51998240152998 ], [ -95.3125, 47.520833333333364 ], [ -95.3119705200195, 47.523081631130673 ], [ -95.307803853352837, 47.528225877549943 ], [ -95.30886281331378, 47.535581631130675 ], [ -95.313029479980443, 47.540725877549946 ], [ -95.311588033040337, 47.545066833496122 ], [ -95.308333333333309, 47.545833333333363 ], [ -95.301956176757784, 47.546400621202288 ], [ -95.298043823242153, 47.549432712131107 ], [ -95.284306335449187, 47.55065477159291 ], [ -95.275567287868896, 47.560289510091181 ], [ -95.274032253689214, 47.566270785861576 ], [ -95.268877156575499, 47.570266045464443 ], [ -95.26445617675779, 47.571400621202287 ], [ -95.255103895399273, 47.579733954535619 ], [ -95.247789510091124, 47.578599378797776 ], [ -95.242413330078094, 47.574432712131106 ], [ -95.239456176757784, 47.575567287868957 ], [ -95.231377156575491, 47.582766045464439 ], [ -95.218622843424455, 47.583900621202289 ], [ -95.213246663411425, 47.588067287868952 ], [ -95.210289510091116, 47.586932712131109 ], [ -95.206377156575499, 47.583900621202289 ], [ -95.20195617675779, 47.582766045464439 ], [ -95.198043823242159, 47.579733954535619 ], [ -95.192517598470019, 47.57831573486331 ], [ -95.190767076280352, 47.571494547526072 ], [ -95.176956176757784, 47.570266045464443 ], [ -95.173043823242153, 47.567233954535624 ], [ -95.168622843424444, 47.566099378797773 ], [ -95.164710489908828, 47.563067287868954 ], [ -95.158333333333303, 47.5625 ], [ -95.15501742892792, 47.56335093180342 ], [ -95.15331590440536, 47.569982401529977 ], [ -95.146684095594594, 47.571684265136753 ], [ -95.1458333333333, 47.575 ], [ -95.146400621202233, 47.577210489908886 ], [ -95.149531385633651, 47.58125 ], [ -95.14543728298608, 47.586532253689271 ], [ -95.13945617675779, 47.588067287868952 ], [ -95.134301079644075, 47.592062547471819 ], [ -95.132196044921841, 47.600264655219213 ], [ -95.127210489908819, 47.596400621202292 ], [ -95.121684095594588, 47.594982401529982 ], [ -95.119945949978273, 47.588208516438833 ], [ -95.110289510091121, 47.586932712131109 ], [ -95.106377156575491, 47.583900621202289 ], [ -95.101956176757781, 47.582766045464439 ], [ -95.098043823242165, 47.579733954535619 ], [ -95.093622843424455, 47.578599378797776 ], [ -95.089710489908825, 47.575567287868957 ], [ -95.082586669921852, 47.574432712131106 ], [ -95.077210489908822, 47.578599378797776 ], [ -95.072789510091113, 47.579733954535619 ], [ -95.068877156575496, 47.582766045464439 ], [ -95.064456176757787, 47.583900621202289 ], [ -95.060543823242156, 47.586932712131109 ], [ -95.055017428927925, 47.588350931803419 ], [ -95.054166666666632, 47.591666666666697 ], [ -95.053549194335915, 47.593826802571648 ], [ -95.042222086588509, 47.606241522894997 ], [ -95.045215861002575, 47.610339864095081 ], [ -95.046627468532961, 47.620039198133711 ], [ -95.056326972113681, 47.621450975206194 ], [ -95.060339694552923, 47.6243823581272 ], [ -95.065740288628447, 47.62592637803823 ], [ -95.067284138997366, 47.63132680257165 ], [ -95.07021586100258, 47.635339864095087 ], [ -95.071450805664028, 47.639660135904982 ], [ -95.075113932291643, 47.644674513075117 ], [ -95.082406955295113, 47.646759711371558 ], [ -95.0833333333333, 47.65 ], [ -95.080017428927917, 47.650850931803419 ], [ -95.079166666666637, 47.654166666666697 ], [ -95.078431193033822, 47.661700100368954 ], [ -95.072993638780346, 47.666049024793871 ], [ -95.064506361219586, 47.667284308539529 ], [ -95.060493638780358, 47.670215691460534 ], [ -95.050688001844591, 47.671642896864185 ], [ -95.049322848849798, 47.69483557807078 ], [ -95.043673027886257, 47.696450975206197 ], [ -95.039660305447015, 47.699382358127203 ], [ -95.0208333333333, 47.7 ], [ -95.0125, 47.7 ], [ -95.00496927897133, 47.699264865451418 ], [ -95.003305053710903, 47.687831115722688 ], [ -94.997993638780358, 47.683950975206194 ], [ -94.989506361219583, 47.682715691460537 ], [ -94.985493638780355, 47.679784308539531 ], [ -94.981173027886257, 47.678549024793867 ], [ -94.972993638780352, 47.671450975206199 ], [ -94.968673027886254, 47.670215691460534 ], [ -94.964660305447012, 47.667284308539529 ], [ -94.956173027886251, 47.666049024793871 ], [ -94.952160305447023, 47.663117641872859 ], [ -94.92283969455292, 47.661882358127201 ], [ -94.914660305447015, 47.654784308539526 ], [ -94.910339694552917, 47.653549024793868 ], [ -94.904635959201357, 47.649382358127205 ], [ -94.897839694552914, 47.650617641872863 ], [ -94.892135959201354, 47.654784308539526 ], [ -94.885339694552925, 47.653549024793868 ], [ -94.879635959201352, 47.649382358127205 ], [ -94.872839694552923, 47.650617641872863 ], [ -94.868826972113681, 47.653549024793868 ], [ -94.866666666666632, 47.654166666666697 ], [ -94.864456176757784, 47.654733954535622 ], [ -94.860543823242153, 47.657766045464442 ], [ -94.855017428927923, 47.659184265136751 ], [ -94.853599378797711, 47.664710489908884 ], [ -94.850567287868898, 47.668622843424508 ], [ -94.85, 47.670833333333363 ], [ -94.838237169053784, 47.671570671929288 ], [ -94.8375, 47.683333333333366 ], [ -94.830908881293368, 47.683686659071213 ], [ -94.82671305338539, 47.687853325737876 ], [ -94.818408881293365, 47.687146674262188 ], [ -94.814924452039904, 47.683686659071213 ], [ -94.77916666666664, 47.683333333333366 ], [ -94.775850762261257, 47.68418426513675 ], [ -94.774149237738683, 47.690815734863314 ], [ -94.767517428927917, 47.692517598470083 ], [ -94.766666666666637, 47.695833333333368 ], [ -94.7625, 47.695833333333368 ], [ -94.761849975585903, 47.688527255588141 ], [ -94.757321506076352, 47.68693271213111 ], [ -94.739710489908816, 47.703599378797776 ], [ -94.732396104600667, 47.704733954535619 ], [ -94.723043823242151, 47.696400621202287 ], [ -94.710289510091116, 47.695266045464443 ], [ -94.70091959635414, 47.686917114257845 ], [ -94.698862711588504, 47.678902011447512 ], [ -94.693877156575482, 47.68276604546444 ], [ -94.689456176757773, 47.683900621202291 ], [ -94.685543823242156, 47.68693271213111 ], [ -94.671732923719588, 47.688161214192739 ], [ -94.670833333333306, 47.691666666666698 ], [ -94.666666666666629, 47.691666666666698 ], [ -94.6625, 47.691666666666698 ], [ -94.655908881293371, 47.691313340928851 ], [ -94.652424452039895, 47.687853325737876 ], [ -94.618408881293377, 47.687146674262188 ], [ -94.614924452039901, 47.683686659071213 ], [ -94.6125, 47.683333333333366 ], [ -94.610289510091107, 47.683900621202291 ], [ -94.606241183810738, 47.687038167317738 ], [ -94.596770562065942, 47.678599378797777 ], [ -94.593622843424441, 47.679733954535621 ], [ -94.589710489908825, 47.68276604546444 ], [ -94.572789510091113, 47.683900621202291 ], [ -94.556377156575493, 47.699432712131106 ], [ -94.546720716688341, 47.700708516438837 ], [ -94.544865587022542, 47.707937452528242 ], [ -94.539710489908828, 47.711932712131109 ], [ -94.531122843424441, 47.713067287868959 ], [ -94.527210489908825, 47.716099378797779 ], [ -94.522789510091116, 47.717233954535622 ], [ -94.518877156575485, 47.720266045464442 ], [ -94.516666666666637, 47.720833333333367 ], [ -94.5125, 47.720833333333367 ], [ -94.512141927083306, 47.7183764987522 ], [ -94.50588107638886, 47.712146674262186 ], [ -94.501742214626702, 47.712853325737882 ], [ -94.498257785373227, 47.716313340928849 ], [ -94.470833333333303, 47.716666666666697 ], [ -94.470215861002572, 47.722993469238311 ], [ -94.467284138997357, 47.727006530761749 ], [ -94.465861002604129, 47.736786058214008 ], [ -94.449263170030349, 47.738117641872861 ], [ -94.439660305447021, 47.729784308539529 ], [ -94.418034532335028, 47.728549024793871 ], [ -94.416049194335898, 47.735493469238314 ], [ -94.413117472330697, 47.739506530761751 ], [ -94.411882527669235, 47.747993469238317 ], [ -94.407508680555523, 47.753462219238315 ], [ -94.389506361219588, 47.754784308539527 ], [ -94.381326972113683, 47.761882358127203 ], [ -94.372839694552923, 47.76311764187286 ], [ -94.368826972113681, 47.766049024793872 ], [ -94.350993516710034, 47.767358737521732 ], [ -94.35, 47.770833333333364 ], [ -94.345833333333303, 47.770833333333364 ], [ -94.34251742892792, 47.771684265136749 ], [ -94.341666666666626, 47.775 ], [ -94.339209662543368, 47.774641927083366 ], [ -94.333686659071148, 47.769091118706633 ], [ -94.332980007595452, 47.760075547960099 ], [ -94.329519992404485, 47.756591118706631 ], [ -94.329166666666637, 47.741666666666703 ], [ -94.328808932834164, 47.739211527506541 ], [ -94.319091118706567, 47.729519992404548 ], [ -94.3125, 47.7291666666667 ], [ -94.311932712131039, 47.718622843424512 ], [ -94.308900621202227, 47.714710489908889 ], [ -94.307766045464376, 47.693622843424514 ], [ -94.300567287868887, 47.68554382324222 ], [ -94.299432712131036, 47.672789510091178 ], [ -94.295266045464373, 47.667413330078155 ], [ -94.296400621202224, 47.656122843424512 ], [ -94.299959648979993, 47.651530456543 ], [ -94.289710489908813, 47.642233954535619 ], [ -94.280054050021661, 47.640958150227895 ], [ -94.278315904405346, 47.634184265136753 ], [ -94.272789510091116, 47.632766045464443 ], [ -94.268877156575485, 47.629733954535624 ], [ -94.263161214192678, 47.628267076280416 ], [ -94.2625, 47.620833333333366 ], [ -94.255908881293365, 47.620480007595518 ], [ -94.248257785373227, 47.612853325737881 ], [ -94.239242214626699, 47.612146674262185 ], [ -94.235757785373224, 47.608686659071211 ], [ -94.230908881293374, 47.607980007595515 ], [ -94.227424452039898, 47.604519992404548 ], [ -94.214242214626694, 47.603813340928852 ], [ -94.210757785373232, 47.600353325737878 ], [ -94.205908881293368, 47.599646674262182 ], [ -94.201713053385376, 47.595480007595519 ], [ -94.189242214626702, 47.596186659071215 ], [ -94.18504638671871, 47.600353325737878 ], [ -94.16840888129336, 47.599646674262182 ], [ -94.160049099392324, 47.591313340928849 ], [ -94.147575547960031, 47.592019992404545 ], [ -94.139215766058996, 47.600353325737878 ], [ -94.135041978624088, 47.599641079372859 ], [ -94.129519992404482, 47.594091118706629 ], [ -94.128808932834161, 47.589211527506542 ], [ -94.119091118706564, 47.579519992404542 ], [ -94.110045369466107, 47.578810967339443 ], [ -94.104519992404477, 47.573257785373293 ], [ -94.104166666666629, 47.570833333333368 ], [ -94.101742214626697, 47.571186659071209 ], [ -94.097915988498229, 47.574986097547772 ], [ -94.089924452039895, 47.567019992404546 ], [ -94.0875, 47.566666666666698 ], [ -94.08372938368052, 47.565698920355935 ], [ -94.079733954535556, 47.56054382324222 ], [ -94.078253173828088, 47.554774136013485 ], [ -94.0625, 47.554166666666696 ], [ -94.06181674533417, 47.546667141384582 ], [ -94.055381266276001, 47.545395575629371 ], [ -94.053258260091113, 47.553443230523037 ], [ -94.043635389539887, 47.554746500651071 ], [ -94.038179185655338, 47.558913167317741 ], [ -94.035302056206561, 47.557753499348991 ], [ -94.027197943793368, 47.550579833984408 ], [ -94.014468722873232, 47.549420166015658 ], [ -94.010531277126702, 47.546413167317738 ], [ -94.006135389539892, 47.545253499348988 ], [ -93.977197943793371, 47.517246500651069 ], [ -93.971703084309851, 47.515796915690132 ], [ -93.96992492675777, 47.509056769477027 ], [ -93.960302056206558, 47.507753499348986 ], [ -93.956364610460028, 47.504746500651073 ], [ -93.939468722873229, 47.503586832682323 ], [ -93.931364610460037, 47.496413167317741 ], [ -93.922802056206564, 47.495253499348991 ], [ -93.918864610460034, 47.492246500651071 ], [ -93.910302056206561, 47.491086832682321 ], [ -93.898031277126691, 47.479746500651075 ], [ -93.893635389539895, 47.478586832682325 ], [ -93.889697943793365, 47.475579833984405 ], [ -93.881135389539892, 47.474420166015655 ], [ -93.877197943793362, 47.471413167317742 ], [ -93.872802056206552, 47.470253499348992 ], [ -93.86469794379336, 47.463079833984409 ], [ -93.858845689561591, 47.461535814073379 ], [ -93.850579833984341, 47.452197943793436 ], [ -93.85, 47.4375 ], [ -93.846601528591563, 47.43847164577911 ], [ -93.84502207438149, 47.449323696560363 ], [ -93.818673197428367, 47.45061764187286 ], [ -93.810493469238253, 47.457715691460535 ], [ -93.802006530761702, 47.458950975206193 ], [ -93.793826802571587, 47.466049024793868 ], [ -93.789506530761699, 47.467284308539526 ], [ -93.781326802571584, 47.474382358127201 ], [ -93.751002671983485, 47.475659857855931 ], [ -93.75, 47.4791666666667 ], [ -93.730082363552498, 47.478568183051244 ], [ -93.727951727973064, 47.470266045464442 ], [ -93.722789510091118, 47.471400621202285 ], [ -93.717413330078102, 47.475567287868955 ], [ -93.689456176757787, 47.474432712131104 ], [ -93.685543823242156, 47.471400621202285 ], [ -93.676956176757784, 47.470266045464442 ], [ -93.668877156575491, 47.463067287868952 ], [ -93.663350931803365, 47.461649068196643 ], [ -93.661612616644945, 47.4548751831055 ], [ -93.651956176757793, 47.453599378797776 ], [ -93.648043823242162, 47.450567287868957 ], [ -93.645833333333314, 47.45 ], [ -93.642517598470022, 47.450850931803416 ], [ -93.641666666666637, 47.454166666666694 ], [ -93.64223395453557, 47.460543823242219 ], [ -93.645266045464382, 47.464456176757842 ], [ -93.646400621202233, 47.477210489908884 ], [ -93.649432712131045, 47.481122843424508 ], [ -93.650567287868896, 47.488246663411488 ], [ -93.646400621202233, 47.493622843424511 ], [ -93.645266045464382, 47.49804382324222 ], [ -93.641270785861522, 47.503198920355935 ], [ -93.634184265136696, 47.505017598470083 ], [ -93.632766045464379, 47.510543823242216 ], [ -93.625567287868904, 47.518622843424509 ], [ -93.625, 47.525 ], [ -93.601956176757781, 47.525567287868952 ], [ -93.598043823242165, 47.528599378797772 ], [ -93.59206254747177, 47.530134412977461 ], [ -93.588067287868896, 47.535289510091175 ], [ -93.586649068196593, 47.540815734863315 ], [ -93.581122843424453, 47.542233954535618 ], [ -93.577074517144069, 47.545371500651072 ], [ -93.568877156575496, 47.538067287868955 ], [ -93.55925276014537, 47.536795722113744 ], [ -93.554733954535564, 47.531377156575552 ], [ -93.554166666666646, 47.529166666666697 ], [ -93.554166666666646, 47.525 ], [ -93.557659573025148, 47.524103630913658 ], [ -93.558900621202227, 47.511753336588569 ], [ -93.553770785861516, 47.505134412977462 ], [ -93.55, 47.504166666666698 ], [ -93.546470981174025, 47.505072360568604 ], [ -93.545201449924022, 47.524006144205757 ], [ -93.535543823242165, 47.532766045464442 ], [ -93.533333333333303, 47.533333333333367 ], [ -93.532975599500844, 47.535788472493522 ], [ -93.522549268934441, 47.546186659071211 ], [ -93.514242214626705, 47.545480007595515 ], [ -93.505882263183565, 47.537146674262182 ], [ -93.501742214626717, 47.537853325737878 ], [ -93.498257785373241, 47.541313340928852 ], [ -93.491666666666646, 47.5416666666667 ], [ -93.491099378797713, 47.543877156575554 ], [ -93.48693271213105, 47.549253336588571 ], [ -93.488067287868901, 47.552210489908887 ], [ -93.491653442382784, 47.556837632921038 ], [ -93.485543823242168, 47.56193271213111 ], [ -93.479875183105449, 47.563387383355064 ], [ -93.478599378797711, 47.573043823242216 ], [ -93.475567287868898, 47.576956176757847 ], [ -93.474432712131048, 47.581377156575556 ], [ -93.467233954535558, 47.589456176757842 ], [ -93.466099378797722, 47.593877156575552 ], [ -93.463067287868896, 47.597789510091175 ], [ -93.461649068196593, 47.603315734863315 ], [ -93.4583333333333, 47.6041666666667 ], [ -93.458686659071148, 47.614924452039965 ], [ -93.462146674262129, 47.618408881293433 ], [ -93.462853325737825, 47.627424452039961 ], [ -93.470480007595455, 47.635075547960099 ], [ -93.470833333333303, 47.6375 ], [ -93.46339959038626, 47.638161214192742 ], [ -93.461532253689214, 47.645437452528242 ], [ -93.456377156575499, 47.649432712131109 ], [ -93.45195617675779, 47.650567287868952 ], [ -93.448043823242159, 47.653599378797779 ], [ -93.442327880859352, 47.655066257052987 ], [ -93.441099378797716, 47.668877156575554 ], [ -93.436932712131053, 47.674253336588571 ], [ -93.438067287868904, 47.698043823242223 ], [ -93.441931321885818, 47.703029547797343 ], [ -93.4375, 47.704166666666701 ], [ -93.433333333333309, 47.704166666666701 ], [ -93.432365587022545, 47.700395880805154 ], [ -93.42721048990883, 47.696400621202287 ], [ -93.421541849772112, 47.694945949978333 ], [ -93.4201248168945, 47.684220716688401 ], [ -93.414456176757781, 47.68276604546444 ], [ -93.409079996744765, 47.678599378797777 ], [ -93.401956176757778, 47.679733954535621 ], [ -93.392603895399276, 47.688067287868954 ], [ -93.387721761067681, 47.686307610405848 ], [ -93.38390062120223, 47.68137715657555 ], [ -93.383333333333312, 47.679166666666703 ], [ -93.382766045464379, 47.668622843424508 ], [ -93.379733954535567, 47.664710489908884 ], [ -93.37831573486325, 47.659184265136751 ], [ -93.371229214138424, 47.657365587022603 ], [ -93.367233954535564, 47.652210489908889 ], [ -93.365698920355882, 47.646229214138486 ], [ -93.359079996744768, 47.641099378797776 ], [ -93.356122843424458, 47.642233954535619 ], [ -93.350746663411428, 47.646400621202289 ], [ -93.343622843424455, 47.645266045464439 ], [ -93.335543823242162, 47.638067287868957 ], [ -93.331122843424453, 47.636932712131106 ], [ -93.327210489908822, 47.633900621202287 ], [ -93.322789510091113, 47.632766045464443 ], [ -93.314710489908833, 47.625567287868954 ], [ -93.310289510091124, 47.62443271213111 ], [ -93.304913330078094, 47.62026604546444 ], [ -93.300177341037298, 47.622083028157583 ], [ -93.296400621202224, 47.626956176757844 ], [ -93.295129055447021, 47.636580573187963 ], [ -93.288350084092855, 47.642233954535619 ], [ -93.276956176757778, 47.641099378797776 ], [ -93.273043823242162, 47.638067287868957 ], [ -93.2708333333333, 47.6375 ], [ -93.267312452528188, 47.638403489854632 ], [ -93.254733954535567, 47.651956176757842 ], [ -93.25331573486325, 47.657482401529982 ], [ -93.246229214138424, 47.659301079644131 ], [ -93.242233954535564, 47.664456176757845 ], [ -93.240451727973067, 47.671400621202288 ], [ -93.231122843424458, 47.670266045464444 ], [ -93.223043823242165, 47.663067287868955 ], [ -93.2125, 47.6625 ], [ -93.211838785807259, 47.655066257052987 ], [ -93.2083333333333, 47.654166666666697 ], [ -93.189493984646234, 47.653561570909318 ], [ -93.184091356065508, 47.649556138780412 ], [ -93.17577684190536, 47.650784810384145 ], [ -93.17439490424259, 47.660506015353768 ], [ -93.167271762424022, 47.668660651312969 ], [ -93.16575910780162, 47.674092441135016 ], [ -93.159240892198326, 47.675907558865049 ], [ -93.158333333333303, 47.679166666666703 ], [ -93.15, 47.679166666666703 ], [ -93.149432712131045, 47.676956176757848 ], [ -93.146400621202233, 47.673043823242217 ], [ -93.144982571072021, 47.667517598470084 ], [ -93.138350762261254, 47.665815734863315 ], [ -93.136932712131042, 47.660289510091175 ], [ -93.133801947699624, 47.65625 ], [ -93.136932712131042, 47.652210489908889 ], [ -93.138067287868893, 47.647789510091179 ], [ -93.142233954535556, 47.642413330078156 ], [ -93.141099378797719, 47.635289510091177 ], [ -93.13390062120223, 47.627210489908883 ], [ -93.132433742947015, 47.621494547526076 ], [ -93.117566257052928, 47.620172119140655 ], [ -93.115815904405352, 47.613350931803417 ], [ -93.110289510091121, 47.611932712131107 ], [ -93.106377156575491, 47.608900621202288 ], [ -93.101956176757781, 47.607766045464444 ], [ -93.098043823242165, 47.604733954535625 ], [ -93.084306165907094, 47.603511895073815 ], [ -93.075567287868893, 47.593877156575552 ], [ -93.074432712131042, 47.589456176757842 ], [ -93.066300794813344, 47.58032989501956 ], [ -93.074149237738681, 47.57831573486331 ], [ -93.075, 47.575 ], [ -93.077210489908822, 47.574432712131106 ], [ -93.079733954535556, 47.57204827202694 ], [ -93.072789510091113, 47.570266045464443 ], [ -93.064710489908819, 47.563067287868954 ], [ -93.02916666666664, 47.5625 ], [ -93.028463406032955, 47.550802442762617 ], [ -93.022980753580697, 47.546463521321648 ], [ -93.018685913085903, 47.545203145345084 ], [ -93.014647420247371, 47.542296854654978 ], [ -93.002019246419238, 47.541036478678414 ], [ -92.997980753580705, 47.538130187988315 ], [ -92.984092203776015, 47.536744011773038 ], [ -92.98283589680986, 47.524419148763052 ], [ -92.988130357530352, 47.517062886556019 ], [ -92.986869642469586, 47.510352410210537 ], [ -92.983963690863689, 47.506314256456193 ], [ -92.982702975802923, 47.502019076877204 ], [ -92.97853630913626, 47.49622955322269 ], [ -92.979797024197012, 47.489519076877201 ], [ -92.982753499348931, 47.485410902235273 ], [ -92.975630357530349, 47.477147589789524 ], [ -92.975, 47.470833333333367 ], [ -92.977424452039898, 47.470480007595519 ], [ -92.980908881293374, 47.467019992404545 ], [ -92.985757785373238, 47.466313340928849 ], [ -92.993408881293377, 47.458686659071212 ], [ -92.998257785373227, 47.457980007595516 ], [ -93.001742214626702, 47.454519992404542 ], [ -93.008333333333297, 47.454166666666694 ], [ -93.0125, 47.454166666666694 ], [ -93.012853325737822, 47.451742214626769 ], [ -93.016313340928789, 47.448257785373293 ], [ -93.016666666666637, 47.441666666666698 ], [ -93.020172119140597, 47.440767076280409 ], [ -93.0208333333333, 47.433333333333366 ], [ -93.021450805664031, 47.431173197428414 ], [ -93.028549194335909, 47.422993469238314 ], [ -93.029784138997371, 47.418673197428419 ], [ -93.032715861002572, 47.414660135904981 ], [ -93.033950805664034, 47.410339864095079 ], [ -93.038117472330697, 47.404635789659316 ], [ -93.036882527669235, 47.38950653076175 ], [ -93.032715861002572, 47.383802456325988 ], [ -93.033950805664034, 47.377006530761747 ], [ -93.038117472330697, 47.371302456325985 ], [ -93.036766899956561, 47.359314982096386 ], [ -93.029280598958309, 47.357174513075115 ], [ -93.025033908420113, 47.351361083984408 ], [ -93.031173027886254, 47.346450975206196 ], [ -93.036782836914028, 47.344847106933621 ], [ -93.038117472330697, 47.331173197428413 ], [ -93.041049194335912, 47.327160135904975 ], [ -93.042638481987822, 47.321601528591607 ], [ -93.053194851345452, 47.320065138075115 ], [ -93.054784138997363, 47.314506530761747 ], [ -93.061882527669241, 47.306326802571647 ], [ -93.063331773545983, 47.296368408203151 ], [ -93.072839694552925, 47.288117641872859 ], [ -93.082645331488692, 47.286690436469215 ], [ -93.0833333333333, 47.275 ], [ -93.094091118706572, 47.274646674262179 ], [ -93.105908881293374, 47.262853325737879 ], [ -93.114924452039901, 47.262146674262183 ], [ -93.132977973090249, 47.244118584526937 ], [ -93.133686659071145, 47.235075547960101 ], [ -93.141313340928789, 47.227424452039962 ], [ -93.142019992404485, 47.222575547960098 ], [ -93.145480007595452, 47.219091118706629 ], [ -93.1458333333333, 47.216666666666697 ], [ -93.147993638780349, 47.216049024793868 ], [ -93.152006361219591, 47.213117641872856 ], [ -93.178355407714818, 47.211823696560359 ], [ -93.179969278971328, 47.200735134548637 ], [ -93.1875, 47.2 ], [ -93.187853325737819, 47.197575547960099 ], [ -93.191313340928787, 47.194091118706623 ], [ -93.192019992404482, 47.189242214626766 ], [ -93.195480007595464, 47.185757785373291 ], [ -93.195833333333312, 47.183333333333358 ], [ -93.192249552408825, 47.182413567437095 ], [ -93.183784993489553, 47.172914123535186 ], [ -93.195266045464379, 47.160543823242215 ], [ -93.19640062120223, 47.147789510091172 ], [ -93.207766045464382, 47.135543823242216 ], [ -93.208900621202233, 47.114456176757841 ], [ -93.213067287868896, 47.109079996744818 ], [ -93.211855570475237, 47.092570665147598 ], [ -93.206122843424453, 47.091099378797772 ], [ -93.193877156575496, 47.079733954535619 ], [ -93.189456176757787, 47.078599378797769 ], [ -93.18541666666664, 47.075468614366343 ], [ -93.181241183810741, 47.078704833984403 ], [ -93.173043823242153, 47.071400621202287 ], [ -93.167517598470027, 47.069982571072075 ], [ -93.166666666666643, 47.066666666666691 ], [ -93.164506530761685, 47.066049194335967 ], [ -93.160493469238247, 47.063117472330759 ], [ -93.156173027886254, 47.061882527669297 ], [ -93.147993638780349, 47.05478413899742 ], [ -93.142593044704839, 47.053240288628501 ], [ -93.14074028862845, 47.046759711371557 ], [ -93.133447265624966, 47.044674682617213 ], [ -93.129784138997366, 47.039660305447079 ], [ -93.128060234917513, 47.033630032009576 ], [ -93.118826972113681, 47.025617472330758 ], [ -93.11033969455292, 47.024382527669296 ], [ -93.106326972113692, 47.021450805664088 ], [ -93.096627468532958, 47.020039198133709 ], [ -93.095030721028621, 47.009068467881974 ], [ -93.081173027886251, 47.00771586100263 ], [ -93.077160305447023, 47.004784138997422 ], [ -93.070833333333297, 47.004166666666691 ], [ -93.071463690863681, 46.997852579752632 ], [ -93.074369642469591, 46.993814086914092 ], [ -93.075945366753444, 46.988445366753496 ], [ -93.083288574218727, 46.986290486653672 ], [ -93.086916097005172, 46.98125 ], [ -93.082702975802917, 46.975396389431452 ], [ -93.084110175238692, 46.963254123263916 ], [ -93.0979807535807, 46.961869642469644 ], [ -93.102019246419246, 46.95896369086374 ], [ -93.10631408691404, 46.957702975802981 ], [ -93.110422431098058, 46.954746500651069 ], [ -93.120148044162292, 46.96313035753041 ], [ -93.133009168836779, 46.961678398980062 ], [ -93.136869642469591, 46.956314086914091 ], [ -93.138445366753444, 46.950945366753501 ], [ -93.146463690863683, 46.948592461480061 ], [ -93.145202975802917, 46.939519246419295 ], [ -93.141036309136254, 46.933729722764781 ], [ -93.142957899305529, 46.929851616753496 ], [ -93.160480923122805, 46.928536309136312 ], [ -93.174239773220464, 46.91603630913631 ], [ -93.179410976833736, 46.918277994791694 ], [ -93.18270314534503, 46.922852579752629 ], [ -93.18474104139537, 46.929797024197072 ], [ -93.191557990180087, 46.928045654296902 ], [ -93.195203145345019, 46.922980753580752 ], [ -93.195833333333312, 46.920833333333363 ], [ -93.196186659071145, 46.910075547960098 ], [ -93.199646674262127, 46.906591118706622 ], [ -93.2, 46.90416666666669 ], [ -93.200567287868893, 46.901956176757835 ], [ -93.204116482204839, 46.897376505533877 ], [ -93.189710489908819, 46.88390062120228 ], [ -93.183994547526012, 46.882433742947072 ], [ -93.182672119140591, 46.867566257052978 ], [ -93.17562357584633, 46.865757581922772 ], [ -93.174376424153621, 46.842575751410614 ], [ -93.168622843424444, 46.841099378797772 ], [ -93.160543823242165, 46.833900621202282 ], [ -93.158333333333303, 46.833333333333357 ], [ -93.156122843424455, 46.833900621202282 ], [ -93.150746663411425, 46.838067287868952 ], [ -93.134237331814205, 46.836855400933189 ], [ -93.132482571072018, 46.830017428927974 ], [ -93.125850762261251, 46.828315904405407 ], [ -93.123785061306393, 46.820266045464436 ], [ -93.110289510091121, 46.82140062120228 ], [ -93.104913330078091, 46.82556728786895 ], [ -93.101956176757781, 46.824432712131099 ], [ -93.098043823242165, 46.82140062120228 ], [ -93.093622843424455, 46.820266045464436 ], [ -93.089710489908825, 46.817233954535617 ], [ -93.07695617675779, 46.816099378797766 ], [ -93.071579996744759, 46.811932712131103 ], [ -93.047789510091121, 46.813067287868947 ], [ -93.043877156575491, 46.816099378797766 ], [ -93.039456176757781, 46.817233954535617 ], [ -93.035543823242165, 46.820266045464436 ], [ -93.031122843424455, 46.82140062120228 ], [ -93.027210489908825, 46.824432712131099 ], [ -92.993622843424447, 46.82556728786895 ], [ -92.98971048990883, 46.828599378797769 ], [ -92.983333333333306, 46.829166666666694 ], [ -92.982118394639727, 46.824432712131099 ], [ -92.976956176757781, 46.82556728786895 ], [ -92.971579996744765, 46.829733954535612 ], [ -92.964456176757778, 46.828599378797769 ], [ -92.956377156575485, 46.82140062120228 ], [ -92.951956176757776, 46.820266045464436 ], [ -92.948043823242159, 46.817233954535617 ], [ -92.94362284342445, 46.816099378797766 ], [ -92.939710489908819, 46.813067287868947 ], [ -92.93528951009111, 46.811932712131103 ], [ -92.925937228732607, 46.80359937879777 ], [ -92.922789510091121, 46.804733954535614 ], [ -92.917413330078091, 46.808900621202284 ], [ -92.889456176757776, 46.807766045464433 ], [ -92.885543823242159, 46.804733954535614 ], [ -92.875929090711779, 46.803463745117213 ], [ -92.867233954535564, 46.793877156575547 ], [ -92.865529378255175, 46.787235514322944 ], [ -92.859079996744754, 46.792233954535618 ], [ -92.835289510091116, 46.791099378797767 ], [ -92.829913330078099, 46.786932712131104 ], [ -92.822789510091113, 46.788067287868948 ], [ -92.818877156575496, 46.791099378797767 ], [ -92.8125, 46.791666666666693 ], [ -92.809184095594588, 46.790815904405406 ], [ -92.807766045464376, 46.785289510091168 ], [ -92.800567287868887, 46.777210489908882 ], [ -92.799080403645803, 46.771416219075547 ], [ -92.789710489908828, 46.76306728786895 ], [ -92.782766045464385, 46.761285061306445 ], [ -92.783900621202221, 46.756122843424507 ], [ -92.786932712131048, 46.752210489908876 ], [ -92.7875, 46.75 ], [ -92.786802164713507, 46.734112209743948 ], [ -92.77916666666664, 46.733333333333356 ], [ -92.77916666666664, 46.729166666666693 ], [ -92.77916666666664, 46.725 ], [ -92.779827880859344, 46.717566257052979 ], [ -92.783333333333303, 46.71666666666669 ], [ -92.782766045464385, 46.710289510091172 ], [ -92.779733954535558, 46.706377156575542 ], [ -92.778462388780355, 46.696752929687527 ], [ -92.773043823242162, 46.692233954535617 ], [ -92.768622843424453, 46.691099378797766 ], [ -92.760543823242159, 46.683900621202284 ], [ -92.75612284342445, 46.682766045464433 ], [ -92.743761528862819, 46.671293131510438 ], [ -92.738246663411431, 46.675567287868951 ], [ -92.733679877387118, 46.673815239800369 ], [ -92.725567287868898, 46.664710489908877 ], [ -92.724094306098053, 46.65897115071617 ], [ -92.706122843424453, 46.657766045464435 ], [ -92.702210489908822, 46.654733954535615 ], [ -92.681122843424447, 46.653599378797765 ], [ -92.677210489908816, 46.650567287868945 ], [ -92.675, 46.65 ], [ -92.672575547960037, 46.650353325737868 ], [ -92.669091118706561, 46.653813340928842 ], [ -92.647548421223931, 46.654521009657145 ], [ -92.637513902452227, 46.664582655164956 ], [ -92.642019992404485, 46.66912027994794 ], [ -92.641313340928789, 46.689924452039953 ], [ -92.637146674262127, 46.694120279947938 ], [ -92.637853325737808, 46.698257785373286 ], [ -92.641313340928789, 46.701742214626762 ], [ -92.642019992404485, 46.706591118706619 ], [ -92.646186659071148, 46.710786946614604 ], [ -92.645474582248227, 46.714955986870685 ], [ -92.635757785373229, 46.724646674262175 ], [ -92.629166666666634, 46.725 ], [ -92.626742214626702, 46.725353325737871 ], [ -92.622900729709173, 46.729168023003496 ], [ -92.617019992404479, 46.723257785373292 ], [ -92.616666666666632, 46.72083333333336 ], [ -92.613350762261248, 46.719982571072073 ], [ -92.6125, 46.71666666666669 ], [ -92.612146674262121, 46.714242214626758 ], [ -92.604519992404477, 46.706591118706619 ], [ -92.60380893283417, 46.701711697048637 ], [ -92.594091118706558, 46.692019992404539 ], [ -92.589242214626708, 46.691313340928843 ], [ -92.585757785373232, 46.687853325737869 ], [ -92.5833333333333, 46.6875 ], [ -92.583950805664031, 46.68117302788631 ], [ -92.600617472330697, 46.66333821614586 ], [ -92.598558213975664, 46.658339097764781 ], [ -92.589660305447012, 46.650617472330751 ], [ -92.583447265624969, 46.648841349283877 ], [ -92.579784138997368, 46.643826972113736 ], [ -92.578549194335906, 46.639506361219645 ], [ -92.574382527669243, 46.633802625868078 ], [ -92.575617472330691, 46.61867302788631 ], [ -92.578549194335906, 46.614660305447075 ], [ -92.579843139648403, 46.588311089409743 ], [ -92.589660305447012, 46.586882527669296 ], [ -92.593673027886254, 46.583950805664088 ], [ -92.602160305447015, 46.582715861002626 ], [ -92.606173027886257, 46.579784138997418 ], [ -92.611573621961767, 46.578240288628493 ], [ -92.613658650716118, 46.570947265625023 ], [ -92.618673027886246, 46.567284138997422 ], [ -92.627160305447021, 46.56604919433596 ], [ -92.631173027886248, 46.563117472330752 ], [ -92.637386067708306, 46.561341349283879 ], [ -92.642284138997368, 46.554635959201413 ], [ -92.641049194335906, 46.55200636121964 ], [ -92.638117472330691, 46.547993638780405 ], [ -92.636882527669243, 46.543673027886307 ], [ -92.625617472330703, 46.531326972113739 ], [ -92.62407362196177, 46.525926378038214 ], [ -92.620833333333294, 46.525 ], [ -92.621684095594588, 46.521684095594644 ], [ -92.628770616319414, 46.519865587022593 ], [ -92.632766045464379, 46.514710489908879 ], [ -92.633333333333297, 46.5125 ], [ -92.63390062120223, 46.493622843424504 ], [ -92.636932712131042, 46.48971048990888 ], [ -92.638067287868893, 46.485289510091171 ], [ -92.645266045464382, 46.477210489908877 ], [ -92.646400621202218, 46.468622843424498 ], [ -92.649538167317672, 46.464574517144122 ], [ -92.642233954535556, 46.456377156575542 ], [ -92.640815904405343, 46.450850762261311 ], [ -92.632766045464379, 46.448785061306445 ], [ -92.63390062120223, 46.439456176757837 ], [ -92.636932712131042, 46.435543823242213 ], [ -92.638067287868893, 46.431122843424504 ], [ -92.641099378797705, 46.427210489908873 ], [ -92.641666666666637, 46.425 ], [ -92.64088711208764, 46.417357720269116 ], [ -92.606198459201352, 46.416023763020853 ], [ -92.59380154079858, 46.404809570312523 ], [ -92.57286512586802, 46.403523763020857 ], [ -92.568801540798574, 46.400642903645853 ], [ -92.543698459201352, 46.399357096354187 ], [ -92.539583333333297, 46.396439615885441 ], [ -92.533655124240411, 46.400642903645853 ], [ -92.525759209526882, 46.399110243055574 ], [ -92.524255032009521, 46.384363471137178 ], [ -92.51869845920136, 46.382690429687521 ], [ -92.514634874131914, 46.379809570312524 ], [ -92.505180867512991, 46.378368801540823 ], [ -92.503202311197882, 46.371797688802104 ], [ -92.5, 46.370833333333358 ], [ -92.498836941189197, 46.366300794813391 ], [ -92.489710489908816, 46.374432712131096 ], [ -92.485289510091107, 46.375567287868947 ], [ -92.480134412977392, 46.379562717013911 ], [ -92.479166666666629, 46.383333333333354 ], [ -92.468673027886254, 46.382715861002623 ], [ -92.462969292534694, 46.37854919433596 ], [ -92.456173027886251, 46.379784138997415 ], [ -92.450469292534692, 46.383950805664085 ], [ -92.446566094292507, 46.382117377387175 ], [ -92.445030721028616, 46.371568467881964 ], [ -92.429971313476528, 46.370098537868948 ], [ -92.41728413899736, 46.356326972113735 ], [ -92.416666666666629, 46.354166666666686 ], [ -92.409232923719586, 46.353505452473982 ], [ -92.408333333333303, 46.35 ], [ -92.404166666666626, 46.35 ], [ -92.389242214626705, 46.350353325737871 ], [ -92.37742445203989, 46.362146674262178 ], [ -92.370833333333294, 46.3625 ], [ -92.367464531792507, 46.36148579915367 ], [ -92.365868801540756, 46.351014200846379 ], [ -92.359078301323748, 46.348969862196199 ], [ -92.35756191677514, 46.334104749891516 ], [ -92.342168172200488, 46.332534450954881 ], [ -92.333976236979126, 46.322968207465301 ], [ -92.3333333333333, 46.320833333333354 ], [ -92.310365125868017, 46.321476236979187 ], [ -92.306301540798572, 46.324357096354191 ], [ -92.297865125868015, 46.325642903645857 ], [ -92.285468207465243, 46.336857096354187 ], [ -92.281198459201349, 46.338142903645853 ], [ -92.277134874131903, 46.341023763020857 ], [ -92.272865125868023, 46.342309570312523 ], [ -92.268801540798577, 46.34519042968752 ], [ -92.263464355468713, 46.346797688802106 ], [ -92.261238267686593, 46.354190063476587 ], [ -92.255042182074618, 46.358583577473979 ], [ -92.254166666666634, 46.35 ], [ -92.247575547960039, 46.349646674262175 ], [ -92.244091118706564, 46.346186659071201 ], [ -92.230908881293374, 46.345480007595505 ], [ -92.227424452039898, 46.342019992404538 ], [ -92.220833333333303, 46.34166666666669 ], [ -92.22145080566402, 46.347993638780402 ], [ -92.225617472330697, 46.353697374131968 ], [ -92.224382527669235, 46.360493638780405 ], [ -92.220215861002572, 46.366197374131964 ], [ -92.22145080566402, 46.368826972113737 ], [ -92.224438476562469, 46.37291666666669 ], [ -92.22145080566402, 46.377006361219642 ], [ -92.219833713107604, 46.388117472330748 ], [ -92.213117472330694, 46.38132697211374 ], [ -92.211573621961776, 46.375926378038216 ], [ -92.205093044704824, 46.374073621961827 ], [ -92.203008015950488, 46.366780598958357 ], [ -92.196302625868015, 46.361882527669295 ], [ -92.191502888997363, 46.364137098524324 ], [ -92.183950805664026, 46.372839694552972 ], [ -92.182174682617145, 46.379052734375023 ], [ -92.177160305447018, 46.382715861002623 ], [ -92.17283969455292, 46.383950805664085 ], [ -92.168826972113678, 46.386882527669293 ], [ -92.160339694552917, 46.388117472330748 ], [ -92.156326972113675, 46.391049194335963 ], [ -92.154166666666626, 46.391666666666687 ], [ -92.142575920952666, 46.391043090820332 ], [ -92.141099378797719, 46.38528951009117 ], [ -92.138067287868907, 46.381377156575546 ], [ -92.1375, 46.379166666666691 ], [ -92.136612616644939, 46.375708346896722 ], [ -92.125887383355007, 46.37429165310332 ], [ -92.124432712131053, 46.368622843424504 ], [ -92.121400621202241, 46.364710489908873 ], [ -92.120833333333309, 46.3625 ], [ -92.118622843424461, 46.3619327121311 ], [ -92.113246663411431, 46.35776604546443 ], [ -92.110289510091121, 46.358900621202281 ], [ -92.10625, 46.362031385633699 ], [ -92.100746663411442, 46.35776604546443 ], [ -92.093622843424455, 46.358900621202281 ], [ -92.089710489908839, 46.3619327121311 ], [ -92.080054050021687, 46.363208346896727 ], [ -92.078198920355888, 46.370437282986131 ], [ -92.071579996744774, 46.375567287868947 ], [ -92.068622843424464, 46.374432712131096 ], [ -92.064710489908833, 46.371400621202277 ], [ -92.0625, 46.370833333333358 ], [ -92.055908881293377, 46.370480007595511 ], [ -92.052424452039915, 46.367019992404536 ], [ -92.05, 46.366666666666688 ], [ -92.0375, 46.366666666666688 ], [ -92.033979119194854, 46.367570326063387 ], [ -92.021400621202233, 46.3811228434245 ], [ -92.020266045464382, 46.389710489908879 ], [ -92.01723395453557, 46.393622843424502 ], [ -92.015815734863253, 46.39914923773874 ], [ -92.010289510091127, 46.400567287868945 ], [ -92.006377156575496, 46.403599378797765 ], [ -92.004166666666649, 46.40416666666669 ], [ -91.985339864095025, 46.404784138997421 ], [ -91.981326802571587, 46.407715861002629 ], [ -91.978697543674016, 46.408950805664084 ], [ -91.972993469238261, 46.404784138997421 ], [ -91.967593044704842, 46.403240288628496 ], [ -91.965672980414467, 46.39652472601999 ], [ -91.94768371582029, 46.395215861002626 ], [ -91.945215691460476, 46.400469292534744 ], [ -91.950267367892778, 46.407384914822067 ], [ -91.938294135199627, 46.409127468533008 ], [ -91.93688235812715, 46.418826972113735 ], [ -91.933950975206145, 46.422839694552977 ], [ -91.932715691460487, 46.427160305447075 ], [ -91.929784308539467, 46.43117302788631 ], [ -91.929166666666646, 46.441666666666691 ], [ -91.917575920952672, 46.441043090820337 ], [ -91.91576317681205, 46.433978949652797 ], [ -91.900988091362819, 46.42026604546443 ], [ -91.885289510091127, 46.421400621202281 ], [ -91.879913330078097, 46.425567287868944 ], [ -91.864456176757784, 46.4244327121311 ], [ -91.860543823242168, 46.421400621202281 ], [ -91.851956176757795, 46.42026604546443 ], [ -91.848043823242165, 46.417233954535611 ], [ -91.845833333333303, 46.416666666666686 ], [ -91.834242587619329, 46.41729024251304 ], [ -91.832445949978279, 46.424291653103325 ], [ -91.821752760145372, 46.425704277886304 ], [ -91.817233954535567, 46.431122843424504 ], [ -91.815815734863264, 46.436649237738735 ], [ -91.8125, 46.4375 ], [ -91.808333333333309, 46.4375 ], [ -91.805908881293377, 46.437146674262173 ], [ -91.802424452039901, 46.433686659071199 ], [ -91.795833333333306, 46.433333333333358 ], [ -91.795475260416637, 46.430876329210093 ], [ -91.789924452039912, 46.425353325737866 ], [ -91.783333333333303, 46.425 ], [ -91.779872131347631, 46.42398444281686 ], [ -91.778536478678362, 46.406185913085963 ], [ -91.775630187988256, 46.402147420247417 ], [ -91.774216885036864, 46.392659505208357 ], [ -91.767356872558565, 46.390646362304707 ], [ -91.765961032443556, 46.367430623372414 ], [ -91.75228186713322, 46.366036309136305 ], [ -91.746463521321587, 46.372852579752625 ], [ -91.745005120171413, 46.382643296983531 ], [ -91.718685743543816, 46.383963690863737 ], [ -91.713464016384521, 46.387721761067731 ], [ -91.711640591091552, 46.37548014322919 ], [ -91.702147589789476, 46.367297024197072 ], [ -91.69368574354381, 46.366036309136305 ], [ -91.689647589789473, 46.363130357530402 ], [ -91.679166666666646, 46.3625 ], [ -91.671917215983044, 46.363098483615474 ], [ -91.667196146647115, 46.368585205078148 ], [ -91.665908135308129, 46.374053955078146 ], [ -91.660581631130611, 46.378637017144122 ], [ -91.655120849609347, 46.37992316351999 ], [ -91.646220567491298, 46.389572482638911 ], [ -91.650529479980449, 46.394892713758701 ], [ -91.64903547498912, 46.399391682942728 ], [ -91.641666666666637, 46.4 ], [ -91.638411966959609, 46.400766669379365 ], [ -91.636970520019503, 46.405107286241339 ], [ -91.64113718668618, 46.410251871744812 ], [ -91.642196146647109, 46.413440619574672 ], [ -91.638029479980446, 46.418585205078145 ], [ -91.6375, 46.420833333333356 ], [ -91.63118574354381, 46.421463690863739 ], [ -91.627147589789473, 46.424369642469642 ], [ -91.599603780110655, 46.425630357530402 ], [ -91.593814256456142, 46.421463690863739 ], [ -91.57848120795353, 46.420202975802972 ], [ -91.568814256456136, 46.428536309136305 ], [ -91.564519076877147, 46.429797024197072 ], [ -91.55922342936195, 46.433608330620679 ], [ -91.55770314534503, 46.443814086914088 ], [ -91.554750569661437, 46.447916666666686 ], [ -91.55770314534503, 46.45201924641929 ], [ -91.558963521321587, 46.45456305609811 ], [ -91.55394829644095, 46.461531575520858 ], [ -91.545437113443981, 46.463130357530403 ], [ -91.539647589789467, 46.45896369086374 ], [ -91.528770446777315, 46.457702975802974 ], [ -91.522980923122802, 46.461869642469644 ], [ -91.52043711344399, 46.463130357530403 ], [ -91.514647589789476, 46.45896369086374 ], [ -91.51210378011065, 46.457702975802974 ], [ -91.506314256456136, 46.461869642469644 ], [ -91.497852410210484, 46.463130357530403 ], [ -91.493814256456133, 46.466036309136307 ], [ -91.489519076877144, 46.467297024197073 ], [ -91.485480923122807, 46.470202975802977 ], [ -91.482937113443981, 46.471463690863736 ], [ -91.475580851236955, 46.466169230143251 ], [ -91.463255988226976, 46.467425537109399 ], [ -91.4625, 46.475 ], [ -91.459184265136699, 46.474149237738736 ], [ -91.4583333333333, 46.470833333333353 ], [ -91.4583333333333, 46.46666666666669 ], [ -91.457975260416646, 46.464209662543425 ], [ -91.452424452039907, 46.458686659071205 ], [ -91.447575547960042, 46.457980007595509 ], [ -91.435757785373241, 46.446186659071202 ], [ -91.430908881293377, 46.445480007595506 ], [ -91.423257785373238, 46.437853325737869 ], [ -91.416666666666643, 46.4375 ], [ -91.416068183051195, 46.417582194010436 ], [ -91.4125, 46.416666666666686 ], [ -91.393622843424453, 46.416099378797767 ], [ -91.385543823242159, 46.408900621202278 ], [ -91.367572360568545, 46.407695515950543 ], [ -91.365815734863247, 46.400850762261307 ], [ -91.360289510091121, 46.399432712131102 ], [ -91.356377156575491, 46.396400621202275 ], [ -91.351956176757781, 46.395266045464432 ], [ -91.346579996744765, 46.391099378797762 ], [ -91.334229702419677, 46.392340426974847 ], [ -91.332365587022537, 46.3996039496528 ], [ -91.327210489908822, 46.403599378797765 ], [ -91.325, 46.40416666666669 ], [ -91.3125, 46.40416666666669 ], [ -91.311532253689208, 46.400396050347247 ], [ -91.306377156575493, 46.396400621202275 ], [ -91.297789510091121, 46.395266045464432 ], [ -91.293877156575491, 46.392233954535612 ], [ -91.288123575846328, 46.390757581922763 ], [ -91.2875, 46.379166666666691 ], [ -91.290740288628442, 46.378240288628497 ], [ -91.292284308539465, 46.372839694552972 ], [ -91.295947265624974, 46.367825317382831 ], [ -91.302160135904927, 46.366049194335957 ], [ -91.306173197428365, 46.36311747233075 ], [ -91.311344061957442, 46.361639065212692 ], [ -91.313117641872807, 46.357864040798631 ], [ -91.30800221761065, 46.350861612955754 ], [ -91.296568467881912, 46.349197387695334 ], [ -91.295116170247368, 46.334319729275194 ], [ -91.288189188639294, 46.332339138454884 ], [ -91.286882358127144, 46.313867865668428 ], [ -91.294949679904491, 46.31156141493058 ], [ -91.296450975206142, 46.305534532335088 ], [ -91.291666666666643, 46.304166666666688 ], [ -91.284104749891469, 46.30339525010853 ], [ -91.283333333333303, 46.295833333333356 ], [ -91.287203301323757, 46.29472690158422 ], [ -91.296450975206142, 46.284070163302971 ], [ -91.29521569146047, 46.272839694552971 ], [ -91.291049024793807, 46.267135959201411 ], [ -91.292284308539465, 46.264506361219638 ], [ -91.296450975206142, 46.258802625868078 ], [ -91.294677395290776, 46.255027601454017 ], [ -91.288217163085903, 46.253180270724847 ], [ -91.28676486545136, 46.238302612304707 ], [ -91.277006530761696, 46.236882527669295 ], [ -91.271302456325927, 46.232715861002625 ], [ -91.25200653076169, 46.23395080566408 ], [ -91.247993469238253, 46.236882527669295 ], [ -91.241963365342855, 46.238606431749155 ], [ -91.233950975206142, 46.247839694552972 ], [ -91.23271569146047, 46.25216030544707 ], [ -91.221450975206139, 46.264506361219638 ], [ -91.219674513075063, 46.270719401041688 ], [ -91.214583333333309, 46.274438476562523 ], [ -91.210493469238259, 46.271450805664081 ], [ -91.19783986409503, 46.270215861002626 ], [ -91.193826802571593, 46.267284138997418 ], [ -91.18950653076169, 46.266049194335956 ], [ -91.185493469238253, 46.263117472330748 ], [ -91.175, 46.2625 ], [ -91.170833333333306, 46.2625 ], [ -91.169865587022542, 46.266270616319467 ], [ -91.164710489908828, 46.270266045464432 ], [ -91.160289510091118, 46.271400621202275 ], [ -91.156377156575488, 46.274432712131095 ], [ -91.151956176757778, 46.275567287868945 ], [ -91.148043823242162, 46.278599378797765 ], [ -91.142375013563338, 46.280054050021725 ], [ -91.140958319769936, 46.29077928331165 ], [ -91.135289510091113, 46.292233954535611 ], [ -91.131377156575496, 46.29526604546443 ], [ -91.12278951009111, 46.296400621202281 ], [ -91.118877156575493, 46.2994327121311 ], [ -91.101956176757781, 46.300567287868944 ], [ -91.096579996744765, 46.304733954535614 ], [ -91.085289510091116, 46.303599378797763 ], [ -91.079913330078099, 46.2994327121311 ], [ -91.072789510091113, 46.300567287868944 ], [ -91.067413330078097, 46.304733954535614 ], [ -91.064456176757787, 46.303599378797763 ], [ -91.060543823242156, 46.300567287868944 ], [ -91.055017428927925, 46.299149237738739 ], [ -91.053198920355868, 46.292062717013913 ], [ -91.048043823242153, 46.288067287868941 ], [ -91.031122843424455, 46.286932712131097 ], [ -91.014710489908822, 46.271400621202275 ], [ -91.0125, 46.270833333333357 ], [ -91.005196804470458, 46.2700883653429 ], [ -91.003202311197882, 46.26346435546877 ], [ -90.997865125868032, 46.261857096354191 ], [ -90.993801540798586, 46.258976236979187 ], [ -90.989531792534692, 46.257690429687521 ], [ -90.984583197699621, 46.254181925455754 ], [ -90.982071601019939, 46.262523396809918 ], [ -90.975875515407949, 46.266916910807311 ], [ -90.975, 46.258333333333354 ], [ -90.975353325737814, 46.251742214626759 ], [ -90.979519992404477, 46.247546386718767 ], [ -90.978813340928795, 46.243408881293426 ], [ -90.975353325737814, 46.239924452039951 ], [ -90.974646674262118, 46.235075547960093 ], [ -90.971186659071151, 46.231591118706618 ], [ -90.970833333333303, 46.229166666666686 ], [ -90.970303683810727, 46.222751871744812 ], [ -90.967196316189202, 46.218914794921893 ], [ -90.965894232855874, 46.213386366102448 ], [ -90.961500718858474, 46.212017822265643 ], [ -90.956414794921841, 46.216137017144121 ], [ -90.935251871744768, 46.217196316189259 ], [ -90.931414794921849, 46.220303683810783 ], [ -90.926918538411428, 46.221362982855922 ], [ -90.923081461588509, 46.224470350477453 ], [ -90.920833333333306, 46.225 ], [ -90.919982571072012, 46.22168409559464 ], [ -90.914456176757781, 46.220266045464427 ], [ -90.909301079644067, 46.216270616319463 ], [ -90.90752224392358, 46.20934007432728 ], [ -90.903420003255178, 46.207766045464432 ], [ -90.898043823242162, 46.211932712131095 ], [ -90.884548272026876, 46.213067287868945 ], [ -90.882766045464379, 46.206122843424502 ], [ -90.879733954535553, 46.202210489908872 ], [ -90.878262668185727, 46.196477932400192 ], [ -90.861753336588507, 46.195266045464429 ], [ -90.856377156575491, 46.199432712131099 ], [ -90.853420003255181, 46.200567287868942 ], [ -90.848043823242151, 46.19640062120228 ], [ -90.817881605360213, 46.195266045464429 ], [ -90.816666666666634, 46.2 ], [ -90.805908881293377, 46.200353325737865 ], [ -90.802424452039901, 46.203813340928839 ], [ -90.791666666666629, 46.204166666666687 ], [ -90.764242214626705, 46.203813340928839 ], [ -90.760046386718713, 46.199646674262176 ], [ -90.755908881293365, 46.200353325737865 ], [ -90.751713053385387, 46.204519992404535 ], [ -90.747575547960039, 46.203813340928839 ], [ -90.744091118706564, 46.200353325737865 ], [ -90.735075547960037, 46.199646674262176 ], [ -90.730879720052044, 46.195480007595506 ], [ -90.726742214626711, 46.196186659071202 ], [ -90.722546386718719, 46.200353325737865 ], [ -90.714242214626708, 46.199646674262176 ], [ -90.706591118706569, 46.192019992404532 ], [ -90.7, 46.191666666666684 ], [ -90.692566257052917, 46.191005452473981 ], [ -90.691666666666634, 46.1875 ], [ -90.684135945637991, 46.186764865451408 ], [ -90.682564968532958, 46.175971815321198 ], [ -90.679166666666632, 46.175 ], [ -90.666666666666629, 46.175 ], [ -90.665815904405349, 46.178315904405402 ], [ -90.660289510091118, 46.179733954535614 ], [ -90.656377156575488, 46.182766045464433 ], [ -90.643622843424453, 46.183900621202277 ], [ -90.639583333333306, 46.187031385633702 ], [ -90.635416666666629, 46.183801947699671 ], [ -90.631377156575482, 46.186932712131096 ], [ -90.62278951009111, 46.188067287868947 ], [ -90.617413330078094, 46.19223395453561 ], [ -90.614456176757784, 46.191099378797766 ], [ -90.610416666666637, 46.187968614366341 ], [ -90.606377156575491, 46.191099378797766 ], [ -90.601956176757781, 46.19223395453561 ], [ -90.598043823242151, 46.195266045464429 ], [ -90.593622843424441, 46.19640062120228 ], [ -90.589710489908825, 46.199432712131099 ], [ -90.585289510091116, 46.200567287868942 ], [ -90.581377156575485, 46.203599378797762 ], [ -90.576956176757776, 46.204733954535612 ], [ -90.568877156575482, 46.211932712131095 ], [ -90.55925292968746, 46.213204277886305 ], [ -90.55473395453555, 46.218622843424498 ], [ -90.553029378255175, 46.225264485677101 ], [ -90.546579996744754, 46.220266045464427 ], [ -90.539456176757781, 46.221400621202278 ], [ -90.531377156575488, 46.228599378797767 ], [ -90.526956176757778, 46.229733954535611 ], [ -90.523043823242148, 46.23276604546443 ], [ -90.50612284342445, 46.233900621202281 ], [ -90.502210489908819, 46.2369327121311 ], [ -90.488399590386251, 46.238161214192729 ], [ -90.486649237738675, 46.244982571072072 ], [ -90.483333333333306, 46.245833333333351 ], [ -90.479166666666629, 46.245833333333351 ], [ -90.472839694552917, 46.246450805664082 ], [ -90.468826972113675, 46.24938252766929 ], [ -90.465929836697015, 46.250617472330752 ], [ -90.456326972113686, 46.24228413899742 ], [ -90.449263170030349, 46.241049194335957 ], [ -90.439660305447021, 46.24938252766929 ], [ -90.434259711371496, 46.250926378038216 ], [ -90.432715861002563, 46.256326972113733 ], [ -90.425163777669241, 46.265029568142381 ], [ -90.420364040798574, 46.267284138997418 ], [ -90.414660305447015, 46.263117472330748 ], [ -90.404960801866281, 46.261705864800369 ], [ -90.403549194335909, 46.252006361219642 ], [ -90.399824015299444, 46.246906873914952 ], [ -90.393034532335037, 46.245215861002627 ], [ -90.391666666666637, 46.25 ], [ -90.3875, 46.25 ], [ -90.376742214626702, 46.249646674262173 ], [ -90.369091118706564, 46.242019992404536 ], [ -90.3625, 46.241666666666688 ], [ -90.354166666666629, 46.241666666666688 ], [ -90.339242214626694, 46.241313340928841 ], [ -90.335757785373232, 46.237853325737866 ], [ -90.3333333333333, 46.2375 ], [ -90.330908881293368, 46.237146674262171 ], [ -90.323257785373229, 46.229519992404533 ], [ -90.318408881293365, 46.228813340928838 ], [ -90.31492445203989, 46.225353325737871 ], [ -90.308333333333294, 46.225 ], [ -90.307630072699624, 46.23669738769533 ], [ -90.30055508083764, 46.242297024197072 ], [ -90.297852579752572, 46.241036309136305 ], [ -90.292063056098058, 46.236869642469642 ], [ -90.279920789930515, 46.238276841905403 ], [ -90.278410847981732, 46.253405761718774 ], [ -90.272980753580697, 46.257702975802971 ], [ -90.258333333333297, 46.258333333333354 ], [ -90.255908881293365, 46.257980007595506 ], [ -90.25242445203989, 46.254519992404532 ], [ -90.235785590277743, 46.253813340928843 ], [ -90.229524739583297, 46.260042995876759 ], [ -90.229166666666629, 46.2625 ], [ -90.205173746744748, 46.261855400933179 ], [ -90.203240288628436, 46.255093044704878 ], [ -90.197839694552911, 46.25354919433596 ], [ -90.189660305447006, 46.246450805664082 ], [ -90.182864040798577, 46.245215861002627 ], [ -90.177160305447018, 46.24938252766929 ], [ -90.17283969455292, 46.250617472330752 ], [ -90.167615085177914, 46.254434204101585 ], [ -90.166049194335898, 46.243673027886302 ], [ -90.162169053819412, 46.23836161295575 ], [ -90.150971815321142, 46.236731635199675 ], [ -90.149039713541626, 46.229974365234398 ], [ -90.141197374131906, 46.228549194335955 ], [ -90.135493638780346, 46.232715861002625 ], [ -90.122839694552908, 46.23395080566408 ], [ -90.118826972113681, 46.236882527669295 ], [ -90.114506361219583, 46.23811747233075 ], [ -90.109491984049441, 46.241780598958357 ], [ -90.107406955295104, 46.249073621961827 ], [ -90.10200636121958, 46.250617472330752 ], [ -90.096991984049438, 46.254280598958353 ], [ -90.095833333333303, 46.258333333333354 ], [ -90.095480007595455, 46.264924452039949 ], [ -90.092019992404474, 46.268408881293425 ], [ -90.091666666666626, 46.283333333333353 ], [ -90.088350762261243, 46.28418409559464 ], [ -90.0875, 46.2875 ], [ -90.086588202582433, 46.291052585177972 ], [ -90.059245130750824, 46.292280748155406 ], [ -90.057445949978259, 46.299291653103317 ], [ -90.047789510091107, 46.300567287868944 ], [ -90.04375, 46.303698052300369 ], [ -90.038246663411414, 46.2994327121311 ], [ -90.022789510091101, 46.300567287868944 ], [ -90.017413330078085, 46.304733954535614 ], [ -90.006122843424436, 46.303599378797763 ], [ -90.002210489908819, 46.300567287868944 ], [ -89.992595757378439, 46.299297078450543 ], [ -89.983900621202224, 46.289710489908877 ], [ -89.982766045464373, 46.285289510091168 ], [ -89.979733954535547, 46.281377156575545 ], [ -89.979166666666629, 46.270833333333357 ], [ -89.983744642469574, 46.269658406575545 ], [ -89.980381605360208, 46.266099378797762 ], [ -89.979166666666629, 46.270833333333357 ], [ -89.967476060655343, 46.271521335177972 ], [ -89.966049194335895, 46.281326972113739 ], [ -89.963117472330694, 46.285339694552974 ], [ -89.961513604058126, 46.290949503580748 ], [ -89.947839694552911, 46.292284138997417 ], [ -89.943826972113683, 46.295215861002625 ], [ -89.9375, 46.295833333333356 ], [ -89.935339864095027, 46.295215861002625 ], [ -89.929635789659272, 46.291049194335962 ], [ -89.910339864095036, 46.292284138997417 ], [ -89.906326802571598, 46.295215861002625 ], [ -89.902006530761696, 46.296450805664087 ], [ -89.896302456325927, 46.30061747233075 ], [ -89.893673197428356, 46.299382527669295 ], [ -89.887969122992601, 46.295215861002625 ], [ -89.88533986409503, 46.296450805664087 ], [ -89.880115254720025, 46.30026753743492 ], [ -89.878549024793813, 46.289506361219637 ], [ -89.871450975206145, 46.281326972113739 ], [ -89.869971889919682, 46.271164279513911 ], [ -89.864660135904927, 46.267284138997418 ], [ -89.854960801866298, 46.265872531467032 ], [ -89.853398471408397, 46.255138481987871 ], [ -89.847839864095022, 46.25354919433596 ], [ -89.843826802571584, 46.250617472330752 ], [ -89.839506530761696, 46.24938252766929 ], [ -89.833802456325927, 46.245215861002627 ], [ -89.827006530761693, 46.246450805664082 ], [ -89.822916666666643, 46.249438476562517 ], [ -89.818826802571593, 46.246450805664082 ], [ -89.808333333333309, 46.245833333333351 ], [ -89.804562547471761, 46.244865587022588 ], [ -89.79943271213105, 46.238246663411481 ], [ -89.800738694932704, 46.230046251085092 ], [ -89.804166666666632, 46.229166666666686 ], [ -89.803813340928798, 46.222575547960091 ], [ -89.799646674262135, 46.218379720052106 ], [ -89.800353325737831, 46.214242214626758 ], [ -89.812146674262124, 46.202424452039949 ], [ -89.8125, 46.195833333333354 ], [ -89.793622843424458, 46.195266045464429 ], [ -89.785543823242165, 46.188067287868947 ], [ -89.780017598470025, 46.186649237738735 ], [ -89.77916666666664, 46.183333333333351 ], [ -89.776918368869332, 46.182803683810782 ], [ -89.767749701605879, 46.174470350477449 ], [ -89.743585035536, 46.175529649522588 ], [ -89.739748297797291, 46.178637017144119 ], [ -89.710251702202669, 46.179696316189258 ], [ -89.70625, 46.182937282986131 ], [ -89.700940789116729, 46.178637017144119 ], [ -89.69271477593314, 46.179821438259566 ], [ -89.68386281331378, 46.189418538411481 ], [ -89.682682291666637, 46.199075656467031 ], [ -89.678167385525143, 46.200482177734393 ], [ -89.673081631130614, 46.196362982855923 ], [ -89.666666666666643, 46.195833333333354 ], [ -89.658333333333303, 46.195833333333354 ], [ -89.657766045464385, 46.1936228434245 ], [ -89.655381605360219, 46.191099378797766 ], [ -89.65416666666664, 46.195833333333354 ], [ -89.645833333333314, 46.195833333333354 ], [ -89.645833333333314, 46.2 ], [ -89.63945617675779, 46.199432712131099 ], [ -89.635543823242159, 46.19640062120228 ], [ -89.630017598470033, 46.194982571072067 ], [ -89.62825741238062, 46.188123575846376 ], [ -89.605157131618896, 46.186880832248285 ], [ -89.600567287868898, 46.181377156575543 ], [ -89.599149068196596, 46.175850762261305 ], [ -89.595833333333303, 46.175 ], [ -89.595055982801625, 46.167378743489607 ], [ -89.570511542426189, 46.166023763020853 ], [ -89.564635043674016, 46.170190429687523 ], [ -89.560364956325927, 46.171476236979188 ], [ -89.556301710340691, 46.174357096354186 ], [ -89.534376017252583, 46.175703599717906 ], [ -89.533333333333303, 46.179166666666688 ], [ -89.526956176757793, 46.178599378797763 ], [ -89.510543823242159, 46.163067287868941 ], [ -89.50612284342445, 46.161932712131097 ], [ -89.502210489908833, 46.158900621202278 ], [ -89.485289510091121, 46.157766045464427 ], [ -89.48125, 46.154635281033009 ], [ -89.475746663411428, 46.158900621202278 ], [ -89.472789510091118, 46.157766045464427 ], [ -89.468877156575502, 46.154733954535608 ], [ -89.462895880805092, 46.153198920355919 ], [ -89.458900621202233, 46.148043823242205 ], [ -89.457118394639735, 46.141099378797762 ], [ -89.45195617675779, 46.142233954535612 ], [ -89.447916666666643, 46.145364718967031 ], [ -89.443877156575496, 46.142233954535612 ], [ -89.439456176757787, 46.141099378797762 ], [ -89.435543823242156, 46.138067287868942 ], [ -89.413409254285995, 46.13687642415367 ], [ -89.4125, 46.133333333333354 ], [ -89.410289510091118, 46.13390062120228 ], [ -89.405134412977404, 46.137896050347244 ], [ -89.403286912706136, 46.145094468858524 ], [ -89.395086669921852, 46.146400621202275 ], [ -89.389710489908822, 46.142233954535612 ], [ -89.385289510091113, 46.141099378797762 ], [ -89.381377156575496, 46.138067287868942 ], [ -89.376956176757787, 46.136932712131099 ], [ -89.373043823242156, 46.13390062120228 ], [ -89.370086669921847, 46.132766045464429 ], [ -89.36471048990883, 46.136932712131099 ], [ -89.360289510091121, 46.138067287868942 ], [ -89.345883517795116, 46.15154317220054 ], [ -89.349432712131048, 46.156122843424498 ], [ -89.350567287868898, 46.163246663411478 ], [ -89.345437452528188, 46.169865587022592 ], [ -89.339456176757778, 46.171400621202274 ], [ -89.331377156575499, 46.178599378797763 ], [ -89.321720716688347, 46.17987501356339 ], [ -89.319982401529927, 46.186649237738735 ], [ -89.313350931803356, 46.188350762261308 ], [ -89.3125, 46.191666666666684 ], [ -89.310075547960039, 46.191313340928843 ], [ -89.306591118706564, 46.187853325737869 ], [ -89.301742214626714, 46.187146674262173 ], [ -89.294091118706575, 46.179519992404536 ], [ -89.291666666666643, 46.179166666666688 ], [ -89.283333333333303, 46.179166666666688 ], [ -89.282564459906652, 46.175902303059914 ], [ -89.278149244520378, 46.174470350477449 ], [ -89.271591864691814, 46.180112711588563 ], [ -89.2708333333333, 46.183333333333351 ], [ -89.270060729980443, 46.186613633897593 ], [ -89.265565999348937, 46.188013712565123 ], [ -89.255249701605877, 46.178637017144119 ], [ -89.243585035536, 46.179696316189258 ], [ -89.239748297797277, 46.182803683810782 ], [ -89.2375, 46.183333333333351 ], [ -89.235289510091121, 46.182766045464433 ], [ -89.231377156575491, 46.179733954535614 ], [ -89.210289510091116, 46.178599378797763 ], [ -89.206377156575499, 46.175567287868944 ], [ -89.197789510091113, 46.174432712131093 ], [ -89.193877156575496, 46.171400621202274 ], [ -89.172048272026885, 46.17026604546443 ], [ -89.169933742947023, 46.178505452473978 ], [ -89.156122843424455, 46.179733954535614 ], [ -89.152210489908825, 46.182766045464433 ], [ -89.146684095594594, 46.184184095594638 ], [ -89.1458333333333, 46.1875 ], [ -89.130080159505184, 46.186892361111134 ], [ -89.128315904405355, 46.180017428927968 ], [ -89.12278951009111, 46.178599378797763 ], [ -89.118738471137121, 46.175459798177101 ], [ -89.106377156575491, 46.186932712131096 ], [ -89.101956176757781, 46.188067287868947 ], [ -89.098043823242165, 46.191099378797766 ], [ -89.066666666666634, 46.191666666666684 ], [ -89.066049194335903, 46.181173027886302 ], [ -89.063117472330703, 46.177160305447067 ], [ -89.061500379774273, 46.166049194335955 ], [ -89.018673027886251, 46.167284138997417 ], [ -89.012969292534692, 46.17145080566408 ], [ -89.000981648762988, 46.170100233289951 ], [ -89.0, 46.166666666666686 ], [ -88.995266045464376, 46.165451727973107 ], [ -88.996400621202227, 46.156122843424498 ], [ -89.007766045464379, 46.143877156575542 ], [ -89.008989122178789, 46.130126614040819 ], [ -89.01445617675779, 46.125567287868947 ], [ -89.016666666666637, 46.125 ], [ -89.015815904405358, 46.121684095594638 ], [ -89.0125, 46.120833333333351 ], [ -89.004886542426192, 46.120056830512169 ], [ -89.004166666666634, 46.108333333333356 ], [ -88.997575547960039, 46.107980007595522 ], [ -88.99375, 46.104181247287364 ], [ -88.989924452039901, 46.107980007595522 ], [ -88.980908881293374, 46.108686659071218 ], [ -88.977424452039898, 46.112146674262192 ], [ -88.972575547960034, 46.112853325737881 ], [ -88.969091118706572, 46.116313340928855 ], [ -88.96666666666664, 46.116666666666703 ], [ -88.965815904405346, 46.119982401529981 ], [ -88.9625, 46.120833333333366 ], [ -88.9583333333333, 46.120833333333366 ], [ -88.956885443793368, 46.125642734103771 ], [ -88.925778876410561, 46.124303181966184 ], [ -88.924228583441817, 46.109104749891529 ], [ -88.916666666666629, 46.10833333333337 ], [ -88.916313340928795, 46.101742214626775 ], [ -88.907980007595455, 46.093382263183628 ], [ -88.908686659071151, 46.085075547960102 ], [ -88.912146674262118, 46.081591118706633 ], [ -88.9125, 46.079166666666687 ], [ -88.914710489908828, 46.078599378797776 ], [ -88.927071804470458, 46.067126464843788 ], [ -88.931122843424447, 46.070266045464443 ], [ -88.938511827256917, 46.071400621202294 ], [ -88.957437811957433, 46.053489515516532 ], [ -88.959220716688336, 46.046541849772169 ], [ -88.968877156575488, 46.045266045464444 ], [ -88.972789510091118, 46.042233954535625 ], [ -88.977210489908828, 46.041099378797782 ], [ -88.981122843424444, 46.038067287868955 ], [ -88.985543823242153, 46.036932712131112 ], [ -88.989456176757784, 46.033900621202292 ], [ -89.000746663411434, 46.032766045464442 ], [ -89.00612284342445, 46.036932712131112 ], [ -89.011285061306396, 46.038067287868955 ], [ -89.013350762261254, 46.030017598470089 ], [ -89.019982571072021, 46.02831573486332 ], [ -89.0208333333333, 46.025 ], [ -89.024073621961776, 46.02407362196184 ], [ -89.025971815321157, 46.017434861924947 ], [ -89.036705864800311, 46.015872531467046 ], [ -89.038117472330697, 46.006173197428417 ], [ -89.041049194335912, 46.00216013590498 ], [ -89.04228413899736, 45.995096672905852 ], [ -89.033950805664034, 45.985493469238314 ], [ -89.032406955295116, 45.980093044704894 ], [ -89.025677151150148, 45.978168911404111 ], [ -89.025, 45.966666666666704 ], [ -89.018379720052053, 45.966311815049949 ], [ -89.012853325737822, 45.960757785373296 ], [ -89.0125, 45.958333333333371 ], [ -89.01365865071611, 45.95428059895837 ], [ -89.018673027886251, 45.950617641872867 ], [ -89.024231635199627, 45.949028354220957 ], [ -89.025617472330694, 45.939506530761754 ], [ -89.029784138997371, 45.933802456325992 ], [ -89.028413221571157, 45.921633232964446 ], [ -89.017401801215243, 45.920030721028681 ], [ -89.016049194335906, 45.906173197428416 ], [ -89.013117472330705, 45.902160135904978 ], [ -89.011341349283825, 45.895947265625033 ], [ -89.006326972113683, 45.89228430853953 ], [ -88.997839694552923, 45.891049024793872 ], [ -88.993826972113681, 45.888117641872867 ], [ -88.987613932291637, 45.886341179741791 ], [ -88.983950805664037, 45.88132680257165 ], [ -88.983333333333306, 45.879166666666698 ], [ -88.980908881293374, 45.879519992404546 ], [ -88.977424452039898, 45.882980007595521 ], [ -88.968408881293371, 45.883686659071216 ], [ -88.964924452039895, 45.887146674262183 ], [ -88.9625, 45.8875 ], [ -88.963067287868896, 45.876956176757844 ], [ -88.967233954535558, 45.871579996744828 ], [ -88.966099378797708, 45.843622843424512 ], [ -88.963067287868896, 45.839710489908889 ], [ -88.961590915256039, 45.833956909179719 ], [ -88.938365342881909, 45.832707383897606 ], [ -88.937269083658819, 45.82781626383467 ], [ -88.949432712131042, 45.81471048990889 ], [ -88.950903659396673, 45.808979119194909 ], [ -88.964456176757778, 45.796400621202288 ], [ -88.990798950195284, 45.795217217339442 ], [ -88.991868082682259, 45.790447998046908 ], [ -88.988067287868887, 45.785543823242222 ], [ -88.986596340603271, 45.779812452528247 ], [ -88.973043823242151, 45.767233954535627 ], [ -88.970833333333303, 45.766666666666701 ], [ -88.970833333333303, 45.758333333333368 ], [ -88.971400621202221, 45.756122843424514 ], [ -88.995266045464376, 45.731377156575554 ], [ -88.996400621202227, 45.722789510091175 ], [ -88.999432712131039, 45.718877156575552 ], [ -89.00056728786889, 45.706122843424509 ], [ -89.007766045464379, 45.698043823242223 ], [ -89.00890062120223, 45.693622843424514 ], [ -89.011932712131042, 45.68971048990889 ], [ -89.013467746310738, 45.683729214138488 ], [ -89.018622843424453, 45.679733954535621 ], [ -89.024149237738683, 45.678315734863311 ], [ -89.025967746310741, 45.671229214138485 ], [ -89.031122843424455, 45.667233954535625 ], [ -89.033333333333303, 45.6666666666667 ], [ -89.033950805664034, 45.664506530761749 ], [ -89.038117472330697, 45.658802456325986 ], [ -89.036882527669235, 45.656173197428416 ], [ -89.032715861002572, 45.650469122992654 ], [ -89.033950805664034, 45.647839864095083 ], [ -89.036882527669235, 45.643826802571645 ], [ -89.038471815321145, 45.638268195258277 ], [ -89.047993638780355, 45.636882358127203 ], [ -89.052006361219583, 45.633950975206197 ], [ -89.062767537434866, 45.632384745279978 ], [ -89.057715861002578, 45.625469122992655 ], [ -89.05895080566404, 45.606173197428419 ], [ -89.066049194335903, 45.597993469238311 ], [ -89.067435031466985, 45.588471645779109 ], [ -89.072993638780346, 45.586882358127198 ], [ -89.081173027886251, 45.57978430853953 ], [ -89.086573621961776, 45.578240288628507 ], [ -89.0875, 45.575 ], [ -89.090815904405346, 45.574149068196647 ], [ -89.092566257052923, 45.567327880859409 ], [ -89.106377156575491, 45.566099378797773 ], [ -89.110289510091121, 45.563067287868954 ], [ -89.144918823242165, 45.561897616916262 ], [ -89.146684095594594, 45.55501759847008 ], [ -89.15, 45.554166666666696 ], [ -89.149432712131045, 45.551956176757841 ], [ -89.146400621202233, 45.548043823242217 ], [ -89.145195515950491, 45.53007236056861 ], [ -89.137896050347194, 45.528198920355933 ], [ -89.132766045464379, 45.521579996744819 ], [ -89.134007093641458, 45.509229702419738 ], [ -89.140815904405358, 45.507482401529977 ], [ -89.142586263020803, 45.500582885742219 ], [ -89.151956176757778, 45.492233954535621 ], [ -89.157937452528188, 45.490698920355932 ], [ -89.161932712131048, 45.485543823242217 ], [ -89.163419765896236, 45.479749552408883 ], [ -89.172789510091121, 45.471400621202285 ], [ -89.183333333333309, 45.470833333333367 ], [ -89.189660135904916, 45.470215691460531 ], [ -89.193673197428353, 45.467284308539526 ], [ -89.207530721028618, 45.465931532118084 ], [ -89.209101528591546, 45.455138312445776 ], [ -89.215740288628439, 45.4532402886285 ], [ -89.217284308539462, 45.44783986409508 ], [ -89.23271569146047, 45.431326802571647 ], [ -89.233333333333306, 45.425 ], [ -89.233686659071154, 45.422575547960101 ], [ -89.237146674262121, 45.419091118706625 ], [ -89.2375, 45.395833333333364 ], [ -89.227006530761685, 45.395215691460535 ], [ -89.222993469238247, 45.39228430853953 ], [ -89.206173197428356, 45.391049024793865 ], [ -89.202160135904919, 45.38811764187286 ], [ -89.192354668511257, 45.386690436469216 ], [ -89.191666666666634, 45.375 ], [ -89.184232923719591, 45.374338785807325 ], [ -89.183333333333309, 45.370833333333366 ], [ -89.181122843424447, 45.37026604546444 ], [ -89.17721048990883, 45.367233954535621 ], [ -89.172789510091121, 45.36609937879777 ], [ -89.168877156575491, 45.363067287868951 ], [ -89.164456176757781, 45.361932712131107 ], [ -89.156247287326366, 45.354618326822944 ], [ -89.143761528862825, 45.366206868489613 ], [ -89.139583333333306, 45.36296878390845 ], [ -89.134079996744759, 45.367233954535621 ], [ -89.13112284342445, 45.36609937879777 ], [ -89.127210489908819, 45.363067287868951 ], [ -89.118622843424447, 45.361932712131107 ], [ -89.110543823242153, 45.354733954535618 ], [ -89.106122843424444, 45.353599378797774 ], [ -89.098043823242165, 45.346400621202285 ], [ -89.084232923719583, 45.345172119140656 ], [ -89.0833333333333, 45.341666666666697 ], [ -89.082226901584178, 45.337796698676243 ], [ -89.072993638780346, 45.329784308539523 ], [ -89.068673027886248, 45.328549024793865 ], [ -89.062969292534689, 45.324382358127203 ], [ -89.05617302788626, 45.32561764187286 ], [ -89.052076890733474, 45.328610059950115 ], [ -89.043826972113692, 45.32145097520619 ], [ -89.039506361219594, 45.320215691460533 ], [ -89.029903496636251, 45.3118823581272 ], [ -89.018673027886251, 45.313117641872857 ], [ -89.014583333333306, 45.316105143229194 ], [ -89.008802625868029, 45.3118823581272 ], [ -89.000960286458309, 45.313307698567741 ], [ -88.998841349283822, 45.3207194010417 ], [ -88.992135959201363, 45.32561764187286 ], [ -88.989506361219583, 45.324382358127203 ], [ -88.985493638780355, 45.32145097520619 ], [ -88.979935031466979, 45.31986168755428 ], [ -88.978372531466988, 45.309127468533013 ], [ -88.968673027886254, 45.30771569146053 ], [ -88.964660305447012, 45.304784308539524 ], [ -88.959259711371502, 45.303240288628501 ], [ -88.957715861002569, 45.297839864095081 ], [ -88.954784138997368, 45.293826802571644 ], [ -88.953158569335912, 45.288140360514355 ], [ -88.925, 45.2875 ], [ -88.924345228407091, 45.280139668782581 ], [ -88.914710489908828, 45.271400621202289 ], [ -88.909184095594583, 45.26998240152998 ], [ -88.908333333333303, 45.266666666666694 ], [ -88.907365587022539, 45.262895880805154 ], [ -88.902210489908825, 45.258900621202287 ], [ -88.896684095594594, 45.257482401529977 ], [ -88.8958333333333, 45.254166666666698 ], [ -88.8958333333333, 45.25 ], [ -88.896684095594594, 45.24668426513675 ], [ -88.902210489908825, 45.24526604546444 ], [ -88.910289510091118, 45.238067287868951 ], [ -88.915815904405349, 45.236649068196641 ], [ -88.917634412977407, 45.229562547471815 ], [ -88.922916666666637, 45.225468783908447 ], [ -88.928420003255184, 45.229733954535618 ], [ -88.931377156575493, 45.228599378797774 ], [ -88.93528951009111, 45.225567287868955 ], [ -88.943877156575496, 45.224432712131104 ], [ -88.947789510091113, 45.221400621202285 ], [ -88.95, 45.22083333333336 ], [ -88.952210489908822, 45.220266045464442 ], [ -88.968622843424455, 45.204733954535619 ], [ -88.977210489908828, 45.203599378797769 ], [ -88.981122843424444, 45.20056728786895 ], [ -88.986649237738689, 45.19914906819664 ], [ -88.9875, 45.195833333333361 ], [ -88.993877156575493, 45.195266045464436 ], [ -88.99778951009111, 45.192233954535617 ], [ -89.023043823242162, 45.191099378797773 ], [ -89.028198920355877, 45.187104119194906 ], [ -89.03001742892792, 45.18001759847008 ], [ -89.033333333333303, 45.179166666666696 ], [ -89.035543823242165, 45.17859937879777 ], [ -89.040698920355879, 45.17460411919491 ], [ -89.042517428927923, 45.167517598470077 ], [ -89.048043823242153, 45.166099378797774 ], [ -89.061596340603273, 45.153521050347251 ], [ -89.06306728786889, 45.147789510091172 ], [ -89.067062717013854, 45.142634412977458 ], [ -89.073043823242159, 45.141099378797769 ], [ -89.081122843424453, 45.133900621202287 ], [ -89.085543823242162, 45.132766045464436 ], [ -89.101956176757781, 45.117233954535621 ], [ -89.106377156575491, 45.11609937879777 ], [ -89.110289510091121, 45.113067287868951 ], [ -89.115815904405352, 45.111649237738746 ], [ -89.117233954535564, 45.106122843424508 ], [ -89.120266045464376, 45.102210489908884 ], [ -89.120833333333309, 45.1 ], [ -89.131591118706567, 45.099646674262182 ], [ -89.135075547960042, 45.096186659071208 ], [ -89.1375, 45.09583333333336 ], [ -89.139710489908822, 45.095266045464435 ], [ -89.147789510091116, 45.088067287868952 ], [ -89.169924079047277, 45.086876424153672 ], [ -89.170833333333306, 45.083333333333364 ], [ -89.170833333333306, 45.079166666666694 ], [ -89.171400621202224, 45.068622843424507 ], [ -89.182766045464376, 45.05637715657555 ], [ -89.184301079644072, 45.050396050347253 ], [ -89.189456176757787, 45.046400621202281 ], [ -89.195437452528182, 45.044865587022599 ], [ -89.200264655219158, 45.038637288411486 ], [ -89.19237518310544, 45.036612616644994 ], [ -89.190958150227843, 45.025887383355062 ], [ -89.182766045464376, 45.023785061306448 ], [ -89.185289510091124, 45.021400621202282 ], [ -89.19902699788409, 45.020178561740479 ], [ -89.207766045464382, 45.010543823242216 ], [ -89.208900621202233, 45.006122843424507 ], [ -89.211932712131045, 45.002210489908883 ], [ -89.2125, 44.995833333333358 ], [ -89.222968377007348, 44.995190429687526 ], [ -89.227905103895367, 44.99169006347659 ], [ -89.229809400770364, 44.985365125868086 ], [ -89.233622572157088, 44.979987250434057 ], [ -89.249302164713512, 44.9783877902561 ], [ -89.25, 44.9625 ], [ -89.254166666666634, 44.9625 ], [ -89.255379231770803, 44.966741265190997 ], [ -89.261638556586348, 44.962169053819473 ], [ -89.263448588053365, 44.94973246256513 ], [ -89.268673197428356, 44.953549194335963 ], [ -89.274000379774279, 44.954784138997425 ], [ -89.275617641872799, 44.943673027886312 ], [ -89.282715691460481, 44.935493638780407 ], [ -89.283950975206139, 44.930534532335095 ], [ -89.275674268934438, 44.928168063693604 ], [ -89.274382358127141, 44.905166286892388 ], [ -89.287767367892769, 44.903218248155412 ], [ -89.283950975206139, 44.897993638780406 ], [ -89.283333333333303, 44.870833333333358 ], [ -89.285757785373235, 44.871186659071206 ], [ -89.289242214626711, 44.874646674262181 ], [ -89.294091118706575, 44.875353325737876 ], [ -89.297575547960037, 44.878813340928843 ], [ -89.3, 44.879166666666691 ], [ -89.300353325737817, 44.855908881293431 ], [ -89.303813340928798, 44.852424452039955 ], [ -89.304166666666646, 44.85 ], [ -89.304519992404479, 44.839242214626765 ], [ -89.312146674262124, 44.831591118706626 ], [ -89.312853325737819, 44.818408881293429 ], [ -89.316652086045977, 44.81458333333336 ], [ -89.312853325737819, 44.810757785373291 ], [ -89.312141927083303, 44.805876329210093 ], [ -89.306591118706564, 44.800353325737873 ], [ -89.301709832085479, 44.799641927083357 ], [ -89.296186659071154, 44.794091118706625 ], [ -89.295833333333306, 44.7875 ], [ -89.296191067165765, 44.785045030381973 ], [ -89.305908881293377, 44.775353325737875 ], [ -89.323257785373244, 44.774646674262179 ], [ -89.326742214626705, 44.771186659071205 ], [ -89.335786098904052, 44.770477973090301 ], [ -89.345480007595455, 44.760757785373286 ], [ -89.346188863118456, 44.751713731553842 ], [ -89.355908881293374, 44.742019992404536 ], [ -89.360790167914473, 44.741308593750027 ], [ -89.366313340928798, 44.735757785373288 ], [ -89.366666666666646, 44.729166666666693 ], [ -89.366666666666646, 44.725 ], [ -89.367019992404494, 44.722575547960091 ], [ -89.370480007595461, 44.719091118706622 ], [ -89.370833333333309, 44.7125 ], [ -89.371186659071157, 44.710075547960095 ], [ -89.374646674262124, 44.706591118706619 ], [ -89.375, 44.7 ], [ -89.374149068196587, 44.696684095594641 ], [ -89.366402011447462, 44.694696044921898 ], [ -89.370266045464376, 44.689710489908876 ], [ -89.371400621202227, 44.685289510091167 ], [ -89.378599378797716, 44.67721048990888 ], [ -89.37987518310544, 44.667554050021728 ], [ -89.385543823242159, 44.666099378797767 ], [ -89.38945617675779, 44.663067287868948 ], [ -89.396097988552498, 44.661362711588566 ], [ -89.39223395453557, 44.656377156575545 ], [ -89.391666666666637, 44.65 ], [ -89.394982401529916, 44.64914923773874 ], [ -89.396720716688336, 44.642375013563395 ], [ -89.406377156575488, 44.641099378797769 ], [ -89.410289510091118, 44.63806728786895 ], [ -89.414710489908828, 44.636932712131099 ], [ -89.418622843424458, 44.63390062120228 ], [ -89.423043823242168, 44.632766045464436 ], [ -89.425567287868901, 44.63038160536027 ], [ -89.420833333333306, 44.629166666666691 ], [ -89.420266045464388, 44.618622843424504 ], [ -89.416099378797711, 44.613246663411481 ], [ -89.417233954535561, 44.593622843424505 ], [ -89.420266045464388, 44.589710489908875 ], [ -89.42168426513669, 44.584184095594644 ], [ -89.425, 44.583333333333357 ], [ -89.424646674262121, 44.580908881293425 ], [ -89.420480007595458, 44.57671305338544 ], [ -89.421186659071154, 44.555908881293426 ], [ -89.424646674262121, 44.552424452039951 ], [ -89.425, 44.545833333333356 ], [ -89.413409254285995, 44.545209757487001 ], [ -89.4125, 44.541666666666693 ], [ -89.412146674262132, 44.539242214626761 ], [ -89.400353325737825, 44.527424452039952 ], [ -89.4, 44.491666666666688 ], [ -89.406377156575488, 44.491099378797763 ], [ -89.416028340657519, 44.482345581054709 ], [ -89.417233954535561, 44.465920003255228 ], [ -89.413067287868898, 44.460543823242212 ], [ -89.411932712131048, 44.456122843424502 ], [ -89.404733954535558, 44.448043823242209 ], [ -89.403529018825935, 44.430072360568602 ], [ -89.395568678114117, 44.428029378255232 ], [ -89.399432712131045, 44.42304382324221 ], [ -89.4, 44.420833333333356 ], [ -89.4, 44.416666666666686 ], [ -89.399646674262129, 44.414242214626761 ], [ -89.396186659071148, 44.410757785373285 ], [ -89.395480007595467, 44.401742214626758 ], [ -89.387853325737822, 44.394091118706619 ], [ -89.3875, 44.366666666666688 ], [ -89.387146674262127, 44.364242214626756 ], [ -89.383686659071159, 44.360757785373288 ], [ -89.383333333333312, 44.358333333333356 ], [ -89.382980007595464, 44.339242214626758 ], [ -89.379519992404482, 44.335757785373289 ], [ -89.378813340928787, 44.330908881293425 ], [ -89.371186659071157, 44.323257785373286 ], [ -89.370480007595461, 44.318408881293422 ], [ -89.367019992404494, 44.314924452039953 ], [ -89.366666666666646, 44.3125 ], [ -89.366313340928798, 44.305908881293426 ], [ -89.362853325737817, 44.302424452039951 ], [ -89.362146674262121, 44.280908881293421 ], [ -89.358686659071154, 44.277424452039952 ], [ -89.358333333333306, 44.275 ], [ -89.357980007595458, 44.260075547960092 ], [ -89.354519992404491, 44.256591118706616 ], [ -89.354166666666643, 44.254166666666691 ], [ -89.370020887586776, 44.253498670789952 ], [ -89.37145097520613, 44.243673027886302 ], [ -89.374438476562474, 44.239583333333357 ], [ -89.37071940104164, 44.234491984049498 ], [ -89.364506530761687, 44.232715861002625 ], [ -89.35771569146047, 44.226367865668422 ], [ -89.3625, 44.225 ], [ -89.362146674262121, 44.218408881293421 ], [ -89.358686659071154, 44.214924452039952 ], [ -89.358333333333306, 44.2125 ], [ -89.355876498752139, 44.212141927083351 ], [ -89.350353325737814, 44.206591118706619 ], [ -89.349646674262132, 44.201742214626755 ], [ -89.346186659071151, 44.198257785373286 ], [ -89.345833333333303, 44.191666666666684 ], [ -89.348257785373235, 44.191313340928843 ], [ -89.353812493218285, 44.185786607530403 ], [ -89.354166666666643, 44.175 ], [ -89.369091118706564, 44.174646674262192 ], [ -89.374641927083303, 44.169123501247867 ], [ -89.375, 44.1666666666667 ], [ -89.375, 44.154166666666704 ], [ -89.381326802571593, 44.153549024793875 ], [ -89.38533986409503, 44.150617641872863 ], [ -89.389660135904919, 44.149382358127205 ], [ -89.393673197428356, 44.1464509752062 ], [ -89.397993469238259, 44.145215691460542 ], [ -89.402006530761696, 44.14228430853953 ], [ -89.420026312933999, 44.140961032443613 ], [ -89.421649169921849, 44.129811435275641 ], [ -89.45, 44.129166666666706 ], [ -89.450607469346764, 44.113413323296477 ], [ -89.457482401529916, 44.111649068196648 ], [ -89.459184265136699, 44.105017598470084 ], [ -89.4625, 44.1041666666667 ], [ -89.473043823242165, 44.103599378797782 ], [ -89.476956176757781, 44.100567287868962 ], [ -89.481377156575491, 44.099432712131112 ], [ -89.490746900770375, 44.091083780924514 ], [ -89.492233954535564, 44.085289510091179 ], [ -89.496229214138424, 44.080134412977465 ], [ -89.502210489908833, 44.078599378797776 ], [ -89.50612284342445, 44.075567287868957 ], [ -89.51164906819659, 44.074149068196647 ], [ -89.513350931803359, 44.06751759847009 ], [ -89.518877156575499, 44.06609937879778 ], [ -89.526956176757793, 44.058900621202291 ], [ -89.531377156575502, 44.057766045464447 ], [ -89.540746900770372, 44.049417114257849 ], [ -89.541666666666643, 44.04583333333337 ], [ -89.554166666666646, 44.04583333333337 ], [ -89.554166666666646, 44.0416666666667 ], [ -89.554519992404494, 44.030908881293435 ], [ -89.574646674262127, 44.010757785373301 ], [ -89.575, 44.004166666666698 ], [ -89.578315734863253, 44.003315734863314 ], [ -89.57973395453557, 43.997789510091181 ], [ -89.582766045464382, 43.993877156575557 ], [ -89.583900621202233, 43.985289510091178 ], [ -89.586932712131045, 43.981377156575554 ], [ -89.588067287868896, 43.976956176757845 ], [ -89.595266045464385, 43.968877156575559 ], [ -89.595833333333303, 43.966666666666704 ], [ -89.59166666666664, 43.966666666666704 ], [ -89.591313340928792, 43.964242214626772 ], [ -89.587853325737825, 43.960757785373296 ], [ -89.5875, 43.958333333333371 ], [ -89.59166666666664, 43.958333333333371 ], [ -89.592630852593288, 43.955130852593349 ], [ -89.599035814073332, 43.953202480740053 ], [ -89.600642734103701, 43.947864956325986 ], [ -89.603523932562908, 43.943801710340743 ], [ -89.605085584852404, 43.933552720811669 ], [ -89.610364956325924, 43.929809400770431 ], [ -89.615921698676189, 43.928136528862879 ], [ -89.617441304524718, 43.913239203559058 ], [ -89.636461893717424, 43.911780971950989 ], [ -89.638464185926622, 43.905130852593352 ], [ -89.643801710340682, 43.903523932562969 ], [ -89.647864956325932, 43.900642734103769 ], [ -89.661998664008223, 43.899201117621558 ], [ -89.670190599229571, 43.889635043674076 ], [ -89.670833333333306, 43.8875 ], [ -89.670833333333306, 43.883333333333368 ], [ -89.670209757486958, 43.871742587619394 ], [ -89.663350931803365, 43.869982401529981 ], [ -89.6625, 43.866666666666703 ], [ -89.666666666666643, 43.866666666666703 ], [ -89.667517598470027, 43.863350931803417 ], [ -89.675264655219166, 43.861362881130674 ], [ -89.670266045464388, 43.854913330078162 ], [ -89.671400621202238, 43.851956176757845 ], [ -89.678599378797713, 43.843877156575552 ], [ -89.679166666666646, 43.8375 ], [ -89.681591118706578, 43.837146674262186 ], [ -89.695475599500838, 43.823287794325118 ], [ -89.695833333333312, 43.820833333333368 ], [ -89.695266045464379, 43.818622843424514 ], [ -89.688067287868904, 43.81054382324222 ], [ -89.686932712131053, 43.806122843424511 ], [ -89.683802117241726, 43.802083333333364 ], [ -89.688067287868904, 43.796579996744825 ], [ -89.686932712131053, 43.789456176757845 ], [ -89.679628499348937, 43.781258816189272 ], [ -89.68276604546439, 43.777210489908889 ], [ -89.684184265136693, 43.771684265136749 ], [ -89.69081573486325, 43.76998240152998 ], [ -89.692233954535567, 43.764456176757847 ], [ -89.695266045464379, 43.760543823242223 ], [ -89.695833333333312, 43.758333333333368 ], [ -89.695480007595464, 43.755908881293436 ], [ -89.691313340928801, 43.751712883843346 ], [ -89.692019992404482, 43.747575547960103 ], [ -89.696186659071159, 43.743379550510014 ], [ -89.695480007595464, 43.735075547960101 ], [ -89.692019992404482, 43.731591118706632 ], [ -89.691666666666649, 43.7291666666667 ], [ -89.692019992404482, 43.726742214626768 ], [ -89.695480007595464, 43.723257785373299 ], [ -89.696186659071159, 43.718408881293435 ], [ -89.699646674262127, 43.714924452039966 ], [ -89.7, 43.708333333333364 ], [ -89.700353325737822, 43.705908881293432 ], [ -89.707980007595467, 43.698257785373293 ], [ -89.708686659071162, 43.693408881293436 ], [ -89.712853325737825, 43.689212883843346 ], [ -89.712146674262129, 43.680908881293433 ], [ -89.708686659071162, 43.677424452039965 ], [ -89.707980007595467, 43.668408881293438 ], [ -89.704519992404485, 43.664924452039962 ], [ -89.704166666666637, 43.6625 ], [ -89.685339864095027, 43.661882358127201 ], [ -89.68132680257159, 43.658950975206196 ], [ -89.664506530761699, 43.657715691460538 ], [ -89.65880245632593, 43.653549024793868 ], [ -89.652006530761696, 43.654784308539526 ], [ -89.647194417317678, 43.658299424913224 ], [ -89.642284308539473, 43.652160135904978 ], [ -89.64074028862845, 43.646759711371558 ], [ -89.633630032009521, 43.644726901584235 ], [ -89.625617641872807, 43.635493469238313 ], [ -89.624000379774287, 43.6243823581272 ], [ -89.610339864095025, 43.625617641872864 ], [ -89.601412794325057, 43.633364189995689 ], [ -89.596450975206139, 43.62716013590498 ], [ -89.594726901584181, 43.621130032009582 ], [ -89.585493469238259, 43.613117641872861 ], [ -89.580093044704839, 43.611573621961838 ], [ -89.579166666666637, 43.608333333333363 ], [ -89.577031622992592, 43.608976067437098 ], [ -89.572968377007356, 43.611857265896298 ], [ -89.556198289659264, 43.613142734103761 ], [ -89.547921583387563, 43.620230611165397 ], [ -89.543801710340688, 43.617309400770431 ], [ -89.522864956325932, 43.616023932562968 ], [ -89.514588250054231, 43.608936055501331 ], [ -89.510468377007356, 43.611857265896298 ], [ -89.506198289659267, 43.613142734103761 ], [ -89.500321790907094, 43.617309400770431 ], [ -89.484106784396673, 43.61591576470272 ], [ -89.482556660970033, 43.60071987575958 ], [ -89.470833333333303, 43.6 ], [ -89.471546766493034, 43.584082370334229 ], [ -89.477044338650146, 43.579822116427984 ], [ -89.496488783094591, 43.578299967447947 ], [ -89.49510616726343, 43.559395345052117 ], [ -89.488483005099795, 43.557350328233539 ], [ -89.486464267306829, 43.550812615288663 ], [ -89.477044338650146, 43.549344550238743 ], [ -89.471079169379308, 43.54517788357208 ], [ -89.46871100531682, 43.546488783094652 ], [ -89.464583333333309, 43.549371846516955 ], [ -89.460416666666646, 43.54646148681644 ], [ -89.45625, 43.549371846516955 ], [ -89.452122328016472, 43.546488783094652 ], [ -89.439544338650151, 43.54517788357208 ], [ -89.422955661349803, 43.529822116427979 ], [ -89.418711005316808, 43.528511216905414 ], [ -89.414622328016463, 43.525655449761317 ], [ -89.409316338433129, 43.524016994900208 ], [ -89.408333333333303, 43.520833333333364 ], [ -89.402031622992595, 43.521476067437099 ], [ -89.396155124240423, 43.525642734103762 ], [ -89.389531622992592, 43.524357265896299 ], [ -89.38365512424042, 43.520190599229629 ], [ -89.363260057237383, 43.521561686197948 ], [ -89.358976067437041, 43.527031622992652 ], [ -89.356885274251269, 43.533976067437095 ], [ -89.347864956325921, 43.532690599229632 ], [ -89.343801710340685, 43.529809400770432 ], [ -89.339531622992595, 43.528523932562962 ], [ -89.335468377007345, 43.525642734103762 ], [ -89.32286495632593, 43.524357265896299 ], [ -89.313133748372366, 43.516023932562966 ], [ -89.302031622992587, 43.517309400770429 ], [ -89.293801710340688, 43.524357265896299 ], [ -89.289531622992598, 43.525642734103762 ], [ -89.285468377007348, 43.528523932562962 ], [ -89.281198289659258, 43.529809400770432 ], [ -89.277135043674022, 43.532690599229632 ], [ -89.259107971191384, 43.534072536892396 ], [ -89.257555474175319, 43.549293009440134 ], [ -89.231198289659261, 43.550642734103761 ], [ -89.227135043674011, 43.553523932562968 ], [ -89.206198289659255, 43.554809400770431 ], [ -89.202135043674019, 43.55769059922963 ], [ -89.19679751925996, 43.559297519260014 ], [ -89.194819132486955, 43.56586880154083 ], [ -89.185364956325927, 43.567309400770434 ], [ -89.179488457573754, 43.571476067437096 ], [ -89.160364956325921, 43.570190599229633 ], [ -89.15630154079858, 43.567309400770434 ], [ -89.147865125868023, 43.566023932562963 ], [ -89.14198845757376, 43.5618572658963 ], [ -89.139531792534697, 43.563142734103764 ], [ -89.127134874131912, 43.574357265896296 ], [ -89.114531792534692, 43.575642734103766 ], [ -89.110468207465246, 43.578523932562966 ], [ -89.106198459201366, 43.579809400770429 ], [ -89.10213487413192, 43.582690599229629 ], [ -89.1, 43.583333333333364 ], [ -89.09166666666664, 43.583333333333364 ], [ -89.090815904405346, 43.58664906819665 ], [ -89.085289510091116, 43.588067287868952 ], [ -89.081377156575485, 43.591099378797772 ], [ -89.075, 43.591666666666697 ], [ -89.072789510091113, 43.591099378797772 ], [ -89.060543823242156, 43.579733954535619 ], [ -89.054827880859349, 43.578267076280412 ], [ -89.054166666666632, 43.570833333333368 ], [ -89.05, 43.570833333333368 ], [ -89.049395073784694, 43.589672682020428 ], [ -89.045043267144067, 43.595057169596387 ], [ -89.035327148437474, 43.596438429090746 ], [ -89.018839518229143, 43.611894904242654 ], [ -88.976993815104137, 43.613105095757412 ], [ -88.968757459852398, 43.620299953884583 ], [ -88.964672851562469, 43.617271762424075 ], [ -88.960327148437472, 43.616061570909324 ], [ -88.954924858940942, 43.612056138780417 ], [ -88.946533542209167, 43.613296169704896 ], [ -88.945228407118023, 43.62970733642581 ], [ -88.949395073784686, 43.63532731797963 ], [ -88.950604926215249, 43.639672682020432 ], [ -88.953561740451363, 43.643660651312963 ], [ -88.955117119683123, 43.649246554904543 ], [ -88.96571621365014, 43.650753445095518 ], [ -88.96666666666664, 43.654166666666697 ], [ -88.964242214626708, 43.654519992404545 ], [ -88.960757785373232, 43.657980007595519 ], [ -88.95, 43.658333333333367 ], [ -88.949013604058123, 43.661782836914092 ], [ -88.935339694552923, 43.663117641872859 ], [ -88.931326972113681, 43.666049024793871 ], [ -88.927006361219583, 43.667284308539529 ], [ -88.918826972113692, 43.674382358127204 ], [ -88.906173027886254, 43.675617641872861 ], [ -88.900469292534694, 43.679784308539531 ], [ -88.897839694552914, 43.678549024793867 ], [ -88.893826972113686, 43.675617641872861 ], [ -88.86867302788626, 43.674382358127204 ], [ -88.863861083984347, 43.670867241753506 ], [ -88.858950805664037, 43.677006530761751 ], [ -88.857715861002575, 43.702160135904982 ], [ -88.85478413899736, 43.70617319742842 ], [ -88.853549194335912, 43.714660135904978 ], [ -88.846450805664034, 43.722839864095086 ], [ -88.84502088758677, 43.732665337456631 ], [ -88.829166666666637, 43.733333333333363 ], [ -88.825661214192678, 43.734232923719652 ], [ -88.825, 43.741666666666703 ], [ -88.825567287868893, 43.74804382324222 ], [ -88.829431152343716, 43.75302954779734 ], [ -88.822789510091113, 43.754733954535624 ], [ -88.817634412977398, 43.758729214138491 ], [ -88.816666666666634, 43.7625 ], [ -88.801956176757784, 43.761932712131113 ], [ -88.796579996744754, 43.757766045464443 ], [ -88.784282769097189, 43.759001837836408 ], [ -88.779733954535558, 43.764456176757847 ], [ -88.778315904405346, 43.76998240152998 ], [ -88.775, 43.770833333333364 ], [ -88.768622843424453, 43.771400621202289 ], [ -88.763246663411422, 43.775567287868959 ], [ -88.751956176757787, 43.774432712131109 ], [ -88.748043823242156, 43.771400621202289 ], [ -88.739456176757784, 43.770266045464446 ], [ -88.734079996744754, 43.766099378797776 ], [ -88.729852973090246, 43.767721048990921 ], [ -88.728458319769928, 43.778279283311662 ], [ -88.722789510091118, 43.779733954535622 ], [ -88.717413330078088, 43.783900621202292 ], [ -88.714456176757778, 43.782766045464442 ], [ -88.706377156575485, 43.775567287868959 ], [ -88.697789510091113, 43.774432712131109 ], [ -88.693877156575482, 43.771400621202289 ], [ -88.681122843424447, 43.770266045464446 ], [ -88.668877156575491, 43.758900621202287 ], [ -88.65416666666664, 43.758333333333368 ], [ -88.653568183051178, 43.73841569688588 ], [ -88.64622938368052, 43.736532253689269 ], [ -88.642233954535556, 43.731377156575554 ], [ -88.641666666666637, 43.7291666666667 ], [ -88.642233954535556, 43.722789510091175 ], [ -88.646400621202218, 43.717413330078159 ], [ -88.645216200086779, 43.692577616373732 ], [ -88.638161214192678, 43.690767076280416 ], [ -88.6375, 43.683333333333366 ], [ -88.635251871744757, 43.683862813313837 ], [ -88.630107286241284, 43.6880294799805 ], [ -88.625647650824618, 43.686548529730935 ], [ -88.624364556206558, 43.676052008734843 ], [ -88.618914794921835, 43.671362813313834 ], [ -88.614418538411428, 43.670303853352898 ], [ -88.610581461588509, 43.667196146647164 ], [ -88.601918538411425, 43.666137186686228 ], [ -88.593914794921844, 43.658862813313831 ], [ -88.581085205078097, 43.657803853352895 ], [ -88.573081461588515, 43.650529479980499 ], [ -88.568585205078094, 43.649470520019563 ], [ -88.564748128255175, 43.646362813313836 ], [ -88.5625, 43.645833333333364 ], [ -88.561723497178789, 43.653446790907154 ], [ -88.55, 43.654166666666697 ], [ -88.545833333333306, 43.654166666666697 ], [ -88.545060899522539, 43.657446967230932 ], [ -88.54066738552514, 43.658815341525639 ], [ -88.535581461588507, 43.654696146647169 ], [ -88.526918538411422, 43.653637186686232 ], [ -88.521773952907949, 43.649470520019563 ], [ -88.510251871744757, 43.650529479980499 ], [ -88.505107286241284, 43.654696146647169 ], [ -88.501918538411431, 43.653637186686232 ], [ -88.498081461588512, 43.650529479980499 ], [ -88.493585205078091, 43.649470520019563 ], [ -88.489748128255172, 43.646362813313836 ], [ -88.485251871744751, 43.6453038533529 ], [ -88.480107286241292, 43.64113718668623 ], [ -88.476918538411425, 43.642196146647166 ], [ -88.473081461588507, 43.6453038533529 ], [ -88.466666666666626, 43.645833333333364 ], [ -88.465931193033825, 43.638299899631107 ], [ -88.460493638780349, 43.633950975206197 ], [ -88.455093044704824, 43.632406955295174 ], [ -88.453240288628436, 43.62592637803823 ], [ -88.447839694552911, 43.6243823581272 ], [ -88.443826972113683, 43.621450975206194 ], [ -88.429969278971313, 43.620098198784753 ], [ -88.428334893120621, 43.608868408203158 ], [ -88.418756442599786, 43.600556606716609 ], [ -88.412969292534683, 43.604784308539529 ], [ -88.410339694552917, 43.603549024793871 ], [ -88.393826972113686, 43.588117641872863 ], [ -88.384305148654477, 43.586731804741788 ], [ -88.381965467664898, 43.578549024793865 ], [ -88.372839694552923, 43.57978430853953 ], [ -88.368743557400137, 43.582776726616785 ], [ -88.360493638780341, 43.57561764187286 ], [ -88.35033094618052, 43.574138556586405 ], [ -88.345215861002572, 43.567135789659318 ], [ -88.346450805664034, 43.560339864095084 ], [ -88.349382527669235, 43.556326802571647 ], [ -88.35, 43.554166666666696 ], [ -88.349100409613683, 43.550661214192736 ], [ -88.335289510091116, 43.549432712131107 ], [ -88.327210489908822, 43.542233954535618 ], [ -88.321684095594577, 43.540815734863315 ], [ -88.319982571072018, 43.534184265136751 ], [ -88.316666666666634, 43.533333333333367 ], [ -88.316099378797702, 43.526956176757842 ], [ -88.31306728786889, 43.523043823242219 ], [ -88.311932712131039, 43.514456176757847 ], [ -88.308900621202227, 43.510543823242216 ], [ -88.307630411783819, 43.50092926025394 ], [ -88.298043823242153, 43.492233954535621 ], [ -88.29140218098955, 43.490529547797337 ], [ -88.296400621202224, 43.484079996744825 ], [ -88.295166015624972, 43.4717949761285 ], [ -88.285543823242151, 43.463067287868952 ], [ -88.28001742892792, 43.461649068196643 ], [ -88.278315904405346, 43.455017598470086 ], [ -88.27168409559458, 43.45331573486331 ], [ -88.269982571072006, 43.446684265136753 ], [ -88.263123575846322, 43.44492407904734 ], [ -88.2625, 43.433333333333366 ], [ -88.264924452039892, 43.432980007595518 ], [ -88.270478312174447, 43.427453782823378 ], [ -88.271186659071148, 43.414242214626768 ], [ -88.278813340928778, 43.406591118706629 ], [ -88.279519992404474, 43.385075547960099 ], [ -88.282980007595455, 43.381591118706623 ], [ -88.283686659071151, 43.376742214626766 ], [ -88.287146674262118, 43.373257785373291 ], [ -88.287853325737814, 43.364242214626763 ], [ -88.291313340928781, 43.360757785373295 ], [ -88.291666666666629, 43.358333333333363 ], [ -88.29130859374996, 43.355876498752203 ], [ -88.285757785373221, 43.350353325737878 ], [ -88.280908881293371, 43.349646674262182 ], [ -88.277424452039895, 43.346186659071208 ], [ -88.264213053385376, 43.345478481716611 ], [ -88.258686659071145, 43.339924452039959 ], [ -88.258333333333297, 43.333333333333364 ], [ -88.257368977864544, 43.330130852593342 ], [ -88.249976603190063, 43.327905103895432 ], [ -88.246476236979134, 43.322968377007406 ], [ -88.245190429687469, 43.318698289659316 ], [ -88.242309570312457, 43.314635043674073 ], [ -88.241023763020792, 43.306198289659321 ], [ -88.238142903645794, 43.302135043674078 ], [ -88.236535644531216, 43.296797519260011 ], [ -88.231198459201352, 43.295190599229628 ], [ -88.227134874131906, 43.292309400770428 ], [ -88.212249755859332, 43.290791151258709 ], [ -88.2160237630208, 43.285468377007405 ], [ -88.217309570312466, 43.277031622992652 ], [ -88.221476236979129, 43.271155124240479 ], [ -88.220190429687463, 43.268698289659319 ], [ -88.2160237630208, 43.262821790907147 ], [ -88.217309570312466, 43.260364956325986 ], [ -88.228523763020803, 43.24796837700741 ], [ -88.229166666666629, 43.245833333333366 ], [ -88.218408881293371, 43.245480007595518 ], [ -88.214213053385379, 43.241313340928848 ], [ -88.205908881293368, 43.242019992404543 ], [ -88.202424452039892, 43.245480007595518 ], [ -88.191666666666634, 43.245833333333366 ], [ -88.191313340928787, 43.243408881293433 ], [ -88.187853325737805, 43.239924452039958 ], [ -88.1875, 43.2125 ], [ -88.186439683702218, 43.209065755208364 ], [ -88.167726982964368, 43.207600911458364 ], [ -88.165683661566803, 43.200983005099857 ], [ -88.160377671983468, 43.199344550238742 ], [ -88.147955661349783, 43.188155449761311 ], [ -88.137664794921832, 43.186551751030848 ], [ -88.13398878309458, 43.181288994683186 ], [ -88.132577175564194, 43.163256157769126 ], [ -88.112772623697879, 43.161705864800375 ], [ -88.107677883572009, 43.154412502712702 ], [ -88.109070163302917, 43.134192572699682 ], [ -88.120053778754297, 43.132480875651069 ], [ -88.121488783094577, 43.118711005316868 ], [ -88.124344550238675, 43.114622328016523 ], [ -88.125, 43.09583333333336 ], [ -88.132635498046838, 43.095054456922767 ], [ -88.133976236979123, 43.064531792534751 ], [ -88.137484741210898, 43.059583197699681 ], [ -88.129078165690061, 43.057052273220513 ], [ -88.137476942274276, 43.047244601779539 ], [ -88.136751980251702, 43.038221571180586 ], [ -88.114531792534692, 43.036857096354197 ], [ -88.106301540798569, 43.02980957031253 ], [ -88.096618991427917, 43.028333875868086 ], [ -88.095190429687463, 43.016344875759579 ], [ -88.099357096354126, 43.010468207465308 ], [ -88.100642903645792, 43.006198459201414 ], [ -88.103523763020803, 43.002134874131968 ], [ -88.104809570312469, 42.999678209092906 ], [ -88.100642903645792, 42.993801540798636 ], [ -88.099357096354126, 42.984781222873288 ], [ -88.106301540798569, 42.98269042968753 ], [ -88.111679416232604, 42.97887742784291 ], [ -88.1125, 42.97083333333336 ], [ -88.110075547960037, 42.970480007595512 ], [ -88.102424452039898, 42.962853325737875 ], [ -88.097575547960034, 42.962146674262179 ], [ -88.094091118706558, 42.958686659071205 ], [ -88.091666666666626, 42.958333333333357 ], [ -88.091666666666626, 42.954166666666694 ], [ -88.090740288628439, 42.950926378038218 ], [ -88.084101698133637, 42.949028184678845 ], [ -88.082539198133645, 42.938294135199676 ], [ -88.071805148654477, 42.936731635199678 ], [ -88.069906955295096, 42.93009304470489 ], [ -88.06242540147565, 42.927954101562527 ], [ -88.066049194335903, 42.922993638780412 ], [ -88.066666666666634, 42.9 ], [ -88.070124986436596, 42.899112616644992 ], [ -88.071400621202216, 42.88945617675784 ], [ -88.074432712131042, 42.885543823242216 ], [ -88.075567287868893, 42.878229437934053 ], [ -88.067233954535553, 42.86887715657555 ], [ -88.066099378797702, 42.864456176757841 ], [ -88.06306728786889, 42.86054382324221 ], [ -88.061932712131039, 42.842881605360269 ], [ -88.070172119140594, 42.840767076280407 ], [ -88.070833333333297, 42.833333333333357 ], [ -88.068622843424436, 42.832766045464439 ], [ -88.064710489908819, 42.829733954535612 ], [ -88.057766045464376, 42.827951727973115 ], [ -88.058900621202213, 42.814456176757837 ], [ -88.061932712131039, 42.810543823242213 ], [ -88.06306728786889, 42.806122843424504 ], [ -88.066198052300308, 42.802083333333357 ], [ -88.061932712131039, 42.796579996744818 ], [ -88.06306728786889, 42.793622843424501 ], [ -88.066198052300308, 42.789583333333361 ], [ -88.06306728786889, 42.785543823242215 ], [ -88.061932712131039, 42.768622843424502 ], [ -88.058068847656216, 42.763637288411481 ], [ -88.066021050347189, 42.761596340603326 ], [ -88.079733954535556, 42.746821424696208 ], [ -88.078599378797705, 42.743622843424504 ], [ -88.074432712131042, 42.738246663411481 ], [ -88.075567287868893, 42.735289510091171 ], [ -88.082766045464368, 42.727210489908877 ], [ -88.0833333333333, 42.72083333333336 ], [ -88.0833333333333, 42.6875 ], [ -88.081965467664887, 42.682715861002627 ], [ -88.064506361219586, 42.68395080566409 ], [ -88.060416666666626, 42.686938476562524 ], [ -88.056326972113681, 42.68395080566409 ], [ -88.035339694552917, 42.682715861002627 ], [ -88.031326972113675, 42.67978413899742 ], [ -88.025768364800314, 42.678194851345509 ], [ -88.024205864800308, 42.667460801866341 ], [ -88.012830946180515, 42.665805053710962 ], [ -88.008950805664028, 42.660493638780409 ], [ -88.007627699110202, 42.642473687065994 ], [ -87.9965684678819, 42.640864054362005 ], [ -87.995833333333294, 42.633333333333354 ], [ -87.995833333333294, 42.625 ], [ -87.994982571072015, 42.621684095594645 ], [ -87.991666666666632, 42.620833333333358 ], [ -87.983333333333306, 42.620833333333358 ], [ -87.982980007595458, 42.631591118706623 ], [ -87.979519992404491, 42.635075547960092 ], [ -87.978813340928795, 42.644091118706619 ], [ -87.975353325737828, 42.647575547960095 ], [ -87.974646674262132, 42.655882432725718 ], [ -87.982980007595458, 42.664242214626761 ], [ -87.983686659071154, 42.676715766059054 ], [ -87.975353325737828, 42.685075547960096 ], [ -87.974646674262132, 42.689924452039953 ], [ -87.971186659071165, 42.693408881293429 ], [ -87.970480007595469, 42.698257785373286 ], [ -87.962853325737825, 42.705908881293425 ], [ -87.9625, 42.71666666666669 ], [ -87.955908881293382, 42.716313340928842 ], [ -87.952424452039907, 42.712853325737875 ], [ -87.930908881293377, 42.712146674262179 ], [ -87.927424452039901, 42.708686659071205 ], [ -87.925, 42.708333333333357 ], [ -87.924646674262135, 42.701742214626762 ], [ -87.920480007595458, 42.697546386718777 ], [ -87.921186659071154, 42.685075547960096 ], [ -87.924646674262135, 42.681591118706621 ], [ -87.925353325737831, 42.622575547960096 ], [ -87.928813340928798, 42.619091118706621 ], [ -87.929519992404494, 42.597575547960091 ], [ -87.933319430881056, 42.593749321831623 ], [ -87.925353325737831, 42.585757785373289 ], [ -87.925, 42.570833333333354 ], [ -87.92168426513669, 42.569982571072075 ], [ -87.920833333333306, 42.566666666666691 ], [ -87.919674513075066, 42.56261393229169 ], [ -87.914576721191381, 42.558890109592035 ], [ -87.906326802571598, 42.56604919433596 ], [ -87.897839864095033, 42.567284138997422 ], [ -87.893826802571596, 42.57021586100263 ], [ -87.884127468532967, 42.571627468533009 ], [ -87.882384745279921, 42.583600870768251 ], [ -87.87716013590493, 42.579784138997418 ], [ -87.875, 42.579166666666687 ], [ -87.874646674262124, 42.555908881293426 ], [ -87.871186659071157, 42.552424452039951 ], [ -87.870480007595461, 42.514242214626762 ], [ -87.867019992404494, 42.510757785373286 ], [ -87.866666666666646, 42.4875 ], [ -87.870833333333309, 42.4875 ], [ -87.877210489908833, 42.4869327121311 ], [ -87.879733954535567, 42.484548272026935 ], [ -87.871840074327238, 42.482522243923633 ], [ -87.87026604546439, 42.478420003255231 ], [ -87.874432712131053, 42.473043823242207 ], [ -87.875567287868904, 42.468622843424498 ], [ -87.878599378797716, 42.464710489908875 ], [ -87.879733954535567, 42.453420003255232 ], [ -87.875567287868904, 42.448043823242209 ], [ -87.874432712131053, 42.4436228434245 ], [ -87.871400621202241, 42.439710489908876 ], [ -87.870833333333309, 42.4375 ], [ -87.871186659071157, 42.435075547960089 ], [ -87.874646674262124, 42.431591118706621 ], [ -87.875353325737819, 42.422575547960093 ], [ -87.879152086045991, 42.41875 ], [ -87.874646674262124, 42.414213053385438 ], [ -87.875353325737819, 42.401742214626758 ], [ -87.878813340928801, 42.398257785373289 ], [ -87.879519992404497, 42.393408881293425 ], [ -87.883686659071159, 42.38921305338544 ], [ -87.882980007595464, 42.385075547960092 ], [ -87.879519992404497, 42.381591118706616 ], [ -87.879166666666649, 42.370833333333358 ], [ -87.882482401529927, 42.369982571072072 ], [ -87.88390062120223, 42.364456176757834 ], [ -87.891099378797719, 42.35637715657554 ], [ -87.89223395453557, 42.351956176757831 ], [ -87.896812438964815, 42.346466064453146 ], [ -87.91576097276473, 42.345195515950543 ], [ -87.917233954535561, 42.339456176757835 ], [ -87.920364549424889, 42.335416666666688 ], [ -87.917233954535561, 42.331377156575542 ], [ -87.916099378797725, 42.32278951009117 ], [ -87.913067287868898, 42.318877156575539 ], [ -87.911932712131048, 42.307586669921896 ], [ -87.916099378797725, 42.302210489908873 ], [ -87.917233954535561, 42.276956176757835 ], [ -87.920371500651015, 42.272907850477452 ], [ -87.913067287868898, 42.264710489908879 ], [ -87.9125, 42.258333333333354 ], [ -87.911932712131048, 42.2561228434245 ], [ -87.908900621202235, 42.252210489908876 ], [ -87.907482401529919, 42.246684095594638 ], [ -87.900395880805092, 42.244865587022588 ], [ -87.896400621202233, 42.239710489908873 ], [ -87.895266045464382, 42.235289510091164 ], [ -87.88390062120223, 42.223043823242207 ], [ -87.883333333333312, 42.220833333333353 ], [ -87.894091118706569, 42.220480007595526 ], [ -87.899641927083309, 42.214956834581201 ], [ -87.900353325737825, 42.210075547960109 ], [ -87.904152086045983, 42.20625 ], [ -87.900353325737825, 42.202424452039963 ], [ -87.899646674262129, 42.193408881293436 ], [ -87.896186659071162, 42.189924452039968 ], [ -87.895833333333314, 42.183333333333351 ], [ -87.895475260416646, 42.180876498752205 ], [ -87.889924452039907, 42.175353325737881 ], [ -87.885043165418807, 42.174641927083371 ], [ -87.879519992404497, 42.169091118706632 ], [ -87.878813340928801, 42.164242214626775 ], [ -87.870847235785561, 42.156250678168441 ], [ -87.874985419379314, 42.152083333333373 ], [ -87.871186659071157, 42.148257785373303 ], [ -87.870480007595461, 42.143408881293439 ], [ -87.867019992404494, 42.139924452039963 ], [ -87.866313340928798, 42.135075547960106 ], [ -87.862853325737831, 42.131591118706631 ], [ -87.862146674262135, 42.118408881293441 ], [ -87.858686659071154, 42.114924452039965 ], [ -87.857980007595458, 42.110075547960108 ], [ -87.853813340928795, 42.105879550510018 ], [ -87.854519992404491, 42.097575547960105 ], [ -87.857980007595458, 42.094091118706636 ], [ -87.858333333333306, 42.083333333333371 ], [ -87.855908881293374, 42.082980007595523 ], [ -87.852424452039912, 42.079519992404549 ], [ -87.847575547960048, 42.078813340928853 ], [ -87.839924452039909, 42.071186659071216 ], [ -87.83504316541881, 42.0704752604167 ], [ -87.829519992404485, 42.064924452039968 ], [ -87.828813340928789, 42.060075547960103 ], [ -87.825353325737822, 42.056591118706635 ], [ -87.824646674262127, 42.047575547960108 ], [ -87.820480007595464, 42.043379550510018 ], [ -87.821186659071159, 42.039242214626768 ], [ -87.825353325737822, 42.035046217176685 ], [ -87.824646674262127, 42.001742214626773 ], [ -87.821186659071159, 41.998257785373298 ], [ -87.820480007595464, 41.993408881293441 ], [ -87.817019992404497, 41.989924452039965 ], [ -87.816666666666649, 41.9791666666667 ], [ -87.812895880805101, 41.978198920355936 ], [ -87.808802117241726, 41.972916666666698 ], [ -87.811932712131053, 41.968877156575559 ], [ -87.813067287868904, 41.960289510091179 ], [ -87.816204833984358, 41.956241183810796 ], [ -87.808900621202227, 41.948043823242223 ], [ -87.807482401529924, 41.94251759847009 ], [ -87.800850931803367, 41.940815734863314 ], [ -87.799149068196584, 41.93418426513675 ], [ -87.795833333333306, 41.933333333333366 ], [ -87.79668426513669, 41.930017598470087 ], [ -87.804733954535564, 41.927951727973124 ], [ -87.80221048990883, 41.925567287868958 ], [ -87.797789510091121, 41.924432712131107 ], [ -87.793877156575491, 41.921400621202288 ], [ -87.786932712131048, 41.919618394639791 ], [ -87.788067287868898, 41.910289510091182 ], [ -87.791099378797725, 41.906377156575552 ], [ -87.791666666666643, 41.9 ], [ -87.794091118706575, 41.899646674262186 ], [ -87.799641927083314, 41.894123501247861 ], [ -87.800353325737831, 41.889242214626769 ], [ -87.807980007595461, 41.881591118706631 ], [ -87.808686659071157, 41.87328559027781 ], [ -87.802456834581136, 41.867024739583364 ], [ -87.8, 41.866666666666703 ], [ -87.781122843424455, 41.867233954535621 ], [ -87.775746663411439, 41.871400621202291 ], [ -87.768622843424453, 41.87026604546444 ], [ -87.75927056206595, 41.861932712131107 ], [ -87.739456176757784, 41.863067287868958 ], [ -87.734079996744768, 41.867233954535621 ], [ -87.729977586534261, 41.865659925672773 ], [ -87.728198920355879, 41.858729214138492 ], [ -87.723043823242165, 41.854733954535625 ], [ -87.717517598470025, 41.853315734863315 ], [ -87.716099378797722, 41.847789510091182 ], [ -87.713067287868896, 41.843877156575552 ], [ -87.711932712131045, 41.839456176757849 ], [ -87.708900621202233, 41.835543823242219 ], [ -87.707629055447029, 41.825919426812099 ], [ -87.702210489908836, 41.821400621202287 ], [ -87.695266045464379, 41.819618394639789 ], [ -87.69640062120223, 41.814456176757844 ], [ -87.699432712131056, 41.81054382324222 ], [ -87.700567287868893, 41.797789510091178 ], [ -87.707766045464382, 41.789710489908884 ], [ -87.708900621202233, 41.781122843424512 ], [ -87.711932712131045, 41.777210489908889 ], [ -87.713067287868896, 41.772789510091179 ], [ -87.716099378797722, 41.768877156575556 ], [ -87.71666666666664, 41.758333333333368 ], [ -87.725, 41.758333333333368 ], [ -87.727424452039912, 41.757980007595521 ], [ -87.73714226616751, 41.74828847249352 ], [ -87.7375, 41.745833333333366 ], [ -87.74382680257159, 41.745215691460537 ], [ -87.749051411946596, 41.741399298773906 ], [ -87.750617641872807, 41.75216013590498 ], [ -87.755019632975234, 41.757664150661924 ], [ -87.78380245632593, 41.758950975206197 ], [ -87.790507846408403, 41.75405273437503 ], [ -87.79259304470483, 41.74675971137156 ], [ -87.797993469238264, 41.745215691460537 ], [ -87.802006530761702, 41.742284308539531 ], [ -87.80632680257159, 41.741049024793867 ], [ -87.810339864095027, 41.738117641872861 ], [ -87.81466013590493, 41.736882358127204 ], [ -87.827006530761693, 41.725617641872866 ], [ -87.835493469238259, 41.724382358127201 ], [ -87.839583333333309, 41.721394856770864 ], [ -87.843673197428359, 41.724382358127201 ], [ -87.85463578965927, 41.725617641872866 ], [ -87.860339864095025, 41.721450975206196 ], [ -87.8625, 41.720833333333367 ], [ -87.86193271213105, 41.718622843424512 ], [ -87.857766045464388, 41.713246663411489 ], [ -87.858933173285564, 41.675915357801685 ], [ -87.8625, 41.675 ], [ -87.864924452039901, 41.674646674262185 ], [ -87.868408881293377, 41.671186659071211 ], [ -87.873257785373241, 41.670480007595515 ], [ -87.876742214626717, 41.667019992404548 ], [ -87.879166666666649, 41.6666666666667 ], [ -87.879519992404497, 41.660075547960105 ], [ -87.882980007595464, 41.656591118706629 ], [ -87.883686659071159, 41.647575547960102 ], [ -87.887853325737822, 41.643379550510012 ], [ -87.887146674262127, 41.635075547960099 ], [ -87.879519992404497, 41.627424452039961 ], [ -87.879166666666649, 41.620833333333366 ], [ -87.879733954535567, 41.618622843424511 ], [ -87.89223395453557, 41.605154758029542 ], [ -87.891099378797719, 41.601956176757845 ], [ -87.888067287868907, 41.598043823242222 ], [ -87.886532253689211, 41.592062547471819 ], [ -87.881377156575496, 41.588067287868952 ], [ -87.872789510091124, 41.586932712131109 ], [ -87.868877156575493, 41.583900621202289 ], [ -87.859220716688341, 41.582624816894565 ], [ -87.857365587022542, 41.575395880805154 ], [ -87.852210489908828, 41.571400621202287 ], [ -87.85, 41.570833333333368 ], [ -87.849394904242601, 41.581339348687095 ], [ -87.846438429090682, 41.585327317979633 ], [ -87.845056491427925, 41.595048522949249 ], [ -87.840216064453102, 41.595763651529978 ], [ -87.835506015353715, 41.592271762424076 ], [ -87.831160651312914, 41.591061570909318 ], [ -87.825540669759093, 41.586894904242655 ], [ -87.817438591851101, 41.588319905598993 ], [ -87.81606157090927, 41.598006015353761 ], [ -87.813105095757351, 41.601993984646299 ], [ -87.811442565917943, 41.607964070638054 ], [ -87.801222907172289, 41.616891479492217 ], [ -87.799049546983483, 41.609086778428853 ], [ -87.789493984646242, 41.607728237575984 ], [ -87.785506015353704, 41.604771762424079 ], [ -87.783333333333303, 41.6041666666667 ], [ -87.782645331488695, 41.592476230197512 ], [ -87.771804979112389, 41.590898471408451 ], [ -87.76967451307506, 41.583447265625033 ], [ -87.764660135904919, 41.57978430853953 ], [ -87.759259711371499, 41.578240288628507 ], [ -87.757361687554223, 41.571601528591614 ], [ -87.746627468532964, 41.570039198133713 ], [ -87.745039198133654, 41.559127468533021 ], [ -87.733664449055965, 41.557471889919739 ], [ -87.729784308539479, 41.552160135904977 ], [ -87.728195020887568, 41.546601528591609 ], [ -87.718673197428359, 41.545215691460534 ], [ -87.714660135904921, 41.542284308539529 ], [ -87.710339864095033, 41.541049024793871 ], [ -87.706326802571596, 41.538117641872859 ], [ -87.704166666666637, 41.5375 ], [ -87.703599378797719, 41.501956176757844 ], [ -87.699432712131056, 41.496579996744821 ], [ -87.700567287868893, 41.489456176757841 ], [ -87.703599378797719, 41.485543823242217 ], [ -87.705086432562908, 41.479749552408883 ], [ -87.714456176757793, 41.471400621202285 ], [ -87.720172119140599, 41.469933742947077 ], [ -87.721400621202235, 41.456122843424509 ], [ -87.724531216091549, 41.452083333333363 ], [ -87.721302117241734, 41.4479166666667 ], [ -87.724432712131048, 41.443877156575553 ], [ -87.725567287868898, 41.439456176757844 ], [ -87.728599378797725, 41.43554382324222 ], [ -87.729804314507348, 41.417572360568606 ], [ -87.733333333333306, 41.4166666666667 ], [ -87.735757785373238, 41.417019992404548 ], [ -87.739242214626714, 41.420480007595515 ], [ -87.741666666666646, 41.420833333333363 ], [ -87.745833333333309, 41.420833333333363 ], [ -87.745480007595461, 41.414242214626768 ], [ -87.741681247287303, 41.410416666666698 ], [ -87.745480007595461, 41.406591118706629 ], [ -87.745833333333309, 41.4 ], [ -87.731122843424458, 41.400567287868952 ], [ -87.727210489908828, 41.403599378797772 ], [ -87.70195617675779, 41.404733954535622 ], [ -87.698043823242159, 41.407766045464442 ], [ -87.69362284342445, 41.408900621202285 ], [ -87.688246663411434, 41.413067287868955 ], [ -87.667574734157967, 41.411872185601162 ], [ -87.666099378797725, 41.406122843424512 ], [ -87.663067287868898, 41.402210489908882 ], [ -87.6625, 41.4 ], [ -87.658333333333303, 41.4 ], [ -87.657975599500844, 41.402454460991784 ], [ -87.644091118706569, 41.416313340928852 ], [ -87.641666666666637, 41.4166666666667 ], [ -87.640746900770381, 41.41308288574222 ], [ -87.631377156575496, 41.404733954535622 ], [ -87.625850931803356, 41.403315734863313 ], [ -87.624112616644936, 41.396541849772163 ], [ -87.614456176757784, 41.395266045464439 ], [ -87.610543823242168, 41.392233954535619 ], [ -87.597789510091118, 41.391099378797776 ], [ -87.592413330078102, 41.386932712131106 ], [ -87.585289510091116, 41.388067287868957 ], [ -87.581377156575499, 41.391099378797776 ], [ -87.575, 41.391666666666694 ], [ -87.574432712131056, 41.398043823242219 ], [ -87.57140062120223, 41.401956176757842 ], [ -87.570195685492592, 41.419927639431457 ], [ -87.563350931803356, 41.421684265136747 ], [ -87.561649068196587, 41.428315734863311 ], [ -87.55501759847003, 41.43001759847008 ], [ -87.553198920355882, 41.437104119194906 ], [ -87.548043823242168, 41.441099378797773 ], [ -87.542517598470027, 41.442517598470083 ], [ -87.540698920355879, 41.449604119194909 ], [ -87.535543823242165, 41.453599378797776 ], [ -87.50612284342445, 41.454733954535619 ], [ -87.500746663411434, 41.458900621202289 ], [ -87.485289510091121, 41.457766045464439 ], [ -87.479913330078105, 41.453599378797776 ], [ -87.45195617675779, 41.454733954535619 ], [ -87.448043823242159, 41.457766045464439 ], [ -87.441666666666634, 41.458333333333364 ], [ -87.44045172797307, 41.453599378797776 ], [ -87.435289510091124, 41.454733954535619 ], [ -87.430303785535997, 41.458597988552548 ], [ -87.429166666666646, 41.454166666666694 ], [ -87.429166666666646, 41.441666666666698 ], [ -87.429166666666646, 41.4375 ], [ -87.432482401529924, 41.436649068196644 ], [ -87.433333333333309, 41.433333333333366 ], [ -87.433686659071157, 41.422575547960101 ], [ -87.437146674262124, 41.419091118706625 ], [ -87.4375, 41.395833333333364 ], [ -87.436461893717421, 41.392385694715742 ], [ -87.418698289659261, 41.391023932562966 ], [ -87.412821790907088, 41.386857265896296 ], [ -87.410364956325935, 41.388142734103759 ], [ -87.406301710340685, 41.391023932562966 ], [ -87.397864956325932, 41.392309400770429 ], [ -87.39375, 41.395227220323378 ], [ -87.387821790907097, 41.391023932562966 ], [ -87.37703162299259, 41.392309400770429 ], [ -87.36730041503904, 41.400642734103762 ], [ -87.362121921115431, 41.398238288031713 ], [ -87.358939446343285, 41.39375 ], [ -87.363142734103704, 41.387821790907147 ], [ -87.361749098036, 41.371606784396732 ], [ -87.354166666666643, 41.370833333333366 ], [ -87.346885681152315, 41.37159203423397 ], [ -87.344344245062914, 41.379822116427981 ], [ -87.33537767198348, 41.378511216905409 ], [ -87.327087232801617, 41.371458774142823 ], [ -87.321079169379317, 41.375655449761311 ], [ -87.297877671983485, 41.374344550238746 ], [ -87.293788994683126, 41.371488783094648 ], [ -87.289544338650146, 41.370177883572076 ], [ -87.283579169379308, 41.366011216905413 ], [ -87.259071180555523, 41.367395867241783 ], [ -87.257568189832867, 41.391374037000901 ], [ -87.252122328016469, 41.395177883572082 ], [ -87.247877671983474, 41.396488783094647 ], [ -87.239622328016466, 41.403511216905414 ], [ -87.234145948621929, 41.405202399359837 ], [ -87.232490709092858, 41.415824042426244 ], [ -87.222877671983483, 41.417322116427982 ], [ -87.218788994683138, 41.42017788357208 ], [ -87.21037767198348, 41.421488783094645 ], [ -87.206288994683135, 41.424344550238743 ], [ -87.20204433865014, 41.425655449761315 ], [ -87.197955661349795, 41.428511216905413 ], [ -87.191666666666634, 41.429166666666696 ], [ -87.191043090820287, 41.44075741238067 ], [ -87.185289510091124, 41.442233954535624 ], [ -87.17721048990883, 41.449432712131106 ], [ -87.170833333333306, 41.45 ], [ -87.170833333333306, 41.454166666666694 ], [ -87.160289510091118, 41.453599378797776 ], [ -87.156377156575488, 41.450567287868957 ], [ -87.147789510091116, 41.449432712131106 ], [ -87.139710489908822, 41.442233954535624 ], [ -87.135289510091113, 41.441099378797773 ], [ -87.131377156575496, 41.438067287868954 ], [ -87.126956176757787, 41.43693271213111 ], [ -87.123043823242156, 41.433900621202284 ], [ -87.118622843424447, 41.43276604546444 ], [ -87.110543823242153, 41.425567287868951 ], [ -87.106122843424444, 41.424432712131107 ], [ -87.102210489908828, 41.421400621202288 ], [ -87.071746826171847, 41.420225863986573 ], [ -87.069945949978262, 41.413208516438829 ], [ -87.06028951009111, 41.411932712131104 ], [ -87.056377156575493, 41.408900621202285 ], [ -87.051956176757784, 41.407766045464442 ], [ -87.048043823242153, 41.404733954535622 ], [ -87.043622843424444, 41.403599378797772 ], [ -87.039710489908828, 41.400567287868952 ], [ -87.036753336588518, 41.399432712131109 ], [ -87.03125, 41.40369788275828 ], [ -87.027210489908825, 41.400567287868952 ], [ -87.015816582573748, 41.399432712131109 ], [ -87.008920288085903, 41.405184088812966 ], [ -87.008333333333297, 41.433333333333366 ], [ -87.00890062120223, 41.439710489908883 ], [ -87.011932712131042, 41.443622843424507 ], [ -87.013067287868893, 41.456377156575549 ], [ -87.016099378797719, 41.460289510091179 ], [ -87.017375013563338, 41.469945949978332 ], [ -87.023043823242162, 41.471400621202285 ], [ -87.026956176757778, 41.474432712131104 ], [ -87.031377156575488, 41.475567287868955 ], [ -87.036867268880172, 41.480145772298208 ], [ -87.038067287868898, 41.49804382324222 ], [ -87.042657131618896, 41.503547498914962 ], [ -87.054166666666632, 41.504166666666698 ], [ -87.056414794921849, 41.504696146647163 ], [ -87.060251871744768, 41.507803853352897 ], [ -87.064993964301181, 41.508920796712268 ], [ -87.071362982855874, 41.515514967176678 ], [ -87.069946967230877, 41.5200607299805 ], [ -87.064418538411431, 41.521362813313836 ], [ -87.060581461588512, 41.524470520019563 ], [ -87.056085205078091, 41.525529479980499 ], [ -87.048081461588509, 41.532803853352895 ], [ -87.043585205078102, 41.533862813313831 ], [ -87.03825853135848, 41.53844621446401 ], [ -87.0375, 41.5416666666667 ], [ -87.034240722656222, 41.540759107801684 ], [ -87.032728407118029, 41.535327317979629 ], [ -87.029771592881914, 41.531339348687098 ], [ -87.028195190429656, 41.525678507487008 ], [ -87.010327148437469, 41.524394904242655 ], [ -87.000787353515591, 41.516061570909322 ], [ -86.992439778645803, 41.517478942871122 ], [ -86.991061740451357, 41.527172682020428 ], [ -86.988104926215243, 41.531160651312966 ], [ -86.986895073784694, 41.535506015353761 ], [ -86.979700046115425, 41.543742709689703 ], [ -86.98393825954858, 41.549459330240914 ], [ -86.981830173068545, 41.554186842176684 ], [ -86.973006184895809, 41.561894904242649 ], [ -86.968660481770797, 41.563105095757408 ], [ -86.964672851562469, 41.566061570909319 ], [ -86.943660481770806, 41.567271762424078 ], [ -86.939672851562463, 41.570228237575989 ], [ -86.935327148437466, 41.57143842909074 ], [ -86.929707166883645, 41.57560509575741 ], [ -86.922827148437463, 41.574394904242652 ], [ -86.918839518229134, 41.57143842909074 ], [ -86.901993815104134, 41.570228237575989 ], [ -86.896373833550314, 41.566061570909319 ], [ -86.893660481770809, 41.567271762424078 ], [ -86.885506184895803, 41.574394904242652 ], [ -86.879166666666634, 41.575 ], [ -86.878599378797716, 41.581377156575556 ], [ -86.87556728786889, 41.585289510091179 ], [ -86.874084472656222, 41.591068183051249 ], [ -86.854166666666629, 41.591666666666697 ], [ -86.847575547960034, 41.592019992404545 ], [ -86.844091118706572, 41.595480007595519 ], [ -86.84166666666664, 41.595833333333367 ], [ -86.842019992404488, 41.598257785373292 ], [ -86.845480007595455, 41.601742214626768 ], [ -86.845833333333303, 41.608333333333363 ], [ -86.845833333333303, 41.6125 ], [ -86.84166666666664, 41.6125 ], [ -86.834104749891466, 41.613271416558192 ], [ -86.8333333333333, 41.620833333333366 ], [ -86.832482571072021, 41.624149068196644 ], [ -86.829166666666637, 41.625 ], [ -86.822575547960042, 41.625353325737876 ], [ -86.810757785373227, 41.637146674262183 ], [ -86.804166666666632, 41.6375 ], [ -86.803315904405352, 41.64081573486331 ], [ -86.8, 41.641666666666701 ], [ -86.793622843424444, 41.642233954535619 ], [ -86.781377156575488, 41.653599378797779 ], [ -86.771720716688336, 41.654875183105503 ], [ -86.7708333333333, 41.658333333333367 ], [ -86.768408881293368, 41.657980007595519 ], [ -86.764583333333306, 41.654181247287362 ], [ -86.760757785373229, 41.657980007595519 ], [ -86.747575547960039, 41.658686659071215 ], [ -86.743379720052047, 41.662853325737878 ], [ -86.735075547960037, 41.662146674262182 ], [ -86.731591118706561, 41.658686659071215 ], [ -86.691666666666634, 41.658333333333367 ], [ -86.691313340928787, 41.664924452039962 ], [ -86.687853325737819, 41.668408881293438 ], [ -86.687145657009523, 41.689953104654982 ], [ -86.681591118706564, 41.695480007595521 ], [ -86.666666666666629, 41.695833333333368 ], [ -86.656122843424441, 41.695266045464443 ], [ -86.652083333333294, 41.692135450575122 ], [ -86.647916666666632, 41.695364549424944 ], [ -86.643877156575485, 41.692233954535624 ], [ -86.638350762261254, 41.690815734863314 ], [ -86.636600409613678, 41.683994547526076 ], [ -86.629166666666634, 41.683333333333366 ], [ -86.628813340928787, 41.689924452039961 ], [ -86.621186659071142, 41.697575547960099 ], [ -86.620833333333294, 41.708333333333364 ], [ -86.6125, 41.708333333333364 ], [ -86.611649237738675, 41.71164906819665 ], [ -86.608333333333306, 41.7125 ], [ -86.607975260416637, 41.714956834581194 ], [ -86.602424452039898, 41.720480007595519 ], [ -86.6, 41.720833333333367 ], [ -86.599432712131048, 41.723043823242222 ], [ -86.596400621202221, 41.726956176757845 ], [ -86.594618394639724, 41.733900621202288 ], [ -86.556122843424447, 41.732766045464444 ], [ -86.550746663411431, 41.728599378797774 ], [ -86.547789510091107, 41.729733954535625 ], [ -86.543877156575491, 41.732766045464444 ], [ -86.539456176757781, 41.733900621202288 ], [ -86.535543823242151, 41.736932712131107 ], [ -86.50612284342445, 41.738067287868958 ], [ -86.502210489908819, 41.741099378797777 ], [ -86.492586263020797, 41.742370944552981 ], [ -86.488067287868887, 41.747789510091181 ], [ -86.486532253689205, 41.753770785861576 ], [ -86.481377156575491, 41.757766045464443 ], [ -86.472789510091118, 41.758900621202287 ], [ -86.468877156575488, 41.761932712131113 ], [ -86.463350762261257, 41.763350931803416 ], [ -86.461932712131045, 41.768877156575556 ], [ -86.458900621202218, 41.772789510091179 ], [ -86.457619222005178, 41.782487657335103 ], [ -86.452947998046838, 41.783534749348988 ], [ -86.447916666666629, 41.779635450575121 ], [ -86.442413330078097, 41.783900621202292 ], [ -86.439456176757773, 41.782766045464442 ], [ -86.434079996744757, 41.778599378797779 ], [ -86.431122843424447, 41.779733954535622 ], [ -86.426137288411425, 41.78359798855255 ], [ -86.424032253689205, 41.775395880805156 ], [ -86.418877156575491, 41.771400621202289 ], [ -86.414456176757781, 41.770266045464446 ], [ -86.406377156575488, 41.763067287868957 ], [ -86.404166666666626, 41.7625 ], [ -86.403315904405346, 41.759184265136753 ], [ -86.4, 41.758333333333368 ], [ -86.399149237738683, 41.755017598470083 ], [ -86.3958333333333, 41.754166666666698 ], [ -86.392062717013857, 41.755134412977462 ], [ -86.388067287868893, 41.760289510091177 ], [ -86.386532253689197, 41.766270785861579 ], [ -86.381377156575482, 41.770266045464446 ], [ -86.375850762261251, 41.771684265136749 ], [ -86.374032253689194, 41.778770785861582 ], [ -86.368877156575479, 41.782766045464442 ], [ -86.366666666666632, 41.783333333333367 ], [ -86.362613932291637, 41.78217451307512 ], [ -86.358950805664023, 41.777160135904978 ], [ -86.357645331488683, 41.754976230197514 ], [ -86.346164279513857, 41.753305223253072 ], [ -86.342284138997357, 41.747993469238317 ], [ -86.341666666666626, 41.7375 ], [ -86.335047743055526, 41.737145148383277 ], [ -86.325353325737808, 41.727424452039962 ], [ -86.324642266167501, 41.72254553900828 ], [ -86.310757785373227, 41.708686659071212 ], [ -86.305908881293362, 41.707980007595516 ], [ -86.298257785373224, 41.700353325737879 ], [ -86.289212036132781, 41.699644300672773 ], [ -86.282980007595455, 41.693381076388924 ], [ -86.283686659071151, 41.689242214626766 ], [ -86.2875, 41.685401916503942 ], [ -86.277424452039895, 41.675353325737881 ], [ -86.272542995876705, 41.674641927083364 ], [ -86.267019992404471, 41.669091118706632 ], [ -86.266666666666637, 41.645833333333364 ], [ -86.268788994683121, 41.645177883572082 ], [ -86.274205864800308, 41.641394212510882 ], [ -86.275757853190072, 41.621569315592481 ], [ -86.299286227756042, 41.620094638400637 ], [ -86.300655449761251, 41.589544338650207 ], [ -86.304107666015597, 41.584601847330759 ], [ -86.297877671983471, 41.582677883572082 ], [ -86.293788994683126, 41.579822116427984 ], [ -86.288483005099792, 41.578183661566868 ], [ -86.2875, 41.575 ], [ -86.285075547960034, 41.574646674262183 ], [ -86.28125, 41.570847913954026 ], [ -86.277424452039895, 41.574646674262183 ], [ -86.272575547960031, 41.575353325737879 ], [ -86.268379720052053, 41.579519992404542 ], [ -86.260075547960028, 41.578813340928853 ], [ -86.256591118706567, 41.575353325737879 ], [ -86.254166666666634, 41.575 ], [ -86.243408881293362, 41.574646674262183 ], [ -86.231591118706561, 41.562853325737876 ], [ -86.229166666666629, 41.5625 ], [ -86.225396050347186, 41.563467746310792 ], [ -86.221400621202221, 41.568622843424514 ], [ -86.219982571072009, 41.574149068196647 ], [ -86.211932712131045, 41.57621493869361 ], [ -86.213134765624957, 41.594926961263056 ], [ -86.220437282986069, 41.596801079644131 ], [ -86.224432712131033, 41.601956176757845 ], [ -86.225567287868884, 41.610543823242217 ], [ -86.229126315646667, 41.61513621012373 ], [ -86.218759833441808, 41.62453901502824 ], [ -86.214710489908811, 41.621400621202291 ], [ -86.2, 41.620833333333366 ], [ -86.200617472330691, 41.618673197428414 ], [ -86.204784138997354, 41.612969122992652 ], [ -86.203549194335906, 41.610339864095081 ], [ -86.200617472330691, 41.606326802571644 ], [ -86.199382527669229, 41.593673197428416 ], [ -86.196450805664028, 41.589660135904978 ], [ -86.194674682617148, 41.583447265625033 ], [ -86.189660305447006, 41.57978430853953 ], [ -86.185339694552908, 41.578549024793865 ], [ -86.172993638780341, 41.567284308539527 ], [ -86.159135945637985, 41.565931532118086 ], [ -86.157333713107604, 41.553549024793867 ], [ -86.152006361219577, 41.554784308539524 ], [ -86.146302625868017, 41.558950975206194 ], [ -86.118673027886246, 41.557715691460537 ], [ -86.114660305447018, 41.554784308539524 ], [ -86.10200636121958, 41.553549024793867 ], [ -86.097993638780338, 41.550617641872861 ], [ -86.092593044704827, 41.549073621961838 ], [ -86.091049194335895, 41.543673197428419 ], [ -86.08806152343746, 41.539583333333361 ], [ -86.092284138997357, 41.533802456325986 ], [ -86.091049194335895, 41.531173197428416 ], [ -86.083890109591977, 41.522923278808626 ], [ -86.088117472330694, 41.517135789659321 ], [ -86.085649617512985, 41.511882358127203 ], [ -86.077006361219574, 41.51311764187286 ], [ -86.071302625868015, 41.51728430853953 ], [ -86.064506361219586, 41.516049024793865 ], [ -86.060493638780343, 41.51311764187286 ], [ -86.052006361219583, 41.511882358127203 ], [ -86.047993638780341, 41.508950975206197 ], [ -86.043673027886243, 41.507715691460533 ], [ -86.039660305447015, 41.504784308539527 ], [ -86.035339694552917, 41.50354902479387 ], [ -86.03125, 41.500561523437533 ], [ -86.02546929253468, 41.504784308539527 ], [ -86.006173027886248, 41.50354902479387 ], [ -86.000469292534689, 41.4993823581272 ], [ -85.993673027886246, 41.500617641872864 ], [ -85.989660305447018, 41.50354902479387 ], [ -85.960339694552914, 41.504784308539527 ], [ -85.956326972113672, 41.507715691460533 ], [ -85.954166666666652, 41.508333333333361 ], [ -85.954519992404485, 41.505908881293436 ], [ -85.958686659071162, 41.501712883843346 ], [ -85.957980007595467, 41.493408881293433 ], [ -85.950353325737822, 41.485757785373295 ], [ -85.95, 41.483333333333363 ], [ -85.950967746310738, 41.479562547471822 ], [ -85.957586669921852, 41.474432712131104 ], [ -85.960543823242162, 41.475567287868955 ], [ -85.965920003255192, 41.479733954535618 ], [ -85.97820502387151, 41.478499518500463 ], [ -85.98693271213105, 41.468877156575552 ], [ -85.988409254285997, 41.463123575846382 ], [ -86.0, 41.4625 ], [ -85.999646674262124, 41.455908881293432 ], [ -85.995847913953966, 41.452083333333363 ], [ -85.999646674262124, 41.448257785373293 ], [ -86.0, 41.441666666666698 ], [ -85.991666666666632, 41.441666666666698 ], [ -85.989456176757784, 41.441099378797773 ], [ -85.985543823242168, 41.438067287868954 ], [ -85.96028951009113, 41.43693271213111 ], [ -85.956377156575499, 41.433900621202284 ], [ -85.947789510091127, 41.43276604546444 ], [ -85.943877156575496, 41.429733954535621 ], [ -85.934179009331572, 41.428452724880671 ], [ -85.933108690049892, 41.423678249783016 ], [ -85.941099378797716, 41.414710489908884 ], [ -85.942233954535567, 41.406122843424512 ], [ -85.94640062120223, 41.400746663411489 ], [ -85.945159573025151, 41.388396369086401 ], [ -85.939456176757787, 41.386932712131106 ], [ -85.93554382324217, 41.383900621202287 ], [ -85.931122843424461, 41.382766045464436 ], [ -85.92721048990883, 41.379733954535624 ], [ -85.909312438964818, 41.378533935546905 ], [ -85.904733954535573, 41.37304382324222 ], [ -85.903599378797722, 41.368622843424511 ], [ -85.899432712131059, 41.363246663411488 ], [ -85.900567287868896, 41.360289510091178 ], [ -85.903599378797722, 41.356377156575547 ], [ -85.904733954535573, 41.32695617675784 ], [ -85.911932712131048, 41.318877156575553 ], [ -85.913067287868898, 41.314456176757844 ], [ -85.916099378797725, 41.310543823242213 ], [ -85.916666666666643, 41.308333333333366 ], [ -85.912895880805095, 41.307365587022602 ], [ -85.908900621202235, 41.30221048990888 ], [ -85.907417636447462, 41.296431816948811 ], [ -85.8875, 41.295833333333363 ], [ -85.888155449761257, 41.302122328016523 ], [ -85.891910807291637, 41.307498847113742 ], [ -85.872877671983488, 41.308988783094648 ], [ -85.864622328016466, 41.316011216905409 ], [ -85.860377671983485, 41.317322116427981 ], [ -85.85058152940536, 41.325655449761314 ], [ -85.83537767198348, 41.324344550238742 ], [ -85.830468410915771, 41.320915391710102 ], [ -85.821488783094594, 41.331211005316867 ], [ -85.819518534342421, 41.3375912136502 ], [ -85.814622328016469, 41.341011216905414 ], [ -85.8125, 41.341666666666697 ], [ -85.801742214626714, 41.342019992404545 ], [ -85.798257785373238, 41.345480007595512 ], [ -85.793408881293374, 41.346186659071208 ], [ -85.789212883843291, 41.350353325737878 ], [ -85.776742214626708, 41.349646674262182 ], [ -85.772916666666646, 41.345847913954024 ], [ -85.768379550509962, 41.350353325737878 ], [ -85.764242214626705, 41.349646674262182 ], [ -85.760757785373244, 41.346186659071208 ], [ -85.743408881293377, 41.345480007595512 ], [ -85.739924452039901, 41.342019992404545 ], [ -85.7375, 41.341666666666697 ], [ -85.736362881130617, 41.346097988552543 ], [ -85.73125, 41.342135450575114 ], [ -85.725967746310744, 41.346229214138482 ], [ -85.724149068196596, 41.353315734863308 ], [ -85.717517598470025, 41.355017598470084 ], [ -85.715804714626714, 41.361692301432321 ], [ -85.709548272026879, 41.363067287868951 ], [ -85.70748240152993, 41.355017598470084 ], [ -85.700850931803359, 41.353315734863308 ], [ -85.69914906819659, 41.346684265136751 ], [ -85.69362284342445, 41.345266045464442 ], [ -85.689710489908833, 41.342233954535622 ], [ -85.682586669921847, 41.341099378797772 ], [ -85.67721048990883, 41.345266045464442 ], [ -85.646746656629745, 41.346440802680149 ], [ -85.645266045464382, 41.352210489908884 ], [ -85.641270785861522, 41.357365587022599 ], [ -85.635289510091127, 41.358900621202288 ], [ -85.621736823187902, 41.371479119194909 ], [ -85.62026604546439, 41.377210489908883 ], [ -85.613067287868901, 41.385289510091177 ], [ -85.6125, 41.3875 ], [ -85.6125, 41.391666666666694 ], [ -85.605023362901449, 41.391001553005673 ], [ -85.603965250651015, 41.386281331380239 ], [ -85.608900621202238, 41.379913330078153 ], [ -85.607688903808565, 41.363403828938829 ], [ -85.601956176757781, 41.361932712131107 ], [ -85.598043823242165, 41.358900621202288 ], [ -85.593622843424455, 41.357766045464437 ], [ -85.585543823242162, 41.350567287868955 ], [ -85.575919426812035, 41.349295722113744 ], [ -85.57140062120223, 41.343877156575552 ], [ -85.570129055447026, 41.334252760145432 ], [ -85.564710489908833, 41.329733954535619 ], [ -85.554166666666646, 41.329166666666694 ], [ -85.553599378797713, 41.322789510091177 ], [ -85.550567287868901, 41.318877156575553 ], [ -85.549149068196584, 41.313350931803413 ], [ -85.543622843424458, 41.311932712131103 ], [ -85.535425482855871, 41.304628499348986 ], [ -85.529913330078102, 41.308900621202284 ], [ -85.518622843424453, 41.30776604546444 ], [ -85.510543823242159, 41.300567287868951 ], [ -85.50612284342445, 41.299432712131107 ], [ -85.500746663411434, 41.295266045464437 ], [ -85.497789510091124, 41.296400621202288 ], [ -85.493162367078966, 41.299986775716178 ], [ -85.488067287868901, 41.293877156575547 ], [ -85.486285061306404, 41.286932712131104 ], [ -85.476956176757781, 41.288067287868955 ], [ -85.471579996744765, 41.292233954535618 ], [ -85.464456176757793, 41.291099378797774 ], [ -85.456377156575499, 41.283900621202285 ], [ -85.45039588080509, 41.282365587022596 ], [ -85.44640062120223, 41.277210489908882 ], [ -85.445833333333312, 41.266666666666694 ], [ -85.433333333333309, 41.266666666666694 ], [ -85.432369147406661, 41.269869147406716 ], [ -85.427031622992601, 41.271476067437092 ], [ -85.422968377007351, 41.274357265896299 ], [ -85.408622572157086, 41.275820583767391 ], [ -85.404809400770375, 41.281198289659315 ], [ -85.403523932562905, 41.285468377007405 ], [ -85.400642734103712, 41.289531622992648 ], [ -85.399357265896242, 41.293801710340745 ], [ -85.396476067437035, 41.297864956325981 ], [ -85.395190599229579, 41.302135043674078 ], [ -85.38814273410371, 41.310364956325984 ], [ -85.386051940917937, 41.317309400770426 ], [ -85.381198289659267, 41.316023932562963 ], [ -85.377135043674016, 41.313142734103764 ], [ -85.368698289659264, 41.311857265896293 ], [ -85.3645833333333, 41.308939446343345 ], [ -85.360468377007351, 41.311857265896293 ], [ -85.353523932562908, 41.313948059082058 ], [ -85.354809400770378, 41.322968377007406 ], [ -85.366023932562911, 41.335364956325982 ], [ -85.367309400770367, 41.343801710340742 ], [ -85.371083577473925, 41.349124484592046 ], [ -85.356198289659261, 41.350642734103765 ], [ -85.347968377007348, 41.357690599229628 ], [ -85.339531622992595, 41.358976067437098 ], [ -85.335468377007345, 41.361857265896298 ], [ -85.325219387478271, 41.363418918185793 ], [ -85.321476067437032, 41.368698289659321 ], [ -85.319803195529488, 41.374255032009579 ], [ -85.305196804470455, 41.375744967990478 ], [ -85.303523932562911, 41.381301710340743 ], [ -85.296476067437041, 41.389531622992649 ], [ -85.294869147406658, 41.394869147406716 ], [ -85.291666666666643, 41.395833333333364 ], [ -85.283333333333303, 41.395833333333364 ], [ -85.282715691460481, 41.38533986409508 ], [ -85.279784308539462, 41.381326802571643 ], [ -85.278372531466985, 41.371627468533013 ], [ -85.266049024793816, 41.369833713107667 ], [ -85.277006530761696, 41.358950975206191 ], [ -85.282406955295116, 41.357406955295168 ], [ -85.284259711371504, 41.350926378038224 ], [ -85.289660135904924, 41.349382358127201 ], [ -85.297839864095025, 41.342284308539526 ], [ -85.304166666666646, 41.341666666666697 ], [ -85.310543823242156, 41.341099378797772 ], [ -85.32017856174042, 41.33236033121748 ], [ -85.321494547526015, 41.317566257052981 ], [ -85.328189256456142, 41.315848117404542 ], [ -85.32973395453557, 41.31156277126739 ], [ -85.32140062120223, 41.30221048990888 ], [ -85.320266045464379, 41.294896104600724 ], [ -85.328704833984347, 41.285425482855935 ], [ -85.325567287868893, 41.281377156575552 ], [ -85.324432712131056, 41.276956176757842 ], [ -85.319823371039462, 41.2714291042752 ], [ -85.3, 41.270833333333364 ], [ -85.293408881293374, 41.270480007595516 ], [ -85.289924452039898, 41.267019992404542 ], [ -85.285075547960048, 41.266313340928846 ], [ -85.281591118706572, 41.262853325737879 ], [ -85.27916666666664, 41.2625 ], [ -85.243660651312908, 41.26310509575741 ], [ -85.23967268202037, 41.266061570909315 ], [ -85.234036593966991, 41.267631022135447 ], [ -85.232613796657958, 41.282540045844215 ], [ -85.224241977267766, 41.283777194552982 ], [ -85.218839348687041, 41.279771762424076 ], [ -85.214493984646239, 41.278561570909318 ], [ -85.210506015353701, 41.275605095757406 ], [ -85.2, 41.275 ], [ -85.19246927897133, 41.274264865451414 ], [ -85.191049024793813, 41.26450653076175 ], [ -85.188117641872807, 41.260493469238313 ], [ -85.186882358127136, 41.256173197428417 ], [ -85.18395097520613, 41.25216013590498 ], [ -85.182565138075063, 41.242638312445777 ], [ -85.17592637803817, 41.240740288628501 ], [ -85.174382358127147, 41.235339864095081 ], [ -85.167223273383215, 41.227089945475292 ], [ -85.170907931857613, 41.222045898437528 ], [ -85.164506530761685, 41.220215691460531 ], [ -85.160416666666634, 41.217228190104194 ], [ -85.156326972113689, 41.220215691460531 ], [ -85.1458333333333, 41.22083333333336 ], [ -85.146400621202233, 41.210289510091172 ], [ -85.149432712131045, 41.206377156575549 ], [ -85.150632731119757, 41.188479105631536 ], [ -85.156254069010387, 41.183791097005233 ], [ -85.165077209472628, 41.191652764214439 ], [ -85.182766045464376, 41.173043823242217 ], [ -85.183900621202227, 41.168622843424508 ], [ -85.186932712131053, 41.164710489908884 ], [ -85.188467746310735, 41.158729214138482 ], [ -85.19362284342445, 41.154733954535615 ], [ -85.203279283311602, 41.153458319769996 ], [ -85.204733954535556, 41.147789510091172 ], [ -85.216099378797708, 41.135543823242216 ], [ -85.21666666666664, 41.129166666666691 ], [ -85.220833333333303, 41.129166666666691 ], [ -85.221568806966118, 41.121633232964435 ], [ -85.227006530761685, 41.117284138997427 ], [ -85.232921006944423, 41.115593126085095 ], [ -85.253549024793813, 41.093826972113746 ], [ -85.25478430853947, 41.089506361219648 ], [ -85.257715691460476, 41.085493638780406 ], [ -85.258950975206133, 41.072839694552982 ], [ -85.261882358127139, 41.06882697211374 ], [ -85.263117641872796, 41.060339694552979 ], [ -85.266741265190944, 41.055379231770857 ], [ -85.259050496419249, 41.053180270724852 ], [ -85.257715691460476, 41.039506361219644 ], [ -85.250617641872807, 41.031326972113746 ], [ -85.249190436469149, 41.021521335177979 ], [ -85.225809563530788, 41.020145331488742 ], [ -85.22413855658634, 41.008664279513916 ], [ -85.21875, 41.004728190104196 ], [ -85.21296912299259, 41.008950805664092 ], [ -85.200981648762991, 41.007600233289956 ], [ -85.199382358127139, 41.002006361219642 ], [ -85.196450975206133, 40.997993638780407 ], [ -85.19490695529511, 40.99259304470489 ], [ -85.191666666666634, 40.991666666666696 ], [ -85.192246500651009, 40.989468722873291 ], [ -85.195253499348937, 40.985531277126761 ], [ -85.196458943684874, 40.959307861328149 ], [ -85.206135389539895, 40.950579833984399 ], [ -85.211987813313769, 40.949035983615481 ], [ -85.22115156385631, 40.938683403862875 ], [ -85.211920166015602, 40.936247762044296 ], [ -85.213385179307693, 40.929789225260443 ], [ -85.229166666666643, 40.929166666666696 ], [ -85.228510708279046, 40.92179328070749 ], [ -85.223043823242165, 40.917233954535618 ], [ -85.216099378797708, 40.915451727973114 ], [ -85.217233954535558, 40.910289510091175 ], [ -85.221097988552486, 40.905303955078153 ], [ -85.21666666666664, 40.90416666666669 ], [ -85.215815734863256, 40.900850762261314 ], [ -85.209184265136685, 40.89914923773874 ], [ -85.207365587022537, 40.892062717013914 ], [ -85.202210489908822, 40.88806728786895 ], [ -85.197789510091113, 40.886932712131099 ], [ -85.193877156575496, 40.88390062120228 ], [ -85.187895880805087, 40.882365587022598 ], [ -85.183900621202227, 40.877210489908883 ], [ -85.182766045464376, 40.872789510091174 ], [ -85.179733954535564, 40.86887715657555 ], [ -85.178599378797713, 40.864456176757841 ], [ -85.175468783908386, 40.860416666666694 ], [ -85.179733954535564, 40.854913330078148 ], [ -85.178599378797713, 40.851956176757838 ], [ -85.17443271213105, 40.846579996744815 ], [ -85.176006740993898, 40.842477756076413 ], [ -85.179166666666632, 40.84166666666669 ], [ -85.17854902479381, 40.839506361219641 ], [ -85.171450975206142, 40.831326972113743 ], [ -85.169906955295104, 40.825926378038218 ], [ -85.162796698676189, 40.823893568250895 ], [ -85.154784138997371, 40.814660305447077 ], [ -85.153549194335909, 40.810339694552979 ], [ -85.150617472330694, 40.806326972113737 ], [ -85.149205864800322, 40.796627468533011 ], [ -85.139506361219588, 40.795215861002632 ], [ -85.135493638780346, 40.792284138997424 ], [ -85.129166666666634, 40.791666666666693 ], [ -85.128267076280352, 40.788161214192733 ], [ -85.120833333333309, 40.7875 ], [ -85.119982571072015, 40.78418409559464 ], [ -85.113145616319414, 40.782429673936655 ], [ -85.100567287868898, 40.768877156575549 ], [ -85.1, 40.766666666666694 ], [ -85.095833333333303, 40.766666666666694 ], [ -85.094982571072023, 40.763350762261311 ], [ -85.089456176757778, 40.761932712131099 ], [ -85.081377156575485, 40.754733954535617 ], [ -85.07695617675779, 40.753599378797766 ], [ -85.073043823242159, 40.750567287868947 ], [ -85.064456176757787, 40.749432712131103 ], [ -85.060543823242156, 40.746400621202284 ], [ -85.054562717013866, 40.744865587022595 ], [ -85.050567287868887, 40.73971048990888 ], [ -85.05, 40.7375 ], [ -85.05, 40.729166666666693 ], [ -85.049646674262121, 40.718408881293428 ], [ -85.042019992404491, 40.710757785373289 ], [ -85.041666666666643, 40.708333333333357 ], [ -85.035289510091118, 40.707766045464432 ], [ -85.023043823242162, 40.69640062120228 ], [ -85.017517428927917, 40.694982571072075 ], [ -85.015747070312472, 40.688082885742212 ], [ -85.006377156575496, 40.679733954535614 ], [ -85.001956176757787, 40.67859937879777 ], [ -84.998043823242156, 40.675567287868951 ], [ -84.980072360568542, 40.674362182617209 ], [ -84.978029378255172, 40.666402180989607 ], [ -84.971579996744765, 40.671400621202281 ], [ -84.967477756076363, 40.669826592339433 ], [ -84.965698920355877, 40.662896050347243 ], [ -84.959470621744757, 40.658068847656274 ], [ -84.957118394639721, 40.667233954535618 ], [ -84.947789510091113, 40.666099378797767 ], [ -84.943877156575496, 40.663067287868948 ], [ -84.925978936089379, 40.661867268880229 ], [ -84.921400621202224, 40.656377156575545 ], [ -84.920266045464373, 40.651956176757835 ], [ -84.917233954535561, 40.648043823242212 ], [ -84.916099378797711, 40.63945617675784 ], [ -84.913067287868898, 40.635543823242209 ], [ -84.911932712131048, 40.631122843424507 ], [ -84.908900621202221, 40.627210489908876 ], [ -84.908333333333303, 40.625 ], [ -84.90501742892792, 40.624149237738742 ], [ -84.90416666666664, 40.620833333333358 ], [ -84.901742214626708, 40.621186659071206 ], [ -84.897546386718716, 40.625353325737869 ], [ -84.893408881293368, 40.624646674262173 ], [ -84.889924452039907, 40.621186659071206 ], [ -84.885075547960042, 40.620480007595511 ], [ -84.881591118706567, 40.617019992404536 ], [ -84.875, 40.616666666666688 ], [ -84.868408881293377, 40.617019992404536 ], [ -84.864213053385384, 40.621186659071206 ], [ -84.860075547960037, 40.620480007595511 ], [ -84.85625, 40.616681247287353 ], [ -84.851713053385382, 40.621186659071206 ], [ -84.822575547960042, 40.620480007595511 ], [ -84.81875, 40.616681247287353 ], [ -84.814582655164898, 40.620819769965301 ], [ -84.802424452039901, 40.608686659071203 ], [ -84.7625, 40.608333333333356 ], [ -84.762141927083306, 40.605876329210091 ], [ -84.756591118706567, 40.600353325737871 ], [ -84.747575547960039, 40.599646674262175 ], [ -84.744091118706564, 40.596186659071208 ], [ -84.733333333333306, 40.59583333333336 ], [ -84.718622843424441, 40.596400621202278 ], [ -84.714710489908825, 40.599432712131097 ], [ -84.706122843424453, 40.600567287868948 ], [ -84.700746663411422, 40.604733954535611 ], [ -84.697789510091113, 40.603599378797767 ], [ -84.693877156575482, 40.600567287868948 ], [ -84.680066257052914, 40.599338785807312 ], [ -84.678315904405352, 40.592517428927977 ], [ -84.675, 40.59166666666669 ], [ -84.674382527669238, 40.581173027886308 ], [ -84.671450805664023, 40.577160305447073 ], [ -84.670022243923583, 40.567343139648457 ], [ -84.642667304144936, 40.56599968804256 ], [ -84.640454101562469, 40.558258734809051 ], [ -84.633802625868029, 40.563117472330752 ], [ -84.622839694552923, 40.561882527669297 ], [ -84.618826972113681, 40.558950805664082 ], [ -84.579166666666637, 40.558333333333358 ], [ -84.568408881293365, 40.557980007595511 ], [ -84.564924452039904, 40.554519992404536 ], [ -84.543408881293374, 40.553813340928841 ], [ -84.539924452039898, 40.550353325737873 ], [ -84.52916666666664, 40.55 ], [ -84.528267076280343, 40.553505452473985 ], [ -84.5208333333333, 40.554166666666688 ], [ -84.510251871744757, 40.554696316189258 ], [ -84.506414794921838, 40.557803683810789 ], [ -84.468585205078085, 40.558862982855928 ], [ -84.464748128255181, 40.561970350477452 ], [ -84.461416965060735, 40.563029649522591 ], [ -84.451100667317675, 40.553652954101587 ], [ -84.446605767144064, 40.555053032769123 ], [ -84.445833333333297, 40.558333333333358 ], [ -84.430908881293362, 40.557980007595511 ], [ -84.423257785373224, 40.550353325737873 ], [ -84.4125, 40.55 ], [ -84.411932712131048, 40.531122843424505 ], [ -84.408801947699615, 40.527083333333358 ], [ -84.411932712131048, 40.523043823242212 ], [ -84.413067287868884, 40.514456176757832 ], [ -84.416099378797711, 40.510543823242209 ], [ -84.417233954535561, 40.5061228434245 ], [ -84.42973395453555, 40.492654758029538 ], [ -84.428599378797713, 40.489456176757834 ], [ -84.425468614366281, 40.485416666666687 ], [ -84.42973395453555, 40.479913330078148 ], [ -84.428599378797713, 40.476956176757838 ], [ -84.424432712131036, 40.471579996744815 ], [ -84.425567287868887, 40.468622843424498 ], [ -84.428599378797713, 40.464710489908875 ], [ -84.42973395453555, 40.456122843424502 ], [ -84.432766045464376, 40.452210489908879 ], [ -84.433900621202227, 40.4436228434245 ], [ -84.441099378797702, 40.435543823242213 ], [ -84.442233954535553, 40.414456176757838 ], [ -84.445266045464379, 40.410543823242207 ], [ -84.446684095594577, 40.405017428927977 ], [ -84.45, 40.40416666666669 ], [ -84.449149237738681, 40.400850762261307 ], [ -84.442517428927914, 40.39914923773874 ], [ -84.440698920355871, 40.392062717013914 ], [ -84.435543823242156, 40.388067287868942 ], [ -84.431122843424447, 40.386932712131099 ], [ -84.427210489908816, 40.38390062120228 ], [ -84.414456176757781, 40.382766045464429 ], [ -84.410543823242151, 40.37973395453561 ], [ -84.4, 40.379166666666691 ], [ -84.3958333333333, 40.379166666666691 ], [ -84.393622843424438, 40.37973395453561 ], [ -84.389710489908822, 40.382766045464429 ], [ -84.385289510091113, 40.38390062120228 ], [ -84.381377156575482, 40.386932712131099 ], [ -84.375850762261251, 40.388350762261304 ], [ -84.374432712131039, 40.393877156575542 ], [ -84.36723395453555, 40.401956176757835 ], [ -84.365767076280349, 40.407672119140649 ], [ -84.351956176757781, 40.408900621202278 ], [ -84.348043823242151, 40.411932712131097 ], [ -84.331122843424438, 40.413067287868948 ], [ -84.327210489908822, 40.416099378797767 ], [ -84.31862284342445, 40.417233954535611 ], [ -84.314710489908819, 40.42026604546443 ], [ -84.3125, 40.420833333333356 ], [ -84.301993815104126, 40.421438259548637 ], [ -84.298006184895797, 40.424395073784744 ], [ -84.284126790364553, 40.425719536675366 ], [ -84.282889472113681, 40.434091525607663 ], [ -84.287620713975656, 40.440472751193596 ], [ -84.281160481770797, 40.442271592881966 ], [ -84.275540500216977, 40.446438259548636 ], [ -84.250977240668362, 40.445176188151066 ], [ -84.249035644531219, 40.438203260633699 ], [ -84.241666666666632, 40.4375 ], [ -84.240767076280349, 40.441005452473981 ], [ -84.225899590386248, 40.442327880859395 ], [ -84.224149237738686, 40.449149237738737 ], [ -84.217062717013846, 40.450967746310788 ], [ -84.213067287868881, 40.456122843424502 ], [ -84.211649237738683, 40.46164923773874 ], [ -84.206122843424438, 40.463067287868945 ], [ -84.198043823242145, 40.470266045464435 ], [ -84.195833333333297, 40.470833333333353 ], [ -84.192517428927914, 40.47168409559464 ], [ -84.191666666666634, 40.475 ], [ -84.185075547960039, 40.475353325737871 ], [ -84.177424452039901, 40.482980007595508 ], [ -84.172575547960037, 40.483686659071203 ], [ -84.169091118706561, 40.487146674262178 ], [ -84.164242214626697, 40.487853325737873 ], [ -84.160757785373221, 40.491313340928841 ], [ -84.155908881293371, 40.492019992404536 ], [ -84.144091118706555, 40.503813340928843 ], [ -84.139242214626705, 40.504519992404539 ], [ -84.133691406249966, 40.510042995876759 ], [ -84.133333333333297, 40.5125 ], [ -84.131122843424436, 40.51306728786895 ], [ -84.127210489908819, 40.516099378797769 ], [ -84.12278951009111, 40.517233954535612 ], [ -84.114710489908816, 40.524432712131102 ], [ -84.110289510091107, 40.525567287868945 ], [ -84.102210489908813, 40.532766045464435 ], [ -84.093622843424441, 40.533900621202278 ], [ -84.081377156575485, 40.54526604546443 ], [ -84.071752929687463, 40.546537611219641 ], [ -84.067233954535553, 40.551956176757834 ], [ -84.065779283311599, 40.557624986436657 ], [ -84.056122843424447, 40.558900621202284 ], [ -84.052210489908816, 40.561932712131096 ], [ -84.05, 40.5625 ], [ -84.049646674262135, 40.564924452039953 ], [ -84.046186659071154, 40.568408881293429 ], [ -84.045480007595458, 40.573257785373286 ], [ -84.039956834581147, 40.578808593750026 ], [ -84.035075547960048, 40.579519992404535 ], [ -84.02535773383245, 40.589211697048633 ], [ -84.025, 40.59166666666669 ], [ -84.018408881293382, 40.592019992404538 ], [ -84.014924452039907, 40.595480007595512 ], [ -84.0125, 40.59583333333336 ], [ -84.011612616644939, 40.599291653103322 ], [ -84.001956176757787, 40.600567287868948 ], [ -83.99804382324217, 40.603599378797767 ], [ -83.995833333333309, 40.604166666666693 ], [ -83.976716105143211, 40.604520331488736 ], [ -83.962853325737825, 40.618408881293426 ], [ -83.962146674262129, 40.623257785373291 ], [ -83.958686659071162, 40.626742214626759 ], [ -83.957978481716552, 40.639953613281271 ], [ -83.952424452039907, 40.645480007595509 ], [ -83.95, 40.645833333333357 ], [ -83.935075547960054, 40.645480007595509 ], [ -83.931591118706578, 40.642019992404535 ], [ -83.918408881293374, 40.641313340928846 ], [ -83.914924452039912, 40.637853325737872 ], [ -83.910785590277754, 40.637146674262176 ], [ -83.904524739583309, 40.643376329210092 ], [ -83.90416666666664, 40.645833333333357 ], [ -83.904519992404488, 40.652424452039952 ], [ -83.908318752712646, 40.65625 ], [ -83.904519992404488, 40.660075547960091 ], [ -83.903813340928792, 40.669091118706618 ], [ -83.892019992404485, 40.680908881293426 ], [ -83.891313340928804, 40.685757785373291 ], [ -83.887514580620632, 40.68958333333336 ], [ -83.891313340928804, 40.693408881293429 ], [ -83.892019992404485, 40.697546386718777 ], [ -83.887853325737822, 40.701742214626762 ], [ -83.887146674262127, 40.705882432725716 ], [ -83.895480007595467, 40.714242214626758 ], [ -83.895833333333314, 40.72083333333336 ], [ -83.893408881293382, 40.721186659071208 ], [ -83.889924452039907, 40.724646674262175 ], [ -83.854166666666643, 40.725 ], [ -83.830908881293382, 40.724646674262175 ], [ -83.823257785373244, 40.717019992404538 ], [ -83.805908881293377, 40.716313340928842 ], [ -83.802424452039901, 40.712853325737875 ], [ -83.766666666666637, 40.7125 ], [ -83.743408881293377, 40.712853325737875 ], [ -83.739212883843294, 40.717019992404538 ], [ -83.735075547960051, 40.716313340928842 ], [ -83.730879550509954, 40.712146674262179 ], [ -83.726742214626711, 40.712853325737875 ], [ -83.722916666666649, 40.716652086046032 ], [ -83.719091118706572, 40.712853325737875 ], [ -83.7125, 40.7125 ], [ -83.710339864095033, 40.711882527669296 ], [ -83.702160135904919, 40.704784138997418 ], [ -83.696193610297286, 40.703078545464436 ], [ -83.683950975206145, 40.68966030544707 ], [ -83.682530721028627, 40.679901801215301 ], [ -83.668673197428362, 40.678549194335965 ], [ -83.664660135904924, 40.675617472330757 ], [ -83.654960801866295, 40.674205864800371 ], [ -83.653354220920107, 40.663167995876762 ], [ -83.6375, 40.6625 ], [ -83.626956176757787, 40.661932712131097 ], [ -83.623043823242156, 40.658900621202278 ], [ -83.610289510091121, 40.657766045464435 ], [ -83.604913330078105, 40.653599378797765 ], [ -83.593622843424455, 40.654733954535615 ], [ -83.589710489908825, 40.657766045464435 ], [ -83.580054050021673, 40.659041680230061 ], [ -83.578599378797719, 40.664710489908877 ], [ -83.575567287868893, 40.668622843424501 ], [ -83.57414906819659, 40.674149237738739 ], [ -83.570833333333312, 40.675 ], [ -83.56862284342445, 40.6744327121311 ], [ -83.564583333333303, 40.671301947699675 ], [ -83.559079996744771, 40.675567287868951 ], [ -83.556122843424447, 40.6744327121311 ], [ -83.55221048990883, 40.671400621202281 ], [ -83.547789510091121, 40.67026604546443 ], [ -83.543877156575491, 40.667233954535618 ], [ -83.539456176757781, 40.666099378797767 ], [ -83.535543823242165, 40.663067287868948 ], [ -83.528599378797722, 40.661285061306451 ], [ -83.529733954535558, 40.647789510091172 ], [ -83.532766045464385, 40.643877156575542 ], [ -83.533333333333303, 40.641666666666694 ], [ -83.533333333333303, 40.6375 ], [ -83.531198289659258, 40.636857096354191 ], [ -83.527076382107182, 40.633934529622422 ], [ -83.510468377007356, 40.649357096354194 ], [ -83.506198289659267, 40.65064290364586 ], [ -83.502083333333303, 40.653560384114606 ], [ -83.497968377007354, 40.65064290364586 ], [ -83.488264804416204, 40.6491641574436 ], [ -83.486719936794685, 40.634018961588566 ], [ -83.46666666666664, 40.633333333333354 ], [ -83.443408881293379, 40.632980007595506 ], [ -83.439924452039904, 40.629519992404539 ], [ -83.4375, 40.629166666666691 ], [ -83.426742214626714, 40.628813340928843 ], [ -83.423257785373238, 40.625353325737869 ], [ -83.418408881293374, 40.624646674262173 ], [ -83.414924452039898, 40.621186659071206 ], [ -83.405908881293371, 40.620480007595511 ], [ -83.398257785373232, 40.612853325737873 ], [ -83.389242214626705, 40.612146674262178 ], [ -83.385757785373244, 40.608686659071203 ], [ -83.380908881293379, 40.607980007595508 ], [ -83.377424452039904, 40.604519992404541 ], [ -83.335075547960045, 40.603813340928845 ], [ -83.331591118706569, 40.600353325737871 ], [ -83.325, 40.6 ], [ -83.305908881293377, 40.600353325737871 ], [ -83.301712883843294, 40.604519992404541 ], [ -83.247575547960039, 40.603813340928845 ], [ -83.235757785373238, 40.592019992404538 ], [ -83.230908881293374, 40.591313340928842 ], [ -83.226712883843291, 40.587146674262179 ], [ -83.222575547960048, 40.587853325737868 ], [ -83.219091118706572, 40.591313340928842 ], [ -83.21666666666664, 40.59166666666669 ], [ -83.216313340928792, 40.594091118706622 ], [ -83.208686659071148, 40.601742214626761 ], [ -83.207980007595452, 40.623257785373291 ], [ -83.204519992404485, 40.626742214626759 ], [ -83.204166666666637, 40.629166666666691 ], [ -83.201742214626705, 40.629519992404539 ], [ -83.196191406249966, 40.635042995876759 ], [ -83.195833333333312, 40.6375 ], [ -83.188473002115856, 40.638154771592909 ], [ -83.179733954535564, 40.647789510091172 ], [ -83.178599378797713, 40.660543823242215 ], [ -83.171400621202224, 40.668622843424501 ], [ -83.170266045464388, 40.67304382324221 ], [ -83.167233954535561, 40.676956176757834 ], [ -83.165815734863259, 40.682482571072072 ], [ -83.1625, 40.683333333333358 ], [ -83.161882358127144, 40.68966030544707 ], [ -83.158950975206139, 40.693673027886312 ], [ -83.157715691460481, 40.697993638780403 ], [ -83.154784138997371, 40.702006361219645 ], [ -83.153372531466985, 40.711705864800372 ], [ -83.142201741536425, 40.713331773546031 ], [ -83.133950805664028, 40.722839694552974 ], [ -83.13240695529511, 40.728240288628498 ], [ -83.129166666666634, 40.729166666666693 ], [ -83.127006361219586, 40.728549194335962 ], [ -83.121302625868026, 40.724382527669299 ], [ -83.106173027886257, 40.725617472330754 ], [ -83.102160305447015, 40.728549194335962 ], [ -83.097839694552917, 40.729784138997424 ], [ -83.09375, 40.732771809895858 ], [ -83.087969292534694, 40.728549194335962 ], [ -83.067475382486947, 40.729861111111134 ], [ -83.066049194335903, 40.739660305447075 ], [ -83.046450805664037, 40.760339694552975 ], [ -83.045215861002575, 40.764660305447073 ], [ -83.04228413899736, 40.768673027886308 ], [ -83.040508015950493, 40.774886067708358 ], [ -83.035493638780352, 40.778549194335966 ], [ -83.018673027886251, 40.779784138997421 ], [ -83.004973008897537, 40.792284138997424 ], [ -82.99367302788626, 40.791049194335962 ], [ -82.989574856228273, 40.788055419921903 ], [ -82.975806342230868, 40.800617472330757 ], [ -82.960339694552914, 40.799382527669295 ], [ -82.950736829969586, 40.791049194335962 ], [ -82.947839694552925, 40.792284138997424 ], [ -82.942879231770803, 40.795907931857663 ], [ -82.941666666666634, 40.791666666666693 ], [ -82.935075547960039, 40.792019992404541 ], [ -82.930879720052047, 40.796186659071203 ], [ -82.918408881293374, 40.795480007595515 ], [ -82.914924452039898, 40.792019992404541 ], [ -82.910075547960034, 40.791313340928845 ], [ -82.906591118706572, 40.787853325737871 ], [ -82.901742214626708, 40.787146674262175 ], [ -82.898257785373232, 40.783686659071208 ], [ -82.8958333333333, 40.78333333333336 ], [ -82.889242214626705, 40.783686659071208 ], [ -82.885046386718713, 40.787853325737871 ], [ -82.880908881293365, 40.787146674262175 ], [ -82.876713053385387, 40.782980007595512 ], [ -82.872575547960039, 40.783686659071208 ], [ -82.868379720052047, 40.787853325737871 ], [ -82.864242214626699, 40.787146674262175 ], [ -82.860757785373238, 40.783686659071208 ], [ -82.85, 40.78333333333336 ], [ -82.843673027886254, 40.783950805664091 ], [ -82.834070163302925, 40.792284138997424 ], [ -82.82549099392358, 40.790784030490478 ], [ -82.817284138997366, 40.781326972113739 ], [ -82.815508015950485, 40.775113932291688 ], [ -82.810493638780343, 40.771450805664088 ], [ -82.800971815321148, 40.770064968533013 ], [ -82.798841349283819, 40.762613932291693 ], [ -82.793826972113678, 40.758950805664085 ], [ -82.781173027886254, 40.75771586100263 ], [ -82.777083333333309, 40.754728190104188 ], [ -82.772993638780349, 40.75771586100263 ], [ -82.760339694552925, 40.758950805664085 ], [ -82.754635959201352, 40.763117472330755 ], [ -82.730166286892327, 40.761829291449679 ], [ -82.728008015950493, 40.75428059895836 ], [ -82.722993638780352, 40.750617472330752 ], [ -82.697839694552925, 40.749382527669297 ], [ -82.693826972113683, 40.74645080566409 ], [ -82.684001329210034, 40.745020887586833 ], [ -82.683333333333294, 40.729166666666693 ], [ -82.675802612304651, 40.729901801215306 ], [ -82.674382527669238, 40.739660305447075 ], [ -82.671450805664023, 40.74367302788631 ], [ -82.670116170247368, 40.757346937391517 ], [ -82.66450636121958, 40.758950805664085 ], [ -82.660493638780352, 40.761882527669293 ], [ -82.658333333333303, 40.7625 ], [ -82.650899590386246, 40.763161214192735 ], [ -82.649149237738683, 40.769982571072077 ], [ -82.6458333333333, 40.770833333333357 ], [ -82.646438259548574, 40.777172851562526 ], [ -82.657728407118029, 40.789493815104194 ], [ -82.658938259548577, 40.798006184895861 ], [ -82.661895073784692, 40.80199381510419 ], [ -82.66310492621524, 40.806339518229194 ], [ -82.666061740451354, 40.810327148437523 ], [ -82.667271592881917, 40.82300618489586 ], [ -82.671725124782952, 40.828516303168428 ], [ -82.702172851562466, 40.829771592881968 ], [ -82.710327148437472, 40.836895073784746 ], [ -82.723006184895794, 40.838104926215301 ], [ -82.728057522243887, 40.841850111219642 ], [ -82.730360582139724, 40.85012071397572 ], [ -82.735327148437463, 40.846438259548634 ], [ -82.743839518229137, 40.845228407118078 ], [ -82.749241807725667, 40.841222805447075 ], [ -82.758782280815936, 40.842632717556448 ], [ -82.750533379448754, 40.852075873480928 ], [ -82.75435011121958, 40.857224188910614 ], [ -82.761592610677056, 40.859240722656274 ], [ -82.763104926215249, 40.864672851562524 ], [ -82.766061740451363, 40.86866048177086 ], [ -82.767574055989556, 40.87409261067711 ], [ -82.7708333333333, 40.875 ], [ -82.769982571072021, 40.878315904405405 ], [ -82.766666666666637, 40.879166666666691 ], [ -82.764242214626705, 40.879519992404539 ], [ -82.752424452039904, 40.891313340928846 ], [ -82.747575547960039, 40.892019992404542 ], [ -82.7420247395833, 40.897542995876762 ], [ -82.741313340928784, 40.902424452039959 ], [ -82.737853325737817, 40.905908881293428 ], [ -82.7375, 40.9125 ], [ -82.734184095594586, 40.91335076226131 ], [ -82.732365587022542, 40.920437282986136 ], [ -82.727210489908828, 40.9244327121311 ], [ -82.718622843424441, 40.925567287868951 ], [ -82.714710489908825, 40.92859937879777 ], [ -82.710289510091116, 40.929733954535614 ], [ -82.698043823242159, 40.941099378797773 ], [ -82.69362284342445, 40.942233954535617 ], [ -82.685543823242156, 40.949432712131106 ], [ -82.658333333333303, 40.95 ], [ -82.646742418077224, 40.950623575846379 ], [ -82.644618394639721, 40.958900621202282 ], [ -82.635289510091113, 40.957766045464439 ], [ -82.630303955078091, 40.953902180989608 ], [ -82.628198920355871, 40.962103949652807 ], [ -82.621579996744757, 40.967233954535615 ], [ -82.610289510091107, 40.966099378797772 ], [ -82.598043823242151, 40.954733954535619 ], [ -82.59166666666664, 40.954166666666694 ], [ -82.5875, 40.954166666666694 ], [ -82.586587863498224, 40.950612725151935 ], [ -82.559548272026873, 40.949432712131106 ], [ -82.557766045464376, 40.956377156575549 ], [ -82.55473395453555, 40.960289510091172 ], [ -82.554166666666632, 40.9625 ], [ -82.553808593749963, 40.964957004123292 ], [ -82.548257785373224, 40.970480007595512 ], [ -82.541666666666629, 40.97083333333336 ], [ -82.530908881293371, 40.970480007595512 ], [ -82.527424452039895, 40.967019992404538 ], [ -82.497575547960039, 40.966313340928849 ], [ -82.494091118706564, 40.962853325737875 ], [ -82.480908881293374, 40.962146674262179 ], [ -82.477424452039898, 40.958686659071205 ], [ -82.475, 40.958333333333357 ], [ -82.475353325737814, 40.955908881293432 ], [ -82.478813340928781, 40.952424452039956 ], [ -82.479166666666629, 40.945833333333361 ], [ -82.480017428927923, 40.942517428927978 ], [ -82.483333333333306, 40.941666666666691 ], [ -82.486649237738675, 40.940815904405412 ], [ -82.4875, 40.9375 ], [ -82.486728583441803, 40.929938083224854 ], [ -82.479166666666629, 40.929166666666696 ], [ -82.478029378255172, 40.933597819010444 ], [ -82.472907850477398, 40.929628499348986 ], [ -82.464710489908825, 40.936932712131103 ], [ -82.460289510091116, 40.938067287868947 ], [ -82.454913330078085, 40.942233954535617 ], [ -82.44362284342445, 40.941099378797773 ], [ -82.435543823242156, 40.933900621202284 ], [ -82.421732923719588, 40.932672119140648 ], [ -82.419933742947009, 40.925661214192736 ], [ -82.4125, 40.925 ], [ -82.411932712131048, 40.92721048990888 ], [ -82.404733954535558, 40.935289510091174 ], [ -82.403599378797708, 40.939710489908883 ], [ -82.399012925889721, 40.945210096571209 ], [ -82.378420003255172, 40.946400621202287 ], [ -82.373043823242156, 40.942233954535617 ], [ -82.368622843424447, 40.941099378797773 ], [ -82.360543823242153, 40.933900621202284 ], [ -82.347789510091104, 40.932766045464433 ], [ -82.342803955078097, 40.92890218098961 ], [ -82.340815904405346, 40.936649237738742 ], [ -82.335289510091116, 40.938067287868947 ], [ -82.329903496636248, 40.94255913628475 ], [ -82.328599378797705, 40.950746663411486 ], [ -82.332766045464368, 40.956122843424502 ], [ -82.333900621202218, 40.963246663411482 ], [ -82.329733954535556, 40.968622843424505 ], [ -82.328599378797705, 40.971579996744822 ], [ -82.332766045464368, 40.976956176757838 ], [ -82.333900621202218, 40.990451727973117 ], [ -82.326956176757776, 40.992233954535614 ], [ -82.323043823242159, 40.995266045464433 ], [ -82.314456176757773, 40.996400621202284 ], [ -82.310416666666626, 40.999531385633709 ], [ -82.306377156575479, 40.996400621202284 ], [ -82.299253336588507, 40.995266045464433 ], [ -82.293877156575491, 40.999432712131103 ], [ -82.275905693901876, 41.000637817382838 ], [ -82.274432712131045, 41.006377156575546 ], [ -82.271400621202218, 41.01028951009117 ], [ -82.2708333333333, 41.0125 ], [ -82.2708333333333, 41.016666666666694 ], [ -82.266666666666637, 41.016666666666694 ], [ -82.254166666666634, 41.016666666666694 ], [ -82.243622843424447, 41.016099378797769 ], [ -82.239710489908816, 41.01306728786895 ], [ -82.234184095594586, 41.011649237738744 ], [ -82.232766045464373, 41.006122843424507 ], [ -82.229733954535561, 41.002210489908883 ], [ -82.228267076280346, 40.996494547526069 ], [ -82.220833333333303, 40.995833333333358 ], [ -82.175920274522539, 40.996413845486138 ], [ -82.17378506130639, 41.004733954535617 ], [ -82.143622843424438, 41.003599378797773 ], [ -82.139710489908822, 41.000567287868954 ], [ -82.126956176757773, 40.999432712131103 ], [ -82.123043823242156, 40.996400621202284 ], [ -82.110289510091107, 40.995266045464433 ], [ -82.106377156575491, 40.992233954535614 ], [ -82.091666666666626, 40.991666666666696 ], [ -82.085339694552914, 40.99228413899742 ], [ -82.080325317382773, 40.995947265625027 ], [ -82.078549194335906, 41.002160305447077 ], [ -82.074200100368884, 41.007597859700546 ], [ -82.060339694552908, 41.008950805664092 ], [ -82.056326972113681, 41.0118825276693 ], [ -82.03950636121958, 41.013117472330755 ], [ -82.034491984049438, 41.016780598958363 ], [ -82.032715861002572, 41.022993638780406 ], [ -82.024196709526876, 41.032598198784747 ], [ -82.010339694552911, 41.033950805664091 ], [ -82.002160305447006, 41.041049194335962 ], [ -81.997839694552908, 41.042284138997424 ], [ -81.993826972113681, 41.045215861002632 ], [ -81.989506361219583, 41.046450805664087 ], [ -81.97917005750864, 41.055618964301246 ], [ -81.986882527669238, 41.064506361219642 ], [ -81.988117472330686, 41.071302625868086 ], [ -81.983950805664023, 41.077006361219645 ], [ -81.98253072102861, 41.086764865451414 ], [ -81.967653062608463, 41.088217163085965 ], [ -81.966666666666626, 41.091666666666697 ], [ -81.970124816894511, 41.092554050021732 ], [ -81.971400621202235, 41.102210489908884 ], [ -81.978599378797725, 41.110289510091171 ], [ -81.979733954535561, 41.11471048990888 ], [ -81.98693271213105, 41.122789510091174 ], [ -81.9875, 41.133333333333361 ], [ -81.983333333333306, 41.133333333333361 ], [ -81.972789510091118, 41.132766045464436 ], [ -81.968877156575502, 41.129733954535617 ], [ -81.95922071668835, 41.12845831976999 ], [ -81.958333333333314, 41.125 ], [ -81.954166666666652, 41.125 ], [ -81.947789510091127, 41.124432712131103 ], [ -81.942413330078097, 41.12026604546444 ], [ -81.925993516710051, 41.121471150716175 ], [ -81.913067287868898, 41.135289510091177 ], [ -81.911600409613698, 41.141005452473983 ], [ -81.90416666666664, 41.141666666666694 ], [ -81.903449503580703, 41.134319729275205 ], [ -81.896759711371502, 41.132406955295167 ], [ -81.894745042588951, 41.125360446506107 ], [ -81.881326802571593, 41.113117472330757 ], [ -81.87511393229164, 41.111341349283883 ], [ -81.871450975206145, 41.106326972113742 ], [ -81.869861687554234, 41.100768364800373 ], [ -81.859127468532961, 41.099205864800375 ], [ -81.85747188991968, 41.087830946180581 ], [ -81.852160135904924, 41.083950805664088 ], [ -81.842638312445729, 41.082564968533013 ], [ -81.840695020887566, 41.075768364800375 ], [ -81.831173197428356, 41.0743825276693 ], [ -81.827160135904919, 41.071450805664092 ], [ -81.825, 41.070833333333361 ], [ -81.818408881293379, 41.071186659071209 ], [ -81.814924452039904, 41.074646674262183 ], [ -81.801742214626714, 41.075353325737872 ], [ -81.797546217176631, 41.079519992404542 ], [ -81.789242214626711, 41.078813340928846 ], [ -81.785757785373235, 41.075353325737872 ], [ -81.772575547960045, 41.074646674262183 ], [ -81.769091118706569, 41.071186659071209 ], [ -81.766666666666637, 41.070833333333361 ], [ -81.767196146647109, 41.102248128255233 ], [ -81.770303853352843, 41.106085205078152 ], [ -81.771362813313772, 41.110581461588566 ], [ -81.779696146647112, 41.119750298394123 ], [ -81.778594122992601, 41.140560574001768 ], [ -81.771850755479576, 41.146362982855933 ], [ -81.767435540093288, 41.144931030273469 ], [ -81.766666666666637, 41.141666666666694 ], [ -81.743408881293377, 41.141313340928846 ], [ -81.739924452039901, 41.137853325737872 ], [ -81.730908881293374, 41.137146674262183 ], [ -81.727424452039912, 41.133686659071209 ], [ -81.725, 41.133333333333361 ], [ -81.721684265136702, 41.132482571072075 ], [ -81.720266045464385, 41.126956176757844 ], [ -81.717233954535573, 41.123043823242213 ], [ -81.715698920355877, 41.117062717013916 ], [ -81.710543823242162, 41.113067287868951 ], [ -81.70195617675779, 41.111932712131107 ], [ -81.696579996744774, 41.107766045464437 ], [ -81.689456176757787, 41.108900621202281 ], [ -81.681377156575493, 41.11609937879777 ], [ -81.676956176757784, 41.117233954535621 ], [ -81.673043823242168, 41.12026604546444 ], [ -81.668622843424458, 41.121400621202284 ], [ -81.664710489908828, 41.124432712131103 ], [ -81.658916219075493, 41.125919596354194 ], [ -81.650567287868896, 41.135289510091177 ], [ -81.648785061306398, 41.142233954535619 ], [ -81.634234280056404, 41.141010538737007 ], [ -81.632433742947029, 41.133994547526072 ], [ -81.618622843424447, 41.132766045464436 ], [ -81.596858554416201, 41.111932712131107 ], [ -81.589456176757793, 41.113067287868951 ], [ -81.580103895399276, 41.121400621202284 ], [ -81.56862284342445, 41.12026604546444 ], [ -81.564710489908833, 41.117233954535621 ], [ -81.560289510091124, 41.11609937879777 ], [ -81.556377156575493, 41.113067287868951 ], [ -81.546720716688341, 41.111791653103325 ], [ -81.545833333333306, 41.108333333333363 ], [ -81.545833333333306, 41.09583333333336 ], [ -81.546456909179668, 41.084242418077281 ], [ -81.553315734863261, 41.082482571072077 ], [ -81.55501759847003, 41.075850762261311 ], [ -81.558333333333309, 41.075 ], [ -81.557980007595461, 41.055908881293433 ], [ -81.553813340928798, 41.051713053385441 ], [ -81.554519992404494, 41.047575547960093 ], [ -81.562146674262124, 41.039924452039955 ], [ -81.562853325737819, 41.035075547960098 ], [ -81.567019992404482, 41.030879720052113 ], [ -81.566313340928801, 41.026742214626765 ], [ -81.562146674262124, 41.02254638671878 ], [ -81.562853325737819, 41.010075547960099 ], [ -81.566313340928801, 41.006591118706623 ], [ -81.567019992404482, 41.001742214626766 ], [ -81.570819430881045, 40.997915988498292 ], [ -81.562853325737819, 40.989924452039958 ], [ -81.5625, 40.9875 ], [ -81.535339864095022, 40.986882527669295 ], [ -81.527160135904921, 40.979784138997424 ], [ -81.522839864095033, 40.978549194335962 ], [ -81.517135789659264, 40.974382527669299 ], [ -81.51033986409503, 40.975617472330754 ], [ -81.505115254720025, 40.979434204101587 ], [ -81.503398471408389, 40.967638481987876 ], [ -81.497839864095027, 40.966049194335966 ], [ -81.492135789659258, 40.961882527669296 ], [ -81.485339864095025, 40.963117472330758 ], [ -81.480527750651021, 40.966632758246554 ], [ -81.475617641872802, 40.960493638780406 ], [ -81.475, 40.958333333333357 ], [ -81.474073621961779, 40.955093044704888 ], [ -81.468673197428359, 40.953549194335963 ], [ -81.464660135904921, 40.950617472330755 ], [ -81.45910152859156, 40.949028184678845 ], [ -81.457523769802492, 40.938188001844644 ], [ -81.445833333333312, 40.9375 ], [ -81.439556884765594, 40.936832004123289 ], [ -81.427109781901009, 40.925667995876765 ], [ -81.422890218098928, 40.924332004123293 ], [ -81.416835021972631, 40.920165337456623 ], [ -81.410390218098925, 40.921501329210095 ], [ -81.406276448567681, 40.924332004123293 ], [ -81.399332004123238, 40.926530626085096 ], [ -81.400667995876717, 40.931276448567736 ], [ -81.403516981336779, 40.93541666666669 ], [ -81.399332004123238, 40.941498141818606 ], [ -81.400667995876717, 40.943776448567732 ], [ -81.404427591959603, 40.949240112304715 ], [ -81.378421359591982, 40.950270928276936 ], [ -81.372943115234349, 40.946501329210093 ], [ -81.35, 40.945833333333361 ], [ -81.349100409613683, 40.949338785807321 ], [ -81.34166666666664, 40.95 ], [ -81.339456176757778, 40.949432712131106 ], [ -81.335543823242162, 40.946400621202287 ], [ -81.331122843424453, 40.945266045464436 ], [ -81.327083333333306, 40.942135281033011 ], [ -81.321579996744759, 40.946400621202287 ], [ -81.314456176757787, 40.945266045464436 ], [ -81.30947045220266, 40.941402180989613 ], [ -81.30711839463973, 40.95056728786895 ], [ -81.29677361382376, 40.949309285481796 ], [ -81.288067287868898, 40.939710489908883 ], [ -81.286844041612383, 40.92595994737416 ], [ -81.281254577636687, 40.921298556857664 ], [ -81.277210489908825, 40.9244327121311 ], [ -81.25612284342445, 40.925567287868951 ], [ -81.243877156575493, 40.936932712131103 ], [ -81.241666666666646, 40.9375 ], [ -81.242262437608474, 40.957323201497424 ], [ -81.247789510091124, 40.961932712131102 ], [ -81.254733954535567, 40.963714938693606 ], [ -81.253599378797716, 40.977210489908884 ], [ -81.246400621202227, 40.985289510091171 ], [ -81.244945949978273, 40.990958319769994 ], [ -81.234220716688341, 40.992375013563397 ], [ -81.232766045464388, 40.998043823242213 ], [ -81.221400621202235, 41.01028951009117 ], [ -81.220209757486955, 41.032424248589436 ], [ -81.214456176757778, 41.033900621202285 ], [ -81.210543823242162, 41.036932712131104 ], [ -81.206122843424453, 41.038067287868948 ], [ -81.198043823242159, 41.045266045464437 ], [ -81.195833333333312, 41.045833333333363 ], [ -81.19640062120223, 41.05221048990888 ], [ -81.199432712131042, 41.056122843424504 ], [ -81.200567287868893, 41.060543823242213 ], [ -81.203599378797719, 41.064456176757837 ], [ -81.205017598470022, 41.069982571072075 ], [ -81.210543823242162, 41.071400621202287 ], [ -81.216010708279057, 41.075959947374159 ], [ -81.217233954535558, 41.089710489908882 ], [ -81.224432712131048, 41.097789510091175 ], [ -81.225567287868898, 41.106377156575547 ], [ -81.228599378797711, 41.110289510091171 ], [ -81.229733954535561, 41.123043823242213 ], [ -81.23693271213105, 41.131122843424507 ], [ -81.238067287868901, 41.150937228732666 ], [ -81.229620700412298, 41.160416666666691 ], [ -81.23693271213105, 41.168622843424508 ], [ -81.238067287868901, 41.173043823242217 ], [ -81.241099378797713, 41.176956176757841 ], [ -81.242233954535564, 41.193877156575546 ], [ -81.245266045464376, 41.197789510091177 ], [ -81.245833333333309, 41.204166666666694 ], [ -81.24645097520613, 41.206326802571645 ], [ -81.250617641872807, 41.212030877007408 ], [ -81.249382358127136, 41.214660135904978 ], [ -81.24645097520613, 41.218673197428416 ], [ -81.245039198133654, 41.228372531467045 ], [ -81.23430497911238, 41.229934861924939 ], [ -81.23222690158417, 41.237203301323817 ], [ -81.222993469238247, 41.24521569146053 ], [ -81.214506530761696, 41.246450975206194 ], [ -81.206326802571581, 41.253549024793863 ], [ -81.196368408203099, 41.254998440212702 ], [ -81.188117641872807, 41.26450653076175 ], [ -81.18657362196177, 41.26990695529517 ], [ -81.183333333333309, 41.270833333333364 ], [ -81.182690599229574, 41.297968377007408 ], [ -81.178933207193978, 41.303267584906713 ], [ -81.168114725748666, 41.304809400770431 ], [ -81.165680948893197, 41.296725802951421 ], [ -81.159248860677053, 41.295190599229628 ], [ -81.157690599229568, 41.31046837700741 ], [ -81.154809570312466, 41.314531622992654 ], [ -81.1535237630208, 41.322968377007406 ], [ -81.150642903645803, 41.327031622992649 ], [ -81.149293009440072, 41.353388807508708 ], [ -81.13536512586802, 41.354809400770428 ], [ -81.113675604926186, 41.375261773003501 ], [ -81.111857096354143, 41.381301710340743 ], [ -81.108976236979132, 41.385364956325986 ], [ -81.108333333333306, 41.3875 ], [ -81.105017428927923, 41.386649068196647 ], [ -81.104166666666643, 41.383333333333361 ], [ -81.104827880859347, 41.375899590386311 ], [ -81.108333333333306, 41.375 ], [ -81.110757785373238, 41.374646674262181 ], [ -81.116308593749977, 41.369123501247863 ], [ -81.117019992404479, 41.364242214626763 ], [ -81.120480007595461, 41.360757785373295 ], [ -81.120833333333309, 41.358333333333363 ], [ -81.117411634657088, 41.357303195529546 ], [ -81.115773857964385, 41.341245863172773 ], [ -81.106254747178795, 41.349397277832061 ], [ -81.100321790907088, 41.345190599229632 ], [ -81.077031792534697, 41.346476067437095 ], [ -81.07115512424042, 41.350642734103765 ], [ -81.067546251085034, 41.348754204644123 ], [ -81.065652465820278, 41.342464531792565 ], [ -81.053990003797708, 41.340687391493084 ], [ -81.058509996202233, 41.334312608506977 ], [ -81.047865125868029, 41.332690599229629 ], [ -81.041988457573751, 41.328523932562966 ], [ -81.031198459201363, 41.329809400770429 ], [ -81.025321790907086, 41.333976067437092 ], [ -81.016824001736083, 41.332326761881539 ], [ -81.0131429036458, 41.327135043674076 ], [ -81.011702134874099, 41.317680867513047 ], [ -81.004143269856741, 41.315405103895429 ], [ -81.000642903645797, 41.31046837700741 ], [ -80.999035644531219, 41.305130852593344 ], [ -80.993698459201354, 41.30352393256296 ], [ -80.9895833333333, 41.300606113010012 ], [ -80.985416666666637, 41.303560553656716 ], [ -80.981301540798583, 41.300642734103761 ], [ -80.972865125868026, 41.299357265896298 ], [ -80.964634874131917, 41.292309400770428 ], [ -80.960365125868023, 41.291023932562965 ], [ -80.95448845757376, 41.286857265896295 ], [ -80.931198459201354, 41.288142734103765 ], [ -80.927134874131909, 41.291023932562965 ], [ -80.914531792534689, 41.292309400770428 ], [ -80.910468207465243, 41.295190599229628 ], [ -80.908333333333303, 41.295833333333363 ], [ -80.905908881293371, 41.295480007595515 ], [ -80.902424452039895, 41.292019992404541 ], [ -80.883333333333297, 41.291666666666693 ], [ -80.882568698459167, 41.299164157443606 ], [ -80.872865125868032, 41.300642734103761 ], [ -80.868801540798586, 41.30352393256296 ], [ -80.859347534179662, 41.304964531792564 ], [ -80.857690429687466, 41.31046837700741 ], [ -80.854190063476537, 41.315405103895429 ], [ -80.847865125868026, 41.317309400770426 ], [ -80.84380154079858, 41.320190599229633 ], [ -80.841344875759518, 41.321476067437096 ], [ -80.83546820746524, 41.317309400770426 ], [ -80.83119845920136, 41.316023932562963 ], [ -80.827077229817675, 41.313101704915397 ], [ -80.814634874131912, 41.324357265896296 ], [ -80.80073920355899, 41.325774637858103 ], [ -80.799357096354129, 41.343801710340742 ], [ -80.796476236979132, 41.347864956325985 ], [ -80.795833333333306, 41.35 ], [ -80.796684095594586, 41.353315734863308 ], [ -80.8, 41.3541666666667 ], [ -80.800655449761251, 41.381288994683189 ], [ -80.805427381727398, 41.387446594238313 ], [ -80.810377671983474, 41.383988783094651 ], [ -80.815177747938336, 41.382677883572079 ], [ -80.817322116427917, 41.389622328016522 ], [ -80.820206705729134, 41.393752034505241 ], [ -80.815405951605868, 41.399946594238308 ], [ -80.810455661349792, 41.396488783094647 ], [ -80.805242580837643, 41.395177883572082 ], [ -80.803511216905349, 41.406288994683187 ], [ -80.800655449761251, 41.410377671983539 ], [ -80.799344550238686, 41.42295566134986 ], [ -80.788155449761248, 41.435377671983538 ], [ -80.786844550238683, 41.437930976019999 ], [ -80.792927381727395, 41.445779927571643 ], [ -80.799199761284697, 41.441398620605497 ], [ -80.8, 41.454166666666694 ], [ -80.796684095594586, 41.455017598470086 ], [ -80.794865587022542, 41.462104119194912 ], [ -80.789574517144061, 41.466204833984406 ], [ -80.780329725477401, 41.457967461480067 ], [ -80.778599378797708, 41.464710489908882 ], [ -80.775567287868896, 41.468622843424512 ], [ -80.774432712131045, 41.481377156575554 ], [ -80.771400621202218, 41.485289510091178 ], [ -80.770266045464382, 41.49804382324222 ], [ -80.767233954535556, 41.501956176757844 ], [ -80.765815904405343, 41.507482401529977 ], [ -80.758729383680517, 41.509301079644125 ], [ -80.754733954535553, 41.514456176757847 ], [ -80.753599378797716, 41.527210489908882 ], [ -80.749432712131039, 41.532586669921905 ], [ -80.75056728786889, 41.535543823242222 ], [ -80.754126315646673, 41.540136210123727 ], [ -80.743877156575493, 41.549432712131107 ], [ -80.739456176757784, 41.550567287868958 ], [ -80.735543823242153, 41.553599378797777 ], [ -80.718622843424441, 41.554733954535621 ], [ -80.710543823242162, 41.56193271213111 ], [ -80.701956176757776, 41.563067287868954 ], [ -80.697916666666629, 41.566197882758274 ], [ -80.693877156575482, 41.563067287868954 ], [ -80.691666666666634, 41.5625 ], [ -80.692019992404482, 41.573257785373293 ], [ -80.695480007595449, 41.576742214626769 ], [ -80.695833333333297, 41.591666666666697 ], [ -80.695833333333297, 41.595833333333367 ], [ -80.692327880859338, 41.596732923719649 ], [ -80.691005452473931, 41.61160040961375 ], [ -80.6875, 41.6125 ], [ -80.680908881293377, 41.612146674262185 ], [ -80.676713053385384, 41.607980007595515 ], [ -80.668408881293374, 41.608686659071211 ], [ -80.664924452039898, 41.612146674262185 ], [ -80.6625, 41.6125 ], [ -80.661844211154488, 41.619873555501336 ], [ -80.656377156575488, 41.62443271213111 ], [ -80.651956176757778, 41.625567287868954 ], [ -80.648043823242148, 41.628599378797773 ], [ -80.643622843424453, 41.629733954535624 ], [ -80.639710489908822, 41.632766045464443 ], [ -80.626956176757773, 41.633900621202287 ], [ -80.618877156575493, 41.641099378797776 ], [ -80.606122843424444, 41.642233954535619 ], [ -80.601137288411422, 41.646097988552548 ], [ -80.6, 41.641666666666701 ], [ -80.596494547526007, 41.642566257052984 ], [ -80.595833333333303, 41.65 ], [ -80.576956176757776, 41.650567287868952 ], [ -80.573043823242159, 41.653599378797779 ], [ -80.56862284342445, 41.654733954535622 ], [ -80.560543823242156, 41.661932712131112 ], [ -80.550887383355004, 41.663208516438836 ], [ -80.549149237738675, 41.669982401529978 ], [ -80.541099378797711, 41.672048272026942 ], [ -80.542233954535561, 41.68137715657555 ], [ -80.546400621202224, 41.686753336588573 ], [ -80.544826592339376, 41.69085574679908 ], [ -80.541666666666629, 41.691666666666698 ], [ -80.540815904405349, 41.694982401529984 ], [ -80.535289510091118, 41.696400621202287 ], [ -80.531377156575488, 41.699432712131106 ], [ -80.526956176757778, 41.700567287868957 ], [ -80.51323513454858, 41.713402642144132 ], [ -80.511932712131042, 41.721579996744822 ], [ -80.516198052300311, 41.727083333333368 ], [ -80.513067287868893, 41.731122843424515 ], [ -80.5125, 41.733333333333363 ], [ -80.510339694552911, 41.733950975206199 ], [ -80.505028279622366, 41.737831115722692 ], [ -80.503372531466979, 41.749205864800381 ], [ -80.493673027886246, 41.750617641872864 ], [ -80.484439765082428, 41.758630032009584 ], [ -80.482715861002575, 41.764660135904982 ], [ -80.47978413899736, 41.76867319742842 ], [ -80.479166666666629, 41.770833333333364 ], [ -80.477031792534689, 41.770190599229636 ], [ -80.471155124240411, 41.766023932562966 ], [ -80.460365125868023, 41.767309400770429 ], [ -80.454488457573746, 41.771476067437099 ], [ -80.450879584418374, 41.769587537977465 ], [ -80.449357096354134, 41.764531622992656 ], [ -80.44230957031246, 41.756301710340743 ], [ -80.440927463107599, 41.738274637858105 ], [ -80.433333333333294, 41.7375 ], [ -80.433333333333294, 41.733333333333363 ], [ -80.421742418077216, 41.732709757487015 ], [ -80.419982571072012, 41.725850931803421 ], [ -80.413350762261246, 41.724149068196645 ], [ -80.411932712131048, 41.718622843424512 ], [ -80.400567287868896, 41.706377156575556 ], [ -80.399381510416632, 41.684339226616785 ], [ -80.389710489908822, 41.675567287868958 ], [ -80.3875, 41.675 ], [ -80.387146674262112, 41.672575547960101 ], [ -80.383686659071145, 41.669091118706632 ], [ -80.382975260416629, 41.664209832085533 ], [ -80.37742445203989, 41.658686659071215 ], [ -80.370833333333294, 41.658333333333367 ], [ -80.34782714843746, 41.658938429090746 ], [ -80.343839518229132, 41.661894904242651 ], [ -80.339493815104134, 41.663105095757409 ], [ -80.334442477756042, 41.666850111219652 ], [ -80.332425944010382, 41.674092441135016 ], [ -80.326993815104132, 41.675605095757412 ], [ -80.323006184895803, 41.678561570909324 ], [ -80.313319905598917, 41.679938591851162 ], [ -80.311895073784683, 41.688040669759147 ], [ -80.31606174045136, 41.693660651312968 ], [ -80.317271592881909, 41.70054066975915 ], [ -80.313104926215246, 41.706160651312963 ], [ -80.3125, 41.716666666666697 ], [ -80.313142903645797, 41.735468377007408 ], [ -80.316023763020794, 41.739531622992658 ], [ -80.317347886827221, 41.782552761501769 ], [ -80.332668050130167, 41.784115431043872 ], [ -80.3333333333333, 41.820833333333368 ], [ -80.289456176757781, 41.820266045464443 ], [ -80.280488416883642, 41.812275356716611 ], [ -80.275659518771661, 41.813357883029546 ], [ -80.274432712131045, 41.827951727973122 ], [ -80.281377156575488, 41.829733954535627 ], [ -80.286250135633651, 41.833510674370693 ], [ -80.288067287868884, 41.838246663411489 ], [ -80.283900621202221, 41.843622843424512 ], [ -80.282766045464371, 41.856377156575554 ], [ -80.279635281032952, 41.860416666666701 ], [ -80.282766045464371, 41.864456176757848 ], [ -80.283900621202221, 41.867413330078158 ], [ -80.279733954535558, 41.872789510091181 ], [ -80.279166666666626, 41.875 ], [ -80.272575547960031, 41.874646674262188 ], [ -80.269091118706555, 41.871186659071213 ], [ -80.248285590277746, 41.870480007595518 ], [ -80.242025756835901, 41.876708814832931 ], [ -80.241313340928784, 41.880879550510016 ], [ -80.245480007595447, 41.885075547960106 ], [ -80.245833333333294, 41.891666666666701 ], [ -80.244982571072015, 41.89498240152998 ], [ -80.23945617675777, 41.896400621202289 ], [ -80.230103895399267, 41.904733954535622 ], [ -80.217563544379303, 41.903494771321647 ], [ -80.215698920355862, 41.896229214138486 ], [ -80.210543823242148, 41.892233954535627 ], [ -80.195833333333297, 41.891666666666701 ], [ -80.196476236979123, 41.897968377007416 ], [ -80.2006429036458, 41.903844875759582 ], [ -80.199357096354134, 41.906301710340749 ], [ -80.196476236979123, 41.910364956325992 ], [ -80.195056830512115, 41.924280124240482 ], [ -80.172865125868015, 41.925642734103768 ], [ -80.168801540798569, 41.928523932562968 ], [ -80.166666666666629, 41.929166666666703 ], [ -80.160339694552917, 41.928549024793874 ], [ -80.155379231770794, 41.924925401475726 ], [ -80.152798800998227, 41.933950975206194 ], [ -80.147839694552914, 41.932715691460537 ], [ -80.142135959201354, 41.928549024793874 ], [ -80.131173027886248, 41.929784308539531 ], [ -80.118826972113681, 41.94104902479387 ], [ -80.109305148654471, 41.942434861924944 ], [ -80.107715861002561, 41.947993469238313 ], [ -80.100617472330697, 41.95617319742842 ], [ -80.099000379774267, 41.967284308539533 ], [ -80.085339694552914, 41.966049024793868 ], [ -80.077160305447009, 41.9589509752062 ], [ -80.075, 41.958333333333371 ], [ -80.07414906819659, 41.96164906819665 ], [ -80.068622843424464, 41.963067287868959 ], [ -80.064710489908833, 41.966099378797779 ], [ -80.0375, 41.966666666666704 ], [ -80.026742214626708, 41.967019992404545 ], [ -80.021191406249983, 41.97254316541887 ], [ -80.0208333333333, 41.975 ], [ -80.017517598470036, 41.975850931803421 ], [ -80.016666666666652, 41.9791666666667 ], [ -80.01723395453557, 41.981377156575554 ], [ -80.025582885742168, 41.990746900770432 ], [ -80.031377156575502, 41.992233954535628 ], [ -80.036532253689217, 41.996229214138488 ], [ -80.038350931803365, 42.003315734863314 ], [ -80.043877156575505, 42.004733954535624 ], [ -80.056122843424461, 42.016099378797776 ], [ -80.058333333333294, 42.016666666666701 ], [ -80.057715691460487, 42.018826802571652 ], [ -80.054784308539482, 42.02283986409509 ], [ -80.05354902479381, 42.027160135904985 ], [ -80.046450975206142, 42.035339864095086 ], [ -80.045029873318114, 42.045103963216178 ], [ -80.030534532335054, 42.046450975206199 ], [ -80.028180440266908, 42.038217163085974 ], [ -80.014506530761693, 42.036882358127208 ], [ -80.010493469238256, 42.033950975206196 ], [ -79.997201199001708, 42.032715691460538 ], [ -79.995833333333294, 42.0375 ], [ -79.989242214626714, 42.037853325737885 ], [ -79.983331298828105, 42.043734741210976 ], [ -79.991313340928798, 42.051742214626771 ], [ -79.992019992404494, 42.056591118706635 ], [ -79.995480007595461, 42.060075547960103 ], [ -79.995833333333294, 42.0625 ], [ -79.993408881293377, 42.062853325737883 ], [ -79.989924452039915, 42.066313340928858 ], [ -79.985787116156658, 42.067019992404546 ], [ -79.981591118706575, 42.062853325737883 ], [ -79.972575547960048, 42.062146674262188 ], [ -79.969091118706572, 42.058686659071213 ], [ -79.956620449489989, 42.057980007595525 ], [ -79.952424452039907, 42.062146674262188 ], [ -79.947575547960042, 42.062853325737883 ], [ -79.942025587293813, 42.068375481499601 ], [ -79.941313340928801, 42.072548929850299 ], [ -79.949646674262127, 42.080908881293439 ], [ -79.95, 42.0875 ], [ -79.947575547960042, 42.087853325737882 ], [ -79.94337955050996, 42.092019992404552 ], [ -79.935075547960054, 42.091313340928856 ], [ -79.919091118706575, 42.075353325737879 ], [ -79.914242214626711, 42.074646674262191 ], [ -79.910757785373235, 42.071186659071216 ], [ -79.905908881293385, 42.070480007595521 ], [ -79.902424452039909, 42.067019992404546 ], [ -79.891666666666637, 42.066666666666706 ], [ -79.891099378797719, 42.068877156575539 ], [ -79.888067287868907, 42.072789510091162 ], [ -79.886932712131056, 42.077210489908872 ], [ -79.88390062120223, 42.081122843424495 ], [ -79.882482401529927, 42.086649237738733 ], [ -79.876956176757787, 42.088067287868945 ], [ -79.871569993760829, 42.092559136284741 ], [ -79.87026604546439, 42.100746663411478 ], [ -79.875395880805101, 42.107365587022592 ], [ -79.88270975748695, 42.10924241807728 ], [ -79.883333333333312, 42.120833333333351 ], [ -79.882980007595464, 42.123257785373283 ], [ -79.879519992404497, 42.126742214626759 ], [ -79.879166666666649, 42.129166666666684 ], [ -79.876742214626717, 42.129519992404532 ], [ -79.873257785373241, 42.132980007595506 ], [ -79.868408881293377, 42.133686659071202 ], [ -79.864924452039901, 42.137146674262169 ], [ -79.856620449489995, 42.137853325737865 ], [ -79.852424452039912, 42.133686659071202 ], [ -79.835787116156666, 42.132980007595506 ], [ -79.831591118706569, 42.137146674262169 ], [ -79.826742214626719, 42.137853325737865 ], [ -79.82118818495006, 42.143379720052103 ], [ -79.820833333333312, 42.15 ], [ -79.81997256808809, 42.153010728624153 ], [ -79.816197543674022, 42.154784138997414 ], [ -79.810493469238253, 42.150617472330751 ], [ -79.792666286892342, 42.149382527669289 ], [ -79.791049024793807, 42.160493638780402 ], [ -79.78777313232419, 42.164978027343771 ], [ -79.782864210340691, 42.167284138997417 ], [ -79.777160135904921, 42.163117472330747 ], [ -79.768673197428356, 42.161882527669292 ], [ -79.7595757378472, 42.153987969292558 ], [ -79.758333333333312, 42.158333333333353 ], [ -79.754759555392766, 42.159250556098108 ], [ -79.754166666666649, 42.183333333333351 ], [ -79.722575547960048, 42.183686659071199 ], [ -79.718379550509951, 42.187853325737869 ], [ -79.7017149183485, 42.187145657009566 ], [ -79.692019992404482, 42.177424452039951 ], [ -79.691313340928801, 42.172575547960086 ], [ -79.687853325737819, 42.169091118706618 ], [ -79.687146674262124, 42.160075547960091 ], [ -79.683686659071157, 42.156591118706615 ], [ -79.68297526041664, 42.151709662543425 ], [ -79.677424452039901, 42.146186659071198 ], [ -79.672575547960051, 42.145480007595509 ], [ -79.669091118706575, 42.142019992404535 ], [ -79.666666666666643, 42.141666666666687 ], [ -79.66576707628036, 42.145172119140646 ], [ -79.651956176757793, 42.146400621202275 ], [ -79.648043823242162, 42.149432712131095 ], [ -79.640920003255189, 42.150567287868945 ], [ -79.634470452202663, 42.145568847656271 ], [ -79.632766045464379, 42.152210489908875 ], [ -79.629733954535567, 42.156122843424498 ], [ -79.629166666666634, 42.170833333333356 ], [ -79.628431532118029, 42.178364054362 ], [ -79.61763831244572, 42.179935031467032 ], [ -79.616666666666646, 42.183333333333351 ], [ -79.610075547960051, 42.182980007595503 ], [ -79.605879550509954, 42.178813340928841 ], [ -79.593408881293371, 42.179519992404536 ], [ -79.585417344835051, 42.187486097547762 ], [ -79.580879550509962, 42.182980007595503 ], [ -79.572575547960042, 42.183686659071199 ], [ -79.569091118706567, 42.187146674262173 ], [ -79.554166666666646, 42.1875 ], [ -79.554809400770381, 42.189634874131968 ], [ -79.557690599229574, 42.193698459201407 ], [ -79.558976067437044, 42.206301540798634 ], [ -79.563142734103707, 42.212178209092905 ], [ -79.561737230088951, 42.223975287543425 ], [ -79.556198289659264, 42.225642903645856 ], [ -79.552135043674014, 42.228523763020853 ], [ -79.545190599229571, 42.230614556206618 ], [ -79.546476067437041, 42.239634874131966 ], [ -79.554809400770381, 42.249366251627627 ], [ -79.553178914387999, 42.258162773980054 ], [ -79.547968377007351, 42.261857096354191 ], [ -79.531198289659258, 42.263142903645857 ], [ -79.522968377007359, 42.270190429687524 ], [ -79.518698289659255, 42.27147623697919 ], [ -79.514635043674019, 42.274357096354187 ], [ -79.50203162299259, 42.275642903645853 ], [ -79.497968377007354, 42.278523763020857 ], [ -79.491643100314647, 42.280428398980057 ], [ -79.488142734103704, 42.285365125868076 ], [ -79.486807929144945, 42.320082939995679 ], [ -79.472214931911864, 42.321255493164081 ], [ -79.470833333333303, 42.316666666666691 ], [ -79.455908881293382, 42.316313340928843 ], [ -79.452424452039907, 42.312853325737869 ], [ -79.45, 42.3125 ], [ -79.45, 42.320833333333354 ], [ -79.449646674262127, 42.335757785373289 ], [ -79.439955986870629, 42.345474582248286 ], [ -79.435787116156661, 42.346186659071201 ], [ -79.431591118706564, 42.342019992404538 ], [ -79.419120449489995, 42.341313340928842 ], [ -79.414924452039898, 42.345480007595505 ], [ -79.405908881293371, 42.346186659071201 ], [ -79.400355699327235, 42.351712036132831 ], [ -79.399646674262129, 42.360757785373288 ], [ -79.394120449489989, 42.366311645507835 ], [ -79.380908881293379, 42.367019992404536 ], [ -79.37535807291664, 42.372542995876756 ], [ -79.375, 42.375 ], [ -79.363505893283389, 42.37438151041669 ], [ -79.354733954535561, 42.364710489908873 ], [ -79.353462388780358, 42.355086263020851 ], [ -79.347909884982613, 42.350455390082487 ], [ -79.335543823242162, 42.3619327121311 ], [ -79.310289510091124, 42.363067287868944 ], [ -79.306377156575493, 42.366099378797763 ], [ -79.289456176757781, 42.367233954535614 ], [ -79.284079996744765, 42.371400621202277 ], [ -79.279977586534258, 42.369826592339429 ], [ -79.278198920355877, 42.362896050347246 ], [ -79.272916666666646, 42.358801947699675 ], [ -79.267413330078099, 42.363067287868944 ], [ -79.26445617675779, 42.3619327121311 ], [ -79.260543823242159, 42.358900621202281 ], [ -79.25612284342445, 42.35776604546443 ], [ -79.243877156575493, 42.346400621202278 ], [ -79.238350931803353, 42.344982571072073 ], [ -79.2375, 42.34166666666669 ], [ -79.23418426513669, 42.340815904405403 ], [ -79.232433742947023, 42.333994547526061 ], [ -79.218622843424455, 42.332766045464432 ], [ -79.214710489908825, 42.329733954535612 ], [ -79.204166666666637, 42.329166666666687 ], [ -79.1875, 42.329166666666687 ], [ -79.188105095757351, 42.331339518229186 ], [ -79.191061570909255, 42.335327148437521 ], [ -79.192271762424014, 42.339672851562518 ], [ -79.195228237575932, 42.343660481770854 ], [ -79.196438429090676, 42.352172851562521 ], [ -79.199461195203966, 42.35625 ], [ -79.195389472113689, 42.361741807725714 ], [ -79.196618143717416, 42.370056491427974 ], [ -79.206339348687038, 42.371438259548633 ], [ -79.211390855577235, 42.375183444552974 ], [ -79.2125, 42.379166666666691 ], [ -79.211932712131045, 42.381377156575546 ], [ -79.204733954535556, 42.389456176757832 ], [ -79.203198920355874, 42.39543728298613 ], [ -79.198043823242159, 42.399432712131102 ], [ -79.19362284342445, 42.400567287868945 ], [ -79.189710489908819, 42.403599378797765 ], [ -79.184184265136693, 42.405017428927977 ], [ -79.182429843478701, 42.411854383680577 ], [ -79.168877156575491, 42.4244327121311 ], [ -79.164456176757781, 42.425567287868944 ], [ -79.159079996744765, 42.429733954535614 ], [ -79.138408067491284, 42.428538682725716 ], [ -79.1375, 42.425 ], [ -79.1375, 42.420833333333356 ], [ -79.130908881293379, 42.420480007595508 ], [ -79.127083333333303, 42.41668124728735 ], [ -79.123257785373241, 42.420480007595508 ], [ -79.114242214626714, 42.421186659071203 ], [ -79.102424452039898, 42.432980007595511 ], [ -79.085075547960045, 42.433686659071199 ], [ -79.081591118706569, 42.437146674262173 ], [ -79.075, 42.4375 ], [ -79.074149237738681, 42.440815904405405 ], [ -79.06862284342445, 42.44223395453561 ], [ -79.063246663411434, 42.44640062120228 ], [ -79.056122843424447, 42.445266045464429 ], [ -79.050746663411431, 42.441099378797766 ], [ -79.039456176757781, 42.44223395453561 ], [ -79.031377156575488, 42.449432712131099 ], [ -79.025, 42.45 ], [ -79.022789510091116, 42.449432712131099 ], [ -79.018877156575485, 42.44640062120228 ], [ -79.009252929687477, 42.445129055447069 ], [ -79.004733954535567, 42.439710489908876 ], [ -79.003458319769933, 42.430054050021724 ], [ -78.99778951009111, 42.428599378797763 ], [ -78.993877156575493, 42.425567287868944 ], [ -78.989456176757784, 42.4244327121311 ], [ -78.973043823242151, 42.408900621202278 ], [ -78.964456176757778, 42.407766045464435 ], [ -78.960543823242162, 42.404733954535615 ], [ -78.956122843424453, 42.403599378797765 ], [ -78.948043823242159, 42.396400621202275 ], [ -78.929166666666632, 42.395833333333357 ], [ -78.928511555989559, 42.375864325629365 ], [ -78.922993638780355, 42.371450805664082 ], [ -78.918673027886257, 42.370215861002627 ], [ -78.914660305447015, 42.36728413899742 ], [ -78.900803290473064, 42.365931532118076 ], [ -78.892217000325488, 42.356250678168422 ], [ -78.899382527669246, 42.347993638780402 ], [ -78.900617472330694, 42.343673027886304 ], [ -78.903549194335909, 42.339660305447069 ], [ -78.904960801866295, 42.329960801866342 ], [ -78.916934204101537, 42.328218248155402 ], [ -78.913117472330697, 42.322993638780403 ], [ -78.911573621961779, 42.317593044704886 ], [ -78.906173027886254, 42.31604919433596 ], [ -78.902160305447012, 42.313117472330752 ], [ -78.885339694552925, 42.31188252766929 ], [ -78.881326972113683, 42.308950805664082 ], [ -78.879166666666634, 42.308333333333351 ], [ -78.87511393229164, 42.307174682617209 ], [ -78.871450805664026, 42.302160305447067 ], [ -78.870098198784689, 42.288302612304712 ], [ -78.86033969455292, 42.286882527669292 ], [ -78.856326972113678, 42.283950805664084 ], [ -78.854166666666629, 42.283333333333353 ], [ -78.851742214626711, 42.282980007595505 ], [ -78.847546386718719, 42.278813340928842 ], [ -78.830880059136248, 42.279521348741341 ], [ -78.825353325737822, 42.285075547960091 ], [ -78.824644300672716, 42.29412129720054 ], [ -78.819091118706567, 42.299646674262178 ], [ -78.816666666666634, 42.3 ], [ -78.81028951009111, 42.2994327121311 ], [ -78.806377156575493, 42.296400621202281 ], [ -78.801956176757784, 42.29526604546443 ], [ -78.785418023003444, 42.279614596896721 ], [ -78.771821424696142, 42.292233954535611 ], [ -78.74778951009111, 42.291099378797767 ], [ -78.742413330078094, 42.286932712131097 ], [ -78.739456176757784, 42.288067287868941 ], [ -78.734863620334167, 42.291626315646724 ], [ -78.725567287868898, 42.281377156575545 ], [ -78.724100409613683, 42.275661214192731 ], [ -78.71666666666664, 42.275 ], [ -78.713483005099789, 42.275983005099846 ], [ -78.711844550238681, 42.28128899468318 ], [ -78.708988783094583, 42.285377671983525 ], [ -78.707677883572018, 42.289622328016513 ], [ -78.70482211642792, 42.293711005316865 ], [ -78.703332180447021, 42.312744140625021 ], [ -78.697955661349795, 42.308988783094641 ], [ -78.687254163953966, 42.307677883572069 ], [ -78.681288994683129, 42.311844550238739 ], [ -78.6705874972873, 42.313155449761304 ], [ -78.664622328016463, 42.308988783094641 ], [ -78.657666015624969, 42.307677883572069 ], [ -78.643788994683121, 42.320177883572072 ], [ -78.638347371419243, 42.321858384874155 ], [ -78.636844550238678, 42.329833984375021 ], [ -78.649344550238681, 42.343711005316862 ], [ -78.65, 42.35 ], [ -78.649149237738683, 42.353315904405406 ], [ -78.642375013563338, 42.355054050021721 ], [ -78.641099378797705, 42.364710489908873 ], [ -78.638067287868893, 42.368622843424504 ], [ -78.6375, 42.370833333333358 ], [ -78.635075547960042, 42.371186659071199 ], [ -78.631591118706567, 42.374646674262173 ], [ -78.626742214626702, 42.375353325737869 ], [ -78.623257785373227, 42.378813340928843 ], [ -78.610075547960037, 42.379519992404539 ], [ -78.606591118706561, 42.382980007595506 ], [ -78.579166666666637, 42.383333333333354 ], [ -78.579733954535556, 42.389710489908879 ], [ -78.583900621202218, 42.395086669921895 ], [ -78.582596503363675, 42.403274197048631 ], [ -78.577210489908822, 42.407766045464435 ], [ -78.571684095594591, 42.40918409559464 ], [ -78.570266045464379, 42.414710489908877 ], [ -78.567233954535553, 42.418622843424501 ], [ -78.566099378797716, 42.42304382324221 ], [ -78.56306728786889, 42.426956176757834 ], [ -78.561795722113686, 42.436580403645856 ], [ -78.556377156575493, 42.441099378797766 ], [ -78.554166666666632, 42.441666666666691 ], [ -78.552957153320278, 42.437544759114608 ], [ -78.547980753580703, 42.433963690863735 ], [ -78.531185913085906, 42.432702975802975 ], [ -78.521518622504303, 42.424369642469642 ], [ -78.510352579752563, 42.425630357530402 ], [ -78.50456305609805, 42.429797024197072 ], [ -78.502019246419238, 42.428536309136305 ], [ -78.492351955837634, 42.420202975802972 ], [ -78.467476060655343, 42.421528116862 ], [ -78.463130357530346, 42.427019246419292 ], [ -78.46186964246958, 42.431314086914085 ], [ -78.458963690863683, 42.435352579752625 ], [ -78.457123819986947, 42.441621907552104 ], [ -78.45039638943139, 42.446463690863737 ], [ -78.445432196723061, 42.44400397406686 ], [ -78.442297024197018, 42.439647420247418 ], [ -78.44050971137149, 42.43355678982207 ], [ -78.431314086914028, 42.425630357530402 ], [ -78.425223456488681, 42.423843044704881 ], [ -78.417297024197012, 42.41464742024742 ], [ -78.415646362304656, 42.409023708767386 ], [ -78.392430623372363, 42.407627699110265 ], [ -78.391541544596322, 42.398902045355925 ], [ -78.396125623914898, 42.392532348632834 ], [ -78.390051947699618, 42.3919135199653 ], [ -78.383729722764727, 42.39646369086374 ], [ -78.371587456597183, 42.395056491427972 ], [ -78.370102267795104, 42.380174763997417 ], [ -78.366666666666632, 42.379166666666691 ], [ -78.367634412977395, 42.375396050347241 ], [ -78.37278951009111, 42.371400621202277 ], [ -78.382413736979132, 42.370129055447073 ], [ -78.388067287868893, 42.3633500840929 ], [ -78.386827256944414, 42.350896538628497 ], [ -78.383333333333297, 42.35 ], [ -78.382365587022534, 42.34622938368058 ], [ -78.377210489908819, 42.342233954535615 ], [ -78.359239027235205, 42.341028849283873 ], [ -78.357365587022528, 42.333729383680577 ], [ -78.352210489908813, 42.329733954535612 ], [ -78.346684095594583, 42.3283159044054 ], [ -78.345833333333303, 42.325 ], [ -78.326968722873232, 42.325579833984399 ], [ -78.317554389105865, 42.333913167317732 ], [ -78.284179687499972, 42.332713148329013 ], [ -78.282895575629311, 42.326214599609393 ], [ -78.2875, 42.325 ], [ -78.286759440104134, 42.313186984592036 ], [ -78.258333333333297, 42.3125 ], [ -78.257980007595449, 42.305908881293426 ], [ -78.250013902452224, 42.297917344835092 ], [ -78.254152764214368, 42.293749321831619 ], [ -78.246186659071142, 42.285757785373285 ], [ -78.245480007595447, 42.268408881293425 ], [ -78.242019992404479, 42.264924452039949 ], [ -78.241308932834158, 42.260045708550365 ], [ -78.227424452039898, 42.246186659071199 ], [ -78.218408881293371, 42.245480007595503 ], [ -78.214924452039895, 42.242019992404536 ], [ -78.2125, 42.241666666666688 ], [ -78.213117472330694, 42.23950636121964 ], [ -78.216049194335895, 42.235493638780405 ], [ -78.217284138997357, 42.231173027886307 ], [ -78.220907931857596, 42.226212565104184 ], [ -78.212613932291632, 42.223841349283873 ], [ -78.207715861002569, 42.217135959201407 ], [ -78.209049140082428, 42.200805664062521 ], [ -78.218826972113675, 42.199382527669293 ], [ -78.222839694552917, 42.196450805664085 ], [ -78.22978413899736, 42.194465467664948 ], [ -78.228140597873221, 42.187866550021724 ], [ -78.218826972113675, 42.17978413899742 ], [ -78.212613932291632, 42.178008015950539 ], [ -78.208950805664031, 42.172993638780405 ], [ -78.2083333333333, 42.170833333333356 ], [ -78.207766045464368, 42.164456176757831 ], [ -78.204733954535556, 42.160543823242207 ], [ -78.203315904405343, 42.15501742892797 ], [ -78.197789510091113, 42.153599378797765 ], [ -78.185543823242156, 42.142233954535612 ], [ -78.171793280707433, 42.141010877821202 ], [ -78.167233954535547, 42.135543823242209 ], [ -78.166666666666629, 42.125 ], [ -78.164456176757781, 42.12443271213111 ], [ -78.159079996744751, 42.120266045464447 ], [ -78.147789510091116, 42.121400621202291 ], [ -78.142413330078085, 42.125567287868961 ], [ -78.1176622178819, 42.124386935763923 ], [ -78.113067287868887, 42.118877156575557 ], [ -78.111649237738675, 42.113350931803424 ], [ -78.106122843424444, 42.111932712131114 ], [ -78.102210489908813, 42.108900621202295 ], [ -78.09166666666664, 42.108333333333356 ], [ -78.09166666666664, 42.104166666666686 ], [ -78.092019992404488, 42.097575547960091 ], [ -78.096186659071165, 42.093379720052106 ], [ -78.095480007595469, 42.080908881293425 ], [ -78.092019992404488, 42.077424452039949 ], [ -78.091313340928792, 42.068408881293422 ], [ -78.087853325737825, 42.064924452039946 ], [ -78.0875, 42.0625 ], [ -78.077031622992607, 42.061857096354188 ], [ -78.071155124240434, 42.057690429687518 ], [ -78.060364956325927, 42.058976236979184 ], [ -78.052135043674028, 42.066023763020851 ], [ -78.043698289659261, 42.067309570312517 ], [ -78.034226311577669, 42.075420803493941 ], [ -78.032534450954842, 42.058834838867206 ], [ -78.022968377007359, 42.050642903645851 ], [ -78.0125, 42.05 ], [ -78.011764865451369, 42.042469278971375 ], [ -78.00097164577906, 42.040898301866335 ], [ -77.99938235812715, 42.035339694552974 ], [ -77.996450975206145, 42.031326972113732 ], [ -77.99459092881942, 42.024821302625888 ], [ -77.985493469238264, 42.032715861002622 ], [ -77.975, 42.033333333333353 ], [ -77.974646674262132, 42.030908881293421 ], [ -77.970480007595469, 42.026713053385436 ], [ -77.971186659071165, 42.014242214626755 ], [ -77.979519992404491, 42.005882432725713 ], [ -77.978813340928795, 41.989242214626756 ], [ -77.975353325737828, 41.985757785373281 ], [ -77.975, 41.983333333333348 ], [ -77.975, 41.975 ], [ -77.972789510091118, 41.974432712131097 ], [ -77.968877156575502, 41.971400621202278 ], [ -77.947789510091127, 41.970266045464427 ], [ -77.939710489908833, 41.963067287868945 ], [ -77.930054050021681, 41.961791653103319 ], [ -77.928315734863261, 41.955017428927974 ], [ -77.920266045464388, 41.952951727973108 ], [ -77.926956176757784, 41.946400621202272 ], [ -77.929166666666646, 41.945833333333354 ], [ -77.936430019802501, 41.945187377929706 ], [ -77.938067287868904, 41.940920003255229 ], [ -77.933900621202241, 41.935543823242206 ], [ -77.93276604546439, 41.922789510091164 ], [ -77.929733954535564, 41.91887715657554 ], [ -77.92845815022784, 41.909220716688388 ], [ -77.920568678114122, 41.907196044921889 ], [ -77.92443271213105, 41.902210489908875 ], [ -77.925567287868901, 41.893622843424495 ], [ -77.928599378797713, 41.889710489908872 ], [ -77.929166666666632, 41.8875 ], [ -77.922575547960051, 41.887146674262169 ], [ -77.919091118706575, 41.883686659071202 ], [ -77.914242214626711, 41.882980007595506 ], [ -77.906250678168377, 41.875013902452274 ], [ -77.901712883843288, 41.879519992404532 ], [ -77.889242214626719, 41.878813340928836 ], [ -77.885757785373244, 41.875353325737862 ], [ -77.870833333333309, 41.875 ], [ -77.870225863986519, 41.859246656629807 ], [ -77.866666666666646, 41.85833333333337 ], [ -77.866311815049897, 41.851712883843348 ], [ -77.860047743055532, 41.845480007595519 ], [ -77.855908881293374, 41.846186659071215 ], [ -77.851712883843291, 41.850353325737878 ], [ -77.847575547960048, 41.849646674262189 ], [ -77.844091118706572, 41.846186659071215 ], [ -77.84166666666664, 41.845833333333367 ], [ -77.842284308539476, 41.843673197428416 ], [ -77.845215691460481, 41.839660135904978 ], [ -77.846450975206139, 41.835339864095083 ], [ -77.849382358127144, 41.831326802571645 ], [ -77.850926378038167, 41.825926378038226 ], [ -77.858950975206142, 41.823632134331632 ], [ -77.857715691460484, 41.810339864095084 ], [ -77.849584960937477, 41.800970119900207 ], [ -77.860493469238264, 41.799382358127204 ], [ -77.868673197428365, 41.792284308539529 ], [ -77.870833333333309, 41.7916666666667 ], [ -77.877424452039904, 41.791313340928852 ], [ -77.882978312174458, 41.785787116156719 ], [ -77.883686659071159, 41.773284403483103 ], [ -77.875353325737819, 41.764924452039963 ], [ -77.875, 41.758333333333368 ], [ -77.878315734863264, 41.757482401529984 ], [ -77.879733954535567, 41.751956176757844 ], [ -77.886932712131056, 41.74387715657555 ], [ -77.8875, 41.720833333333367 ], [ -77.887853325737822, 41.718408881293435 ], [ -77.891313340928804, 41.714924452039966 ], [ -77.891666666666623, 41.7125 ], [ -77.894091118706555, 41.712853325737882 ], [ -77.897575547960031, 41.716313340928849 ], [ -77.904166666666626, 41.716666666666697 ], [ -77.906377156575488, 41.716099378797779 ], [ -77.910289510091104, 41.713067287868959 ], [ -77.938246663411419, 41.711932712131109 ], [ -77.943622843424436, 41.716099378797779 ], [ -77.949149237738681, 41.717517598470081 ], [ -77.950567287868893, 41.723043823242222 ], [ -77.957766045464368, 41.731122843424515 ], [ -77.958900621202218, 41.739710489908887 ], [ -77.963392469618015, 41.745096672905845 ], [ -77.971579996744751, 41.746400621202291 ], [ -77.976956176757767, 41.742233954535621 ], [ -77.988488091362811, 41.741099378797777 ], [ -78.001956176757773, 41.753599378797773 ], [ -78.004166666666634, 41.754166666666698 ], [ -78.005017428927914, 41.75085093180342 ], [ -78.010543823242145, 41.74943271213111 ], [ -78.027070787217838, 41.733792283799943 ], [ -78.032586669921841, 41.738067287868958 ], [ -78.037045966254297, 41.736356438530848 ], [ -78.057766045464376, 41.714710489908889 ], [ -78.058333333333294, 41.7125 ], [ -78.089924452039895, 41.712853325737882 ], [ -78.093408881293371, 41.716313340928849 ], [ -78.098257785373221, 41.717019992404545 ], [ -78.10590888129336, 41.724646674262189 ], [ -78.114213053385384, 41.725353325737878 ], [ -78.118408881293362, 41.721186659071215 ], [ -78.123257785373227, 41.720480007595519 ], [ -78.126742214626702, 41.717019992404545 ], [ -78.131591118706567, 41.716313340928849 ], [ -78.139242214626705, 41.708686659071212 ], [ -78.1458333333333, 41.708333333333364 ], [ -78.146400621202218, 41.701956176757847 ], [ -78.149432712131045, 41.698043823242223 ], [ -78.150903659396661, 41.692312452528242 ], [ -78.164456176757781, 41.679733954535621 ], [ -78.170172119140588, 41.678267076280413 ], [ -78.170833333333292, 41.670833333333363 ], [ -78.173043823242153, 41.671400621202288 ], [ -78.18528951009111, 41.68276604546444 ], [ -78.196579996744759, 41.683900621202291 ], [ -78.201956176757776, 41.679733954535621 ], [ -78.214710489908811, 41.678599378797777 ], [ -78.218622843424441, 41.675567287868958 ], [ -78.229913330078091, 41.674432712131107 ], [ -78.235416666666637, 41.678697882758279 ], [ -78.240698920355868, 41.67460411919491 ], [ -78.242833455403613, 41.666287231445345 ], [ -78.253511895073743, 41.675973002115917 ], [ -78.254166666666634, 41.683333333333366 ], [ -78.255075751410558, 41.686876424153681 ], [ -78.277210489908825, 41.688067287868954 ], [ -78.28125, 41.691197882758281 ], [ -78.285289510091104, 41.688067287868954 ], [ -78.2875, 41.6875 ], [ -78.288067287868884, 41.681122843424511 ], [ -78.295266045464373, 41.673043823242217 ], [ -78.296456909179653, 41.650909254286056 ], [ -78.303505452473928, 41.649100409613744 ], [ -78.304166666666632, 41.641666666666701 ], [ -78.306326972113681, 41.641049024793872 ], [ -78.310339694552923, 41.63811764187286 ], [ -78.314660305447006, 41.636882358127203 ], [ -78.318673027886248, 41.633950975206197 ], [ -78.331326972113686, 41.632715691460533 ], [ -78.343673027886254, 41.621450975206194 ], [ -78.353372531466974, 41.620039198133711 ], [ -78.354935031466979, 41.609304979112444 ], [ -78.360493638780341, 41.607715691460534 ], [ -78.364506361219583, 41.604784308539529 ], [ -78.371302625868026, 41.603549024793871 ], [ -78.378008015950485, 41.608447265625031 ], [ -78.380153062608471, 41.615949503580758 ], [ -78.394846937391463, 41.617383829752633 ], [ -78.396819729275137, 41.624282836914091 ], [ -78.410493638780352, 41.625617641872864 ], [ -78.41450636121958, 41.62854902479387 ], [ -78.427798800998232, 41.629784308539527 ], [ -78.429784138997363, 41.622839864095084 ], [ -78.432715861002563, 41.618826802571647 ], [ -78.433950805664026, 41.614506530761751 ], [ -78.436882527669241, 41.610493469238314 ], [ -78.4375, 41.608333333333363 ], [ -78.454166666666637, 41.608333333333363 ], [ -78.454901801215243, 41.600802612304719 ], [ -78.46599019368486, 41.599188741048209 ], [ -78.467284138997357, 41.572839864095087 ], [ -78.470215861002572, 41.56882680257165 ], [ -78.470833333333303, 41.566666666666698 ], [ -78.473043823242151, 41.566099378797773 ], [ -78.478198920355865, 41.562104119194913 ], [ -78.480017428927923, 41.55501759847008 ], [ -78.485543823242153, 41.553599378797777 ], [ -78.49778951009111, 41.542233954535618 ], [ -78.502210489908819, 41.541099378797774 ], [ -78.50612284342445, 41.538067287868955 ], [ -78.510543823242159, 41.536932712131104 ], [ -78.514456176757776, 41.533900621202285 ], [ -78.516666666666637, 41.533333333333367 ], [ -78.516099378797705, 41.531122843424512 ], [ -78.511932712131042, 41.525746663411489 ], [ -78.513067287868893, 41.522789510091179 ], [ -78.516099378797705, 41.518877156575549 ], [ -78.517517428927917, 41.513350931803416 ], [ -78.523043823242148, 41.511932712131106 ], [ -78.535289510091118, 41.500567287868954 ], [ -78.548043823242153, 41.49943271213111 ], [ -78.551956176757784, 41.496400621202291 ], [ -78.558333333333294, 41.495833333333366 ], [ -78.558688354492148, 41.489212883843344 ], [ -78.564242214626702, 41.483686659071211 ], [ -78.566666666666634, 41.483333333333363 ], [ -78.569982571072018, 41.482482401529978 ], [ -78.571684095594591, 41.475850931803414 ], [ -78.575, 41.475 ], [ -78.574432712131042, 41.472789510091175 ], [ -78.57140062120223, 41.468877156575552 ], [ -78.570266045464379, 41.456122843424509 ], [ -78.567233954535553, 41.452210489908886 ], [ -78.565767076280352, 41.446494547526072 ], [ -78.551956176757784, 41.445266045464443 ], [ -78.548043823242153, 41.442233954535624 ], [ -78.543622843424444, 41.441099378797773 ], [ -78.539583333333297, 41.437968783908453 ], [ -78.534079996744765, 41.442233954535624 ], [ -78.531122843424441, 41.441099378797773 ], [ -78.527210489908825, 41.438067287868954 ], [ -78.522789510091116, 41.43693271213111 ], [ -78.514710489908822, 41.429733954535621 ], [ -78.508729383680517, 41.428198920355932 ], [ -78.504733954535553, 41.423043823242217 ], [ -78.504166666666634, 41.4166666666667 ], [ -78.507672119140594, 41.41576707628041 ], [ -78.50890062120223, 41.401956176757842 ], [ -78.512896050347194, 41.396801079644128 ], [ -78.516666666666637, 41.395833333333364 ], [ -78.518877156575485, 41.395266045464439 ], [ -78.524032253689199, 41.391270785861572 ], [ -78.525850762261257, 41.384184265136746 ], [ -78.531377156575488, 41.382766045464436 ], [ -78.536532253689202, 41.378770785861576 ], [ -78.538067287868884, 41.372789510091174 ], [ -78.542062717013849, 41.367634412977459 ], [ -78.549338785807265, 41.365767076280413 ], [ -78.55, 41.358333333333363 ], [ -78.556591118706564, 41.357980007595515 ], [ -78.564242214626702, 41.350353325737878 ], [ -78.5875, 41.35 ], [ -78.59166666666664, 41.35 ], [ -78.592233954535558, 41.347789510091175 ], [ -78.595266045464371, 41.343877156575552 ], [ -78.596400621202221, 41.335289510091172 ], [ -78.599432712131048, 41.331377156575549 ], [ -78.600567287868884, 41.322789510091177 ], [ -78.603599378797711, 41.318877156575553 ], [ -78.605017428927923, 41.313350931803413 ], [ -78.613067287868887, 41.31128506130645 ], [ -78.61193271213105, 41.306122843424511 ], [ -78.607766045464373, 41.300746663411488 ], [ -78.608900621202224, 41.289456176757838 ], [ -78.61193271213105, 41.285543823242215 ], [ -78.6125, 41.275 ], [ -78.615815904405352, 41.274149068196643 ], [ -78.617517428927925, 41.267517598470079 ], [ -78.623043823242156, 41.266099378797769 ], [ -78.63112284342445, 41.258900621202287 ], [ -78.635543823242159, 41.257766045464436 ], [ -78.643622843424453, 41.250567287868954 ], [ -78.648043823242148, 41.249432712131103 ], [ -78.668622843424444, 41.229733954535618 ], [ -78.670833333333306, 41.229166666666693 ], [ -78.671752929687472, 41.225582885742213 ], [ -78.681122843424447, 41.217233954535615 ], [ -78.685543823242156, 41.216099378797772 ], [ -78.689456176757773, 41.213067287868952 ], [ -78.694982571072018, 41.211649068196643 ], [ -78.695833333333297, 41.208333333333364 ], [ -78.692517428927914, 41.20748240152998 ], [ -78.690698920355871, 41.200395880805146 ], [ -78.684079996744757, 41.195266045464436 ], [ -78.681122843424447, 41.196400621202287 ], [ -78.675746663411431, 41.20056728786895 ], [ -78.672789510091107, 41.199432712131106 ], [ -78.667413330078091, 41.195266045464436 ], [ -78.664456176757781, 41.196400621202287 ], [ -78.659829033745623, 41.199986775716177 ], [ -78.654733954535558, 41.193877156575546 ], [ -78.653599378797708, 41.189456176757844 ], [ -78.649432712131045, 41.184079996744821 ], [ -78.650567287868896, 41.176956176757841 ], [ -78.653599378797708, 41.173043823242217 ], [ -78.654733954535558, 41.164456176757838 ], [ -78.658900621202221, 41.159079996744822 ], [ -78.657710096571151, 41.138487074110273 ], [ -78.652210489908825, 41.133900621202287 ], [ -78.65, 41.133333333333361 ], [ -78.65, 41.129166666666691 ], [ -78.65, 41.125 ], [ -78.650567287868896, 41.122789510091174 ], [ -78.658900621202221, 41.113437228732664 ], [ -78.657599216037298, 41.105047607421902 ], [ -78.650582885742153, 41.103247070312527 ], [ -78.642128499348928, 41.093758816189265 ], [ -78.645266045464382, 41.089710489908882 ], [ -78.646400621202218, 41.085289510091172 ], [ -78.649432712131045, 41.081377156575549 ], [ -78.650664944118887, 41.067523532443602 ], [ -78.655385335286425, 41.066465250651071 ], [ -78.661753336588504, 41.071400621202287 ], [ -78.668877156575491, 41.070266045464436 ], [ -78.681122843424447, 41.058900621202284 ], [ -78.686649237738678, 41.057482571072079 ], [ -78.688467746310735, 41.050396050347253 ], [ -78.69362284342445, 41.046400621202281 ], [ -78.7, 41.045833333333363 ], [ -78.7, 41.041666666666693 ], [ -78.699432712131042, 41.035289510091175 ], [ -78.69640062120223, 41.031377156575545 ], [ -78.695219251844591, 41.005078464084228 ], [ -78.688350762261251, 41.003315904405412 ], [ -78.6875, 41.0 ], [ -78.689710489908819, 40.999432712131103 ], [ -78.69362284342445, 40.996400621202284 ], [ -78.715757581922716, 40.995209757487004 ], [ -78.717554050021675, 40.988208346896727 ], [ -78.727210489908828, 40.9869327121311 ], [ -78.731122843424444, 40.983900621202281 ], [ -78.743877156575493, 40.982766045464437 ], [ -78.753247070312469, 40.97441711425784 ], [ -78.754733954535553, 40.968622843424505 ], [ -78.761932712131042, 40.960543823242212 ], [ -78.763067287868893, 40.956122843424502 ], [ -78.766099378797705, 40.952210489908879 ], [ -78.766666666666637, 40.95 ], [ -78.769091118706569, 40.949646674262176 ], [ -78.778811984591982, 40.939952256944473 ], [ -78.779519992404488, 40.926742214626763 ], [ -78.789214409722192, 40.917021348741343 ], [ -78.802424452039901, 40.916313340928845 ], [ -78.805908881293377, 40.912853325737871 ], [ -78.814213053385387, 40.912146674262182 ], [ -78.818408881293365, 40.916313340928845 ], [ -78.822546386718713, 40.917019992404541 ], [ -78.826742214626705, 40.912853325737871 ], [ -78.845833333333303, 40.9125 ], [ -78.846400621202221, 40.910289510091175 ], [ -78.853599378797711, 40.902210489908882 ], [ -78.854875013563344, 40.892554050021729 ], [ -78.858333333333306, 40.891666666666694 ], [ -78.859021335177914, 40.879976060655409 ], [ -78.871450805664026, 40.878167046441 ], [ -78.870215861002578, 40.864506361219647 ], [ -78.866049194335901, 40.85880262586808 ], [ -78.867284138997363, 40.856173027886314 ], [ -78.870215861002578, 40.852160305447072 ], [ -78.870833333333309, 40.84583333333336 ], [ -78.874296400282091, 40.844790649414087 ], [ -78.875719875759515, 40.821609836154536 ], [ -78.889634874131914, 40.820190429687528 ], [ -78.899201117621502, 40.811998494466174 ], [ -78.900642903645803, 40.797865125868078 ], [ -78.9035237630208, 40.79380154079864 ], [ -78.904809570312466, 40.791344875759577 ], [ -78.900642903645803, 40.7854682074653 ], [ -78.9, 40.770833333333357 ], [ -78.879946899414037, 40.770147705078152 ], [ -78.879166666666634, 40.7625 ], [ -78.881377156575496, 40.761932712131099 ], [ -78.89513075086802, 40.749066840277806 ], [ -78.896541680230001, 40.738387383355061 ], [ -78.902210489908825, 40.7369327121311 ], [ -78.906122843424441, 40.733900621202281 ], [ -78.908333333333303, 40.733333333333356 ], [ -78.907663302951363, 40.713331095377626 ], [ -78.896826171874963, 40.711717054579019 ], [ -78.894807942708297, 40.70483974880645 ], [ -78.864519246419235, 40.703536309136311 ], [ -78.860480753580703, 40.700630357530407 ], [ -78.84242892795136, 40.699275377061653 ], [ -78.8411458333333, 40.686687893337698 ], [ -78.849369642469583, 40.677147420247422 ], [ -78.85, 40.65833333333336 ], [ -78.843622843424441, 40.657766045464435 ], [ -78.839710489908825, 40.654733954535615 ], [ -78.83418409559458, 40.653315904405403 ], [ -78.832766045464382, 40.647789510091172 ], [ -78.825567287868893, 40.639710489908879 ], [ -78.824432712131042, 40.63528951009117 ], [ -78.821301947699624, 40.63125 ], [ -78.824531385633648, 40.62708333333336 ], [ -78.82140062120223, 40.623043823242213 ], [ -78.819865587022534, 40.617062717013916 ], [ -78.814710489908819, 40.613067287868944 ], [ -78.806122843424447, 40.6119327121311 ], [ -78.802210489908816, 40.608900621202281 ], [ -78.793622843424444, 40.60776604546443 ], [ -78.789710489908828, 40.604733954535611 ], [ -78.775972832573757, 40.603511895073808 ], [ -78.767233954535556, 40.593877156575545 ], [ -78.765698920355874, 40.587896050347247 ], [ -78.760543823242159, 40.583900621202282 ], [ -78.731122843424444, 40.582766045464432 ], [ -78.727210489908828, 40.579733954535612 ], [ -78.725, 40.579166666666687 ], [ -78.725567287868898, 40.57278951009117 ], [ -78.728599378797711, 40.568877156575546 ], [ -78.730017428927923, 40.563350762261308 ], [ -78.733333333333306, 40.5625 ], [ -78.739710489908816, 40.561932712131096 ], [ -78.743622843424447, 40.558900621202284 ], [ -78.74937642415361, 40.557424248589435 ], [ -78.75, 40.545833333333356 ], [ -78.745833333333294, 40.545833333333356 ], [ -78.745833333333294, 40.541666666666693 ], [ -78.745833333333294, 40.53333333333336 ], [ -78.739456176757784, 40.532766045464435 ], [ -78.735416666666637, 40.529635281033009 ], [ -78.729913330078091, 40.533900621202278 ], [ -78.713403998480871, 40.532688734266515 ], [ -78.711932712131045, 40.526956176757835 ], [ -78.704733954535556, 40.518877156575542 ], [ -78.704166666666637, 40.5125 ], [ -78.697546386718713, 40.512144978841171 ], [ -78.692019992404482, 40.506591118706623 ], [ -78.691666666666634, 40.504166666666691 ], [ -78.690529378255178, 40.499735514322943 ], [ -78.685543823242156, 40.503599378797766 ], [ -78.681122843424447, 40.50473395453561 ], [ -78.675746663411431, 40.50890062120228 ], [ -78.672789510091107, 40.507766045464436 ], [ -78.668877156575491, 40.50473395453561 ], [ -78.6625, 40.504166666666691 ], [ -78.661876424153618, 40.492575751410612 ], [ -78.658333333333303, 40.491666666666688 ], [ -78.657766045464371, 40.481122843424501 ], [ -78.650567287868896, 40.473043823242207 ], [ -78.649112616644928, 40.467375013563391 ], [ -78.639456176757776, 40.466099378797765 ], [ -78.635416666666629, 40.462968614366339 ], [ -78.631241183810729, 40.466204833984399 ], [ -78.621770562065933, 40.457766045464432 ], [ -78.606122843424444, 40.458900621202282 ], [ -78.596770562065942, 40.467233954535615 ], [ -78.575908406575493, 40.466039360894122 ], [ -78.574032253689197, 40.458729383680577 ], [ -78.568877156575482, 40.454733954535612 ], [ -78.5625, 40.454166666666687 ], [ -78.562146674262124, 40.451742214626762 ], [ -78.558347913953966, 40.447916666666686 ], [ -78.562853325737819, 40.443379720052107 ], [ -78.562146674262124, 40.430908881293426 ], [ -78.558347913953966, 40.427083333333357 ], [ -78.562146674262124, 40.423257785373288 ], [ -78.562853325737819, 40.414242214626761 ], [ -78.566313340928787, 40.410757785373285 ], [ -78.566666666666634, 40.3875 ], [ -78.567019992404482, 40.380908881293422 ], [ -78.570480007595449, 40.377424452039953 ], [ -78.570833333333297, 40.375 ], [ -78.577210489908822, 40.374432712131096 ], [ -78.581122843424453, 40.371400621202277 ], [ -78.586649237738683, 40.369982571072072 ], [ -78.5875, 40.366666666666688 ], [ -78.595833333333303, 40.366666666666688 ], [ -78.599149237738686, 40.365815904405402 ], [ -78.6, 40.3625 ], [ -78.600567287868884, 40.360289510091164 ], [ -78.603599378797711, 40.35637715657554 ], [ -78.605134412977392, 40.350396050347243 ], [ -78.610289510091107, 40.346400621202278 ], [ -78.619945949978259, 40.345124986436652 ], [ -78.620833333333294, 40.34166666666669 ], [ -78.621400621202227, 40.335289510091165 ], [ -78.624432712131039, 40.331377156575542 ], [ -78.62556728786889, 40.32278951009117 ], [ -78.636932712131042, 40.310543823242206 ], [ -78.638067287868893, 40.301956176757834 ], [ -78.646400621202218, 40.292603895399324 ], [ -78.645266045464382, 40.285289510091168 ], [ -78.641402180989544, 40.280303955078146 ], [ -78.650264485677056, 40.278029378255226 ], [ -78.646400621202218, 40.273043823242212 ], [ -78.6458333333333, 40.266666666666687 ], [ -78.642517428927917, 40.2658159044054 ], [ -78.641666666666637, 40.2625 ], [ -78.649197387695281, 40.261764865451411 ], [ -78.650617472330694, 40.252006361219642 ], [ -78.662860446506045, 40.238588121202277 ], [ -78.666666666666629, 40.2375 ], [ -78.667019992404477, 40.230908881293423 ], [ -78.670480007595458, 40.227424452039955 ], [ -78.670833333333306, 40.225 ], [ -78.671186659071154, 40.222575547960091 ], [ -78.678813340928784, 40.214924452039952 ], [ -78.679519992404479, 40.205908881293425 ], [ -78.682980007595461, 40.202424452039949 ], [ -78.683686659071142, 40.197575547960092 ], [ -78.691313340928787, 40.189924452039953 ], [ -78.692019992404482, 40.185075547960089 ], [ -78.695480007595449, 40.181591118706621 ], [ -78.696186659071145, 40.168408881293423 ], [ -78.699646674262127, 40.164924452039948 ], [ -78.7, 40.1625 ], [ -78.703315904405343, 40.161649237738736 ], [ -78.704733954535556, 40.156122843424498 ], [ -78.707766045464382, 40.152210489908875 ], [ -78.708900621202218, 40.147789510091165 ], [ -78.711932712131045, 40.143877156575542 ], [ -78.713067287868896, 40.1311228434245 ], [ -78.720266045464371, 40.123043823242206 ], [ -78.721400621202221, 40.110289510091164 ], [ -78.724432712131048, 40.10637715657554 ], [ -78.725, 40.104166666666686 ], [ -78.725, 40.1 ], [ -78.728240288628442, 40.099073621961828 ], [ -78.72978413899736, 40.093673027886304 ], [ -78.732715861002575, 40.089660305447069 ], [ -78.733950805664037, 40.085339694552971 ], [ -78.736882527669238, 40.081326972113736 ], [ -78.738493516710037, 40.075692070855055 ], [ -78.75752631293399, 40.074294365776929 ], [ -78.758950805664028, 40.064506361219635 ], [ -78.762613932291629, 40.059491984049501 ], [ -78.769906955295113, 40.057406955295157 ], [ -78.771450805664031, 40.05200636121964 ], [ -78.774382527669246, 40.047993638780397 ], [ -78.775, 40.045833333333356 ], [ -78.777424452039895, 40.045480007595508 ], [ -78.780908881293371, 40.042019992404533 ], [ -78.7875, 40.041666666666686 ], [ -78.788235134548586, 40.03413662380644 ], [ -78.79783969455292, 40.025617472330751 ], [ -78.802160305447018, 40.024382527669289 ], [ -78.814506361219586, 40.013117472330748 ], [ -78.824264865451354, 40.011697387695328 ], [ -78.825617472330691, 39.997839694552972 ], [ -78.832715861002569, 39.989660305447067 ], [ -78.83449198404945, 39.983447265625017 ], [ -78.839506361219591, 39.979784138997417 ], [ -78.849205864800311, 39.978372531467031 ], [ -78.850617472330697, 39.968673027886304 ], [ -78.857715861002575, 39.960493638780399 ], [ -78.858950805664037, 39.952006361219638 ], [ -78.866049194335901, 39.943826972113733 ], [ -78.867284138997363, 39.939506361219635 ], [ -78.878549194335903, 39.927160305447067 ], [ -78.879166666666634, 39.925 ], [ -78.883333333333297, 39.925 ], [ -78.883333333333297, 39.9125 ], [ -78.8875, 39.9125 ], [ -78.889710489908822, 39.911932712131112 ], [ -78.906122843424441, 39.896400621202289 ], [ -78.910543823242151, 39.895266045464446 ], [ -78.915962388780358, 39.890747239854633 ], [ -78.917375013563344, 39.880054050021734 ], [ -78.920833333333306, 39.879166666666698 ], [ -78.921186659071154, 39.876742214626773 ], [ -78.953813340928789, 39.844091118706629 ], [ -78.954519992404485, 39.839242214626772 ], [ -78.970480007595455, 39.823257785373301 ], [ -78.970833333333303, 39.820833333333368 ], [ -78.970266045464385, 39.818622843424514 ], [ -78.954733954535556, 39.802210489908887 ], [ -78.953267076280355, 39.796494547526073 ], [ -78.938478257920977, 39.795179070366785 ], [ -78.925567287868887, 39.781377156575552 ], [ -78.925, 39.779166666666697 ], [ -78.924149237738689, 39.775850931803419 ], [ -78.917062717013863, 39.774032253689271 ], [ -78.913067287868898, 39.768877156575556 ], [ -78.911932712131048, 39.739456176757848 ], [ -78.908900621202221, 39.735543823242217 ], [ -78.908333333333303, 39.733333333333363 ], [ -78.910757785373235, 39.732980007595522 ], [ -78.928808932834173, 39.714954121907581 ], [ -78.929166666666632, 39.7125 ], [ -78.930017428927925, 39.709184265136749 ], [ -78.937103949652752, 39.707365587022601 ], [ -78.941099378797716, 39.702210489908886 ], [ -78.942233954535567, 39.697789510091177 ], [ -78.945266045464379, 39.693877156575553 ], [ -78.945833333333297, 39.6875 ], [ -78.95, 39.6875 ], [ -78.952424452039907, 39.687146674262188 ], [ -78.955908881293368, 39.683686659071213 ], [ -78.9583333333333, 39.683333333333366 ], [ -78.9625, 39.683333333333366 ], [ -78.963067287868896, 39.68554382324222 ], [ -78.966888427734347, 39.690474277072518 ], [ -78.971770562065942, 39.692233954535624 ], [ -78.981122843424444, 39.683900621202291 ], [ -78.996579996744757, 39.68276604546444 ], [ -79.001956176757787, 39.68693271213111 ], [ -79.036285061306387, 39.688067287868954 ], [ -79.038067287868898, 39.681122843424511 ], [ -79.042586263020809, 39.675704277886318 ], [ -79.05221048990883, 39.674432712131107 ], [ -79.056122843424447, 39.671400621202288 ], [ -79.060543823242156, 39.670266045464444 ], [ -79.064592149522539, 39.667128499348991 ], [ -79.072789510091113, 39.674432712131107 ], [ -79.075746663411422, 39.675567287868958 ], [ -79.081258816189205, 39.671295166015661 ], [ -79.089586046006914, 39.678715006510451 ], [ -79.103263007269931, 39.666020880805156 ], [ -79.104733954535561, 39.660289510091175 ], [ -79.109293280707433, 39.654822625054287 ], [ -79.116666666666632, 39.654166666666697 ], [ -79.117517428927925, 39.650850931803419 ], [ -79.124603949652752, 39.649032253689271 ], [ -79.128599378797716, 39.643877156575556 ], [ -79.13005405002167, 39.638208516438837 ], [ -79.139710489908822, 39.636932712131106 ], [ -79.147789510091116, 39.629733954535624 ], [ -79.152210489908825, 39.628599378797773 ], [ -79.172789510091121, 39.608900621202288 ], [ -79.17721048990883, 39.607766045464444 ], [ -79.185289510091124, 39.600567287868955 ], [ -79.19081573486325, 39.599149068196645 ], [ -79.192233954535567, 39.593622843424512 ], [ -79.199432712131042, 39.585543823242219 ], [ -79.200967746310738, 39.579562547471816 ], [ -79.206122843424453, 39.575567287868957 ], [ -79.210543823242162, 39.574432712131106 ], [ -79.231122843424458, 39.554733954535621 ], [ -79.236838785807265, 39.553267076280413 ], [ -79.2375, 39.545833333333363 ], [ -79.25, 39.545833333333363 ], [ -79.249344550238689, 39.543711005316872 ], [ -79.245177883572026, 39.537745836046035 ], [ -79.246488783094591, 39.531211005316869 ], [ -79.254594590928789, 39.521682230631541 ], [ -79.23439381917315, 39.520100911458364 ], [ -79.232069905598934, 39.512575446234841 ], [ -79.2229556613498, 39.504822116427981 ], [ -79.216011216905358, 39.502677578396302 ], [ -79.222877671983483, 39.496488783094648 ], [ -79.228354051378005, 39.494797600640219 ], [ -79.229822116427925, 39.485377671983535 ], [ -79.232677883572023, 39.48128899468319 ], [ -79.234316338433132, 39.475983005099856 ], [ -79.239622328016466, 39.474344550238747 ], [ -79.247877671983474, 39.467322116427979 ], [ -79.252122328016469, 39.466011216905414 ], [ -79.256211005316814, 39.463155449761317 ], [ -79.260455661349795, 39.461844550238744 ], [ -79.26454433865014, 39.458988783094647 ], [ -79.268788994683135, 39.457677883572082 ], [ -79.277044338650143, 39.450655449761314 ], [ -79.282350328233477, 39.449016994900205 ], [ -79.283333333333303, 39.445833333333361 ], [ -79.282980007595455, 39.439242214626766 ], [ -79.279519992404488, 39.435757785373298 ], [ -79.278813340928792, 39.422575547960101 ], [ -79.275353325737825, 39.419091118706625 ], [ -79.275, 39.4166666666667 ], [ -79.278315734863256, 39.415815734863308 ], [ -79.280017598470025, 39.409184265136751 ], [ -79.285543823242165, 39.407766045464442 ], [ -79.294913567437035, 39.399417114257844 ], [ -79.29668426513669, 39.392517598470079 ], [ -79.30221048990883, 39.391099378797776 ], [ -79.306122843424447, 39.388067287868957 ], [ -79.310543823242156, 39.386932712131106 ], [ -79.314456176757787, 39.383900621202287 ], [ -79.318877156575496, 39.382766045464436 ], [ -79.322789510091113, 39.379733954535624 ], [ -79.328315734863253, 39.378315734863314 ], [ -79.329166666666637, 39.375 ], [ -79.3333333333333, 39.375 ], [ -79.333691067165773, 39.372545539008279 ], [ -79.347575547960048, 39.358686659071211 ], [ -79.352424452039898, 39.357980007595515 ], [ -79.376742214626702, 39.333686659071212 ], [ -79.383333333333312, 39.333333333333364 ], [ -79.38390062120223, 39.32695617675784 ], [ -79.391099378797719, 39.318877156575553 ], [ -79.392517598470022, 39.313350931803413 ], [ -79.398043823242162, 39.311932712131103 ], [ -79.401956176757778, 39.308900621202284 ], [ -79.406377156575488, 39.30776604546444 ], [ -79.422789510091121, 39.292233954535618 ], [ -79.42721048990883, 39.291099378797774 ], [ -79.431122843424447, 39.288067287868955 ], [ -79.436854214138435, 39.286596510145429 ], [ -79.449432712131056, 39.273043823242219 ], [ -79.450850931803359, 39.267517598470079 ], [ -79.457482401529916, 39.26581573486331 ], [ -79.459301079644064, 39.258729214138484 ], [ -79.464456176757793, 39.254733954535617 ], [ -79.470437452528188, 39.253198920355935 ], [ -79.474432712131048, 39.248043823242213 ], [ -79.475967746310744, 39.242062547471818 ], [ -79.481122843424458, 39.238067287868951 ], [ -79.4875, 39.2375 ], [ -79.487853325737817, 39.235075547960101 ], [ -79.503813340928787, 39.219091118706629 ], [ -79.504519992404482, 39.214242214626765 ], [ -79.507980007595464, 39.210757785373289 ], [ -79.508333333333312, 39.208333333333364 ], [ -79.51164906819659, 39.20748240152998 ], [ -79.5125, 39.204166666666694 ], [ -79.509101528591557, 39.203195020887613 ], [ -79.507526312934004, 39.192372300889787 ], [ -79.488493516710037, 39.19097459581166 ], [ -79.486341179741729, 39.183447265625027 ], [ -79.481326802571587, 39.179784308539524 ], [ -79.472839864095022, 39.178549024793867 ], [ -79.463236660427498, 39.170215691460534 ], [ -79.460339864095019, 39.171450975206191 ], [ -79.456326802571581, 39.174382358127197 ], [ -79.454166666666637, 39.175 ], [ -79.45195617675779, 39.175567287868951 ], [ -79.442586432562905, 39.183916219075549 ], [ -79.440529547797283, 39.191931321885882 ], [ -79.435543823242156, 39.188067287868954 ], [ -79.424253336588521, 39.186932712131103 ], [ -79.41875, 39.191197882758274 ], [ -79.414710489908828, 39.188067287868954 ], [ -79.407586669921855, 39.186932712131103 ], [ -79.402210489908825, 39.191099378797773 ], [ -79.393622843424453, 39.192233954535617 ], [ -79.385543823242159, 39.199432712131106 ], [ -79.38112284342445, 39.20056728786895 ], [ -79.377210489908833, 39.203599378797769 ], [ -79.374253336588509, 39.204733954535619 ], [ -79.368877156575493, 39.20056728786895 ], [ -79.363714938693548, 39.199432712131106 ], [ -79.361612616644933, 39.207624816894558 ], [ -79.351956176757781, 39.208900621202282 ], [ -79.348043823242165, 39.211932712131102 ], [ -79.33007236056855, 39.213137647840739 ], [ -79.329166666666637, 39.216666666666697 ], [ -79.325850931803359, 39.215815734863313 ], [ -79.323862881130609, 39.208068678114181 ], [ -79.317413330078097, 39.213067287868952 ], [ -79.312905714246938, 39.211337958441867 ], [ -79.29943271213105, 39.196821424696211 ], [ -79.300671556260824, 39.184230211046035 ], [ -79.307624816894503, 39.18244594997833 ], [ -79.308900621202227, 39.172789510091171 ], [ -79.320266045464379, 39.160543823242215 ], [ -79.321684265136696, 39.155017428927977 ], [ -79.32973395453557, 39.152951727973118 ], [ -79.328599378797719, 39.13945617675784 ], [ -79.325468783908391, 39.135416666666693 ], [ -79.328599378797719, 39.131377156575546 ], [ -79.32973395453557, 39.126956176757844 ], [ -79.332766045464382, 39.123043823242213 ], [ -79.334041849772106, 39.113387383355061 ], [ -79.341270785861525, 39.111532253689262 ], [ -79.345266045464385, 39.106377156575547 ], [ -79.346400621202235, 39.093622843424505 ], [ -79.349432712131048, 39.089710489908882 ], [ -79.350567287868898, 39.085289510091172 ], [ -79.357766045464388, 39.077210489908879 ], [ -79.358333333333306, 39.075 ], [ -79.355908881293374, 39.074646674262183 ], [ -79.352424452039898, 39.071186659071209 ], [ -79.35, 39.070833333333361 ], [ -79.348747762044241, 39.066086832682316 ], [ -79.342396545410125, 39.067527601454017 ], [ -79.340943230522981, 39.078258260091175 ], [ -79.3375, 39.079166666666694 ], [ -79.330908881293382, 39.078813340928846 ], [ -79.327424452039907, 39.075353325737872 ], [ -79.318408881293379, 39.074646674262183 ], [ -79.314583333333303, 39.070847913954019 ], [ -79.310757785373241, 39.074646674262183 ], [ -79.304166666666646, 39.075 ], [ -79.304166666666646, 39.058333333333358 ], [ -79.304519992404479, 39.055908881293433 ], [ -79.317019992404482, 39.043383110894126 ], [ -79.316313340928787, 39.030908881293428 ], [ -79.312513732910134, 39.027082655164961 ], [ -79.324646674262127, 39.014924452039956 ], [ -79.325353325737822, 39.001742214626766 ], [ -79.328813340928789, 38.998257785373291 ], [ -79.329519992404485, 38.993408881293426 ], [ -79.332980007595452, 38.989924452039958 ], [ -79.333686659071148, 38.985075547960093 ], [ -79.349646674262132, 38.969091118706622 ], [ -79.350353325737814, 38.964242214626765 ], [ -79.357980007595458, 38.956591118706626 ], [ -79.358687845865859, 38.939213392469647 ], [ -79.364242214626714, 38.933686659071206 ], [ -79.369091118706564, 38.932980007595511 ], [ -79.376742214626702, 38.925353325737873 ], [ -79.379166666666634, 38.925 ], [ -79.394091118706569, 38.924646674262178 ], [ -79.397575547960045, 38.921186659071203 ], [ -79.401712883843288, 38.920480007595515 ], [ -79.405908881293371, 38.924646674262178 ], [ -79.414924452039898, 38.925353325737873 ], [ -79.418408881293374, 38.928813340928848 ], [ -79.431591118706564, 38.929519992404543 ], [ -79.435075547960039, 38.932980007595511 ], [ -79.447547743055523, 38.933686659071206 ], [ -79.453808593749969, 38.927457004123291 ], [ -79.454166666666637, 38.925 ], [ -79.453523932562902, 38.922865125868078 ], [ -79.45064273410371, 38.91880154079864 ], [ -79.449357265896239, 38.910365125868083 ], [ -79.445879787868904, 38.905460611979194 ], [ -79.452031622992592, 38.90064290364586 ], [ -79.461485799153621, 38.899202134874159 ], [ -79.463749864366292, 38.891681925455757 ], [ -79.470511542426195, 38.89647623697919 ], [ -79.472968377007348, 38.895190429687524 ], [ -79.482699584960912, 38.886857096354191 ], [ -79.485468377007351, 38.888142903645857 ], [ -79.489531622992601, 38.891023763020861 ], [ -79.497968377007354, 38.892309570312527 ], [ -79.503844875759526, 38.89647623697919 ], [ -79.516400655110658, 38.894980197482667 ], [ -79.520227220323321, 38.889583333333363 ], [ -79.516023932562902, 38.883655124240477 ], [ -79.517507765028185, 38.866392008463571 ], [ -79.52370605468748, 38.870786878797766 ], [ -79.528523932562905, 38.864634874131973 ], [ -79.529809400770375, 38.856198459201416 ], [ -79.532690599229568, 38.85213487413197 ], [ -79.534297519259951, 38.846797688802113 ], [ -79.542309400770378, 38.844385443793428 ], [ -79.535468377007348, 38.83814290364586 ], [ -79.529870266384521, 38.836457316080754 ], [ -79.528446112738692, 38.813265991210962 ], [ -79.522968377007359, 38.808976236979191 ], [ -79.51351420084633, 38.80753546820749 ], [ -79.511857265896239, 38.802031792534748 ], [ -79.508939446343291, 38.797916666666694 ], [ -79.511857265896239, 38.79380154079864 ], [ -79.51314273410371, 38.785365125868083 ], [ -79.520190599229579, 38.777134874131967 ], [ -79.521476067437035, 38.77286512586808 ], [ -79.524357265896242, 38.768801540798634 ], [ -79.525642734103712, 38.764531792534747 ], [ -79.528523932562905, 38.760468207465301 ], [ -79.529809400770375, 38.756198459201414 ], [ -79.532690599229568, 38.752134874131968 ], [ -79.534347534179659, 38.746631198459227 ], [ -79.54561394585501, 38.744914415147591 ], [ -79.549357265896248, 38.739634874131966 ], [ -79.550642734103704, 38.735365125868078 ], [ -79.557690599229574, 38.72713487413197 ], [ -79.558333333333309, 38.71666666666669 ], [ -79.560543823242156, 38.716099378797765 ], [ -79.564456176757787, 38.713067287868945 ], [ -79.573043823242159, 38.711932712131102 ], [ -79.582413567437044, 38.703583780924504 ], [ -79.58422071668835, 38.696541680230062 ], [ -79.593877156575502, 38.695266045464436 ], [ -79.599295722113695, 38.690747070312526 ], [ -79.600567287868898, 38.681122843424504 ], [ -79.60930633544919, 38.67148810492624 ], [ -79.623043823242156, 38.67026604546443 ], [ -79.628198920355885, 38.666270616319466 ], [ -79.629166666666634, 38.6625 ], [ -79.625886366102407, 38.661727566189263 ], [ -79.624486456976967, 38.657232666015652 ], [ -79.633862813313783, 38.646916368272592 ], [ -79.63280385335284, 38.635251871744813 ], [ -79.629696146647106, 38.631414794921902 ], [ -79.628637186686177, 38.626918538411481 ], [ -79.621221584743893, 38.618759494357661 ], [ -79.6244705200195, 38.614748128255229 ], [ -79.625, 38.608333333333356 ], [ -79.635493469238256, 38.607715861002625 ], [ -79.644726901584178, 38.599703301323807 ], [ -79.646759711371502, 38.592593044704884 ], [ -79.653449503580703, 38.590680270724853 ], [ -79.654784308539476, 38.577006361219645 ], [ -79.657715691460481, 38.572993638780403 ], [ -79.658950975206139, 38.564506361219642 ], [ -79.666049024793807, 38.556326972113737 ], [ -79.667284308539479, 38.524530707465303 ], [ -79.663061523437477, 38.51875 ], [ -79.666049024793807, 38.514660305447073 ], [ -79.667638312445717, 38.509101698133705 ], [ -79.67846103244355, 38.507526312934047 ], [ -79.679784308539467, 38.48950636121964 ], [ -79.683447265624977, 38.484491984049498 ], [ -79.68966013590493, 38.482715861002625 ], [ -79.698893568250838, 38.474703301323807 ], [ -79.7, 38.470833333333353 ], [ -79.697543165418807, 38.470475260416691 ], [ -79.692019992404482, 38.464924452039952 ], [ -79.691666666666649, 38.458333333333357 ], [ -79.691666666666649, 38.454166666666687 ], [ -79.692233954535567, 38.435289510091167 ], [ -79.695266045464379, 38.431377156575543 ], [ -79.696684265136696, 38.425850762261305 ], [ -79.702210489908836, 38.4244327121311 ], [ -79.706122843424453, 38.421400621202281 ], [ -79.712104119194848, 38.419865587022592 ], [ -79.716197882758223, 38.414583333333354 ], [ -79.712961832682268, 38.410407850477455 ], [ -79.720266045464385, 38.402210489908875 ], [ -79.721400621202235, 38.397789510091165 ], [ -79.728599378797725, 38.389710489908879 ], [ -79.729166666666643, 38.3875 ], [ -79.730017598470027, 38.384184095594641 ], [ -79.733333333333306, 38.383333333333354 ], [ -79.73418426513669, 38.380017428927971 ], [ -79.7375, 38.379166666666691 ], [ -79.741666666666646, 38.379166666666691 ], [ -79.741005452473928, 38.371732923719641 ], [ -79.732766045464388, 38.36961839463978 ], [ -79.734148830837654, 38.363326687283006 ], [ -79.739456176757784, 38.358900621202281 ], [ -79.765755038791212, 38.357719251844642 ], [ -79.76723395453557, 38.351956176757831 ], [ -79.770266045464382, 38.348043823242207 ], [ -79.771753099229571, 38.342249552408873 ], [ -79.781122843424455, 38.333900621202275 ], [ -79.785543823242165, 38.332766045464432 ], [ -79.789456176757795, 38.329733954535612 ], [ -79.79518754747177, 38.328263007269989 ], [ -79.80776604546439, 38.314710489908876 ], [ -79.809184265136693, 38.309184095594638 ], [ -79.8125, 38.308333333333351 ], [ -79.812146674262124, 38.305908881293426 ], [ -79.804519992404494, 38.298257785373288 ], [ -79.803813340928798, 38.293408881293423 ], [ -79.796186659071154, 38.285757785373285 ], [ -79.795475260416637, 38.280876329210088 ], [ -79.789924452039912, 38.275353325737868 ], [ -79.7875, 38.275 ], [ -79.787858072916649, 38.272542995876755 ], [ -79.793408881293374, 38.267019992404535 ], [ -79.795833333333306, 38.266666666666687 ], [ -79.798043823242168, 38.266099378797762 ], [ -79.814456176757787, 38.250567287868947 ], [ -79.819982401529927, 38.249149237738735 ], [ -79.820833333333312, 38.245833333333351 ], [ -79.831377156575499, 38.245266045464433 ], [ -79.835289510091116, 38.242233954535614 ], [ -79.839710489908825, 38.241099378797763 ], [ -79.847789510091118, 38.233900621202281 ], [ -79.852210489908828, 38.23276604546443 ], [ -79.864456176757784, 38.221400621202278 ], [ -79.868877156575493, 38.220266045464427 ], [ -79.874032253689208, 38.216270616319463 ], [ -79.875899590386268, 38.208994547526061 ], [ -79.890767076280355, 38.207672119140646 ], [ -79.89223395453557, 38.201956176757832 ], [ -79.904812452528191, 38.18840365939672 ], [ -79.910543823242165, 38.186932712131096 ], [ -79.914456176757795, 38.183900621202277 ], [ -79.918877156575505, 38.182766045464433 ], [ -79.928246900770375, 38.174417114257835 ], [ -79.929733954535564, 38.168622843424501 ], [ -79.933729214138438, 38.163467746310786 ], [ -79.939710489908833, 38.161932712131097 ], [ -79.945096672905791, 38.157440863715294 ], [ -79.94640062120223, 38.149253336588565 ], [ -79.942233954535567, 38.143877156575542 ], [ -79.941099378797716, 38.140920003255232 ], [ -79.945266045464393, 38.135543823242209 ], [ -79.94640062120223, 38.111753336588563 ], [ -79.941270785861519, 38.105134412977449 ], [ -79.932911682128889, 38.102989366319463 ], [ -79.953599378797719, 38.081377156575542 ], [ -79.95473395453557, 38.076956176757832 ], [ -79.957766045464382, 38.073043823242209 ], [ -79.958333333333314, 38.070833333333354 ], [ -79.961649068196593, 38.069982401529984 ], [ -79.963350931803362, 38.06335093180342 ], [ -79.96666666666664, 38.0625 ], [ -79.967517598470025, 38.059184265136757 ], [ -79.970833333333317, 38.058333333333366 ], [ -79.971684265136702, 38.055017598470087 ], [ -79.978770785861528, 38.053198920355939 ], [ -79.982864549424889, 38.047916666666701 ], [ -79.978599378797725, 38.042413330078162 ], [ -79.979733954535561, 38.035289510091182 ], [ -79.982766045464388, 38.031377156575559 ], [ -79.983900621202238, 38.026956176757849 ], [ -79.98693271213105, 38.023043823242226 ], [ -79.988067287868901, 38.018622843424517 ], [ -79.99526604546439, 38.010543823242223 ], [ -79.996535237630184, 38.000937398274772 ], [ -80.02278951009113, 37.975567287868955 ], [ -80.027210489908839, 37.974432712131112 ], [ -80.031122843424455, 37.971400621202292 ], [ -80.035543823242165, 37.970266045464442 ], [ -80.039456176757795, 37.967233954535622 ], [ -80.043877156575505, 37.966099378797779 ], [ -80.047789510091121, 37.963067287868959 ], [ -80.05221048990883, 37.961932712131109 ], [ -80.060289510091124, 37.954733954535627 ], [ -80.066020880805098, 37.953263176812101 ], [ -80.078599378797719, 37.93971048990889 ], [ -80.079166666666623, 37.9375 ], [ -80.081377156575485, 37.93693271213111 ], [ -80.085289510091116, 37.933900621202291 ], [ -80.090815904405346, 37.932482401529981 ], [ -80.092233954535558, 37.926956176757848 ], [ -80.096229383680523, 37.921801079644133 ], [ -80.102210489908813, 37.920266045464444 ], [ -80.11445617675777, 37.908900621202292 ], [ -80.119982571072015, 37.907482401529982 ], [ -80.121712917751694, 37.900738694932762 ], [ -80.129913330078082, 37.899432712131109 ], [ -80.135289510091113, 37.903599378797779 ], [ -80.1375, 37.904166666666697 ], [ -80.138350762261254, 37.900850931803419 ], [ -80.145124986436599, 37.899112616644999 ], [ -80.146537611219586, 37.888419426812099 ], [ -80.151956176757778, 37.883900621202294 ], [ -80.157482571072009, 37.882482401529984 ], [ -80.158900621202221, 37.876956176757844 ], [ -80.182766045464376, 37.852210489908884 ], [ -80.183333333333294, 37.85 ], [ -80.183333333333294, 37.841666666666697 ], [ -80.185543823242156, 37.841099378797779 ], [ -80.207442559136254, 37.820137193467914 ], [ -80.20918409559458, 37.81335093180342 ], [ -80.214710489908811, 37.81193271213111 ], [ -80.2240804036458, 37.803583780924512 ], [ -80.225567287868884, 37.797789510091178 ], [ -80.228706868489553, 37.793738640679287 ], [ -80.216269259982596, 37.780337863498296 ], [ -80.224149237738686, 37.778315734863313 ], [ -80.225, 37.775 ], [ -80.239710489908816, 37.774432712131109 ], [ -80.249080403645792, 37.766083780924511 ], [ -80.25056728786889, 37.760289510091177 ], [ -80.257766045464379, 37.75221048990889 ], [ -80.258900621202216, 37.747789510091181 ], [ -80.261932712131042, 37.74387715657555 ], [ -80.263067287868893, 37.740729437934064 ], [ -80.254733954535553, 37.731377156575554 ], [ -80.253599378797702, 37.724011908637188 ], [ -80.267312282986069, 37.709236823187965 ], [ -80.274149237738683, 37.70748240152998 ], [ -80.275850762261243, 37.700850931803416 ], [ -80.281377156575488, 37.699432712131106 ], [ -80.289456176757781, 37.692233954535624 ], [ -80.310543823242156, 37.691099378797773 ], [ -80.31862284342445, 37.683900621202291 ], [ -80.320833333333297, 37.683333333333366 ], [ -80.321463690863681, 37.681185743543871 ], [ -80.328536309136254, 37.672980923122864 ], [ -80.329797024197006, 37.668685743543868 ], [ -80.33686964246958, 37.660480923122861 ], [ -80.338130357530346, 37.656185743543872 ], [ -80.341036309136243, 37.652147589789529 ], [ -80.342297024197009, 37.647852410210533 ], [ -80.345253499348928, 37.643744235568612 ], [ -80.33686964246958, 37.634018792046476 ], [ -80.338130357530346, 37.618685743543871 ], [ -80.350630357530349, 37.604926893446212 ], [ -80.349112277560735, 37.591390143500462 ], [ -80.342063056098056, 37.596463521321645 ], [ -80.329920789930526, 37.595056491427982 ], [ -80.328410847981729, 37.579927571614618 ], [ -80.322980753580694, 37.57563018798831 ], [ -80.320833333333297, 37.575 ], [ -80.319982571072018, 37.571684265136753 ], [ -80.316666666666634, 37.570833333333368 ], [ -80.317517428927914, 37.567517598470083 ], [ -80.320833333333297, 37.566666666666698 ], [ -80.323257785373229, 37.566313340928851 ], [ -80.326742214626705, 37.562853325737876 ], [ -80.331591118706555, 37.562146674262181 ], [ -80.335075547960031, 37.558686659071213 ], [ -80.339924452039895, 37.557980007595518 ], [ -80.347575547960034, 37.550353325737881 ], [ -80.352424452039898, 37.549646674262185 ], [ -80.355908881293374, 37.546186659071211 ], [ -80.364924452039901, 37.545480007595515 ], [ -80.368408881293362, 37.542019992404548 ], [ -80.373257785373227, 37.541313340928852 ], [ -80.380908881293365, 37.533686659071215 ], [ -80.385757785373229, 37.532980007595519 ], [ -80.389242214626705, 37.529519992404545 ], [ -80.394091118706569, 37.528813340928849 ], [ -80.397575547960031, 37.525353325737882 ], [ -80.406591118706558, 37.524646674262186 ], [ -80.410075547960034, 37.521186659071212 ], [ -80.414924452039898, 37.520480007595516 ], [ -80.418408881293374, 37.517019992404542 ], [ -80.423257785373224, 37.516313340928853 ], [ -80.426742214626699, 37.512853325737879 ], [ -80.4375, 37.5125 ], [ -80.438350762261251, 37.509184265136753 ], [ -80.443877156575482, 37.507766045464443 ], [ -80.447789510091113, 37.504733954535624 ], [ -80.456377156575485, 37.503599378797773 ], [ -80.460289510091116, 37.500567287868954 ], [ -80.464710489908825, 37.49943271213111 ], [ -80.472789510091118, 37.492233954535621 ], [ -80.479166666666629, 37.491666666666696 ], [ -80.480054050021664, 37.488208516438831 ], [ -80.489710489908816, 37.486932712131107 ], [ -80.493622843424447, 37.483900621202288 ], [ -80.5, 37.483333333333363 ], [ -80.5, 37.475 ], [ -80.496456909179656, 37.474090745714008 ], [ -80.495833333333294, 37.4625 ], [ -80.498754204644058, 37.461620585123725 ], [ -80.500642903645797, 37.458011542426249 ], [ -80.496476236979134, 37.452135043674076 ], [ -80.494986979166626, 37.442361450195342 ], [ -80.463278876410556, 37.440968831380239 ], [ -80.4625, 37.433333333333366 ], [ -80.463350762261257, 37.43001759847008 ], [ -80.468877156575488, 37.42859937879777 ], [ -80.472789510091118, 37.425567287868951 ], [ -80.477210489908813, 37.424432712131107 ], [ -80.485289510091107, 37.417233954535618 ], [ -80.494945949978259, 37.415958150227894 ], [ -80.495833333333294, 37.4125 ], [ -80.496400621202227, 37.401956176757842 ], [ -80.507766045464379, 37.389710489908886 ], [ -80.509184095594577, 37.384184265136746 ], [ -80.516270616319417, 37.382365587022598 ], [ -80.520266045464382, 37.377210489908883 ], [ -80.5208333333333, 37.366666666666696 ], [ -80.5208333333333, 37.3625 ], [ -80.520266045464382, 37.360289510091178 ], [ -80.515693155924438, 37.354806009928417 ], [ -80.499253336588509, 37.353599378797774 ], [ -80.493877156575493, 37.357766045464437 ], [ -80.489456176757784, 37.358900621202288 ], [ -80.485543823242153, 37.361932712131107 ], [ -80.476956176757781, 37.363067287868951 ], [ -80.473043823242151, 37.36609937879777 ], [ -80.464456176757778, 37.367233954535621 ], [ -80.460543823242148, 37.37026604546444 ], [ -80.439456176757773, 37.371400621202284 ], [ -80.435543823242156, 37.374432712131103 ], [ -80.431122843424447, 37.375567287868954 ], [ -80.427210489908816, 37.378599378797773 ], [ -80.418622843424444, 37.379733954535624 ], [ -80.414710489908813, 37.382766045464436 ], [ -80.401956176757778, 37.383900621202287 ], [ -80.398043823242148, 37.386932712131106 ], [ -80.38112284342445, 37.388067287868957 ], [ -80.377210489908819, 37.391099378797776 ], [ -80.37278951009111, 37.392233954535619 ], [ -80.368877156575479, 37.395266045464439 ], [ -80.364456176757784, 37.396400621202289 ], [ -80.356377156575491, 37.403599378797772 ], [ -80.351956176757781, 37.404733954535622 ], [ -80.343877156575488, 37.411932712131104 ], [ -80.339456176757778, 37.413067287868955 ], [ -80.327210489908822, 37.424432712131107 ], [ -80.322789510091113, 37.425567287868951 ], [ -80.318877156575482, 37.42859937879777 ], [ -80.314456176757773, 37.429733954535621 ], [ -80.310543823242156, 37.43276604546444 ], [ -80.306122843424447, 37.433900621202284 ], [ -80.302210489908816, 37.43693271213111 ], [ -80.297789510091107, 37.438067287868954 ], [ -80.293877156575491, 37.441099378797773 ], [ -80.288350762261246, 37.442517598470083 ], [ -80.2875, 37.445833333333361 ], [ -80.280908881293371, 37.446186659071209 ], [ -80.277424452039895, 37.449646674262183 ], [ -80.268408881293368, 37.450353325737879 ], [ -80.264924452039892, 37.453813340928846 ], [ -80.260075547960028, 37.454519992404542 ], [ -80.256591118706567, 37.457980007595516 ], [ -80.2375, 37.458333333333364 ], [ -80.236612616644933, 37.4548751831055 ], [ -80.226956176757781, 37.453599378797776 ], [ -80.223043823242151, 37.450567287868957 ], [ -80.21751742892792, 37.449149068196647 ], [ -80.216099378797708, 37.443622843424507 ], [ -80.213067287868881, 37.439710489908883 ], [ -80.2125, 37.433333333333366 ], [ -80.216666666666626, 37.433333333333366 ], [ -80.223043823242151, 37.43276604546444 ], [ -80.226956176757781, 37.429733954535621 ], [ -80.231377156575491, 37.42859937879777 ], [ -80.235289510091107, 37.425567287868951 ], [ -80.239710489908816, 37.424432712131107 ], [ -80.25612284342445, 37.408900621202285 ], [ -80.260543823242145, 37.407766045464442 ], [ -80.264456176757776, 37.404733954535622 ], [ -80.268877156575485, 37.403599378797772 ], [ -80.276956176757778, 37.396400621202289 ], [ -80.281377156575488, 37.395266045464439 ], [ -80.285289510091104, 37.392233954535619 ], [ -80.289710489908813, 37.391099378797776 ], [ -80.297789510091107, 37.383900621202287 ], [ -80.302210489908816, 37.382766045464436 ], [ -80.306122843424447, 37.379733954535624 ], [ -80.310543823242156, 37.378599378797773 ], [ -80.314456176757773, 37.375567287868954 ], [ -80.318877156575482, 37.374432712131103 ], [ -80.335289510091116, 37.358900621202288 ], [ -80.339710489908825, 37.357766045464437 ], [ -80.343622843424441, 37.354733954535618 ], [ -80.348043823242151, 37.353599378797774 ], [ -80.356122843424444, 37.346400621202285 ], [ -80.364710489908816, 37.345266045464442 ], [ -80.368622843424447, 37.342233954535622 ], [ -80.373043823242156, 37.341099378797772 ], [ -80.376956176757773, 37.338067287868952 ], [ -80.381377156575482, 37.336932712131109 ], [ -80.385289510091113, 37.333900621202289 ], [ -80.393877156575485, 37.332766045464439 ], [ -80.397789510091116, 37.329733954535619 ], [ -80.406377156575488, 37.328599378797776 ], [ -80.410289510091104, 37.32556728786895 ], [ -80.418877156575491, 37.324432712131106 ], [ -80.426956176757784, 37.317233954535617 ], [ -80.431377156575479, 37.316099378797773 ], [ -80.43528951009111, 37.313067287868954 ], [ -80.439710489908819, 37.311932712131103 ], [ -80.447789510091113, 37.304733954535621 ], [ -80.453315904405343, 37.303315734863311 ], [ -80.454166666666637, 37.3 ], [ -80.456591118706569, 37.299646674262185 ], [ -80.460075547960031, 37.296186659071211 ], [ -80.4625, 37.295833333333363 ], [ -80.462145317925319, 37.289214579264353 ], [ -80.451716105143191, 37.278813340928849 ], [ -80.447575547960042, 37.279519992404545 ], [ -80.444091118706567, 37.282980007595512 ], [ -80.439242214626702, 37.283686659071208 ], [ -80.435757785373227, 37.287146674262182 ], [ -80.430908881293362, 37.287853325737878 ], [ -80.427424452039901, 37.291313340928852 ], [ -80.422575547960037, 37.292019992404541 ], [ -80.419091118706561, 37.295480007595515 ], [ -80.414242214626697, 37.296186659071211 ], [ -80.410757785373235, 37.299646674262185 ], [ -80.4, 37.3 ], [ -80.399432712131045, 37.293622843424508 ], [ -80.396400621202218, 37.289710489908884 ], [ -80.395266045464382, 37.281122843424505 ], [ -80.386932712131042, 37.271770562066003 ], [ -80.388523356119762, 37.267357211642825 ], [ -80.399112616644928, 37.265958150227895 ], [ -80.400850762261257, 37.259184265136746 ], [ -80.407937282986083, 37.257365587022598 ], [ -80.411932712131048, 37.252210489908883 ], [ -80.4125, 37.25 ], [ -80.409184095594583, 37.249149068196644 ], [ -80.407482571072009, 37.24251759847008 ], [ -80.399432712131045, 37.240451727973117 ], [ -80.400567287868896, 37.222789510091175 ], [ -80.403599378797708, 37.218877156575552 ], [ -80.404733954535558, 37.210289510091172 ], [ -80.407766045464371, 37.206377156575549 ], [ -80.408966064453097, 37.188479105631536 ], [ -80.414456176757781, 37.183900621202284 ], [ -80.421400621202224, 37.182118394639787 ], [ -80.420266045464373, 37.172789510091171 ], [ -80.417233954535561, 37.168877156575547 ], [ -80.416666666666629, 37.15833333333336 ], [ -80.415890163845447, 37.150719875759577 ], [ -80.392509969075491, 37.149284193250892 ], [ -80.39082607693139, 37.138234117296037 ], [ -80.371871270073754, 37.136781141493081 ], [ -80.370833333333294, 37.133333333333361 ], [ -80.371400621202227, 37.131122843424507 ], [ -80.374432712131039, 37.127210489908883 ], [ -80.375708346896673, 37.117554050021731 ], [ -80.381377156575482, 37.11609937879777 ], [ -80.385289510091113, 37.113067287868951 ], [ -80.3958333333333, 37.1125 ], [ -80.396186659071148, 37.114924452039958 ], [ -80.401712036132778, 37.120477294921905 ], [ -80.410046386718719, 37.121186659071206 ], [ -80.414583333333297, 37.116681247287353 ], [ -80.418408881293374, 37.120480007595511 ], [ -80.433333333333294, 37.120833333333358 ], [ -80.433976236979134, 37.114531792534748 ], [ -80.436857096354132, 37.110468207465303 ], [ -80.43846435546871, 37.105131022135446 ], [ -80.445683458116292, 37.10295715332034 ], [ -80.454809570312463, 37.092300415039091 ], [ -80.45341796874996, 37.075773790147593 ], [ -80.438001505533819, 37.074201117621556 ], [ -80.429809570312472, 37.064634874131968 ], [ -80.428523763020792, 37.060365125868081 ], [ -80.421476236979132, 37.052134874131973 ], [ -80.419571601019925, 37.045809936523462 ], [ -80.414634874131906, 37.042309570312526 ], [ -80.4125, 37.041666666666693 ], [ -80.406122843424441, 37.042233954535618 ], [ -80.402210489908825, 37.045266045464437 ], [ -80.397789510091116, 37.046400621202281 ], [ -80.393877156575485, 37.049432712131107 ], [ -80.38112284342445, 37.050567287868951 ], [ -80.377210489908819, 37.05359937879777 ], [ -80.371229383680515, 37.055134412977459 ], [ -80.36723395453555, 37.060289510091174 ], [ -80.366099378797713, 37.064710489908883 ], [ -80.363067287868887, 37.068622843424507 ], [ -80.361649237738675, 37.074149237738744 ], [ -80.356122843424444, 37.07556728786895 ], [ -80.350746663411428, 37.079733954535619 ], [ -80.347789510091104, 37.078599378797769 ], [ -80.343877156575488, 37.07556728786895 ], [ -80.335289510091116, 37.074432712131106 ], [ -80.331377156575485, 37.071400621202287 ], [ -80.295833333333292, 37.070833333333361 ], [ -80.292062717013849, 37.069865587022598 ], [ -80.288067287868884, 37.064710489908883 ], [ -80.286932712131033, 37.060289510091174 ], [ -80.282766045464371, 37.054913330078151 ], [ -80.283900621202221, 37.051956176757841 ], [ -80.288067287868884, 37.046579996744818 ], [ -80.286826239691806, 37.034229871961834 ], [ -80.283333333333303, 37.03333333333336 ], [ -80.280908881293371, 37.032980007595512 ], [ -80.277424452039895, 37.029519992404538 ], [ -80.275, 37.029166666666697 ], [ -80.272789510091116, 37.029733954535615 ], [ -80.268877156575485, 37.032766045464435 ], [ -80.264456176757776, 37.033900621202285 ], [ -80.259079996744759, 37.038067287868948 ], [ -80.23945617675777, 37.036932712131104 ], [ -80.234079996744754, 37.032766045464435 ], [ -80.218622843424441, 37.033900621202285 ], [ -80.210543823242148, 37.041099378797767 ], [ -80.201956176757776, 37.042233954535618 ], [ -80.198043823242145, 37.045266045464437 ], [ -80.193622843424436, 37.046400621202281 ], [ -80.189710489908819, 37.049432712131107 ], [ -80.181122843424447, 37.050567287868951 ], [ -80.173043823242153, 37.05776604546444 ], [ -80.159232923719586, 37.058994547526069 ], [ -80.157482571072009, 37.065815904405412 ], [ -80.150850762261243, 37.067517428927978 ], [ -80.149149237738683, 37.074149237738744 ], [ -80.143622843424438, 37.07556728786895 ], [ -80.139710489908822, 37.078599378797769 ], [ -80.135289510091113, 37.079733954535619 ], [ -80.127210489908819, 37.086932712131102 ], [ -80.116666666666632, 37.0875 ], [ -80.113161214192672, 37.086600409613744 ], [ -80.1125, 37.079166666666694 ], [ -80.112146674262121, 37.076742214626762 ], [ -80.108346896701349, 37.072915988498295 ], [ -80.121186659071142, 37.060049777560792 ], [ -80.120480007595447, 37.047575547960093 ], [ -80.117019992404479, 37.044091118706625 ], [ -80.116313340928784, 37.035075547960098 ], [ -80.112146674262121, 37.030879720052113 ], [ -80.112853325737817, 37.026742214626765 ], [ -80.120480007595447, 37.019091118706626 ], [ -80.120833333333309, 37.0125 ], [ -80.121819559733055, 37.009050496419299 ], [ -80.136724514431407, 37.007595486111136 ], [ -80.138020833333314, 36.997173733181448 ], [ -80.128549024793813, 36.994465467664959 ], [ -80.131173197428367, 36.99228413899742 ], [ -80.135493469238256, 36.991049194335965 ], [ -80.139506530761693, 36.988117472330757 ], [ -80.141666666666652, 36.9875 ], [ -80.14492136637368, 36.986733330620687 ], [ -80.146362813313786, 36.982392713758706 ], [ -80.142196146647109, 36.977248128255233 ], [ -80.141666666666623, 36.966666666666697 ], [ -80.142019992404471, 36.964242214626765 ], [ -80.145480007595452, 36.960757785373289 ], [ -80.146191406249969, 36.955876329210099 ], [ -80.152452256944414, 36.949646674262176 ], [ -80.160757785373221, 36.950353325737872 ], [ -80.164953613281213, 36.954519992404542 ], [ -80.173286268446148, 36.953810967339436 ], [ -80.182980007595447, 36.944091118706623 ], [ -80.183686659071142, 36.939242214626759 ], [ -80.199646674262112, 36.923257785373288 ], [ -80.200358072916629, 36.918376329210098 ], [ -80.205908881293368, 36.912853325737871 ], [ -80.229166666666629, 36.9125 ], [ -80.229733954535561, 36.910289510091175 ], [ -80.232766045464373, 36.906377156575545 ], [ -80.234037611219577, 36.896752929687523 ], [ -80.23945617675777, 36.892233954535619 ], [ -80.244982571072015, 36.890815904405407 ], [ -80.246400621202227, 36.88528951009117 ], [ -80.253599378797702, 36.877210489908883 ], [ -80.254166666666634, 36.875 ], [ -80.255017428927914, 36.871684095594645 ], [ -80.258333333333297, 36.870833333333358 ], [ -80.25911220974389, 36.863197835286485 ], [ -80.289634874131906, 36.861857096354193 ], [ -80.293698459201352, 36.858976236979196 ], [ -80.300023396809863, 36.857071601019989 ], [ -80.303523763020792, 36.85213487413197 ], [ -80.304166666666632, 36.85 ], [ -80.310543823242156, 36.849432712131104 ], [ -80.314456176757773, 36.846400621202285 ], [ -80.318877156575482, 36.845266045464435 ], [ -80.335289510091116, 36.829733954535612 ], [ -80.339710489908825, 36.828599378797769 ], [ -80.344865587022539, 36.824603949652804 ], [ -80.346684095594583, 36.817517428927978 ], [ -80.352210489908813, 36.816099378797766 ], [ -80.364456176757784, 36.804733954535614 ], [ -80.373043823242156, 36.80359937879777 ], [ -80.376956176757773, 36.800567287868951 ], [ -80.381377156575482, 36.7994327121311 ], [ -80.385289510091113, 36.796400621202281 ], [ -80.3875, 36.795833333333356 ], [ -80.388067287868893, 36.793622843424501 ], [ -80.391099378797705, 36.789710489908877 ], [ -80.392375013563338, 36.780054050021725 ], [ -80.3958333333333, 36.77916666666669 ], [ -80.394982571072021, 36.775850762261307 ], [ -80.391666666666637, 36.775 ], [ -80.390815904405343, 36.771684095594644 ], [ -80.3875, 36.770833333333357 ], [ -80.388483005099786, 36.76764967176652 ], [ -80.395116509331558, 36.765601264105925 ], [ -80.39665798611108, 36.741011216905406 ], [ -80.435455661349792, 36.742322116427978 ], [ -80.441420830620629, 36.746488783094641 ], [ -80.448979017469583, 36.744972737630235 ], [ -80.450655449761257, 36.739544338650198 ], [ -80.453511216905355, 36.735455661349853 ], [ -80.45482211642792, 36.731211005316865 ], [ -80.461844550238681, 36.72295566134985 ], [ -80.463155449761246, 36.706211005316867 ], [ -80.466011216905343, 36.702122328016515 ], [ -80.467322116427923, 36.697877671983534 ], [ -80.470177883572021, 36.693788994683182 ], [ -80.471488783094586, 36.689544338650201 ], [ -80.478541395399276, 36.68125372992624 ], [ -80.475655449761248, 36.677122328016516 ], [ -80.475, 36.666666666666693 ], [ -80.479166666666629, 36.666666666666693 ], [ -80.481377156575491, 36.666099378797767 ], [ -80.489456176757784, 36.658900621202278 ], [ -80.506377156575482, 36.657766045464435 ], [ -80.510289510091113, 36.654733954535615 ], [ -80.528260972764727, 36.65352884928388 ], [ -80.530073038736944, 36.646468098958358 ], [ -80.54878506130639, 36.645266045464432 ], [ -80.550567287868887, 36.652210489908882 ], [ -80.555086263020797, 36.657629055447075 ], [ -80.564710489908819, 36.658900621202278 ], [ -80.56862284342445, 36.661932712131097 ], [ -80.579913330078085, 36.663067287868948 ], [ -80.585416666666632, 36.658801947699679 ], [ -80.589456176757778, 36.661932712131097 ], [ -80.604166666666629, 36.6625 ], [ -80.604519992404477, 36.669091118706618 ], [ -80.610042995876697, 36.674641927083357 ], [ -80.6125, 36.675 ], [ -80.623257785373227, 36.675353325737873 ], [ -80.627083333333303, 36.679152086046031 ], [ -80.630908881293365, 36.675353325737873 ], [ -80.639924452039892, 36.674646674262178 ], [ -80.643408881293368, 36.671186659071203 ], [ -80.660757785373235, 36.670480007595508 ], [ -80.664583333333297, 36.66668124728735 ], [ -80.668408881293374, 36.670480007595508 ], [ -80.676713053385384, 36.671186659071203 ], [ -80.680908881293377, 36.667019992404541 ], [ -80.683333333333294, 36.666666666666693 ], [ -80.6875, 36.666666666666693 ], [ -80.69909091525605, 36.666043090820338 ], [ -80.700567287868893, 36.660289510091168 ], [ -80.705126614040765, 36.654822455512175 ], [ -80.718877156575488, 36.653599378797765 ], [ -80.722789510091118, 36.650567287868945 ], [ -80.725, 36.65 ], [ -80.731591118706561, 36.649646674262179 ], [ -80.735075547960037, 36.646186659071205 ], [ -80.7375, 36.645833333333357 ], [ -80.745061916775143, 36.645061916775198 ], [ -80.745833333333294, 36.6375 ], [ -80.746801079644058, 36.633729383680581 ], [ -80.751956176757787, 36.629733954535617 ], [ -80.756377156575482, 36.628599378797766 ], [ -80.760428195529485, 36.625459798177104 ], [ -80.772905137803789, 36.637040201822941 ], [ -80.776956176757778, 36.63390062120228 ], [ -80.783597819010382, 36.632196044921898 ], [ -80.778599378797708, 36.625746663411483 ], [ -80.779903496636251, 36.617559136284747 ], [ -80.785289510091118, 36.613067287868944 ], [ -80.789710489908828, 36.6119327121311 ], [ -80.795086669921844, 36.60776604546443 ], [ -80.814710489908819, 36.608900621202281 ], [ -80.81862284342445, 36.6119327121311 ], [ -80.820833333333297, 36.6125 ], [ -80.821186659071145, 36.610075547960093 ], [ -80.829519992404485, 36.601715766059051 ], [ -80.828813340928789, 36.597575547960091 ], [ -80.825353325737822, 36.594091118706622 ], [ -80.825, 36.579166666666687 ], [ -80.824149237738681, 36.575850762261311 ], [ -80.820833333333297, 36.575 ], [ -80.820833333333297, 36.570833333333354 ], [ -80.821568467881917, 36.56330261230471 ], [ -80.832361518012121, 36.561731635199678 ], [ -80.8333333333333, 36.558333333333358 ], [ -80.835543823242162, 36.558900621202284 ], [ -80.839456176757778, 36.561932712131096 ], [ -80.843877156575488, 36.563067287868947 ], [ -80.847916666666634, 36.566198052300372 ], [ -80.851956176757781, 36.563067287868947 ], [ -80.863246663411431, 36.561932712131096 ], [ -80.869865587022545, 36.567062717013911 ], [ -80.871644422743032, 36.573993259006102 ], [ -80.875746663411434, 36.57556728786895 ], [ -80.88112284342445, 36.57140062120228 ], [ -80.886649237738681, 36.569982571072075 ], [ -80.888637288411431, 36.562235514322943 ], [ -80.893622843424453, 36.566099378797766 ], [ -80.896579996744762, 36.567233954535617 ], [ -80.901956176757778, 36.563067287868947 ], [ -80.906377156575488, 36.561932712131096 ], [ -80.914456176757781, 36.554733954535614 ], [ -80.92378506130639, 36.553599378797763 ], [ -80.925, 36.558333333333358 ], [ -80.931591118706564, 36.557980007595511 ], [ -80.935075547960039, 36.554519992404536 ], [ -80.9375, 36.554166666666688 ], [ -80.937146674262124, 36.551742214626756 ], [ -80.932980007595461, 36.547546386718771 ], [ -80.933688354492162, 36.535046047634573 ], [ -80.939242214626702, 36.529519992404538 ], [ -80.941666666666634, 36.52916666666669 ], [ -80.944982571072018, 36.528315904405403 ], [ -80.945833333333297, 36.525 ], [ -80.945480007595449, 36.522575547960095 ], [ -80.942019992404482, 36.519091118706619 ], [ -80.941666666666634, 36.5 ], [ -80.943877156575496, 36.499432712131096 ], [ -80.970179578993026, 36.474016316731792 ], [ -80.971400621202221, 36.460289510091165 ], [ -80.98693271213105, 36.443877156575546 ], [ -80.988350762261248, 36.438350762261308 ], [ -80.993877156575493, 36.436932712131096 ], [ -80.999344211154479, 36.432373385959224 ], [ -81.0, 36.425 ], [ -80.999235365125841, 36.417502509223112 ], [ -80.989531792534692, 36.416023763020853 ], [ -80.985468207465246, 36.413142903645856 ], [ -80.971604749891469, 36.411728583441864 ], [ -80.970833333333303, 36.40416666666669 ], [ -80.973257785373235, 36.403813340928842 ], [ -80.980908881293374, 36.396186659071205 ], [ -80.983333333333306, 36.395833333333357 ], [ -80.984184095594586, 36.39914923773874 ], [ -80.98971048990883, 36.400567287868945 ], [ -80.993622843424447, 36.403599378797765 ], [ -81.002210489908819, 36.404733954535615 ], [ -81.00612284342445, 36.407766045464435 ], [ -81.014710489908822, 36.408900621202278 ], [ -81.018622843424453, 36.411932712131097 ], [ -81.024149237738683, 36.41335076226131 ], [ -81.025567287868896, 36.41887715657554 ], [ -81.030086263020806, 36.42429572211374 ], [ -81.039710489908828, 36.425567287868944 ], [ -81.047789510091121, 36.432766045464433 ], [ -81.053315904405352, 36.434184095594638 ], [ -81.054733954535564, 36.439710489908876 ], [ -81.059306844075493, 36.445193820529539 ], [ -81.075746663411422, 36.44640062120228 ], [ -81.081122843424453, 36.44223395453561 ], [ -81.093877156575488, 36.441099378797766 ], [ -81.101956176757781, 36.433900621202277 ], [ -81.110543823242153, 36.432766045464433 ], [ -81.114456176757784, 36.429733954535614 ], [ -81.120833333333309, 36.429166666666688 ], [ -81.135757785373229, 36.428813340928841 ], [ -81.139242214626705, 36.425353325737866 ], [ -81.143379720052053, 36.424646674262178 ], [ -81.147575547960045, 36.428813340928841 ], [ -81.156591118706572, 36.429519992404536 ], [ -81.164242214626711, 36.437146674262173 ], [ -81.179166666666632, 36.4375 ], [ -81.191666666666634, 36.4375 ], [ -81.192233954535567, 36.431122843424504 ], [ -81.195266045464379, 36.427210489908873 ], [ -81.19640062120223, 36.414456176757838 ], [ -81.199432712131042, 36.410543823242207 ], [ -81.200567287868893, 36.406122843424498 ], [ -81.203599378797719, 36.402210489908875 ], [ -81.204875183105443, 36.392554050021722 ], [ -81.210543823242162, 36.391099378797762 ], [ -81.214456176757778, 36.388067287868942 ], [ -81.220437452528188, 36.386532253689261 ], [ -81.224432712131048, 36.381377156575546 ], [ -81.225, 36.379166666666691 ], [ -81.235757785373238, 36.378813340928843 ], [ -81.241308593749977, 36.373290337456616 ], [ -81.241666666666646, 36.370833333333358 ], [ -81.302424452039901, 36.370480007595511 ], [ -81.305908881293377, 36.367019992404536 ], [ -81.31004892985024, 36.366313340928841 ], [ -81.318408881293379, 36.374646674262173 ], [ -81.323257785373244, 36.375353325737869 ], [ -81.326742214626705, 36.378813340928843 ], [ -81.329166666666637, 36.379166666666691 ], [ -81.330017598470022, 36.375850762261308 ], [ -81.335543823242162, 36.374432712131096 ], [ -81.340529547797289, 36.370568847656273 ], [ -81.34166666666664, 36.375 ], [ -81.342641533745635, 36.378409491644987 ], [ -81.352798800998244, 36.379784138997415 ], [ -81.354784308539465, 36.372839694552972 ], [ -81.363035074869771, 36.36333177354603 ], [ -81.374328952365431, 36.361687893337695 ], [ -81.375617641872807, 36.332864040798633 ], [ -81.37145097520613, 36.327160305447073 ], [ -81.370215691460473, 36.314506361219642 ], [ -81.363049316406219, 36.306247965494812 ], [ -81.37438235812715, 36.293826972113735 ], [ -81.375617641872807, 36.289506361219637 ], [ -81.378549024793813, 36.285493638780402 ], [ -81.379166666666634, 36.283333333333353 ], [ -81.381591118706567, 36.283686659071201 ], [ -81.385075547960042, 36.287146674262175 ], [ -81.398257785373232, 36.287853325737871 ], [ -81.401742214626708, 36.291313340928838 ], [ -81.416666666666643, 36.291666666666686 ], [ -81.417327880859347, 36.284232923719642 ], [ -81.424417114257793, 36.282413736979187 ], [ -81.432766045464376, 36.273043823242212 ], [ -81.433333333333309, 36.270833333333357 ], [ -81.435757785373241, 36.270480007595509 ], [ -81.439242214626717, 36.267019992404535 ], [ -81.444091118706567, 36.266313340928839 ], [ -81.447575547960042, 36.262853325737865 ], [ -81.452424452039907, 36.262146674262176 ], [ -81.464242214626708, 36.250353325737869 ], [ -81.473257785373235, 36.249646674262173 ], [ -81.478808593749974, 36.244123670789953 ], [ -81.479166666666643, 36.241666666666688 ], [ -81.481591118706575, 36.241313340928841 ], [ -81.485075547960037, 36.237853325737866 ], [ -81.494091118706578, 36.237146674262171 ], [ -81.497575547960039, 36.233686659071203 ], [ -81.502424452039904, 36.232980007595508 ], [ -81.510075547960042, 36.225353325737871 ], [ -81.522546217176625, 36.224646674262175 ], [ -81.526742214626708, 36.228813340928838 ], [ -81.533333333333303, 36.229166666666686 ], [ -81.534304979112392, 36.232564968533005 ], [ -81.5450981987847, 36.234135945638045 ], [ -81.545833333333306, 36.241666666666688 ], [ -81.556591118706578, 36.241313340928841 ], [ -81.564242214626717, 36.233686659071203 ], [ -81.573257785373244, 36.232980007595508 ], [ -81.580908881293382, 36.225353325737871 ], [ -81.585757785373232, 36.224646674262175 ], [ -81.589242214626708, 36.221186659071201 ], [ -81.598257785373235, 36.220480007595505 ], [ -81.603808593749974, 36.214957004123285 ], [ -81.604166666666643, 36.2125 ], [ -81.603812832302495, 36.193380737304707 ], [ -81.598257785373235, 36.187853325737869 ], [ -81.595833333333303, 36.1875 ], [ -81.595480007595455, 36.176742214626756 ], [ -81.591313340928792, 36.172546386718771 ], [ -81.592019992404488, 36.168408881293423 ], [ -81.595480007595455, 36.164924452039948 ], [ -81.595833333333303, 36.1625 ], [ -81.602424452039912, 36.162146674262175 ], [ -81.605908881293374, 36.158686659071201 ], [ -81.619091118706578, 36.157980007595505 ], [ -81.624641927083303, 36.152457004123285 ], [ -81.625, 36.15 ], [ -81.627424452039904, 36.149646674262172 ], [ -81.630908881293379, 36.146186659071198 ], [ -81.639924452039907, 36.145480007595509 ], [ -81.643408881293382, 36.142019992404535 ], [ -81.648257785373232, 36.141313340928839 ], [ -81.653808593749972, 36.135790337456619 ], [ -81.654519992404488, 36.130908881293422 ], [ -81.657980007595455, 36.127424452039953 ], [ -81.658333333333303, 36.125 ], [ -81.664710489908828, 36.125567287868961 ], [ -81.668622843424458, 36.12859937879778 ], [ -81.674149068196584, 36.13001759847009 ], [ -81.675, 36.133333333333368 ], [ -81.67721048990883, 36.133900621202294 ], [ -81.685289510091124, 36.141099378797776 ], [ -81.69081573486325, 36.142517598470086 ], [ -81.692517598470033, 36.14914906819665 ], [ -81.695833333333312, 36.15 ], [ -81.696684265136696, 36.15331573486332 ], [ -81.7, 36.15416666666669 ], [ -81.702210489908836, 36.153599378797779 ], [ -81.711797078450502, 36.144904073079466 ], [ -81.713067287868896, 36.135289510091184 ], [ -81.721762593587215, 36.125702921549518 ], [ -81.731377156575491, 36.12443271213111 ], [ -81.735289510091121, 36.121400621202291 ], [ -81.746579996744771, 36.120266045464447 ], [ -81.751956176757787, 36.12443271213111 ], [ -81.763246663411437, 36.125567287868961 ], [ -81.768622843424453, 36.121400621202291 ], [ -81.777210489908825, 36.120266045464447 ], [ -81.785289510091118, 36.113067287868958 ], [ -81.794945949978271, 36.111791483561234 ], [ -81.795833333333306, 36.10833333333337 ], [ -81.802424452039901, 36.108686659071218 ], [ -81.805908881293377, 36.112146674262192 ], [ -81.808333333333309, 36.1125 ], [ -81.810757785373241, 36.112146674262192 ], [ -81.814242214626717, 36.108686659071218 ], [ -81.820833333333312, 36.10833333333337 ], [ -81.827424452039907, 36.108686659071218 ], [ -81.830908881293382, 36.112146674262192 ], [ -81.835757785373247, 36.112853325737881 ], [ -81.843408881293385, 36.120480007595525 ], [ -81.85, 36.120833333333351 ], [ -81.856377156575491, 36.120266045464447 ], [ -81.86550343831378, 36.112134128146735 ], [ -81.867566257052928, 36.120172119140662 ], [ -81.875, 36.120833333333351 ], [ -81.881377156575496, 36.120266045464447 ], [ -81.886532253689211, 36.11627078586158 ], [ -81.888067287868907, 36.110289510091178 ], [ -81.891099378797719, 36.106377156575554 ], [ -81.89223395453557, 36.099253336588575 ], [ -81.888067287868907, 36.093877156575559 ], [ -81.886932712131056, 36.086753336588579 ], [ -81.891099378797719, 36.081377156575556 ], [ -81.89223395453557, 36.076956176757847 ], [ -81.895266045464382, 36.073043823242223 ], [ -81.89672071668835, 36.067375183105504 ], [ -81.906377156575502, 36.06609937879778 ], [ -81.910289510091118, 36.063067287868961 ], [ -81.940753343370204, 36.061892530653246 ], [ -81.942517598470033, 36.055017598470087 ], [ -81.94914906819659, 36.053315734863318 ], [ -81.950567287868907, 36.047789510091178 ], [ -81.953599378797719, 36.043877156575554 ], [ -81.95473395453557, 36.039456176757845 ], [ -81.957766045464382, 36.035543823242222 ], [ -81.958900621202233, 36.026956176757849 ], [ -81.961932712131059, 36.023043823242226 ], [ -81.9625, 36.0125 ], [ -81.960044860839815, 36.012142266167572 ], [ -81.949646674262127, 36.001715935601162 ], [ -81.950353325737822, 35.985075547960108 ], [ -81.953813340928804, 35.981591118706632 ], [ -81.954166666666652, 35.975 ], [ -81.95473395453557, 35.956122843424517 ], [ -81.957766045464382, 35.952210489908886 ], [ -81.958900621202233, 35.947789510091184 ], [ -81.963067287868896, 35.942413330078161 ], [ -81.961932712131059, 35.939456176757844 ], [ -81.957766045464382, 35.934079996744828 ], [ -81.959007093641475, 35.921729702419739 ], [ -81.964710489908839, 35.920266045464444 ], [ -81.968622843424455, 35.917233954535625 ], [ -81.973043823242165, 35.916099378797774 ], [ -81.976956176757795, 35.913067287868955 ], [ -81.982695685492601, 35.911594306098124 ], [ -81.983900621202238, 35.893622843424509 ], [ -81.98693271213105, 35.889710489908886 ], [ -81.988714938693548, 35.882766045464443 ], [ -81.99804382324217, 35.883900621202294 ], [ -82.003420003255187, 35.888067287868957 ], [ -82.024012925889735, 35.886876763237879 ], [ -82.028599378797722, 35.881377156575553 ], [ -82.029875183105446, 35.871720716688401 ], [ -82.036649068196596, 35.869982401529981 ], [ -82.038467746310744, 35.862895880805155 ], [ -82.043622843424458, 35.858900621202288 ], [ -82.056377156575493, 35.857766045464444 ], [ -82.060289510091124, 35.854733954535625 ], [ -82.068877156575496, 35.853599378797774 ], [ -82.074253336588527, 35.849432712131112 ], [ -82.081377156575499, 35.850567287868955 ], [ -82.08528951009113, 35.853599378797774 ], [ -82.1, 35.8541666666667 ], [ -82.100890604654921, 35.850696139865484 ], [ -82.122789510091124, 35.829733954535627 ], [ -82.132445949978276, 35.828458150227895 ], [ -82.134301079644075, 35.821229214138491 ], [ -82.13945617675779, 35.817233954535624 ], [ -82.143877156575499, 35.816099378797773 ], [ -82.151956176757793, 35.808900621202291 ], [ -82.158333333333303, 35.808333333333366 ], [ -82.158686659071165, 35.805908881293433 ], [ -82.162146674262132, 35.802424452039965 ], [ -82.162853325737828, 35.797575547960101 ], [ -82.166652086045985, 35.79375 ], [ -82.162853325737828, 35.789924452039962 ], [ -82.1625, 35.779166666666697 ], [ -82.162853325737828, 35.776742214626772 ], [ -82.170480007595472, 35.769091118706633 ], [ -82.171191406249974, 35.764209832085534 ], [ -82.176742214626714, 35.758686659071216 ], [ -82.181623501247813, 35.7579752604167 ], [ -82.187146674262138, 35.752424452039961 ], [ -82.187853325737834, 35.747575547960103 ], [ -82.191313340928801, 35.744091118706628 ], [ -82.192019992404497, 35.739242214626771 ], [ -82.195480007595464, 35.735757785373295 ], [ -82.195833333333297, 35.733333333333363 ], [ -82.202424452039892, 35.732980007595522 ], [ -82.210075547960031, 35.725353325737878 ], [ -82.219091118706558, 35.724646674262189 ], [ -82.226742214626697, 35.717019992404545 ], [ -82.235757785373224, 35.716313340928849 ], [ -82.239242214626699, 35.712853325737882 ], [ -82.244091118706564, 35.712146674262186 ], [ -82.247575547960039, 35.708686659071212 ], [ -82.25242445203989, 35.707980007595516 ], [ -82.255908881293365, 35.704519992404549 ], [ -82.264213053385376, 35.703813340928853 ], [ -82.268408881293368, 35.707980007595516 ], [ -82.2708333333333, 35.708333333333364 ], [ -82.275, 35.708333333333364 ], [ -82.275617472330694, 35.70617319742842 ], [ -82.295287068684857, 35.685418192545605 ], [ -82.282715861002572, 35.671639675564265 ], [ -82.283950805664034, 35.656173197428416 ], [ -82.286938476562469, 35.652083333333366 ], [ -82.283950805664034, 35.647993469238315 ], [ -82.282539198133648, 35.638294135199686 ], [ -82.270565795898406, 35.636551411946648 ], [ -82.275617472330694, 35.629635789659318 ], [ -82.274382527669232, 35.622839864095084 ], [ -82.266670057508648, 35.613952297634583 ], [ -82.277006361219577, 35.604784308539529 ], [ -82.283219401041634, 35.603007846408453 ], [ -82.286882527669235, 35.597993469238311 ], [ -82.2875, 35.591666666666697 ], [ -82.289710489908813, 35.591099378797772 ], [ -82.297789510091107, 35.583900621202289 ], [ -82.319924248589373, 35.582709757487009 ], [ -82.320833333333297, 35.579166666666701 ], [ -82.323257785373229, 35.578813340928853 ], [ -82.326742214626705, 35.575353325737879 ], [ -82.331591118706555, 35.574646674262183 ], [ -82.337141927083294, 35.569123501247859 ], [ -82.3375, 35.566666666666698 ], [ -82.336932712131045, 35.564456176757844 ], [ -82.320778062608468, 35.547386169433622 ], [ -82.326956176757776, 35.542233954535618 ], [ -82.33275044759111, 35.540746900770429 ], [ -82.341670057508651, 35.530736626519129 ], [ -82.331377156575485, 35.521400621202289 ], [ -82.325645616319406, 35.519929843478764 ], [ -82.312102593315942, 35.505337863498298 ], [ -82.316666666666634, 35.504166666666698 ], [ -82.323043823242159, 35.503599378797773 ], [ -82.326956176757776, 35.500567287868954 ], [ -82.334079996744762, 35.49943271213111 ], [ -82.340529378255169, 35.504431321885882 ], [ -82.342233954535558, 35.497789510091174 ], [ -82.346229383680523, 35.492634412977459 ], [ -82.352210489908813, 35.49109937879777 ], [ -82.360289510091107, 35.483900621202288 ], [ -82.369778781466977, 35.482646857367655 ], [ -82.371400621202227, 35.478420003255238 ], [ -82.36723395453555, 35.473043823242222 ], [ -82.366666666666632, 35.4625 ], [ -82.339242214626694, 35.462146674262186 ], [ -82.335757785373232, 35.458686659071212 ], [ -82.330908881293368, 35.457980007595516 ], [ -82.327424452039892, 35.454519992404542 ], [ -82.320833333333297, 35.454166666666694 ], [ -82.317517428927914, 35.45331573486331 ], [ -82.316666666666634, 35.45 ], [ -82.316666666666634, 35.445833333333361 ], [ -82.317327880859338, 35.438399590386318 ], [ -82.320833333333297, 35.4375 ], [ -82.320833333333297, 35.429166666666696 ], [ -82.321684095594577, 35.425850931803417 ], [ -82.327210489908822, 35.424432712131107 ], [ -82.335289510091116, 35.417233954535618 ], [ -82.341270616319406, 35.415698920355936 ], [ -82.346400621202221, 35.409079996744822 ], [ -82.345266045464371, 35.406122843424512 ], [ -82.333900621202218, 35.393877156575549 ], [ -82.332433742947018, 35.388161214192735 ], [ -82.31862284342445, 35.386932712131106 ], [ -82.314583333333303, 35.383802117241785 ], [ -82.309470621744751, 35.387764655219215 ], [ -82.308333333333294, 35.383333333333361 ], [ -82.308900621202227, 35.381122843424507 ], [ -82.311932712131039, 35.377210489908883 ], [ -82.313350762261251, 35.37168426513675 ], [ -82.318877156575482, 35.37026604546444 ], [ -82.322789510091113, 35.367233954535621 ], [ -82.331377156575485, 35.36609937879777 ], [ -82.336753336588501, 35.361932712131107 ], [ -82.339710489908825, 35.363067287868951 ], [ -82.34375, 35.366197882758279 ], [ -82.347789510091104, 35.363067287868951 ], [ -82.353315904405349, 35.361649068196641 ], [ -82.355017428927923, 35.355017598470084 ], [ -82.360543823242153, 35.353599378797774 ], [ -82.368622843424447, 35.346400621202285 ], [ -82.375, 35.34583333333336 ], [ -82.374355400933126, 35.321840413411486 ], [ -82.366455417209167, 35.319581604003936 ], [ -82.378549194335903, 35.306326802571647 ], [ -82.380138481987814, 35.300768195258279 ], [ -82.389660305447009, 35.299382358127197 ], [ -82.402006361219577, 35.288117641872859 ], [ -82.407406955295102, 35.286573621961836 ], [ -82.409491984049438, 35.279280598958366 ], [ -82.414583333333297, 35.275561523437531 ], [ -82.420364040798574, 35.279784308539526 ], [ -82.4256174723307, 35.277316284179719 ], [ -82.424382527669238, 35.268673197428413 ], [ -82.416487969292504, 35.25957573784725 ], [ -82.4248860677083, 35.257174513075114 ], [ -82.428549194335901, 35.25216013590498 ], [ -82.43016628689233, 35.241049024793867 ], [ -82.456326972113686, 35.242284308539524 ], [ -82.462030707465246, 35.246450975206194 ], [ -82.4658057318793, 35.244677395290829 ], [ -82.467664252387124, 35.238176981608099 ], [ -82.489660305447018, 35.236882358127197 ], [ -82.497839694552923, 35.229784308539521 ], [ -82.506326972113683, 35.228549024793864 ], [ -82.510416666666629, 35.225561523437527 ], [ -82.516197374131906, 35.229784308539521 ], [ -82.539660305447015, 35.228549024793864 ], [ -82.543673027886257, 35.225617641872859 ], [ -82.545833333333306, 35.225 ], [ -82.546400621202224, 35.222789510091175 ], [ -82.550567287868887, 35.217413330078152 ], [ -82.549432712131036, 35.197789510091177 ], [ -82.545568847656213, 35.19280378553605 ], [ -82.553315904405352, 35.190815734863307 ], [ -82.555017428927911, 35.18418426513675 ], [ -82.560543823242156, 35.18276604546444 ], [ -82.56862284342445, 35.175567287868951 ], [ -82.577210489908822, 35.174432712131107 ], [ -82.581122843424453, 35.171400621202288 ], [ -82.590820990668362, 35.170119391547338 ], [ -82.591868082682254, 35.165447998046901 ], [ -82.588067287868896, 35.160543823242215 ], [ -82.5875, 35.154166666666697 ], [ -82.5875, 35.15 ], [ -82.5875, 35.141666666666694 ], [ -82.594091118706558, 35.141313340928846 ], [ -82.597575547960034, 35.137853325737872 ], [ -82.623257785373227, 35.137146674262183 ], [ -82.631249321831561, 35.129180569118951 ], [ -82.635075547960042, 35.132980007595513 ], [ -82.639215766058996, 35.133686659071209 ], [ -82.647575547960031, 35.125353325737876 ], [ -82.65416666666664, 35.125 ], [ -82.657482571072009, 35.124149237738742 ], [ -82.658333333333303, 35.120833333333358 ], [ -82.673257785373238, 35.121186659071206 ], [ -82.676742214626699, 35.124646674262181 ], [ -82.683333333333294, 35.125 ], [ -82.683900621202227, 35.110289510091171 ], [ -82.691099378797716, 35.102210489908884 ], [ -82.69255405002167, 35.096541680230061 ], [ -82.702210489908822, 35.095266045464435 ], [ -82.707586669921838, 35.091099378797772 ], [ -82.718877156575488, 35.092233954535615 ], [ -82.723469712999105, 35.095792982313398 ], [ -82.732766045464373, 35.085543823242219 ], [ -82.734232923719588, 35.079827880859405 ], [ -82.74904005262583, 35.078510877821209 ], [ -82.753599378797716, 35.073043823242216 ], [ -82.754166666666634, 35.070833333333361 ], [ -82.760543823242159, 35.070266045464436 ], [ -82.764456176757776, 35.067233954535617 ], [ -82.769982571072021, 35.065815904405412 ], [ -82.7708333333333, 35.0625 ], [ -82.774362182617153, 35.063405693901935 ], [ -82.775567287868896, 35.081377156575549 ], [ -82.780126614040768, 35.086844211154542 ], [ -82.7875, 35.0875 ], [ -82.798257785373238, 35.087853325737875 ], [ -82.805908881293377, 35.095480007595512 ], [ -82.818382432725656, 35.096186659071208 ], [ -82.826742214626705, 35.087853325737875 ], [ -82.829166666666637, 35.0875 ], [ -82.829519992404485, 35.102424452039955 ], [ -82.832980007595452, 35.105908881293431 ], [ -82.833686659071148, 35.110757785373295 ], [ -82.845480007595455, 35.122575547960096 ], [ -82.845833333333303, 35.125 ], [ -82.860581461588509, 35.124470350477459 ], [ -82.864418538411428, 35.121362982855928 ], [ -82.877248128255175, 35.120303683810789 ], [ -82.881085205078094, 35.117196316189265 ], [ -82.888440619574624, 35.116137017144126 ], [ -82.89375949435761, 35.120445081922767 ], [ -82.903065999348925, 35.111986287434924 ], [ -82.907763332790765, 35.113449435763918 ], [ -82.908862982855865, 35.139748128255235 ], [ -82.920303683810729, 35.151918538411486 ], [ -82.921362982855868, 35.160581631130668 ], [ -82.929816351996493, 35.169882541232667 ], [ -82.934273952907958, 35.171362813313827 ], [ -82.939418538411431, 35.167196146647164 ], [ -82.948081461588515, 35.166137186686228 ], [ -82.951918538411434, 35.163029479980494 ], [ -82.959273952907949, 35.161970520019558 ], [ -82.964418538411422, 35.166137186686228 ], [ -82.977248128255184, 35.167196146647164 ], [ -82.981085205078088, 35.170303853352891 ], [ -82.983333333333306, 35.170833333333363 ], [ -82.984184095594586, 35.167517598470077 ], [ -82.991270616319412, 35.165698920355929 ], [ -82.996400621202227, 35.159079996744822 ], [ -82.994826592339379, 35.15497775607642 ], [ -82.991666666666632, 35.154166666666697 ], [ -82.991666666666632, 35.15 ], [ -82.990815904405352, 35.146684095594644 ], [ -82.9875, 35.145833333333364 ], [ -82.983956909179653, 35.14492424858944 ], [ -82.983333333333306, 35.133333333333361 ], [ -82.985757785373238, 35.133686659071209 ], [ -82.993408881293377, 35.141313340928846 ], [ -83.006591118706567, 35.142019992404542 ], [ -83.014242214626705, 35.149646674262179 ], [ -83.022546386718716, 35.150353325737875 ], [ -83.026742214626708, 35.146186659071205 ], [ -83.030879720052056, 35.145480007595516 ], [ -83.035075547960034, 35.149646674262179 ], [ -83.044091118706561, 35.150353325737875 ], [ -83.055908881293377, 35.162146674262182 ], [ -83.06837972005205, 35.162853325737878 ], [ -83.072575547960042, 35.158686659071208 ], [ -83.079166666666637, 35.15833333333336 ], [ -83.079827880859341, 35.15089959038631 ], [ -83.087103949652743, 35.149032253689263 ], [ -83.091099378797708, 35.143877156575549 ], [ -83.092554050021675, 35.138208346896732 ], [ -83.103279283311608, 35.13679165310333 ], [ -83.104166666666643, 35.133333333333361 ], [ -83.106591118706575, 35.132980007595513 ], [ -83.1121419270833, 35.127457004123293 ], [ -83.1125, 35.125 ], [ -83.116666666666632, 35.125 ], [ -83.119982571072015, 35.124149237738742 ], [ -83.121742418077233, 35.11729024251305 ], [ -83.143877156575485, 35.11609937879777 ], [ -83.153548177083309, 35.107327270507838 ], [ -83.15416666666664, 35.09583333333336 ], [ -83.15416666666664, 35.091666666666697 ], [ -83.149420166015602, 35.090414428710965 ], [ -83.15087212456595, 35.084013197157148 ], [ -83.158333333333303, 35.083333333333364 ], [ -83.160757785373235, 35.082980007595516 ], [ -83.170475599500833, 35.073288302951418 ], [ -83.170833333333306, 35.070833333333361 ], [ -83.170833333333306, 35.0625 ], [ -83.179166666666632, 35.0625 ], [ -83.18132680257159, 35.061882527669297 ], [ -83.186764526367156, 35.057533433702282 ], [ -83.18822191026473, 35.042604234483534 ], [ -83.194465467664898, 35.041049194335962 ], [ -83.1970757378472, 35.050178697374157 ], [ -83.206173197428356, 35.042284138997424 ], [ -83.217135789659267, 35.041049194335962 ], [ -83.222839864095022, 35.045215861002632 ], [ -83.228240288628442, 35.046759711371557 ], [ -83.23009304470483, 35.053240288628501 ], [ -83.23549346923825, 35.05478413899742 ], [ -83.240718078613256, 35.058600870768259 ], [ -83.242284308539467, 35.047839694552977 ], [ -83.250785488552495, 35.038255140516519 ], [ -83.262969122992587, 35.036882527669299 ], [ -83.268673197428356, 35.041049194335962 ], [ -83.271302456325927, 35.042284138997424 ], [ -83.277006530761696, 35.038117472330754 ], [ -83.283333333333303, 35.0375 ], [ -83.2875, 35.0375 ], [ -83.288117641872802, 35.035339694552981 ], [ -83.296450975206142, 35.025736829969645 ], [ -83.29521569146047, 35.022839694552978 ], [ -83.292284308539465, 35.018826972113743 ], [ -83.291049024793807, 35.010339694552975 ], [ -83.286882358127144, 35.004635959201416 ], [ -83.289188639322887, 34.999726698133706 ], [ -83.293673197428362, 34.99645080566409 ], [ -83.303521898057696, 34.995017496744822 ], [ -83.304166666666646, 34.966666666666697 ], [ -83.305086432562902, 34.963082885742217 ], [ -83.314456176757787, 34.954733954535619 ], [ -83.319982401529927, 34.953315904405407 ], [ -83.321801079644075, 34.946229383680581 ], [ -83.32695617675779, 34.942233954535617 ], [ -83.336580573187902, 34.940962388780406 ], [ -83.341099378797722, 34.935543823242213 ], [ -83.34166666666664, 34.916666666666693 ], [ -83.352424452039898, 34.916313340928845 ], [ -83.355908881293374, 34.912853325737871 ], [ -83.360757785373238, 34.912146674262182 ], [ -83.364242214626714, 34.908686659071208 ], [ -83.370833333333309, 34.90833333333336 ], [ -83.371186659071157, 34.910757785373292 ], [ -83.376713562011687, 34.916312323676244 ], [ -83.397548929850231, 34.917019992404541 ], [ -83.405908881293371, 34.908686659071208 ], [ -83.414924452039898, 34.907980007595512 ], [ -83.418408881293374, 34.904519992404538 ], [ -83.425, 34.90416666666669 ], [ -83.425735134548589, 34.911697387695341 ], [ -83.435493469238253, 34.913117472330754 ], [ -83.43950653076169, 34.916049194335962 ], [ -83.4583333333333, 34.916666666666693 ], [ -83.457980007595467, 34.919091118706625 ], [ -83.454519992404485, 34.922575547960093 ], [ -83.453813340928789, 34.939215766059057 ], [ -83.462146674262129, 34.947575547960099 ], [ -83.462853325737825, 34.956591118706626 ], [ -83.474646674262132, 34.968408881293428 ], [ -83.475353325737814, 34.973257785373292 ], [ -83.478813340928795, 34.976742214626761 ], [ -83.479519992404491, 34.981591118706625 ], [ -83.482980007595458, 34.985075547960093 ], [ -83.483686659071154, 34.994091118706621 ], [ -83.487146674262121, 34.997575547960096 ], [ -83.4875, 35.004166666666691 ], [ -83.497968377007354, 35.004809570312524 ], [ -83.50203162299259, 35.007690429687528 ], [ -83.512821790907097, 35.008976236979194 ], [ -83.519957817925317, 35.003916422526068 ], [ -83.521476067437035, 35.018801540798641 ], [ -83.524976433647979, 35.02373826768666 ], [ -83.52916666666664, 35.025 ], [ -83.529733954535558, 35.027210489908882 ], [ -83.532766045464385, 35.031122843424505 ], [ -83.534184265136687, 35.036649237738743 ], [ -83.539710489908828, 35.038067287868948 ], [ -83.543622843424458, 35.041099378797767 ], [ -83.559079996744771, 35.042233954535618 ], [ -83.565698920355871, 35.037103949652803 ], [ -83.567575920952663, 35.029790242513045 ], [ -83.579166666666637, 35.029166666666697 ], [ -83.579166666666637, 35.025 ], [ -83.57973395453557, 35.01028951009117 ], [ -83.582766045464382, 35.006377156575546 ], [ -83.584184265136699, 35.000850762261308 ], [ -83.591270785861525, 34.999032253689265 ], [ -83.595266045464385, 34.99387715657555 ], [ -83.595833333333303, 34.991666666666696 ], [ -83.595480007595455, 34.972575547960098 ], [ -83.592019992404488, 34.969091118706622 ], [ -83.591313340928792, 34.951742214626762 ], [ -83.587513732910125, 34.947915988498288 ], [ -83.600353325737828, 34.935049777560792 ], [ -83.599646674262132, 34.926742214626763 ], [ -83.595480007595455, 34.922546386718778 ], [ -83.596192253960481, 34.91837531195749 ], [ -83.601742214626711, 34.912853325737871 ], [ -83.604166666666643, 34.9125 ], [ -83.610543823242168, 34.913067287868948 ], [ -83.614592149522551, 34.916204833984402 ], [ -83.622789510091124, 34.908900621202285 ], [ -83.628458150227843, 34.907445949978325 ], [ -83.629733954535567, 34.897789510091172 ], [ -83.633729214138427, 34.892634412977458 ], [ -83.639710489908822, 34.891099378797769 ], [ -83.644865587022551, 34.887103949652804 ], [ -83.646684265136699, 34.880017428927978 ], [ -83.653529018825935, 34.878260972764785 ], [ -83.654733954535573, 34.860289510091171 ], [ -83.657766045464385, 34.856377156575547 ], [ -83.658900621202235, 34.851956176757838 ], [ -83.661932712131048, 34.848043823242215 ], [ -83.663067287868898, 34.840920003255235 ], [ -83.658900621202235, 34.835543823242212 ], [ -83.657766045464385, 34.831122843424502 ], [ -83.654733954535573, 34.827210489908879 ], [ -83.65416666666664, 34.825 ], [ -83.65416666666664, 34.816666666666691 ], [ -83.656591118706572, 34.816313340928843 ], [ -83.664242214626711, 34.808686659071206 ], [ -83.673257785373238, 34.807980007595511 ], [ -83.678808593749977, 34.802457004123291 ], [ -83.679166666666646, 34.8 ], [ -83.681377156575493, 34.800567287868951 ], [ -83.685425482855877, 34.803704833984398 ], [ -83.69362284342445, 34.796400621202281 ], [ -83.702210489908836, 34.795266045464437 ], [ -83.706122843424453, 34.792233954535618 ], [ -83.709079996744762, 34.791099378797767 ], [ -83.714456176757793, 34.795266045464437 ], [ -83.718877156575502, 34.796400621202281 ], [ -83.722789510091118, 34.7994327121311 ], [ -83.743877156575493, 34.800567287868951 ], [ -83.747789510091124, 34.80359937879777 ], [ -83.753315734863264, 34.805017428927975 ], [ -83.754733954535567, 34.810543823242213 ], [ -83.759312438964827, 34.816033935546898 ], [ -83.777210489908825, 34.817233954535617 ], [ -83.785289510091118, 34.824432712131099 ], [ -83.791666666666643, 34.825 ], [ -83.793877156575491, 34.824432712131099 ], [ -83.803246900770375, 34.816083780924501 ], [ -83.80501759847003, 34.809184095594645 ], [ -83.811838785807268, 34.807433742947076 ], [ -83.813067287868904, 34.793622843424501 ], [ -83.816099378797716, 34.789710489908877 ], [ -83.817233954535567, 34.785289510091168 ], [ -83.824432712131056, 34.777210489908882 ], [ -83.825567287868907, 34.772789510091172 ], [ -83.828599378797719, 34.768877156575549 ], [ -83.82973395453557, 34.757586669921899 ], [ -83.825567287868907, 34.752210489908876 ], [ -83.824432712131056, 34.745086669921903 ], [ -83.828599378797719, 34.73971048990888 ], [ -83.829875183105443, 34.730054050021728 ], [ -83.836649068196593, 34.728315904405406 ], [ -83.8375, 34.725 ], [ -83.839924452039909, 34.725353325737871 ], [ -83.843408881293385, 34.728813340928845 ], [ -83.85, 34.729166666666693 ], [ -83.852424452039912, 34.728813340928845 ], [ -83.855908881293374, 34.725353325737871 ], [ -83.858333333333306, 34.725 ], [ -83.860543823242168, 34.725567287868948 ], [ -83.864456176757784, 34.728599378797767 ], [ -83.867413330078108, 34.729733954535618 ], [ -83.872789510091124, 34.725567287868948 ], [ -83.879913330078097, 34.724432712131104 ], [ -83.885416666666643, 34.728698052300373 ], [ -83.88945617675779, 34.725567287868948 ], [ -83.894618394639735, 34.724432712131104 ], [ -83.89672071668835, 34.732624986436655 ], [ -83.906377156575502, 34.733900621202281 ], [ -83.910289510091118, 34.7369327121311 ], [ -83.9375, 34.7375 ], [ -83.938350931803356, 34.740815904405409 ], [ -83.941666666666649, 34.741666666666688 ], [ -83.945833333333312, 34.741666666666688 ], [ -83.948257785373244, 34.741313340928841 ], [ -83.951742214626719, 34.737853325737873 ], [ -83.954166666666652, 34.7375 ], [ -83.955017598470036, 34.734184095594642 ], [ -83.960543823242162, 34.732766045464437 ], [ -83.968622843424455, 34.725567287868948 ], [ -83.973043823242165, 34.724432712131104 ], [ -83.976956176757795, 34.721400621202278 ], [ -83.982937452528191, 34.719865587022596 ], [ -83.98693271213105, 34.714710489908882 ], [ -83.988067287868901, 34.70195617675784 ], [ -83.991099378797728, 34.698043823242209 ], [ -83.992233954535564, 34.689456176757837 ], [ -83.99526604546439, 34.685543823242213 ], [ -83.995833333333309, 34.683333333333358 ], [ -83.997993469238253, 34.682715861002627 ], [ -84.00200653076169, 34.67978413899742 ], [ -84.010493469238256, 34.678549194335965 ], [ -84.01867319742837, 34.671450805664087 ], [ -84.028195020887566, 34.670064968533012 ], [ -84.029784308539476, 34.664506361219644 ], [ -84.036882358127144, 34.656326972113739 ], [ -84.038302612304662, 34.64656846788197 ], [ -84.045833333333306, 34.645833333333357 ], [ -84.046684095594586, 34.64914923773874 ], [ -84.052210489908816, 34.650567287868945 ], [ -84.056122843424447, 34.653599378797765 ], [ -84.098043823242151, 34.654733954535615 ], [ -84.101956176757781, 34.657766045464435 ], [ -84.110543823242153, 34.658900621202278 ], [ -84.11601087782114, 34.663459947374157 ], [ -84.116666666666632, 34.670833333333356 ], [ -84.119091118706564, 34.670480007595508 ], [ -84.122575547960025, 34.667019992404541 ], [ -84.131591118706567, 34.666313340928845 ], [ -84.135075547960028, 34.662853325737871 ], [ -84.1375, 34.6625 ], [ -84.138067287868893, 34.660289510091168 ], [ -84.141099378797705, 34.656377156575545 ], [ -84.142572360568536, 34.650637817382837 ], [ -84.161594306098053, 34.64936218261721 ], [ -84.163350762261246, 34.642517428927974 ], [ -84.168877156575491, 34.641099378797769 ], [ -84.172789510091107, 34.63806728786895 ], [ -84.181377156575479, 34.636932712131099 ], [ -84.18528951009111, 34.63390062120228 ], [ -84.191666666666634, 34.633333333333354 ], [ -84.192233954535553, 34.639710489908879 ], [ -84.200582885742151, 34.649080403645854 ], [ -84.206377156575485, 34.650567287868945 ], [ -84.210289510091116, 34.653599378797765 ], [ -84.218877156575488, 34.654733954535615 ], [ -84.253283352322015, 34.688224622938392 ], [ -84.254733954535553, 34.693877156575546 ], [ -84.261932712131042, 34.70195617675784 ], [ -84.263350762261254, 34.70748257107207 ], [ -84.269982571072006, 34.709184095594644 ], [ -84.271400621202218, 34.714710489908882 ], [ -84.274432712131045, 34.718622843424505 ], [ -84.275913492838512, 34.724392361111136 ], [ -84.306377156575479, 34.725567287868948 ], [ -84.31028951009111, 34.728599378797767 ], [ -84.327210489908822, 34.729733954535618 ], [ -84.331122843424438, 34.732766045464437 ], [ -84.3375, 34.733333333333356 ], [ -84.338029649522539, 34.735581461588566 ], [ -84.342196316189202, 34.740726047092039 ], [ -84.340754530164901, 34.74506666395402 ], [ -84.3375, 34.745833333333358 ], [ -84.329938083224789, 34.746604749891517 ], [ -84.328523763020797, 34.760468207465301 ], [ -84.31730957031246, 34.77286512586808 ], [ -84.316023763020794, 34.787821790907145 ], [ -84.320190429687472, 34.793698459201416 ], [ -84.321476236979137, 34.797968207465303 ], [ -84.324357096354134, 34.802031792534748 ], [ -84.325, 34.804166666666688 ], [ -84.325567287868893, 34.806377156575543 ], [ -84.341218736436602, 34.82291531032989 ], [ -84.329733954535556, 34.835289510091172 ], [ -84.328599378797705, 34.839710489908882 ], [ -84.325567287868893, 34.843622843424505 ], [ -84.324432712131042, 34.865451727973117 ], [ -84.329166666666637, 34.866666666666696 ], [ -84.335480753580697, 34.866036309136312 ], [ -84.339519246419229, 34.863130357530409 ], [ -84.343814086914023, 34.861869642469642 ], [ -84.347852579752569, 34.858963690863739 ], [ -84.352147420247363, 34.857702975802979 ], [ -84.356185913085909, 34.854797024197076 ], [ -84.360480753580688, 34.85353630913631 ], [ -84.374126180012979, 34.841139390733531 ], [ -84.387792290581558, 34.842532348632837 ], [ -84.383963690863681, 34.847852579752633 ], [ -84.382702975802914, 34.858729722764785 ], [ -84.386869642469577, 34.864519246419299 ], [ -84.3875, 34.866666666666696 ], [ -84.390958319769936, 34.86577928331166 ], [ -84.392233954535556, 34.856122843424508 ], [ -84.396752929687466, 34.850704277886308 ], [ -84.406377156575488, 34.849432712131104 ], [ -84.410289510091104, 34.846400621202285 ], [ -84.423043823242153, 34.845266045464435 ], [ -84.431122843424447, 34.838067287868952 ], [ -84.435543823242156, 34.836932712131102 ], [ -84.452070787217849, 34.821292114257837 ], [ -84.45625, 34.824531385633705 ], [ -84.460289510091116, 34.82140062120228 ], [ -84.481377156575491, 34.820266045464436 ], [ -84.485289510091107, 34.817233954535617 ], [ -84.4875, 34.816666666666691 ], [ -84.487853325737817, 34.823257785373286 ], [ -84.503813340928787, 34.839242214626765 ], [ -84.504166666666634, 34.85 ], [ -84.500850762261251, 34.85085076226131 ], [ -84.5, 34.854166666666693 ], [ -84.503315904405355, 34.855017428927979 ], [ -84.505017428927914, 34.861649237738739 ], [ -84.51210394965274, 34.863467746310789 ], [ -84.517233954535556, 34.870086669921903 ], [ -84.516099378797705, 34.906377156575545 ], [ -84.507766045464379, 34.915729437934054 ], [ -84.509065077039892, 34.924103461371551 ], [ -84.514456176757776, 34.92859937879777 ], [ -84.52025044759111, 34.930086263020861 ], [ -84.528704833984335, 34.939574517144123 ], [ -84.525567287868896, 34.943622843424507 ], [ -84.524291653103262, 34.953279283311659 ], [ -84.5208333333333, 34.954166666666694 ], [ -84.520480007595452, 34.969091118706622 ], [ -84.517019992404485, 34.972575547960098 ], [ -84.516313340928789, 34.985046386718778 ], [ -84.520480007595452, 34.989242214626763 ], [ -84.521186659071148, 34.994091118706621 ], [ -84.524646674262115, 34.997575547960096 ], [ -84.525, 35.0 ], [ -84.531591118706558, 35.000353325737876 ], [ -84.535075547960034, 35.003813340928843 ], [ -84.548257785373224, 35.004519992404539 ], [ -84.553808593749963, 35.010042995876766 ], [ -84.554519992404479, 35.014924452039956 ], [ -84.557980007595447, 35.018408881293432 ], [ -84.558333333333294, 35.025 ], [ -84.564710489908819, 35.025567287868952 ], [ -84.56862284342445, 35.028599378797772 ], [ -84.573785061306396, 35.029733954535615 ], [ -84.575911119249099, 35.021450127495683 ], [ -84.600937228732604, 35.020266045464439 ], [ -84.610407850477401, 35.028704833984399 ], [ -84.615698920355868, 35.024603949652807 ], [ -84.617233954535564, 35.018622843424509 ], [ -84.621229383680529, 35.013467746310788 ], [ -84.625, 35.0125 ], [ -84.635757785373229, 35.012853325737872 ], [ -84.641308593749969, 35.018376329210099 ], [ -84.641666666666637, 35.020833333333357 ], [ -84.64796820746524, 35.021476236979197 ], [ -84.664531792534689, 35.036857096354197 ], [ -84.666988457573751, 35.038142903645863 ], [ -84.672865125868029, 35.033976236979193 ], [ -84.677718777126699, 35.032690429687527 ], [ -84.679809570312472, 35.03963487413197 ], [ -84.682690429687469, 35.043698459201416 ], [ -84.684208848741292, 35.058583577473982 ], [ -84.689531792534694, 35.054809570312528 ], [ -84.704166666666637, 35.054166666666696 ], [ -84.704519992404485, 35.060757785373291 ], [ -84.707980007595452, 35.064242214626766 ], [ -84.7083333333333, 35.066666666666691 ], [ -84.71880154079858, 35.067309570312524 ], [ -84.727031792534689, 35.074357096354191 ], [ -84.733655124240414, 35.075642903645857 ], [ -84.739531792534692, 35.071476236979194 ], [ -84.741988457573754, 35.070190429687528 ], [ -84.747865125868017, 35.074357096354191 ], [ -84.760468207465252, 35.075642903645857 ], [ -84.76869845920136, 35.082690429687531 ], [ -84.790890163845461, 35.084053209092907 ], [ -84.792438083224795, 35.099228583441871 ], [ -84.8, 35.1 ], [ -84.800623575846316, 35.111590915256102 ], [ -84.806377156575493, 35.113067287868951 ], [ -84.811880832248235, 35.117657131618948 ], [ -84.8125, 35.129166666666691 ], [ -84.812853325737819, 35.131591118706623 ], [ -84.816652086045977, 35.135416666666693 ], [ -84.812853325737819, 35.139242214626762 ], [ -84.8125, 35.145833333333364 ], [ -84.813259209526876, 35.153276909722251 ], [ -84.82115512424042, 35.15480957031253 ], [ -84.827031792534697, 35.15064290364586 ], [ -84.844917805989553, 35.149357096354194 ], [ -84.845833333333303, 35.15833333333336 ], [ -84.853267076280346, 35.157672119140656 ], [ -84.854733954535561, 35.151956176757842 ], [ -84.857766045464373, 35.148043823242219 ], [ -84.858900621202224, 35.143622843424509 ], [ -84.866099378797713, 35.135543823242216 ], [ -84.867233954535564, 35.131122843424507 ], [ -84.870266045464376, 35.127210489908883 ], [ -84.871400621202227, 35.122789510091174 ], [ -84.883978949652743, 35.109236992730061 ], [ -84.8875, 35.108333333333363 ], [ -84.888067287868893, 35.101956176757838 ], [ -84.895266045464382, 35.093877156575552 ], [ -84.896400621202233, 35.089456176757842 ], [ -84.899432712131045, 35.085543823242219 ], [ -84.900567287868896, 35.07695617675784 ], [ -84.903599378797708, 35.073043823242216 ], [ -84.904733954535558, 35.068622843424507 ], [ -84.907766045464385, 35.064710489908883 ], [ -84.909037611219588, 35.055086263020861 ], [ -84.914456176757781, 35.050567287868951 ], [ -84.924066840277746, 35.049297417534753 ], [ -84.936932712131039, 35.035543823242215 ], [ -84.938419596354137, 35.02974955240888 ], [ -84.949062771267336, 35.020266045464439 ], [ -84.952210489908822, 35.021400621202282 ], [ -84.95683763292098, 35.024986775716172 ], [ -84.961932712131045, 35.018877156575549 ], [ -84.963208346896664, 35.009220716688397 ], [ -84.96666666666664, 35.008333333333361 ], [ -84.966005452473922, 35.000899590386311 ], [ -84.959184095594594, 34.999149237738742 ], [ -84.9583333333333, 34.995833333333358 ], [ -84.953599378797719, 34.994618394639787 ], [ -84.954733954535556, 34.985289510091171 ], [ -84.957766045464382, 34.981377156575547 ], [ -84.958900621202233, 34.972789510091175 ], [ -84.961932712131045, 34.968877156575545 ], [ -84.9625, 34.958333333333357 ], [ -84.964710489908825, 34.957766045464439 ], [ -84.969865587022539, 34.953770616319474 ], [ -84.971400621202221, 34.94778951009117 ], [ -84.974432712131048, 34.943877156575546 ], [ -84.975567287868898, 34.926956176757841 ], [ -84.978599378797711, 34.92304382324221 ], [ -84.979875013563344, 34.913387383355058 ], [ -84.986649237738689, 34.911649237738743 ], [ -84.988067287868887, 34.906122843424505 ], [ -84.991099378797713, 34.902210489908882 ], [ -84.991666666666632, 34.895833333333357 ], [ -84.994091118706564, 34.895480007595509 ], [ -85.005908881293379, 34.883686659071209 ], [ -85.014924452039907, 34.882980007595513 ], [ -85.018408881293368, 34.879519992404539 ], [ -85.0208333333333, 34.879166666666691 ], [ -85.021400621202233, 34.872789510091174 ], [ -85.024531385633651, 34.86875 ], [ -85.020266045464382, 34.863246663411488 ], [ -85.021400621202233, 34.856122843424508 ], [ -85.024432712131045, 34.852210489908877 ], [ -85.025567287868896, 34.847789510091175 ], [ -85.032766045464385, 34.839710489908882 ], [ -85.033900621202221, 34.835289510091172 ], [ -85.036932712131048, 34.831377156575549 ], [ -85.038067287868898, 34.814456176757837 ], [ -85.045266045464373, 34.806377156575543 ], [ -85.046400621202224, 34.776956176757835 ], [ -85.050567287868887, 34.771579996744819 ], [ -85.04943271213105, 34.768622843424502 ], [ -85.045266045464373, 34.763246663411486 ], [ -85.046572197808132, 34.755046251085091 ], [ -85.05221048990883, 34.753599378797766 ], [ -85.056122843424447, 34.750567287868947 ], [ -85.060543823242156, 34.749432712131103 ], [ -85.064456176757787, 34.746400621202284 ], [ -85.069982571072018, 34.744982571072072 ], [ -85.07140062120223, 34.739456176757841 ], [ -85.075567287868893, 34.734079996744818 ], [ -85.074432712131042, 34.731122843424501 ], [ -85.071301947699624, 34.727083333333361 ], [ -85.074432712131042, 34.723043823242215 ], [ -85.075567287868893, 34.718622843424505 ], [ -85.078599378797719, 34.714710489908882 ], [ -85.079166666666637, 34.7125 ], [ -85.081591118706569, 34.712146674262179 ], [ -85.085075547960045, 34.708686659071205 ], [ -85.089213053385393, 34.707980007595509 ], [ -85.093408881293371, 34.712146674262179 ], [ -85.106591118706575, 34.712853325737875 ], [ -85.118408881293377, 34.724646674262175 ], [ -85.126713053385387, 34.725353325737871 ], [ -85.130908881293379, 34.721186659071208 ], [ -85.141666666666637, 34.72083333333336 ], [ -85.1458333333333, 34.72083333333336 ], [ -85.146400621202233, 34.723043823242215 ], [ -85.148785061306398, 34.725567287868948 ], [ -85.15, 34.72083333333336 ], [ -85.15416666666664, 34.72083333333336 ], [ -85.158333333333303, 34.72083333333336 ], [ -85.161649068196581, 34.72168409559464 ], [ -85.1625, 34.725 ], [ -85.165958150227837, 34.724112616644987 ], [ -85.167233954535561, 34.714456176757835 ], [ -85.171229214138421, 34.709301079644121 ], [ -85.175, 34.708333333333357 ], [ -85.175850931803353, 34.71164923773874 ], [ -85.181377156575493, 34.713067287868945 ], [ -85.185289510091124, 34.716099378797765 ], [ -85.191666666666634, 34.71666666666669 ], [ -85.193877156575496, 34.717233954535615 ], [ -85.197789510091113, 34.720266045464435 ], [ -85.202951727973058, 34.721400621202278 ], [ -85.205017598470022, 34.713350762261307 ], [ -85.210543823242162, 34.711932712131102 ], [ -85.214456176757778, 34.708900621202282 ], [ -85.221770562065942, 34.707766045464432 ], [ -85.232413567437035, 34.71724955240888 ], [ -85.233333333333306, 34.72083333333336 ], [ -85.225, 34.72083333333336 ], [ -85.225353325737814, 34.731591118706625 ], [ -85.228813340928795, 34.735075547960093 ], [ -85.229519992404491, 34.751713053385444 ], [ -85.225353325737814, 34.755908881293429 ], [ -85.224646674262118, 34.760757785373286 ], [ -85.221186659071151, 34.764242214626762 ], [ -85.220833333333303, 34.766666666666694 ], [ -85.223043823242165, 34.767233954535612 ], [ -85.226956176757781, 34.770266045464432 ], [ -85.231377156575491, 34.771400621202282 ], [ -85.235289510091121, 34.774432712131102 ], [ -85.244945949978273, 34.775708346896728 ], [ -85.246684265136693, 34.782482571072073 ], [ -85.25, 34.78333333333336 ], [ -85.265753343370193, 34.782725694444473 ], [ -85.267233954535556, 34.776956176757835 ], [ -85.274432712131045, 34.768877156575549 ], [ -85.275, 34.766666666666694 ], [ -85.285757785373235, 34.767019992404542 ], [ -85.291308593749974, 34.772542995876762 ], [ -85.291666666666643, 34.775 ], [ -85.292477586534261, 34.778159925672767 ], [ -85.296579996744768, 34.779733954535615 ], [ -85.301956176757784, 34.775567287868952 ], [ -85.307672119140591, 34.774100409613737 ], [ -85.308900621202227, 34.76028951009117 ], [ -85.313459777832009, 34.754822455512176 ], [ -85.320833333333312, 34.754166666666691 ], [ -85.32140062120223, 34.751956176757837 ], [ -85.324432712131056, 34.748043823242213 ], [ -85.325850931803359, 34.742517428927975 ], [ -85.331377156575499, 34.74109937879777 ], [ -85.335289510091116, 34.738067287868951 ], [ -85.34108378092445, 34.73658040364586 ], [ -85.349432712131048, 34.727210489908877 ], [ -85.350567287868898, 34.722789510091168 ], [ -85.357766045464388, 34.714710489908882 ], [ -85.358989291720889, 34.700959947374159 ], [ -85.364456176757784, 34.69640062120228 ], [ -85.368877156575493, 34.695266045464436 ], [ -85.372789510091124, 34.692233954535617 ], [ -85.382445949978276, 34.69095831976999 ], [ -85.38390062120223, 34.685289510091167 ], [ -85.391099378797719, 34.67721048990888 ], [ -85.39223395453557, 34.668622843424501 ], [ -85.400567287868896, 34.659270562065998 ], [ -85.399432712131045, 34.656122843424505 ], [ -85.395266045464382, 34.650746663411482 ], [ -85.397083028157525, 34.646010674370686 ], [ -85.401956176757778, 34.642233954535612 ], [ -85.406377156575488, 34.641099378797769 ], [ -85.410289510091118, 34.63806728786895 ], [ -85.416083780924453, 34.636580403645858 ], [ -85.42443271213105, 34.627210489908876 ], [ -85.425702921549458, 34.617595757378496 ], [ -85.435289510091124, 34.608900621202281 ], [ -85.441083780924458, 34.60741373697919 ], [ -85.449432712131056, 34.598043823242207 ], [ -85.45, 34.59583333333336 ], [ -85.465753343370196, 34.595225694444466 ], [ -85.46666666666664, 34.59166666666669 ], [ -85.470833333333303, 34.59166666666669 ], [ -85.471441650390602, 34.599035305447075 ], [ -85.47594078911672, 34.600529649522592 ], [ -85.481085035535997, 34.596362982855929 ], [ -85.483333333333306, 34.59583333333336 ], [ -85.483333333333306, 34.6 ], [ -85.483333333333306, 34.604166666666693 ], [ -85.483994547526009, 34.611600409613736 ], [ -85.4875, 34.6125 ], [ -85.4875, 34.625 ], [ -85.480066257052925, 34.625661214192732 ], [ -85.478599378797711, 34.631377156575546 ], [ -85.475567287868898, 34.63528951009117 ], [ -85.474432712131048, 34.688246663411483 ], [ -85.478704833984352, 34.693758816189259 ], [ -85.471400621202235, 34.70195617675784 ], [ -85.470833333333303, 34.704166666666694 ], [ -85.471494547526021, 34.711600409613737 ], [ -85.475, 34.7125 ], [ -85.477210489908828, 34.711932712131102 ], [ -85.481122843424458, 34.708900621202282 ], [ -85.485543823242168, 34.707766045464432 ], [ -85.493622843424447, 34.70056728786895 ], [ -85.498043823242156, 34.699432712131099 ], [ -85.501956176757787, 34.69640062120228 ], [ -85.506377156575496, 34.695266045464436 ], [ -85.518622843424453, 34.683900621202284 ], [ -85.523043823242162, 34.682766045464433 ], [ -85.532413567437047, 34.674417114257835 ], [ -85.533900621202235, 34.668622843424501 ], [ -85.541099378797711, 34.660543823242215 ], [ -85.542517598470027, 34.655017428927977 ], [ -85.549338785807265, 34.653267076280407 ], [ -85.550567287868901, 34.63945617675784 ], [ -85.561932712131053, 34.627210489908876 ], [ -85.563067287868904, 34.622789510091167 ], [ -85.566099378797716, 34.618877156575543 ], [ -85.567233954535567, 34.614456176757834 ], [ -85.574432712131056, 34.606377156575547 ], [ -85.575567287868893, 34.601956176757838 ], [ -85.578599378797719, 34.598043823242207 ], [ -85.57973395453557, 34.593622843424505 ], [ -85.582766045464382, 34.589710489908875 ], [ -85.583333333333314, 34.583333333333357 ], [ -85.585757785373232, 34.583686659071205 ], [ -85.589242214626708, 34.587146674262179 ], [ -85.604166666666643, 34.5875 ], [ -85.619091118706578, 34.587853325737868 ], [ -85.622575547960039, 34.591313340928842 ], [ -85.627424452039904, 34.592019992404538 ], [ -85.631250678168385, 34.5958194308811 ], [ -85.639242214626705, 34.587853325737868 ], [ -85.647546217176625, 34.587146674262179 ], [ -85.651742214626708, 34.591313340928842 ], [ -85.658333333333303, 34.59166666666669 ], [ -85.668877156575491, 34.591099378797765 ], [ -85.678246900770375, 34.582750447591167 ], [ -85.679733954535564, 34.576956176757832 ], [ -85.683729214138424, 34.571801079644118 ], [ -85.691005452473931, 34.569933742947072 ], [ -85.692233954535567, 34.556122843424504 ], [ -85.696229214138427, 34.550967746310789 ], [ -85.702210489908836, 34.5494327121311 ], [ -85.706122843424453, 34.546400621202281 ], [ -85.711649068196593, 34.544982571072069 ], [ -85.713067287868896, 34.539456176757838 ], [ -85.716099378797722, 34.535543823242207 ], [ -85.717375183105446, 34.525887383355055 ], [ -85.723043823242165, 34.524432712131102 ], [ -85.735289510091121, 34.51306728786895 ], [ -85.744945949978273, 34.511791653103323 ], [ -85.746742587619337, 34.504790242513046 ], [ -85.758333333333312, 34.504166666666691 ], [ -85.759184265136696, 34.500850762261308 ], [ -85.76604309082029, 34.499090915256097 ], [ -85.766666666666637, 34.4875 ], [ -85.768877156575499, 34.4869327121311 ], [ -85.772789510091116, 34.483900621202281 ], [ -85.777210489908825, 34.48276604546443 ], [ -85.782365587022539, 34.478770616319466 ], [ -85.784184265136702, 34.47168409559464 ], [ -85.790815734863259, 34.469982571072073 ], [ -85.792517598470027, 34.463350762261307 ], [ -85.798043823242168, 34.461932712131102 ], [ -85.803198920355882, 34.457937282986137 ], [ -85.804733954535564, 34.451956176757832 ], [ -85.808729214138438, 34.446801079644118 ], [ -85.814710489908833, 34.445266045464429 ], [ -85.81862284342445, 34.44223395453561 ], [ -85.823043823242159, 34.441099378797766 ], [ -85.828198920355874, 34.437103949652801 ], [ -85.82973395453557, 34.431122843424504 ], [ -85.841099378797722, 34.41887715657554 ], [ -85.842233954535573, 34.414456176757838 ], [ -85.845266045464385, 34.410543823242207 ], [ -85.846400621202235, 34.406122843424498 ], [ -85.853599378797725, 34.398043823242212 ], [ -85.854733954535561, 34.393622843424502 ], [ -85.858729214138435, 34.388467746310788 ], [ -85.8625, 34.3875 ], [ -85.862853325737831, 34.385075547960092 ], [ -85.866313340928798, 34.381591118706616 ], [ -85.866666666666646, 34.379166666666691 ], [ -85.867019992404494, 34.376742214626759 ], [ -85.870480007595461, 34.373257785373283 ], [ -85.870833333333309, 34.370833333333358 ], [ -85.873257785373241, 34.370480007595511 ], [ -85.880908881293379, 34.362853325737866 ], [ -85.883333333333312, 34.3625 ], [ -85.88369140624998, 34.360042995876761 ], [ -85.889242214626719, 34.354519992404533 ], [ -85.8958333333333, 34.354166666666686 ], [ -85.9, 34.354166666666686 ], [ -85.900617641872813, 34.343673027886304 ], [ -85.903549024793818, 34.339660305447069 ], [ -85.905534532335054, 34.332715861002626 ], [ -85.910493469238261, 34.333950805664081 ], [ -85.916197543674016, 34.338117472330751 ], [ -85.92110646565753, 34.335811360677106 ], [ -85.924382358127147, 34.331326972113736 ], [ -85.925617641872805, 34.322839694552975 ], [ -85.92854902479381, 34.31882697211374 ], [ -85.929902140299461, 34.304966566297765 ], [ -85.935339864095027, 34.30061747233075 ], [ -85.945039198133657, 34.299205864800371 ], [ -85.946627468532967, 34.288294135199671 ], [ -85.957361687554226, 34.286731635199672 ], [ -85.959259711371502, 34.280093044704884 ], [ -85.9625, 34.27916666666669 ], [ -85.9625, 34.266666666666687 ], [ -85.963690863715243, 34.262711249457489 ], [ -85.977031792534689, 34.250642903645854 ], [ -85.988142903645794, 34.248949517144119 ], [ -85.986857096354129, 34.243698459201411 ], [ -85.982690429687466, 34.237821790907141 ], [ -85.983976236979132, 34.235365125868078 ], [ -86.02019042968746, 34.197968207465301 ], [ -86.021476236979126, 34.193698459201407 ], [ -86.032690429687463, 34.181301540798628 ], [ -86.034542846679656, 34.175149875217031 ], [ -86.043698459201352, 34.167309570312518 ], [ -86.053947279188336, 34.165747748480925 ], [ -86.057690429687469, 34.1604682074653 ], [ -86.059248860677044, 34.145190429687517 ], [ -86.081301540798577, 34.14647623697919 ], [ -86.085365125868023, 34.149357096354187 ], [ -86.089634874131903, 34.150642903645853 ], [ -86.095511542426181, 34.154809570312523 ], [ -86.100538465711765, 34.152178955078142 ], [ -86.103523763020803, 34.147968207465297 ], [ -86.104886542426172, 34.125776502821203 ], [ -86.1125, 34.125 ], [ -86.114710489908816, 34.125567287868947 ], [ -86.118622843424447, 34.128599378797766 ], [ -86.123043823242156, 34.12973395453561 ], [ -86.126956176757773, 34.132766045464429 ], [ -86.132482571072018, 34.134184095594641 ], [ -86.133333333333297, 34.1375 ], [ -86.133686659071145, 34.148257785373282 ], [ -86.139209662543365, 34.153808593750021 ], [ -86.144091118706555, 34.154519992404531 ], [ -86.147575547960031, 34.157980007595505 ], [ -86.15, 34.158333333333353 ], [ -86.149432712131045, 34.160543823242207 ], [ -86.14543728298608, 34.165698920355922 ], [ -86.138350762261254, 34.167517428927972 ], [ -86.136932712131042, 34.17304382324221 ], [ -86.13380194769961, 34.177083333333357 ], [ -86.136932712131042, 34.181122843424497 ], [ -86.138161214192678, 34.194933742947072 ], [ -86.143877156575485, 34.19640062120228 ], [ -86.149032253689199, 34.200396050347244 ], [ -86.15, 34.204166666666687 ], [ -86.149646674262115, 34.206591118706619 ], [ -86.146186659071148, 34.210075547960088 ], [ -86.1458333333333, 34.229166666666686 ], [ -86.1458333333333, 34.2375 ], [ -86.164924452039898, 34.237853325737866 ], [ -86.172575547960037, 34.245480007595503 ], [ -86.194091118706567, 34.246186659071199 ], [ -86.202082655164901, 34.254152764214432 ], [ -86.205908881293368, 34.250353325737869 ], [ -86.210046386718716, 34.249646674262173 ], [ -86.214242214626694, 34.253813340928843 ], [ -86.230879720052044, 34.254519992404532 ], [ -86.235075547960037, 34.250353325737869 ], [ -86.239213053385384, 34.249646674262173 ], [ -86.243408881293362, 34.253813340928843 ], [ -86.248257785373227, 34.254519992404532 ], [ -86.251742214626702, 34.257980007595506 ], [ -86.266666666666637, 34.258333333333354 ], [ -86.26732211642792, 34.256211005316864 ], [ -86.274344550238681, 34.247955661349849 ], [ -86.276035563151012, 34.242479112413214 ], [ -86.285455661349786, 34.241011216905406 ], [ -86.289544338650131, 34.238155449761308 ], [ -86.302122328016452, 34.236844550238736 ], [ -86.308087497287289, 34.232677883572066 ], [ -86.327122328016458, 34.233988783094638 ], [ -86.333087497287295, 34.238155449761308 ], [ -86.335455661349798, 34.236844550238736 ], [ -86.341420830620621, 34.232677883572066 ], [ -86.352122328016463, 34.233988783094638 ], [ -86.356211005316808, 34.236844550238736 ], [ -86.364622328016452, 34.238155449761308 ], [ -86.370587497287289, 34.242322116427971 ], [ -86.378332519531213, 34.240768432617209 ], [ -86.379822116427917, 34.231211005316858 ], [ -86.382677883572015, 34.227122328016513 ], [ -86.384316338433123, 34.221816338433179 ], [ -86.391607666015588, 34.219564819335957 ], [ -86.386844550238678, 34.212745836046025 ], [ -86.390163167317667, 34.206749810112868 ], [ -86.396098497178784, 34.203524780273455 ], [ -86.402905951605874, 34.208280097113736 ], [ -86.407677883572021, 34.202122328016515 ], [ -86.409185791015588, 34.192446221245682 ], [ -86.424762301974795, 34.190823025173628 ], [ -86.428511216905349, 34.185455661349849 ], [ -86.429166666666632, 34.183333333333351 ], [ -86.432482571072015, 34.182482571072072 ], [ -86.433900621202227, 34.176956176757834 ], [ -86.445373535156222, 34.164594862196203 ], [ -86.442135281032947, 34.160416666666684 ], [ -86.445266045464379, 34.156377156575545 ], [ -86.44640062120223, 34.147789510091165 ], [ -86.450919596354126, 34.142370944552972 ], [ -86.460543823242148, 34.141099378797762 ], [ -86.485289510091107, 34.117233954535607 ], [ -86.4875, 34.116666666666703 ], [ -86.488350762261248, 34.119982401529981 ], [ -86.493877156575493, 34.121400621202291 ], [ -86.49778951009111, 34.12443271213111 ], [ -86.506377156575482, 34.125567287868961 ], [ -86.510289510091113, 34.12859937879778 ], [ -86.516666666666637, 34.129166666666684 ], [ -86.515815904405343, 34.132482571072067 ], [ -86.5125, 34.133333333333354 ], [ -86.512146674262112, 34.139924452039949 ], [ -86.508686659071145, 34.143408881293425 ], [ -86.508333333333297, 34.145833333333357 ], [ -86.505017428927914, 34.146684095594637 ], [ -86.503599378797702, 34.152210489908875 ], [ -86.496400621202227, 34.160289510091168 ], [ -86.495833333333294, 34.166666666666686 ], [ -86.503364054361938, 34.167401801215298 ], [ -86.504784138997366, 34.177160305447067 ], [ -86.513117472330691, 34.186763170030403 ], [ -86.511400689019069, 34.190789794921898 ], [ -86.508333333333297, 34.191666666666684 ], [ -86.507677883572015, 34.193788994683182 ], [ -86.504822116427917, 34.197877671983527 ], [ -86.503183661566808, 34.203183661566861 ], [ -86.496816338433121, 34.205149671766513 ], [ -86.495177883572012, 34.210455661349847 ], [ -86.491757880316811, 34.215351698133702 ], [ -86.485377671983471, 34.217322116427972 ], [ -86.480481635199624, 34.22074211968318 ], [ -86.478511216905346, 34.227122328016513 ], [ -86.475655449761248, 34.231211005316858 ], [ -86.474344550238683, 34.252122328016512 ], [ -86.472416856553792, 34.255670166015648 ], [ -86.466420830620621, 34.258988783094637 ], [ -86.459167819552917, 34.253922526041691 ], [ -86.457677883572018, 34.272955661349847 ], [ -86.450655449761257, 34.281211005316862 ], [ -86.449344550238678, 34.28545566134985 ], [ -86.44648878309458, 34.289544338650195 ], [ -86.445177883572015, 34.292248196072073 ], [ -86.454537285698748, 34.303250461154533 ], [ -86.464622328016461, 34.304822116427971 ], [ -86.468711005316806, 34.307677883572069 ], [ -86.47401699490014, 34.309316338433177 ], [ -86.475, 34.3125 ], [ -86.475899590386248, 34.316005452473981 ], [ -86.483333333333306, 34.316666666666691 ], [ -86.483956909179653, 34.328257581922763 ], [ -86.4875, 34.329166666666687 ], [ -86.487858072916637, 34.326709662543422 ], [ -86.493408881293362, 34.321186659071202 ], [ -86.506591118706567, 34.320480007595506 ], [ -86.510075547960042, 34.317019992404532 ], [ -86.573257785373229, 34.316313340928843 ], [ -86.576742214626705, 34.312853325737869 ], [ -86.585757785373232, 34.312146674262173 ], [ -86.58995361328121, 34.307980007595511 ], [ -86.594091118706558, 34.308686659071199 ], [ -86.597575547960034, 34.312146674262173 ], [ -86.604166666666629, 34.3125 ], [ -86.604166666666629, 34.304166666666688 ], [ -86.603813340928781, 34.293408881293423 ], [ -86.600353325737814, 34.289924452039955 ], [ -86.6, 34.283333333333353 ], [ -86.604166666666629, 34.283333333333353 ], [ -86.610493638780355, 34.283950805664084 ], [ -86.614506361219583, 34.286882527669292 ], [ -86.622993638780343, 34.288117472330754 ], [ -86.627006361219586, 34.291049194335962 ], [ -86.631326972113683, 34.292284138997417 ], [ -86.639506361219588, 34.299382527669295 ], [ -86.642135959201354, 34.30061747233075 ], [ -86.647839694552914, 34.296450805664087 ], [ -86.65880262586802, 34.295215861002625 ], [ -86.66450636121958, 34.299382527669295 ], [ -86.66713595920136, 34.30061747233075 ], [ -86.67283969455292, 34.296450805664087 ], [ -86.675469292534686, 34.295215861002625 ], [ -86.681173027886246, 34.299382527669295 ], [ -86.685493638780343, 34.30061747233075 ], [ -86.689506361219586, 34.303549194335957 ], [ -86.693826972113683, 34.30478413899742 ], [ -86.699051581488689, 34.308600870768252 ], [ -86.700802612304656, 34.296568467881968 ], [ -86.7083333333333, 34.295833333333356 ], [ -86.711649237738683, 34.294982571072069 ], [ -86.7125, 34.291666666666686 ], [ -86.724223497178784, 34.292386542426236 ], [ -86.725642903645806, 34.306301540798636 ], [ -86.742437065972183, 34.324279785156271 ], [ -86.754166666666634, 34.325 ], [ -86.755017428927914, 34.3283159044054 ], [ -86.758333333333297, 34.329166666666687 ], [ -86.758950805664028, 34.327006361219638 ], [ -86.761882527669243, 34.322993638780403 ], [ -86.76323513454858, 34.30913594563804 ], [ -86.772993638780349, 34.307715861002627 ], [ -86.777006361219591, 34.30478413899742 ], [ -86.790861341688341, 34.303431871202278 ], [ -86.807715861002578, 34.285493638780402 ], [ -86.809194946289026, 34.275330946180574 ], [ -86.814506361219586, 34.271450805664081 ], [ -86.827160305447023, 34.270215861002626 ], [ -86.831173027886251, 34.267284138997418 ], [ -86.849192979600659, 34.265961032443599 ], [ -86.850617472330697, 34.256173027886305 ], [ -86.853605143229132, 34.252083333333353 ], [ -86.849732462565072, 34.246781751844637 ], [ -86.861528184678789, 34.245064968533008 ], [ -86.8625, 34.241666666666688 ], [ -86.873257785373227, 34.242019992404536 ], [ -86.880908881293365, 34.249646674262173 ], [ -86.910757785373235, 34.250353325737869 ], [ -86.914242214626711, 34.253813340928843 ], [ -86.918379720052059, 34.254519992404532 ], [ -86.922917344835042, 34.250013902452281 ], [ -86.930908881293377, 34.257980007595506 ], [ -86.933333333333309, 34.258333333333354 ], [ -86.932980007595461, 34.269091118706619 ], [ -86.929519992404479, 34.272575547960088 ], [ -86.929166666666632, 34.275 ], [ -86.931377156575493, 34.275567287868945 ], [ -86.94362284342445, 34.286932712131097 ], [ -86.948043823242159, 34.288067287868941 ], [ -86.951956176757776, 34.291099378797767 ], [ -86.961612616644942, 34.292375013563387 ], [ -86.963067287868896, 34.29804382324221 ], [ -86.96706271701386, 34.303198920355925 ], [ -86.970833333333303, 34.304166666666688 ], [ -86.971748860677053, 34.307734849717903 ], [ -86.991666666666632, 34.308333333333351 ], [ -86.991666666666632, 34.304166666666688 ], [ -87.002210489908819, 34.304733954535614 ], [ -87.00612284342445, 34.307766045464433 ], [ -87.021579996744762, 34.308900621202277 ], [ -87.026956176757778, 34.304733954535614 ], [ -87.038246663411428, 34.303599378797763 ], [ -87.043622843424444, 34.307766045464433 ], [ -87.046770562065944, 34.308900621202277 ], [ -87.056122843424447, 34.300567287868944 ], [ -87.059079996744757, 34.2994327121311 ], [ -87.064456176757787, 34.303599378797763 ], [ -87.071579996744759, 34.304733954535614 ], [ -87.07695617675779, 34.300567287868944 ], [ -87.079913330078099, 34.2994327121311 ], [ -87.085289510091116, 34.303599378797763 ], [ -87.093877156575488, 34.304733954535614 ], [ -87.097789510091118, 34.307766045464433 ], [ -87.102210489908828, 34.308900621202277 ], [ -87.106122843424444, 34.311932712131096 ], [ -87.115779283311596, 34.313208346896722 ], [ -87.116666666666632, 34.316666666666691 ], [ -87.117364501953091, 34.332554456922765 ], [ -87.132303195529488, 34.334078301323807 ], [ -87.133976236979137, 34.339634874131967 ], [ -87.13747660319008, 34.344571601019986 ], [ -87.141666666666637, 34.345833333333353 ], [ -87.144091118706569, 34.345480007595505 ], [ -87.147575547960045, 34.342019992404538 ], [ -87.168379550509954, 34.341313340928842 ], [ -87.172917344835042, 34.3458194308811 ], [ -87.180908881293377, 34.337853325737868 ], [ -87.210048929850231, 34.337146674262172 ], [ -87.218408881293371, 34.345480007595505 ], [ -87.222546217176614, 34.346186659071201 ], [ -87.227084011501702, 34.341680569118942 ], [ -87.235075547960037, 34.349646674262175 ], [ -87.239924452039901, 34.350353325737871 ], [ -87.243408881293377, 34.353813340928838 ], [ -87.248257785373241, 34.354519992404533 ], [ -87.253808593749966, 34.360042995876761 ], [ -87.254519992404482, 34.364924452039951 ], [ -87.260043165418807, 34.37047526041669 ], [ -87.264924452039907, 34.371186659071199 ], [ -87.268408881293368, 34.374646674262173 ], [ -87.277424452039909, 34.375353325737869 ], [ -87.280908881293371, 34.378813340928843 ], [ -87.297546217176617, 34.379519992404539 ], [ -87.30208367241751, 34.375014241536483 ], [ -87.30797526041664, 34.380876329210089 ], [ -87.308333333333309, 34.383333333333354 ], [ -87.309232923719591, 34.386838785807313 ], [ -87.316666666666634, 34.3875 ], [ -87.316666666666634, 34.416666666666686 ], [ -87.332520887586782, 34.417334662543425 ], [ -87.334101528591546, 34.428194851345509 ], [ -87.3375, 34.429166666666688 ], [ -87.3375, 34.433333333333358 ], [ -87.339924452039909, 34.432980007595511 ], [ -87.343408881293371, 34.429519992404536 ], [ -87.345833333333303, 34.429166666666688 ], [ -87.346188184950066, 34.422547743055574 ], [ -87.355908881293374, 34.412853325737871 ], [ -87.360757785373238, 34.412146674262175 ], [ -87.364242214626714, 34.408686659071201 ], [ -87.369091118706564, 34.407980007595505 ], [ -87.372575547960039, 34.404519992404538 ], [ -87.377424452039904, 34.403813340928842 ], [ -87.385416666666643, 34.395846557617212 ], [ -87.393408881293382, 34.403813340928842 ], [ -87.398257785373232, 34.404519992404538 ], [ -87.402083333333309, 34.408318752712695 ], [ -87.405908881293371, 34.404519992404538 ], [ -87.414924452039898, 34.403813340928842 ], [ -87.418408881293374, 34.400353325737868 ], [ -87.420833333333306, 34.4 ], [ -87.431591118706564, 34.399646674262172 ], [ -87.435075547960039, 34.396186659071205 ], [ -87.456591118706569, 34.395480007595509 ], [ -87.460075547960045, 34.392019992404535 ], [ -87.504166666666634, 34.391666666666687 ], [ -87.504733954535567, 34.389456176757832 ], [ -87.512038167317684, 34.381258816189259 ], [ -87.508068678114128, 34.376137288411478 ], [ -87.516270785861522, 34.374032253689258 ], [ -87.521400621202233, 34.367413330078143 ], [ -87.520266045464382, 34.351956176757831 ], [ -87.517135450575054, 34.347916666666691 ], [ -87.520266045464382, 34.343877156575545 ], [ -87.520833333333314, 34.34166666666669 ], [ -87.523257785373232, 34.341313340928842 ], [ -87.526742214626708, 34.337853325737868 ], [ -87.535757785373235, 34.337146674262172 ], [ -87.54131079779728, 34.331621297200542 ], [ -87.542019992404491, 34.323284233940996 ], [ -87.533686659071151, 34.314924452039953 ], [ -87.532980007595455, 34.310786946614606 ], [ -87.537146674262132, 34.306591118706621 ], [ -87.537853325737828, 34.297575547960093 ], [ -87.545480007595458, 34.289924452039955 ], [ -87.545833333333306, 34.275 ], [ -87.54668426513669, 34.271684095594637 ], [ -87.55221048990883, 34.270266045464432 ], [ -87.564456176757787, 34.25890062120228 ], [ -87.574080573187914, 34.257629055447069 ], [ -87.578599378797719, 34.252210489908876 ], [ -87.580054050021673, 34.246541680230052 ], [ -87.589710489908825, 34.245266045464433 ], [ -87.597907850477412, 34.237961832682309 ], [ -87.601956176757781, 34.241099378797763 ], [ -87.616666666666646, 34.241666666666688 ], [ -87.616666666666646, 34.229166666666686 ], [ -87.620833333333309, 34.229166666666686 ], [ -87.623257785373241, 34.229519992404533 ], [ -87.626742214626717, 34.232980007595508 ], [ -87.656591118706572, 34.233686659071203 ], [ -87.660075547960048, 34.237146674262171 ], [ -87.677424452039901, 34.237853325737866 ], [ -87.685075547960039, 34.245480007595503 ], [ -87.714924452039909, 34.246186659071199 ], [ -87.718408881293385, 34.249646674262173 ], [ -87.720833333333303, 34.25 ], [ -87.724149068196596, 34.249149237738735 ], [ -87.725567287868898, 34.243622843424497 ], [ -87.732766045464388, 34.23554382324221 ], [ -87.733900621202238, 34.231122843424501 ], [ -87.738459777832006, 34.225655788845508 ], [ -87.745833333333309, 34.225 ], [ -87.748257785373241, 34.225353325737871 ], [ -87.755908881293379, 34.232980007595508 ], [ -87.760757785373244, 34.233686659071203 ], [ -87.772575547960045, 34.245480007595503 ], [ -87.777424452039909, 34.246186659071199 ], [ -87.785075547960048, 34.253813340928843 ], [ -87.8, 34.254166666666691 ], [ -87.800353325737831, 34.256591118706616 ], [ -87.81456892225475, 34.270832994249155 ], [ -87.818408881293379, 34.267019992404535 ], [ -87.825, 34.266666666666687 ], [ -87.825, 34.27916666666669 ], [ -87.827424452039907, 34.279519992404538 ], [ -87.830908881293382, 34.282980007595505 ], [ -87.843379550509965, 34.283686659071201 ], [ -87.847575547960048, 34.279519992404538 ], [ -87.851715596516897, 34.278813340928842 ], [ -87.860075547960051, 34.287146674262175 ], [ -87.8892128838433, 34.287853325737871 ], [ -87.893408881293382, 34.283686659071201 ], [ -87.897549777560741, 34.282980007595505 ], [ -87.910075547960048, 34.295480007595508 ], [ -87.9125, 34.295833333333356 ], [ -87.9125, 34.3 ], [ -87.913350931803365, 34.303315904405402 ], [ -87.916666666666643, 34.304166666666688 ], [ -87.920833333333306, 34.304166666666688 ], [ -87.921400621202238, 34.314710489908876 ], [ -87.92443271213105, 34.3186228434245 ], [ -87.925661214192687, 34.332433742947067 ], [ -87.932482401529924, 34.334184095594637 ], [ -87.934220716688344, 34.340958319769989 ], [ -87.943877156575496, 34.342233954535615 ], [ -87.949032253689211, 34.34622938368058 ], [ -87.950896369086351, 34.353492906358525 ], [ -87.963246663411439, 34.354733954535611 ], [ -87.968622843424455, 34.350567287868948 ], [ -87.977210489908828, 34.349432712131097 ], [ -87.98125, 34.346301947699672 ], [ -87.985289510091121, 34.349432712131097 ], [ -87.991043090820284, 34.350909084743947 ], [ -87.991666666666632, 34.3625 ], [ -88.010757785373229, 34.362853325737866 ], [ -88.018749321831564, 34.370819430881099 ], [ -88.022575547960031, 34.367019992404536 ], [ -88.027424452039895, 34.366313340928841 ], [ -88.030908881293371, 34.362853325737866 ], [ -88.033333333333289, 34.3625 ], [ -88.035493638780338, 34.36311747233075 ], [ -88.03950636121958, 34.366049194335957 ], [ -88.049264865451349, 34.367469278971377 ], [ -88.050693088107607, 34.382098727756102 ], [ -88.054635959201349, 34.383950805664085 ], [ -88.060339694552908, 34.379784138997415 ], [ -88.071302625868015, 34.37854919433596 ], [ -88.077006361219574, 34.382715861002623 ], [ -88.079166666666623, 34.383333333333354 ], [ -88.078599378797705, 34.389710489908879 ], [ -88.074735514322882, 34.394696044921901 ], [ -88.079166666666623, 34.395833333333357 ], [ -88.079733954535556, 34.398043823242212 ], [ -88.08842909071177, 34.407630411783877 ], [ -88.098043823242151, 34.408900621202278 ], [ -88.101956176757781, 34.411932712131097 ], [ -88.107482571072012, 34.41335076226131 ], [ -88.108900621202224, 34.41887715657554 ], [ -88.1218115912543, 34.432678900824676 ], [ -88.135543823242145, 34.433900621202277 ], [ -88.143622843424438, 34.441099378797766 ], [ -88.154166666666626, 34.441666666666691 ], [ -88.156591118706558, 34.442019992404539 ], [ -88.160075547960034, 34.445480007595506 ], [ -88.169091118706561, 34.446186659071202 ], [ -88.185075547960039, 34.462146674262172 ], [ -88.18992445203989, 34.462853325737868 ], [ -88.201742214626705, 34.474646674262175 ], [ -88.204166666666623, 34.475 ], [ -88.204519992404471, 34.498257785373283 ], [ -88.212146674262115, 34.505908881293422 ], [ -88.212853325737811, 34.519091118706619 ], [ -88.216313340928778, 34.522575547960095 ], [ -88.217019992404474, 34.539924452039955 ], [ -88.220480007595455, 34.543408881293423 ], [ -88.221186659071151, 34.548257785373288 ], [ -88.224646674262118, 34.551742214626756 ], [ -88.225353325737814, 34.555879720052104 ], [ -88.221186659071151, 34.560075547960096 ], [ -88.220833333333303, 34.566666666666691 ], [ -88.221400621202221, 34.568877156575546 ], [ -88.224432712131033, 34.57278951009117 ], [ -88.225567287868884, 34.586285061306448 ], [ -88.217327880859344, 34.58839959038631 ], [ -88.216005452473922, 34.603267076280403 ], [ -88.208919270833292, 34.605085584852453 ], [ -88.2083333333333, 34.6375 ], [ -88.208950805664031, 34.643826972113736 ], [ -88.212830946180517, 34.649138387044296 ], [ -88.224205864800311, 34.650794135199675 ], [ -88.225617472330697, 34.660493638780409 ], [ -88.228549194335898, 34.664506361219644 ], [ -88.22978413899736, 34.679635959201413 ], [ -88.224925401475659, 34.68628743489586 ], [ -88.231326972113678, 34.688117472330752 ], [ -88.236341349283819, 34.69178059895836 ], [ -88.238486395941806, 34.699282836914087 ], [ -88.253180270724783, 34.700717163085962 ], [ -88.255164252387118, 34.707656182183186 ], [ -88.266666666666637, 34.708333333333357 ], [ -88.273006184895792, 34.707728407118083 ], [ -88.281160481770797, 34.700604926215306 ], [ -88.294504462348058, 34.69939507378475 ], [ -88.29643825954858, 34.706339518229193 ], [ -88.302317640516463, 34.713104926215301 ], [ -88.311845906575485, 34.711697048611136 ], [ -88.3125, 34.695833333333354 ], [ -88.3125, 34.691666666666691 ], [ -88.320833333333297, 34.691666666666691 ], [ -88.323257785373229, 34.692019992404539 ], [ -88.326742214626705, 34.695480007595513 ], [ -88.335046386718716, 34.696186659071202 ], [ -88.339242214626694, 34.692019992404539 ], [ -88.347546386718719, 34.691313340928843 ], [ -88.351742214626697, 34.695480007595513 ], [ -88.356591118706561, 34.696186659071202 ], [ -88.360075547960037, 34.699646674262176 ], [ -88.3625, 34.7 ], [ -88.363399590386251, 34.703505452473983 ], [ -88.377210489908819, 34.704733954535612 ], [ -88.382629055447012, 34.709252929687523 ], [ -88.383900621202216, 34.718877156575545 ], [ -88.386932712131042, 34.722789510091168 ], [ -88.388067287868893, 34.73554382324221 ], [ -88.391099378797705, 34.739456176757841 ], [ -88.392233954535556, 34.748043823242213 ], [ -88.39622938368052, 34.753198920355928 ], [ -88.4, 34.754166666666691 ], [ -88.400850762261257, 34.757482571072075 ], [ -88.404166666666626, 34.758333333333361 ], [ -88.404733954535558, 34.756122843424507 ], [ -88.407766045464371, 34.752210489908876 ], [ -88.409242418077227, 34.746456909179713 ], [ -88.431377156575479, 34.745266045464433 ], [ -88.43528951009111, 34.742233954535614 ], [ -88.439710489908819, 34.74109937879777 ], [ -88.44362284342445, 34.738067287868951 ], [ -88.448043823242159, 34.7369327121311 ], [ -88.451956176757776, 34.733900621202281 ], [ -88.454166666666637, 34.733333333333356 ], [ -88.455273098415759, 34.729463365342909 ], [ -88.464506361219577, 34.721450805664084 ], [ -88.470472886827224, 34.719745212131102 ], [ -88.482715861002575, 34.706326972113743 ], [ -88.484101698133642, 34.696805148654541 ], [ -88.489660305447018, 34.69521586100263 ], [ -88.497839694552923, 34.688117472330752 ], [ -88.503240288628433, 34.686573621961827 ], [ -88.504784138997366, 34.68117302788631 ], [ -88.507715861002566, 34.677160305447075 ], [ -88.509305148654477, 34.671601698133706 ], [ -88.520127699110205, 34.670026312934056 ], [ -88.521537611219586, 34.6508246527778 ], [ -88.527006361219577, 34.646450805664088 ], [ -88.539660305447015, 34.645215861002626 ], [ -88.543673027886257, 34.642284138997418 ], [ -88.545833333333306, 34.641666666666694 ], [ -88.546400621202224, 34.643877156575542 ], [ -88.549432712131036, 34.647789510091172 ], [ -88.550905693901882, 34.65352884928388 ], [ -88.568877156575482, 34.654733954535615 ], [ -88.574295722113675, 34.659252929687526 ], [ -88.575567287868893, 34.668877156575547 ], [ -88.578599378797705, 34.672789510091171 ], [ -88.580075751410561, 34.678543090820334 ], [ -88.603257581922705, 34.679790242513043 ], [ -88.605017428927923, 34.686649237738742 ], [ -88.611649237738675, 34.688350762261308 ], [ -88.613067287868887, 34.693877156575546 ], [ -88.617062717013852, 34.699032253689261 ], [ -88.624149237738678, 34.700850762261311 ], [ -88.62556728786889, 34.706377156575542 ], [ -88.630186292860216, 34.711915757921034 ], [ -88.6625, 34.7125 ], [ -88.666666666666629, 34.7125 ], [ -88.66728413899736, 34.710339694552978 ], [ -88.678549194335901, 34.697993638780403 ], [ -88.679784138997363, 34.693673027886312 ], [ -88.683950805664026, 34.687969292534746 ], [ -88.682715861002578, 34.685339694552972 ], [ -88.679728190104129, 34.68125 ], [ -88.682715861002578, 34.677160305447075 ], [ -88.684491984049444, 34.670947265625024 ], [ -88.689506361219586, 34.667284138997417 ], [ -88.693826972113683, 34.666049194335962 ], [ -88.702006361219588, 34.658950805664084 ], [ -88.707564968532949, 34.657361518012181 ], [ -88.708950805664031, 34.647839694552978 ], [ -88.711882527669232, 34.643826972113736 ], [ -88.713471815321142, 34.638268364800368 ], [ -88.724294365776871, 34.636692979600717 ], [ -88.725704277886251, 34.617491319444468 ], [ -88.731173027886257, 34.613117472330757 ], [ -88.741335720486077, 34.611638387044295 ], [ -88.745215861002578, 34.606326972113742 ], [ -88.745833333333294, 34.59583333333336 ], [ -88.746732923719591, 34.592327880859401 ], [ -88.760543823242159, 34.591099378797765 ], [ -88.764456176757776, 34.588067287868945 ], [ -88.7708333333333, 34.5875 ], [ -88.774231635199627, 34.586528184678841 ], [ -88.775948418511248, 34.57473246256513 ], [ -88.781173027886254, 34.578549194335963 ], [ -88.790667046440944, 34.579784138997418 ], [ -88.792435031466979, 34.567638481987871 ], [ -88.797993638780355, 34.56604919433596 ], [ -88.803008015950496, 34.56238606770836 ], [ -88.804166666666632, 34.558333333333358 ], [ -88.819091118706567, 34.557980007595511 ], [ -88.822575547960042, 34.554519992404536 ], [ -88.8333333333333, 34.554166666666688 ], [ -88.8375, 34.554166666666688 ], [ -88.837853325737811, 34.551742214626756 ], [ -88.849646674262118, 34.539924452039955 ], [ -88.850354342990414, 34.522546725802975 ], [ -88.855908881293374, 34.517019992404535 ], [ -88.873257785373227, 34.516313340928839 ], [ -88.876742214626702, 34.512853325737872 ], [ -88.885757785373229, 34.512146674262176 ], [ -88.889242214626705, 34.508686659071202 ], [ -88.8958333333333, 34.508333333333354 ], [ -88.896186659071148, 34.489242214626756 ], [ -88.899646674262115, 34.485757785373288 ], [ -88.9, 34.483333333333356 ], [ -88.9, 34.479166666666686 ], [ -88.899149237738683, 34.47585076226131 ], [ -88.892327880859341, 34.47410040961374 ], [ -88.891099378797719, 34.460289510091165 ], [ -88.886932712131042, 34.454913330078149 ], [ -88.888067287868893, 34.44778951009117 ], [ -88.892233954535556, 34.442413330078146 ], [ -88.891099378797719, 34.439456176757837 ], [ -88.888067287868893, 34.435543823242213 ], [ -88.886932712131042, 34.431122843424504 ], [ -88.88390062120223, 34.427210489908873 ], [ -88.883333333333297, 34.416666666666686 ], [ -88.883686659071145, 34.410075547960091 ], [ -88.887146674262127, 34.406591118706622 ], [ -88.887853325737822, 34.397575547960088 ], [ -88.891313340928789, 34.394091118706619 ], [ -88.891666666666637, 34.3625 ], [ -88.894091118706569, 34.362146674262178 ], [ -88.897575547960045, 34.358686659071203 ], [ -88.902424452039895, 34.357980007595508 ], [ -88.910075547960034, 34.350353325737871 ], [ -88.914924452039898, 34.349646674262175 ], [ -88.918408881293374, 34.346186659071201 ], [ -88.925, 34.345833333333353 ], [ -88.929166666666632, 34.345833333333353 ], [ -88.929166666666632, 34.329166666666687 ], [ -88.939660305447021, 34.328549194335956 ], [ -88.948893568250838, 34.320536634657138 ], [ -88.950617472330705, 34.314506361219642 ], [ -88.954497612847192, 34.309194946289082 ], [ -88.96593153211802, 34.30753072102867 ], [ -88.967284138997371, 34.293673027886307 ], [ -88.970215861002572, 34.289660305447072 ], [ -88.971450805664034, 34.278697374131966 ], [ -88.967228190104137, 34.272916666666688 ], [ -88.970215861002572, 34.268826972113736 ], [ -88.970833333333303, 34.258333333333354 ], [ -88.973257785373235, 34.257980007595506 ], [ -88.976742214626711, 34.254519992404532 ], [ -88.980879720052059, 34.253813340928843 ], [ -88.985416666666637, 34.258318752712697 ], [ -88.989242214626699, 34.254519992404532 ], [ -89.006591118706567, 34.253813340928843 ], [ -89.014242214626705, 34.246186659071199 ], [ -89.031591118706572, 34.245480007595503 ], [ -89.035075547960034, 34.242019992404536 ], [ -89.0375, 34.241666666666688 ], [ -89.037853325737814, 34.239242214626756 ], [ -89.041313340928795, 34.235757785373288 ], [ -89.041666666666643, 34.233333333333356 ], [ -89.041313340928795, 34.226742214626753 ], [ -89.037853325737814, 34.223257785373285 ], [ -89.037146674262118, 34.218408881293421 ], [ -89.033686659071151, 34.214924452039952 ], [ -89.033333333333303, 34.195833333333354 ], [ -89.032980007595455, 34.189242214626759 ], [ -89.028813340928792, 34.185046386718767 ], [ -89.029519992404488, 34.180908881293426 ], [ -89.032980007595455, 34.177424452039951 ], [ -89.033686659071151, 34.172575547960086 ], [ -89.037485419379308, 34.16875 ], [ -89.033686659071151, 34.164924452039948 ], [ -89.032977973090254, 34.155880398220503 ], [ -89.023257785373232, 34.146186659071198 ], [ -89.018408881293368, 34.145480007595509 ], [ -89.010757785373229, 34.137853325737865 ], [ -89.008333333333297, 34.1375 ], [ -89.008950805664028, 34.135339694552968 ], [ -89.011882527669243, 34.131326972113733 ], [ -89.01365865071611, 34.125113932291683 ], [ -89.018673027886251, 34.121450805664082 ], [ -89.028478664822018, 34.120023939344641 ], [ -89.029784138997371, 34.097839694552974 ], [ -89.032715861002572, 34.093826972113732 ], [ -89.033333333333303, 34.091666666666683 ], [ -89.03001742892792, 34.090815904405403 ], [ -89.02916666666664, 34.0875 ], [ -89.030093044704827, 34.084259711371566 ], [ -89.037203301323757, 34.082226901584235 ], [ -89.045215861002575, 34.07299346923832 ], [ -89.046450805664037, 34.060339864095084 ], [ -89.049382527669238, 34.056326802571647 ], [ -89.0506174723307, 34.052006530761751 ], [ -89.053549194335915, 34.047993469238314 ], [ -89.054784138997363, 34.043673197428419 ], [ -89.057715861002578, 34.039660135904981 ], [ -89.059068467881914, 34.025802612304723 ], [ -89.069861518012118, 34.024231804741788 ], [ -89.071450805664028, 34.01867319742842 ], [ -89.074382527669243, 34.014660135904982 ], [ -89.075617472330705, 34.010339864095087 ], [ -89.078549194335906, 34.00632680257165 ], [ -89.079166666666637, 34.004166666666698 ], [ -89.07695617675779, 34.00359937879778 ], [ -89.068877156575496, 33.996400621202291 ], [ -89.059220716688344, 33.995124816894567 ], [ -89.057766045464376, 33.989456176757848 ], [ -89.054733954535564, 33.985543823242224 ], [ -89.053599378797713, 33.972789510091182 ], [ -89.042233954535561, 33.960543823242219 ], [ -89.041099378797711, 33.939456176757844 ], [ -89.038067287868898, 33.93554382324222 ], [ -89.036932712131048, 33.931122843424511 ], [ -89.033900621202221, 33.927210489908887 ], [ -89.033333333333303, 33.925 ], [ -89.032766045464385, 33.914456176757845 ], [ -89.029628499348931, 33.910407850477462 ], [ -89.038067287868898, 33.900937228732673 ], [ -89.036932712131048, 33.897789510091179 ], [ -89.028800794813336, 33.888663228352897 ], [ -89.03691711425779, 33.886580234103768 ], [ -89.045379299587637, 33.877083333333367 ], [ -89.038067287868898, 33.868877156575557 ], [ -89.036932712131048, 33.864456176757848 ], [ -89.033068847656224, 33.859470452202721 ], [ -89.040815904405349, 33.857482401529978 ], [ -89.041666666666643, 33.8541666666667 ], [ -89.045064968532955, 33.853195020887618 ], [ -89.046635945637988, 33.84240180121531 ], [ -89.061513604058135, 33.840949503580759 ], [ -89.063117472330703, 33.835339864095083 ], [ -89.066997612847189, 33.830028110080328 ], [ -89.077160305447023, 33.828549024793872 ], [ -89.086668226453966, 33.820298258463573 ], [ -89.088117472330694, 33.810339864095084 ], [ -89.091049194335909, 33.806326802571647 ], [ -89.09166666666664, 33.804166666666703 ], [ -89.095833333333303, 33.804166666666703 ], [ -89.095480007595455, 33.801742214626771 ], [ -89.092019992404488, 33.798257785373295 ], [ -89.09166666666664, 33.7916666666667 ], [ -89.091099378797708, 33.789456176757845 ], [ -89.088067287868896, 33.785543823242222 ], [ -89.086649237738683, 33.780017598470081 ], [ -89.078599378797719, 33.777951727973125 ], [ -89.079733954535556, 33.772789510091179 ], [ -89.083900621202233, 33.767413330078156 ], [ -89.082326592339385, 33.763310919867656 ], [ -89.079166666666637, 33.7625 ], [ -89.079733954535556, 33.756122843424514 ], [ -89.082766045464382, 33.75221048990889 ], [ -89.084041680230001, 33.742554050021731 ], [ -89.090815904405346, 33.740815734863311 ], [ -89.092233954535558, 33.735289510091178 ], [ -89.095266045464385, 33.731377156575554 ], [ -89.095833333333303, 33.7291666666667 ], [ -89.09547831217445, 33.722546217176685 ], [ -89.089924452039895, 33.717019992404545 ], [ -89.0875, 33.716666666666697 ], [ -89.088117472330694, 33.710339864095083 ], [ -89.095215861002572, 33.702160135904982 ], [ -89.096627468532958, 33.692460801866353 ], [ -89.106326972113692, 33.69104902479387 ], [ -89.114506361219583, 33.683950975206194 ], [ -89.116666666666632, 33.683333333333366 ], [ -89.116666666666632, 33.679166666666703 ], [ -89.116099378797713, 33.676956176757848 ], [ -89.108900621202224, 33.668877156575554 ], [ -89.107766045464388, 33.660289510091175 ], [ -89.104733954535561, 33.656377156575552 ], [ -89.103599378797711, 33.651956176757842 ], [ -89.096295166015594, 33.643758816189269 ], [ -89.100567287868898, 33.638246663411493 ], [ -89.09926113552514, 33.630046420627203 ], [ -89.09206271701386, 33.628198920355935 ], [ -89.088067287868896, 33.62304382324222 ], [ -89.086838785807259, 33.609232923719652 ], [ -89.079562717013857, 33.607365587022599 ], [ -89.075567287868893, 33.602210489908884 ], [ -89.075, 33.591666666666697 ], [ -89.075353325737822, 33.589242214626765 ], [ -89.078813340928789, 33.585757785373296 ], [ -89.079166666666637, 33.566666666666698 ], [ -89.083650037977407, 33.565516153971387 ], [ -89.078247070312472, 33.559037611219651 ], [ -89.06862284342445, 33.55776604546444 ], [ -89.063119167751708, 33.553176201714443 ], [ -89.0625, 33.5416666666667 ], [ -89.063155449761254, 33.539544338650202 ], [ -89.066011216905352, 33.535455661349857 ], [ -89.067322116427917, 33.527044338650207 ], [ -89.070177883572015, 33.522955661349854 ], [ -89.071589491102401, 33.504922824435795 ], [ -89.09080946180552, 33.503418307834231 ], [ -89.092322116427923, 33.493711005316868 ], [ -89.095177883572021, 33.489622328016523 ], [ -89.095833333333303, 33.4875 ], [ -89.09251742892792, 33.486649068196648 ], [ -89.090815904405346, 33.480017598470084 ], [ -89.0875, 33.4791666666667 ], [ -89.0875, 33.475 ], [ -89.086649237738683, 33.471684265136751 ], [ -89.0833333333333, 33.470833333333367 ], [ -89.079774305555532, 33.469920010036923 ], [ -89.079166666666637, 33.454166666666694 ], [ -89.081591118706569, 33.453813340928846 ], [ -89.087141927083309, 33.448290167914529 ], [ -89.0875, 33.445833333333361 ], [ -89.087853325737825, 33.439242214626766 ], [ -89.092019992404488, 33.435046217176676 ], [ -89.091313340928792, 33.418408881293431 ], [ -89.087514580620635, 33.414583333333361 ], [ -89.091313340928792, 33.410757785373292 ], [ -89.09166666666664, 33.40833333333336 ], [ -89.098043823242165, 33.408900621202285 ], [ -89.102083333333297, 33.412031216091613 ], [ -89.106122843424444, 33.408900621202285 ], [ -89.11471048990883, 33.407766045464442 ], [ -89.118622843424447, 33.404733954535622 ], [ -89.124149237738692, 33.403315734863313 ], [ -89.125905693901885, 33.396470981174076 ], [ -89.143877156575485, 33.395266045464439 ], [ -89.147789510091116, 33.392233954535619 ], [ -89.168877156575491, 33.391099378797776 ], [ -89.174032253689205, 33.387104119194909 ], [ -89.175, 33.383333333333361 ], [ -89.175, 33.375 ], [ -89.175, 33.366666666666696 ], [ -89.186590745713943, 33.366043090820341 ], [ -89.1875, 33.3625 ], [ -89.193877156575496, 33.361932712131107 ], [ -89.20195617675779, 33.354733954535618 ], [ -89.207482401529916, 33.353315734863308 ], [ -89.208900621202233, 33.347789510091175 ], [ -89.216099378797708, 33.339710489908882 ], [ -89.217517598470025, 33.334184265136749 ], [ -89.224149068196581, 33.33248240152998 ], [ -89.225810919867598, 33.326006740993954 ], [ -89.229913330078091, 33.324432712131106 ], [ -89.235289510091121, 33.328599378797776 ], [ -89.23971048990883, 33.329733954535619 ], [ -89.244865587022545, 33.333729214138486 ], [ -89.246684265136693, 33.340815734863313 ], [ -89.252210489908833, 33.342233954535622 ], [ -89.25612284342445, 33.345266045464442 ], [ -89.275, 33.34583333333336 ], [ -89.275353325737825, 33.339242214626765 ], [ -89.282980007595455, 33.331591118706626 ], [ -89.283333333333303, 33.3125 ], [ -89.284184265136687, 33.30918426513675 ], [ -89.2875, 33.308333333333366 ], [ -89.291666666666643, 33.308333333333366 ], [ -89.310757785373241, 33.308686659071213 ], [ -89.314242214626702, 33.312146674262181 ], [ -89.31837955050996, 33.312853325737876 ], [ -89.322575547960042, 33.308686659071213 ], [ -89.335757785373232, 33.307980007595518 ], [ -89.339242214626708, 33.304519992404543 ], [ -89.34166666666664, 33.304166666666696 ], [ -89.342233954535558, 33.297789510091178 ], [ -89.345266045464385, 33.293877156575547 ], [ -89.346732923719586, 33.288161214192741 ], [ -89.361540222167946, 33.28684404161244 ], [ -89.366099378797713, 33.281377156575552 ], [ -89.366666666666646, 33.270833333333364 ], [ -89.373043823242156, 33.270266045464439 ], [ -89.38112284342445, 33.26306728786895 ], [ -89.38664906819659, 33.261649068196647 ], [ -89.388350931803359, 33.255017598470083 ], [ -89.391666666666637, 33.254166666666698 ], [ -89.392327880859341, 33.246732923719648 ], [ -89.398043823242162, 33.24526604546444 ], [ -89.406122843424455, 33.238067287868951 ], [ -89.408333333333303, 33.2375 ], [ -89.410543823242165, 33.236932712131107 ], [ -89.414456176757781, 33.233900621202288 ], [ -89.430103895399284, 33.232766045464437 ], [ -89.440746900770378, 33.242249552408886 ], [ -89.442803785536, 33.250264655219212 ], [ -89.447789510091113, 33.246400621202284 ], [ -89.454166666666637, 33.245833333333366 ], [ -89.454902140299453, 33.238299899631102 ], [ -89.460339864095019, 33.233950975206191 ], [ -89.464660135904921, 33.232715691460534 ], [ -89.468673197428359, 33.229784308539521 ], [ -89.472993469238261, 33.228549024793864 ], [ -89.477006530761699, 33.225617641872859 ], [ -89.488117641872805, 33.224000379774331 ], [ -89.486882358127147, 33.20200653076175 ], [ -89.478549024793807, 33.192403327094212 ], [ -89.479784308539465, 33.189506530761747 ], [ -89.48271569146047, 33.18549346923831 ], [ -89.48430497911238, 33.179934861924941 ], [ -89.494861687554234, 33.17839847140845 ], [ -89.497201199001708, 33.170215691460534 ], [ -89.507358466254317, 33.171590677897164 ], [ -89.508333333333312, 33.175 ], [ -89.514924452039907, 33.174646674262178 ], [ -89.518408881293382, 33.171186659071211 ], [ -89.520833333333314, 33.170833333333363 ], [ -89.521186659071148, 33.173257785373295 ], [ -89.526713562011693, 33.178812493218345 ], [ -89.5375, 33.179166666666696 ], [ -89.539924452039898, 33.178813340928848 ], [ -89.547575547960037, 33.171186659071211 ], [ -89.552424452039901, 33.170480007595515 ], [ -89.55797763400605, 33.16495446099178 ], [ -89.558686659071157, 33.155908881293428 ], [ -89.564213562011687, 33.150354342990482 ], [ -89.575, 33.15 ], [ -89.574646674262127, 33.126742214626766 ], [ -89.570847913953969, 33.122916666666697 ], [ -89.575353325737822, 33.118379720052111 ], [ -89.574646674262127, 33.114242214626763 ], [ -89.571186659071159, 33.110757785373295 ], [ -89.570833333333312, 33.104166666666693 ], [ -89.574073621961787, 33.103240288628498 ], [ -89.57561764187281, 33.097839694552981 ], [ -89.578549024793816, 33.093826972113746 ], [ -89.579784308539473, 33.089506361219648 ], [ -89.587796698676186, 33.080273098415823 ], [ -89.593826802571584, 33.078549194335963 ], [ -89.597839864095022, 33.075617472330755 ], [ -89.607539198133651, 33.074205864800376 ], [ -89.608950975206142, 33.064506361219642 ], [ -89.611882358127147, 33.060493638780407 ], [ -89.6125, 33.05 ], [ -89.6125, 33.045833333333363 ], [ -89.612146674262121, 33.022575547960095 ], [ -89.607980007595458, 33.01837972005211 ], [ -89.608686659071154, 33.014242214626762 ], [ -89.612146674262121, 33.010757785373293 ], [ -89.6125, 33.004166666666691 ], [ -89.61464758978947, 33.003536309136308 ], [ -89.622852410210484, 32.996463690863742 ], [ -89.627967495388432, 32.994962565104196 ], [ -89.629796854654927, 32.991270277235273 ], [ -89.625583902994762, 32.985416666666694 ], [ -89.628536478678356, 32.98131408691409 ], [ -89.629796854654927, 32.9746036105686 ], [ -89.624502733018645, 32.967247517903672 ], [ -89.625761074489986, 32.954902140299502 ], [ -89.642062886555962, 32.953536309136311 ], [ -89.647852410210476, 32.957702975802981 ], [ -89.65, 32.958333333333357 ], [ -89.649646674262129, 32.947575547960099 ], [ -89.646186659071162, 32.944091118706623 ], [ -89.645833333333314, 32.941666666666691 ], [ -89.641099378797719, 32.940451727973119 ], [ -89.64223395453557, 32.926956176757841 ], [ -89.645266045464382, 32.92304382324221 ], [ -89.647048272026879, 32.916099378797767 ], [ -89.656377156575502, 32.917233954535618 ], [ -89.665503438313777, 32.925365871853323 ], [ -89.667517598470027, 32.917517428927979 ], [ -89.674407111273851, 32.915749443901937 ], [ -89.675, 32.891666666666694 ], [ -89.675617641872805, 32.889506361219645 ], [ -89.67854902479381, 32.88549363878041 ], [ -89.679960801866301, 32.875794135199676 ], [ -89.68966013590493, 32.874382527669297 ], [ -89.693673197428367, 32.87145080566409 ], [ -89.699231804741729, 32.869861518012179 ], [ -89.70061764187281, 32.860339694552977 ], [ -89.703549024793816, 32.856326972113742 ], [ -89.704784308539473, 32.839506361219641 ], [ -89.707715691460479, 32.835493638780406 ], [ -89.708950975206136, 32.831173027886308 ], [ -89.711882358127141, 32.827160305447073 ], [ -89.713117641872799, 32.822839694552975 ], [ -89.716105143229143, 32.81875 ], [ -89.713117641872799, 32.814660305447077 ], [ -89.7125, 32.8125 ], [ -89.723257785373235, 32.812853325737876 ], [ -89.730908881293374, 32.820480007595513 ], [ -89.733333333333306, 32.820833333333361 ], [ -89.740998162163606, 32.820051405164953 ], [ -89.741666666666646, 32.7875 ], [ -89.744677395290779, 32.786639065212697 ], [ -89.746450975206145, 32.782864040798636 ], [ -89.742284308539467, 32.777160305447076 ], [ -89.74104902479381, 32.76619737413197 ], [ -89.745215691460473, 32.760493638780403 ], [ -89.746450975206145, 32.756173027886312 ], [ -89.754463365342858, 32.746939765082487 ], [ -89.762574598524282, 32.74462076822919 ], [ -89.758950975206133, 32.739660305447075 ], [ -89.757715691460476, 32.735339694552977 ], [ -89.75478430853947, 32.731326972113742 ], [ -89.753549024793813, 32.710339694552978 ], [ -89.750561523437483, 32.70625 ], [ -89.754280598958303, 32.701158650716167 ], [ -89.761782836914037, 32.699013604058187 ], [ -89.76311764187281, 32.685339694552972 ], [ -89.766997782389296, 32.68002827962242 ], [ -89.777160135904921, 32.678549194335965 ], [ -89.781173197428359, 32.675617472330757 ], [ -89.790978664822021, 32.674190606011308 ], [ -89.791666666666643, 32.6625 ], [ -89.798043823242168, 32.661932712131097 ], [ -89.803198920355882, 32.657937282986133 ], [ -89.80501759847003, 32.650850762261307 ], [ -89.81054382324217, 32.649432712131102 ], [ -89.814456176757787, 32.646400621202282 ], [ -89.818877156575496, 32.645266045464432 ], [ -89.822789510091127, 32.642233954535612 ], [ -89.827210489908836, 32.641099378797769 ], [ -89.832365587022551, 32.637103949652804 ], [ -89.834213087293818, 32.629905531141517 ], [ -89.842413330078102, 32.628599378797766 ], [ -89.847925482855885, 32.632871500651063 ], [ -89.85741356743705, 32.624417114257838 ], [ -89.858900621202238, 32.618622843424504 ], [ -89.86193271213105, 32.61471048990888 ], [ -89.863413323296413, 32.608940972222243 ], [ -89.879166666666649, 32.608333333333356 ], [ -89.881591118706581, 32.608686659071203 ], [ -89.885075547960042, 32.612146674262178 ], [ -89.891666666666623, 32.6125 ], [ -89.892019992404471, 32.610075547960093 ], [ -89.895480007595452, 32.606591118706618 ], [ -89.896191406249955, 32.601709662543428 ], [ -89.901742214626694, 32.596186659071208 ], [ -89.908333333333289, 32.59583333333336 ], [ -89.908688015407947, 32.589214409722246 ], [ -89.91840888129336, 32.579519992404535 ], [ -89.920833333333292, 32.579166666666687 ], [ -89.921456909179653, 32.567575751410615 ], [ -89.927210489908816, 32.566099378797766 ], [ -89.932586669921832, 32.561932712131096 ], [ -89.935543823242142, 32.563067287868947 ], [ -89.939595879448746, 32.566207885742209 ], [ -89.956122843424438, 32.550567287868944 ], [ -89.961791653103262, 32.54911261664499 ], [ -89.963202921549438, 32.53842909071183 ], [ -89.972789510091104, 32.529733954535615 ], [ -89.977210489908813, 32.528599378797765 ], [ -89.981122843424444, 32.525567287868945 ], [ -89.989710489908816, 32.524432712131102 ], [ -90.010289510091113, 32.50473395453561 ], [ -90.024040052625836, 32.503510877821206 ], [ -90.028599378797708, 32.498043823242213 ], [ -90.030086263020792, 32.492249552408879 ], [ -90.04072943793399, 32.48276604546443 ], [ -90.048043823242153, 32.483900621202281 ], [ -90.053420003255169, 32.488067287868944 ], [ -90.064710489908819, 32.4869327121311 ], [ -90.068622843424436, 32.483900621202281 ], [ -90.082373385959158, 32.482677544487871 ], [ -90.086932712131045, 32.477210489908877 ], [ -90.088350762261243, 32.47168409559464 ], [ -90.094982571072009, 32.469982571072073 ], [ -90.095833333333303, 32.46666666666669 ], [ -90.106591118706561, 32.466313340928842 ], [ -90.110075547960037, 32.462853325737868 ], [ -90.118383110894058, 32.462146674262172 ], [ -90.130908881293365, 32.474646674262175 ], [ -90.148257785373232, 32.475353325737871 ], [ -90.151742214626694, 32.478813340928845 ], [ -90.175, 32.479166666666686 ], [ -90.175, 32.46666666666669 ], [ -90.174382527669238, 32.464506361219641 ], [ -90.170758734808985, 32.459545898437526 ], [ -90.177160305447018, 32.457715861002626 ], [ -90.202006361219588, 32.433950805664082 ], [ -90.211705864800308, 32.432539198133703 ], [ -90.213361612955694, 32.42116427951391 ], [ -90.218673027886254, 32.417284138997417 ], [ -90.232346937391455, 32.415949503580748 ], [ -90.233950805664023, 32.410339694552974 ], [ -90.236938476562457, 32.40625 ], [ -90.233950805664023, 32.402160305447069 ], [ -90.233333333333292, 32.379166666666691 ], [ -90.233976236979132, 32.360365125868078 ], [ -90.236857096354129, 32.356301540798633 ], [ -90.238709513346322, 32.350149875217035 ], [ -90.247865125868017, 32.342309570312523 ], [ -90.278387790256033, 32.340968831380231 ], [ -90.279166666666626, 32.333333333333357 ], [ -90.278813340928778, 32.326742214626755 ], [ -90.275014580620621, 32.322916666666686 ], [ -90.278813340928778, 32.319091118706616 ], [ -90.279166666666626, 32.308333333333351 ], [ -90.279166666666626, 32.295833333333356 ], [ -90.279797024197009, 32.293685913085959 ], [ -90.28270297580292, 32.28964742024742 ], [ -90.283963690863686, 32.285352579752626 ], [ -90.286869642469583, 32.281314086914087 ], [ -90.288731214735208, 32.274970838758705 ], [ -90.295436943901876, 32.279797024197066 ], [ -90.297980753580688, 32.278536309136307 ], [ -90.302019246419235, 32.275630357530403 ], [ -90.308109876844583, 32.273843044704883 ], [ -90.316036309136251, 32.264647420247414 ], [ -90.317876180012988, 32.258378092447941 ], [ -90.322852579752563, 32.254797024197067 ], [ -90.331314086914034, 32.253536309136308 ], [ -90.339577568901873, 32.246413167317726 ], [ -90.345436943901873, 32.250630357530405 ], [ -90.357610066731738, 32.249219767252626 ], [ -90.359038967556387, 32.230182223849845 ], [ -90.366621907552044, 32.227957153320332 ], [ -90.370202975802911, 32.22298075358075 ], [ -90.370833333333294, 32.220833333333353 ], [ -90.371684095594588, 32.21751742892797 ], [ -90.375, 32.21666666666669 ], [ -90.375353325737819, 32.205908881293425 ], [ -90.379519992404482, 32.20171305338544 ], [ -90.378813340928787, 32.197575547960092 ], [ -90.370480007595447, 32.18921576605905 ], [ -90.371186659071142, 32.172575547960086 ], [ -90.383320448133645, 32.160416666666684 ], [ -90.366313340928784, 32.143383449978316 ], [ -90.367019992404479, 32.135075547960092 ], [ -90.370480007595447, 32.131591118706616 ], [ -90.371186659071142, 32.126742214626759 ], [ -90.378813340928787, 32.119091118706621 ], [ -90.379166666666634, 32.1125 ], [ -90.378599378797702, 32.106122843424501 ], [ -90.371400621202227, 32.098043823242207 ], [ -90.370124986436593, 32.088387383355055 ], [ -90.366666666666632, 32.0875 ], [ -90.363350762261248, 32.086649237738733 ], [ -90.3625, 32.08333333333335 ], [ -90.3625, 32.075 ], [ -90.360075547960037, 32.074646674262169 ], [ -90.352424452039898, 32.067019992404532 ], [ -90.347575547960034, 32.066313340928836 ], [ -90.339924452039895, 32.058686659071199 ], [ -90.3375, 32.058333333333351 ], [ -90.336932712131045, 32.039456176757831 ], [ -90.332766045464368, 32.034079996744808 ], [ -90.334070163302911, 32.025892469618071 ], [ -90.339456176757778, 32.021400621202275 ], [ -90.344982571072009, 32.01998257107207 ], [ -90.346400621202221, 32.014456176757832 ], [ -90.350567287868884, 32.009079996744809 ], [ -90.349432712131048, 32.0061228434245 ], [ -90.346301947699615, 32.002083333333353 ], [ -90.349432712131048, 31.998043823242206 ], [ -90.35, 31.9875 ], [ -90.354166666666629, 31.9875 ], [ -90.354733954535561, 31.985289510091182 ], [ -90.357766045464373, 31.981377156575554 ], [ -90.358900621202224, 31.976956176757845 ], [ -90.361932712131036, 31.973043823242222 ], [ -90.36320834689667, 31.963387383355069 ], [ -90.370437282986074, 31.961532253689271 ], [ -90.374432712131039, 31.956377156575556 ], [ -90.375, 31.95 ], [ -90.379166666666634, 31.95 ], [ -90.379733954535553, 31.943622843424514 ], [ -90.382766045464379, 31.93971048990889 ], [ -90.384220716688333, 31.934041849772171 ], [ -90.393877156575485, 31.932766045464444 ], [ -90.406122843424441, 31.921400621202292 ], [ -90.408333333333303, 31.920833333333366 ], [ -90.407766045464371, 31.910289510091179 ], [ -90.404733954535558, 31.906377156575555 ], [ -90.403458319769925, 31.896720716688403 ], [ -90.396456909179648, 31.894924079047343 ], [ -90.3958333333333, 31.883333333333368 ], [ -90.392375013563338, 31.882445949978333 ], [ -90.390958319769936, 31.871720716688401 ], [ -90.3875, 31.870833333333366 ], [ -90.388067287868893, 31.868622843424514 ], [ -90.395266045464382, 31.860543823242221 ], [ -90.396400621202218, 31.835289510091179 ], [ -90.399538167317672, 31.831241183810796 ], [ -90.391099378797705, 31.821770562066007 ], [ -90.392338731553778, 31.809230211046039 ], [ -90.398043823242148, 31.807766045464444 ], [ -90.401956176757778, 31.804733954535624 ], [ -90.411612616644931, 31.803458150227897 ], [ -90.4125, 31.8 ], [ -90.408916219075479, 31.799080234103766 ], [ -90.400567287868896, 31.789710489908888 ], [ -90.399432712131045, 31.772789510091179 ], [ -90.391099378797705, 31.76343722873267 ], [ -90.392310248480868, 31.746737501356371 ], [ -90.399376424153616, 31.74492407904734 ], [ -90.4, 31.733333333333366 ], [ -90.397575547960031, 31.732980007595518 ], [ -90.394091118706569, 31.729519992404548 ], [ -90.389209662543365, 31.728808593750031 ], [ -90.383686659071145, 31.723257785373296 ], [ -90.383333333333297, 31.708333333333364 ], [ -90.389924452039892, 31.70798000759552 ], [ -90.399644639756914, 31.698286098904113 ], [ -90.400353325737811, 31.68924221462677 ], [ -90.407980007595455, 31.681591118706628 ], [ -90.408686659071151, 31.673284403483105 ], [ -90.400353325737811, 31.664924452039962 ], [ -90.399646674262115, 31.660784064398904 ], [ -90.410045030381909, 31.650357733832497 ], [ -90.414924452039898, 31.649646674262186 ], [ -90.422575547960037, 31.642019992404546 ], [ -90.427424452039901, 31.641313340928853 ], [ -90.430908881293362, 31.637853325737879 ], [ -90.43992445203989, 31.637146674262183 ], [ -90.443408881293365, 31.633686659071213 ], [ -90.445833333333297, 31.633333333333365 ], [ -90.491666666666632, 31.633333333333365 ], [ -90.491666666666632, 31.629166666666698 ], [ -90.492019992404479, 31.626742214626766 ], [ -90.495480007595447, 31.623257785373298 ], [ -90.495833333333294, 31.620833333333366 ], [ -90.496568467881914, 31.613302612304718 ], [ -90.507539198133642, 31.611705864800378 ], [ -90.509101698133648, 31.600971645779111 ], [ -90.516552734374969, 31.598841179741786 ], [ -90.520215861002569, 31.593826802571645 ], [ -90.521450805664031, 31.589506530761749 ], [ -90.524382527669232, 31.585493469238312 ], [ -90.525617472330694, 31.57700653076175 ], [ -90.528549194335909, 31.572993469238313 ], [ -90.529935031466977, 31.56347164577911 ], [ -90.537386067708297, 31.561341179741785 ], [ -90.541049194335898, 31.556326802571647 ], [ -90.54228413899736, 31.552006530761751 ], [ -90.545276557074615, 31.54791005452477 ], [ -90.538117472330697, 31.539660135904978 ], [ -90.5375, 31.533333333333363 ], [ -90.538350762261246, 31.530017598470081 ], [ -90.541666666666629, 31.529166666666697 ], [ -90.558333333333294, 31.529166666666697 ], [ -90.558950805664026, 31.522839864095083 ], [ -90.561882527669241, 31.518826802571645 ], [ -90.563117472330703, 31.51450653076175 ], [ -90.566049194335903, 31.510493469238313 ], [ -90.567460801866289, 31.500794135199683 ], [ -90.578835720486083, 31.499138556586402 ], [ -90.582715861002569, 31.493826802571647 ], [ -90.583950805664031, 31.477006530761749 ], [ -90.591049194335909, 31.468826802571645 ], [ -90.592284138997357, 31.456173197428416 ], [ -90.599382527669235, 31.447993469238313 ], [ -90.6, 31.441666666666698 ], [ -90.602424452039898, 31.441313340928851 ], [ -90.60625, 31.437514580620689 ], [ -90.610075547960037, 31.441313340928851 ], [ -90.616666666666632, 31.441666666666698 ], [ -90.617352973090249, 31.430005900065133 ], [ -90.622839694552923, 31.425617641872861 ], [ -90.628506808810727, 31.423997328016522 ], [ -90.629834662543374, 31.392479112413223 ], [ -90.640694851345458, 31.390898471408448 ], [ -90.642284138997368, 31.38533986409508 ], [ -90.645215861002569, 31.381326802571643 ], [ -90.64699198404945, 31.375113932291697 ], [ -90.652954101562472, 31.370758734809058 ], [ -90.65416666666664, 31.375 ], [ -90.656591118706558, 31.375353325737876 ], [ -90.660075547960034, 31.378813340928851 ], [ -90.664216105143197, 31.379519992404543 ], [ -90.674642266167496, 31.369121805826854 ], [ -90.675, 31.366666666666696 ], [ -90.681288994683129, 31.367322116427982 ], [ -90.685377671983474, 31.370177883572079 ], [ -90.69191250271264, 31.371488783094648 ], [ -90.697877671983477, 31.367322116427982 ], [ -90.716912502712646, 31.366011216905413 ], [ -90.722877671983468, 31.370177883572079 ], [ -90.740910508897542, 31.371589491102462 ], [ -90.742423841688336, 31.390922715928848 ], [ -90.76274583604598, 31.39232211642798 ], [ -90.768711005316803, 31.388155449761314 ], [ -90.775, 31.3875 ], [ -90.775607638888857, 31.371746656629803 ], [ -90.782482571072023, 31.369982401529978 ], [ -90.783333333333303, 31.366666666666696 ], [ -90.783938259548577, 31.364493984646298 ], [ -90.791061740451354, 31.356339348687097 ], [ -90.792271592881917, 31.351993984646299 ], [ -90.795228407118017, 31.348006015353761 ], [ -90.796783786349792, 31.342420111762181 ], [ -90.807548353407086, 31.340889824761312 ], [ -90.808263821072018, 31.336049397786489 ], [ -90.803561740451357, 31.329707336425813 ], [ -90.804996405707428, 31.321549479166695 ], [ -90.81883951822914, 31.320228237575986 ], [ -90.827083333333306, 31.313026936848988 ], [ -90.835327148437472, 31.320228237575986 ], [ -90.839672851562469, 31.32143842909074 ], [ -90.845292833116289, 31.325605095757407 ], [ -90.85060492621524, 31.323235914442304 ], [ -90.849395073784692, 31.318660651312964 ], [ -90.846372138129311, 31.314583333333363 ], [ -90.849395073784692, 31.310506015353763 ], [ -90.85060492621524, 31.306160651312965 ], [ -90.853561740451354, 31.30217268202043 ], [ -90.854166666666629, 31.295833333333363 ], [ -90.877424452039904, 31.296186659071211 ], [ -90.880908881293365, 31.299646674262181 ], [ -90.889924452039907, 31.300353325737877 ], [ -90.893408881293368, 31.303813340928848 ], [ -90.8958333333333, 31.304166666666696 ], [ -90.896431816948748, 31.284249030219215 ], [ -90.903315904405346, 31.282482401529975 ], [ -90.905054050021675, 31.275708516438833 ], [ -90.915747070312463, 31.274295722113745 ], [ -90.920266045464373, 31.268877156575549 ], [ -90.921400621202224, 31.26445617675784 ], [ -90.925567287868887, 31.25907999674482 ], [ -90.92443271213105, 31.256122843424507 ], [ -90.917233954535561, 31.248043823242217 ], [ -90.916099378797711, 31.243622843424507 ], [ -90.907766045464385, 31.234270562066001 ], [ -90.909005398220458, 31.221730211046037 ], [ -90.9125, 31.220833333333363 ], [ -90.914924452039898, 31.220480007595516 ], [ -90.918408881293374, 31.217019992404541 ], [ -90.930879720052047, 31.216313340928849 ], [ -90.935075547960039, 31.220480007595516 ], [ -90.970833333333303, 31.220833333333363 ], [ -90.985757785373238, 31.221186659071208 ], [ -90.993408881293377, 31.228813340928848 ], [ -90.995833333333309, 31.229166666666696 ], [ -90.996732923719591, 31.225661214192737 ], [ -91.011600409613692, 31.224338785807319 ], [ -91.013399590386257, 31.217327880859404 ], [ -91.0208333333333, 31.216666666666697 ], [ -91.021186659071148, 31.214242214626765 ], [ -91.024646674262129, 31.210757785373293 ], [ -91.025, 31.208333333333361 ], [ -91.02589959038626, 31.204827880859405 ], [ -91.033333333333303, 31.204166666666694 ], [ -91.033940972222197, 31.188413323296469 ], [ -91.039710489908828, 31.186932712131103 ], [ -91.047789510091121, 31.179733954535617 ], [ -91.057404242621502, 31.178463745117217 ], [ -91.067233954535567, 31.167626274956625 ], [ -91.06548021104598, 31.162726508246557 ], [ -91.060543823242156, 31.158900621202285 ], [ -91.054843817816817, 31.157437811957493 ], [ -91.037958780924455, 31.139595879448812 ], [ -91.041099378797711, 31.135543823242216 ], [ -91.042233954535561, 31.131122843424507 ], [ -91.045266045464373, 31.127210489908883 ], [ -91.046541680230007, 31.117554050021731 ], [ -91.05221048990883, 31.11609937879777 ], [ -91.056122843424447, 31.113067287868951 ], [ -91.061854383680526, 31.111596340603327 ], [ -91.074432712131042, 31.098043823242215 ], [ -91.075, 31.09583333333336 ], [ -91.075353325737822, 31.093408881293431 ], [ -91.078813340928789, 31.089924452039959 ], [ -91.079519992404485, 31.085075547960098 ], [ -91.082980007595452, 31.081591118706626 ], [ -91.0833333333333, 31.079166666666694 ], [ -91.0833333333333, 31.070833333333361 ], [ -91.083994547526018, 31.063399590386311 ], [ -91.089710489908825, 31.061932712131103 ], [ -91.093622843424455, 31.058900621202284 ], [ -91.106377156575491, 31.057766045464437 ], [ -91.114456176757784, 31.050567287868951 ], [ -91.120437282986089, 31.049032253689262 ], [ -91.124432712131053, 31.043877156575547 ], [ -91.12556728786889, 31.022789510091172 ], [ -91.128599378797716, 31.018877156575549 ], [ -91.129733954535567, 31.010289510091173 ], [ -91.13359781901039, 31.005303955078151 ], [ -91.125661214192675, 31.003267076280409 ], [ -91.125, 30.995833333333358 ], [ -91.118408881293377, 30.995480007595514 ], [ -91.114924452039901, 30.99201999240454 ], [ -91.110042995876711, 30.991308593750027 ], [ -91.104519992404491, 30.985757785373291 ], [ -91.103813340928795, 30.980908881293431 ], [ -91.100353325737814, 30.977424452039958 ], [ -91.1, 30.954166666666694 ], [ -91.100967746310729, 30.950396050347248 ], [ -91.106122843424444, 30.946400621202283 ], [ -91.111649237738689, 30.944982571072075 ], [ -91.1125, 30.941666666666691 ], [ -91.113656955295113, 30.93772345648874 ], [ -91.122852579752575, 30.929797024197075 ], [ -91.140904405381917, 30.928442043728325 ], [ -91.142164103190069, 30.916085815429714 ], [ -91.136869642469591, 30.908729722764782 ], [ -91.138130357530358, 30.906185913085963 ], [ -91.146463690863683, 30.896518622504367 ], [ -91.145202975802917, 30.893685913085964 ], [ -91.141036309136254, 30.88789638943145 ], [ -91.142297024197021, 30.881185913085965 ], [ -91.153588189019075, 30.868757459852457 ], [ -91.150068495008654, 30.863867187500027 ], [ -91.160352410210479, 30.854797024197076 ], [ -91.164647589789467, 30.85353630913631 ], [ -91.168685743543804, 30.850630357530406 ], [ -91.174054633246499, 30.849054633246553 ], [ -91.175, 30.84583333333336 ], [ -91.179166666666632, 30.84583333333336 ], [ -91.179784308539467, 30.827006361219645 ], [ -91.182715691460473, 30.822993638780407 ], [ -91.184010314941375, 30.800997585720513 ], [ -91.190949503580697, 30.799013604058185 ], [ -91.19228430853947, 30.785339694552977 ], [ -91.196450975206133, 30.779635959201414 ], [ -91.195215691460476, 30.772839694552978 ], [ -91.192228190104132, 30.76875 ], [ -91.195215691460476, 30.764660305447073 ], [ -91.196992153591552, 30.758447265625026 ], [ -91.202006530761693, 30.754784138997422 ], [ -91.206326802571581, 30.753549194335964 ], [ -91.210339864095019, 30.750617472330752 ], [ -91.220198906792504, 30.749182807074678 ], [ -91.220833333333303, 30.704166666666691 ], [ -91.221450975206139, 30.68117302788631 ], [ -91.224438476562469, 30.677083333333357 ], [ -91.220215691460481, 30.67130262586808 ], [ -91.221566433376708, 30.65931498209638 ], [ -91.22924126519095, 30.657120768229191 ], [ -91.224382358127144, 30.650469292534748 ], [ -91.226688639322887, 30.645560031467038 ], [ -91.231173197428362, 30.642284138997418 ], [ -91.237711249457433, 30.640415106879363 ], [ -91.225617641872802, 30.627160305447074 ], [ -91.224205864800325, 30.617460801866343 ], [ -91.214506530761696, 30.616049194335961 ], [ -91.210493469238259, 30.613117472330753 ], [ -91.19783986409503, 30.611882527669295 ], [ -91.189660135904916, 30.60478413899742 ], [ -91.18117319742835, 30.603549194335962 ], [ -91.1770833333333, 30.600561523437523 ], [ -91.172045898437474, 30.604241265190996 ], [ -91.17021569146047, 30.597839694552974 ], [ -91.167284308539465, 30.593826972113739 ], [ -91.166666666666643, 30.5875 ], [ -91.16601121690536, 30.58537767198353 ], [ -91.158958774142761, 30.577087063259572 ], [ -91.161844550238683, 30.572955661349852 ], [ -91.163155449761263, 30.568711005316864 ], [ -91.166934712727837, 30.5633002387153 ], [ -91.142732069227407, 30.561783175998286 ], [ -91.140351698133657, 30.554075453016516 ], [ -91.135455661349795, 30.550655449761308 ], [ -91.129979112413167, 30.548964436848983 ], [ -91.128354220920116, 30.538535563151065 ], [ -91.125, 30.5375 ], [ -91.125353325737819, 30.530908881293428 ], [ -91.128813340928787, 30.527424452039952 ], [ -91.129166666666634, 30.520833333333357 ], [ -91.135543823242159, 30.520266045464432 ], [ -91.13945617675779, 30.517233954535612 ], [ -91.143877156575485, 30.516099378797765 ], [ -91.147789510091116, 30.513067287868946 ], [ -91.154532538519931, 30.51133694118926 ], [ -91.146400621202233, 30.502210489908876 ], [ -91.1458333333333, 30.5 ], [ -91.150604926215252, 30.498671129014781 ], [ -91.148872545030358, 30.491496785481793 ], [ -91.142207166883651, 30.496438259548633 ], [ -91.134105088975659, 30.495013427734399 ], [ -91.132728407118023, 30.485327148437523 ], [ -91.124395073784697, 30.475787353515649 ], [ -91.125783623589385, 30.467608642578149 ], [ -91.133938259548586, 30.465337795681446 ], [ -91.132728407118023, 30.451993815104188 ], [ -91.12477518717445, 30.442889404296899 ], [ -91.132425944010393, 30.440759277343773 ], [ -91.134308878580697, 30.433996921115472 ], [ -91.1458333333333, 30.433333333333355 ], [ -91.149356418185732, 30.432429334852454 ], [ -91.150567287868896, 30.415729437934051 ], [ -91.142233954535556, 30.406377156575545 ], [ -91.141099378797719, 30.401956176757835 ], [ -91.137235514322882, 30.396970621744813 ], [ -91.144982571072021, 30.39498257107207 ], [ -91.1458333333333, 30.391666666666687 ], [ -91.145098198784694, 30.384135945638043 ], [ -91.135339694552925, 30.382715861002627 ], [ -91.127160305447021, 30.375617472330752 ], [ -91.11867302788626, 30.374382527669294 ], [ -91.114660305447018, 30.371450805664082 ], [ -91.11033969455292, 30.370215861002627 ], [ -91.106326972113692, 30.36728413899742 ], [ -91.102006361219594, 30.366049194335957 ], [ -91.097993638780352, 30.36311747233075 ], [ -91.077006361219588, 30.361882527669295 ], [ -91.072993638780346, 30.358950805664083 ], [ -91.064506361219586, 30.357715861002625 ], [ -91.060493638780358, 30.354784138997417 ], [ -91.055093044704833, 30.353240288628495 ], [ -91.053240288628444, 30.346759711371551 ], [ -91.04783969455292, 30.345215861002625 ], [ -91.039660305447015, 30.338117472330751 ], [ -91.032715861002572, 30.336132134331621 ], [ -91.033950805664034, 30.331173027886308 ], [ -91.038117472330697, 30.325469292534745 ], [ -91.036882527669235, 30.322839694552972 ], [ -91.029784138997371, 30.31466030544707 ], [ -91.028549194335909, 30.310339694552972 ], [ -91.025617472330694, 30.306326972113737 ], [ -91.024382527669246, 30.30200636121964 ], [ -91.013117472330705, 30.289660305447072 ], [ -91.0125, 30.279166666666686 ], [ -91.012853325737822, 30.276742214626758 ], [ -91.016313340928789, 30.273257785373286 ], [ -91.017019992404485, 30.264242214626758 ], [ -91.020480007595452, 30.260757785373286 ], [ -91.0208333333333, 30.254166666666688 ], [ -91.013399590386257, 30.253505452473981 ], [ -91.011649237738681, 30.246684095594638 ], [ -91.003599378797716, 30.24461839463978 ], [ -91.004733954535567, 30.239456176757834 ], [ -91.007864718966985, 30.235416666666687 ], [ -91.004733954535567, 30.23137715657554 ], [ -91.003599378797716, 30.226956176757835 ], [ -91.00056728786889, 30.223043823242207 ], [ -90.999032253689208, 30.21706271701391 ], [ -90.993877156575493, 30.213067287868945 ], [ -90.981122843424444, 30.211932712131098 ], [ -90.977210489908828, 30.208900621202279 ], [ -90.971684095594583, 30.20748257107207 ], [ -90.970266045464385, 30.201956176757832 ], [ -90.967233954535558, 30.198043823242209 ], [ -90.966099378797708, 30.189456176757833 ], [ -90.963067287868896, 30.185543823242206 ], [ -90.9625, 30.183333333333355 ], [ -90.960289510091116, 30.18276604546443 ], [ -90.956241183810732, 30.179628499348979 ], [ -90.946770562065936, 30.188067287868943 ], [ -90.94362284342445, 30.186932712131096 ], [ -90.939710489908819, 30.183900621202277 ], [ -90.925899590386251, 30.182672119140644 ], [ -90.924080403645803, 30.175583902994813 ], [ -90.8875, 30.175 ], [ -90.886869642469591, 30.172852579752625 ], [ -90.883963690863681, 30.168814086914082 ], [ -90.882325236002572, 30.163231065538213 ], [ -90.867427571614556, 30.161744181315125 ], [ -90.863081868489559, 30.156253051757833 ], [ -90.866036309136248, 30.152147420247417 ], [ -90.867297024197015, 30.147852579752623 ], [ -90.871463690863678, 30.14206305609811 ], [ -90.870056491427917, 30.129920789930576 ], [ -90.856185913085909, 30.128536309136305 ], [ -90.843814086914037, 30.117297024197068 ], [ -90.838231065538167, 30.115658569335956 ], [ -90.8375, 30.108333333333352 ], [ -90.835289510091116, 30.107766045464444 ], [ -90.830303955078094, 30.103902011447516 ], [ -90.828253173828088, 30.111892530653247 ], [ -90.8125, 30.1125 ], [ -90.81306728786889, 30.106122843424515 ], [ -90.82140062120223, 30.096770562066009 ], [ -90.820266045464379, 30.089456176757849 ], [ -90.817233954535553, 30.085543823242222 ], [ -90.816010877821142, 30.071793111165398 ], [ -90.810543823242156, 30.067233954535627 ], [ -90.78840908474389, 30.066043090820347 ], [ -90.7875, 30.0625 ], [ -90.783333333333303, 30.0625 ], [ -90.77916666666664, 30.0625 ], [ -90.778270128038159, 30.059006076388908 ], [ -90.765816582573748, 30.05776604546443 ], [ -90.758989122178789, 30.063459947374152 ], [ -90.758333333333297, 30.070833333333354 ], [ -90.74754672580292, 30.070478990342902 ], [ -90.742019992404479, 30.06492445203995 ], [ -90.741666666666632, 30.0625 ], [ -90.734135945637988, 30.063235134548631 ], [ -90.73253072102861, 30.074264865451408 ], [ -90.717469957139727, 30.07573513454863 ], [ -90.708889431423586, 30.085409206814255 ], [ -90.713117472330694, 30.091197374131966 ], [ -90.711284044053784, 30.09510057237415 ], [ -90.700794135199615, 30.096627468533004 ], [ -90.699205864800319, 30.107539198133701 ], [ -90.689506361219586, 30.108950805664083 ], [ -90.677160305447018, 30.120215861002624 ], [ -90.66450636121958, 30.121450805664082 ], [ -90.65880262586802, 30.125617472330749 ], [ -90.646814982096316, 30.124266899956616 ], [ -90.644846937391463, 30.117383829752622 ], [ -90.6375, 30.116666666666685 ], [ -90.635075547960042, 30.117019992404533 ], [ -90.63087972005205, 30.121186659071199 ], [ -90.622575547960039, 30.120480007595507 ], [ -90.618379720052047, 30.116313340928841 ], [ -90.614242214626699, 30.117019992404533 ], [ -90.610416666666637, 30.120818752712694 ], [ -90.606591118706561, 30.117019992404533 ], [ -90.601742214626697, 30.116313340928841 ], [ -90.598257785373235, 30.112853325737866 ], [ -90.5833333333333, 30.1125 ], [ -90.579562717013857, 30.111532253689255 ], [ -90.575567287868893, 30.10637715657554 ], [ -90.574078708224789, 30.10057644314238 ], [ -90.508333333333297, 30.1 ], [ -90.505908881293365, 30.100353325737881 ], [ -90.49754909939233, 30.108686659071218 ], [ -90.480908881293374, 30.107980007595522 ], [ -90.473257785373235, 30.100353325737881 ], [ -90.45, 30.1 ], [ -90.44786512586802, 30.099357265896302 ], [ -90.441988457573757, 30.095190599229635 ], [ -90.439531792534694, 30.096476067437102 ], [ -90.434208848741278, 30.100250244140661 ], [ -90.432690429687469, 30.085364956325989 ], [ -90.421476236979132, 30.072968377007413 ], [ -90.420833333333292, 30.066666666666702 ], [ -90.419982571072012, 30.06335093180342 ], [ -90.416666666666629, 30.0625 ], [ -90.416001722547705, 30.055023362901512 ], [ -90.411281331380167, 30.053965250651078 ], [ -90.406241183810735, 30.057871500651078 ], [ -90.398043823242148, 30.050567287868958 ], [ -90.392327880859341, 30.04910040961375 ], [ -90.391666666666637, 30.041666666666703 ], [ -90.385289510091113, 30.041099378797778 ], [ -90.381377156575482, 30.038067287868959 ], [ -90.375396050347192, 30.03653225368927 ], [ -90.371400621202227, 30.031377156575555 ], [ -90.370266045464376, 30.022789510091179 ], [ -90.36723395453555, 30.018877156575556 ], [ -90.366099378797713, 30.014456176757847 ], [ -90.358900621202224, 30.006377156575557 ], [ -90.357766045464373, 30.001956176757847 ], [ -90.354733954535561, 29.998043823242224 ], [ -90.353599378797711, 29.993622843424514 ], [ -90.350567287868884, 29.989710489908887 ], [ -90.349082777235211, 29.983926222059495 ], [ -90.325, 29.98333333333337 ], [ -90.320833333333297, 29.98333333333337 ], [ -90.320266045464379, 29.985543823242221 ], [ -90.316270616319414, 29.990698920355939 ], [ -90.31028951009111, 29.992233954535624 ], [ -90.302210489908816, 29.99943271213111 ], [ -90.297789510091107, 30.000567287868957 ], [ -90.293877156575491, 30.003599378797777 ], [ -90.288123575846313, 30.005075920952727 ], [ -90.2875, 30.016666666666687 ], [ -90.268622843424438, 30.017233954535627 ], [ -90.264710489908822, 30.020266045464446 ], [ -90.260289510091113, 30.021400621202293 ], [ -90.254913330078082, 30.025567287868959 ], [ -90.218622843424441, 30.024432712131112 ], [ -90.206377156575485, 30.01306728786896 ], [ -90.200708346896661, 30.011612616644999 ], [ -90.199297078450485, 30.00092926025394 ], [ -90.189710489908819, 29.992233954535624 ], [ -90.1875, 29.991666666666703 ], [ -90.186528523762988, 29.995154825846388 ], [ -90.167638142903613, 29.996511840820347 ], [ -90.165716213650143, 30.003413221571215 ], [ -90.156160481770797, 30.004771762424081 ], [ -90.150540500216977, 30.008938429090747 ], [ -90.142438422308985, 30.007513427734409 ], [ -90.140890502929651, 29.996624416775209 ], [ -90.127172851562463, 29.983938429090745 ], [ -90.1, 29.98333333333337 ], [ -90.097751871744748, 29.983862813313838 ], [ -90.09374050564233, 29.987111748589445 ], [ -90.085413953993012, 29.979543728298644 ], [ -90.073081461588501, 29.991137186686231 ], [ -90.068585205078094, 29.992196146647171 ], [ -90.064748128255175, 29.995303853352901 ], [ -90.060251871744754, 29.996362813313837 ], [ -90.052248128255172, 30.003637186686234 ], [ -90.046719699435727, 30.004939270019566 ], [ -90.045319620768197, 30.009434000651076 ], [ -90.054696316189194, 30.019750298394133 ], [ -90.053495958116287, 30.028248596191442 ], [ -90.049000718858466, 30.029648674858976 ], [ -90.042607286241278, 30.024470520019566 ], [ -90.035251871744748, 30.025529479980502 ], [ -90.031414794921844, 30.028637186686232 ], [ -90.026918538411422, 30.029696146647172 ], [ -90.023081461588504, 30.032803853352899 ], [ -90.016666666666623, 30.033333333333367 ], [ -89.992681037055092, 30.032742987738736 ], [ -89.988067287868901, 30.027210489908875 ], [ -89.98693271213105, 30.022789510091165 ], [ -89.979733954535561, 30.014710489908872 ], [ -89.978315734863259, 30.009184095594637 ], [ -89.975, 30.008333333333354 ], [ -89.975, 29.991666666666685 ], [ -89.955176628960487, 29.99107089572486 ], [ -89.950567287868907, 29.985543823242221 ], [ -89.949389648437474, 29.959331088595956 ], [ -89.943877156575496, 29.954733954535627 ], [ -89.935289510091124, 29.953599378797776 ], [ -89.92721048990883, 29.94640062120229 ], [ -89.909239027235216, 29.945195685492656 ], [ -89.90742984347871, 29.938145785861579 ], [ -89.893877156575499, 29.925567287868958 ], [ -89.88945617675779, 29.924432712131111 ], [ -89.885543823242159, 29.921400621202292 ], [ -89.88112284342445, 29.920266045464444 ], [ -89.877210489908833, 29.917233954535625 ], [ -89.871684265136693, 29.915815734863315 ], [ -89.870833333333309, 29.9125 ], [ -89.871801079644072, 29.908729214138489 ], [ -89.876956176757787, 29.904733954535626 ], [ -89.882624816894506, 29.903279283311665 ], [ -89.88390062120223, 29.893622843424513 ], [ -89.887764655219158, 29.88863711886939 ], [ -89.879790242512996, 29.88659074571401 ], [ -89.879166666666649, 29.875 ], [ -89.879166666666649, 29.870833333333366 ], [ -89.879733954535567, 29.868622843424514 ], [ -89.888067287868907, 29.859270562066005 ], [ -89.886765882703969, 29.850880940755243 ], [ -89.87987518310544, 29.849112616644998 ], [ -89.878599378797716, 29.839456176757846 ], [ -89.874432712131053, 29.834079996744826 ], [ -89.875567287868904, 29.818622843424514 ], [ -89.878599378797716, 29.814710489908887 ], [ -89.880017598470033, 29.809184265136754 ], [ -89.885543823242159, 29.807766045464444 ], [ -89.88945617675779, 29.804733954535624 ], [ -89.893877156575499, 29.803599378797777 ], [ -89.899253336588515, 29.799432712131111 ], [ -89.906377156575502, 29.800567287868958 ], [ -89.910289510091118, 29.803599378797777 ], [ -89.9125, 29.804166666666699 ], [ -89.913350931803365, 29.800850931803417 ], [ -89.916666666666643, 29.8 ] ] ] ] } }
]
}
