{
"type": "FeatureCollection",
"name": "TigrisEuphrates_2030073570",
"crs": { "type": "name", "properties": { "name": "urn:ogc:def:crs:OGC:1.3:CRS84" } },
"features": [
{ "type": "Feature", "properties": { "HYBAS_ID": 2030073570, "NEXT_DOWN": 0, "NEXT_SINK": 2030073570, "MAIN_BAS": 2030073570, "DIST_SINK": 0.0, "DIST_MAIN": 0.0, "SUB_AREA": 935570.0, "UP_AREA": 935570.0, "PFAF_ID": 294, "ENDO": 0, "COAST": 0, "ORDER": 1, "SORT": 43 }, "geometry": { "type": "MultiPolygon", "coordinates": [ [ [ [ 45.725, 28.491666666666688 ], [ 45.724432712131104, 28.485289510091167 ], [ 45.721400621202285, 28.481377156575544 ], [ 45.720266045464442, 28.472789510091168 ], [ 45.717233954535615, 28.468877156575545 ], [ 45.715962388780412, 28.459252929687523 ], [ 45.710543823242219, 28.454733954535612 ], [ 45.705017428927981, 28.453315904405404 ], [ 45.703599378797769, 28.44778951009117 ], [ 45.70056728786895, 28.443877156575542 ], [ 45.699432712131106, 28.439456176757837 ], [ 45.696400621202287, 28.43554382324221 ], [ 45.694982571072075, 28.430017428927975 ], [ 45.689456176757844, 28.428599378797767 ], [ 45.685543823242213, 28.425567287868947 ], [ 45.679875013563397, 28.424112616644987 ], [ 45.67846238878041, 28.413419596354188 ], [ 45.673043823242217, 28.408900621202278 ], [ 45.668622843424508, 28.407766045464431 ], [ 45.664710489908884, 28.404733954535612 ], [ 45.6625, 28.40416666666669 ], [ 45.661849636501763, 28.388391791449674 ], [ 45.656339518229196, 28.383938259548632 ], [ 45.649395073784753, 28.382004462348114 ], [ 45.650604926215308, 28.36449381510419 ], [ 45.653561740451416, 28.360506184895854 ], [ 45.65511711968319, 28.354920111762176 ], [ 45.664672851562528, 28.353561740451411 ], [ 45.66875, 28.350538804796027 ], [ 45.674459499783012, 28.354771592881967 ], [ 45.68393825954864, 28.353104654947938 ], [ 45.682728407118084, 28.343660481770854 ], [ 45.67977159288197, 28.339672851562522 ], [ 45.678561740451414, 28.335327148437521 ], [ 45.674395073784751, 28.329707166883701 ], [ 45.675604926215307, 28.326993815104188 ], [ 45.67977159288197, 28.321373833550368 ], [ 45.678561740451414, 28.318660481770856 ], [ 45.674395073784751, 28.313040500217035 ], [ 45.675718180338571, 28.300960286458356 ], [ 45.679166666666696, 28.3 ], [ 45.678523763020863, 28.297865125868078 ], [ 45.65480957031253, 28.272968207465297 ], [ 45.653523763020864, 28.26869845920141 ], [ 45.65064290364586, 28.264634874131964 ], [ 45.649357096354194, 28.260365125868077 ], [ 45.646476236979197, 28.256301540798631 ], [ 45.645190429687531, 28.247865125868078 ], [ 45.641023763020861, 28.241988457573804 ], [ 45.642309570312527, 28.239531792534741 ], [ 45.646083577473988, 28.234208848741339 ], [ 45.6375, 28.233333333333356 ], [ 45.637146674262183, 28.218408881293424 ], [ 45.633686659071209, 28.214924452039952 ], [ 45.633333333333361, 28.208333333333353 ], [ 45.632482571072075, 28.205017428927974 ], [ 45.626956176757844, 28.203599378797762 ], [ 45.623043823242213, 28.200567287868942 ], [ 45.617249552408879, 28.199080403645855 ], [ 45.608900621202288, 28.189710489908876 ], [ 45.607766045464437, 28.185289510091167 ], [ 45.600567287868948, 28.177210489908873 ], [ 45.599432712131104, 28.172789510091167 ], [ 45.596400621202285, 28.16887715657554 ], [ 45.595266045464435, 28.164456176757831 ], [ 45.592233954535615, 28.160543823242207 ], [ 45.591099378797772, 28.156122843424498 ], [ 45.588067287868952, 28.152210489908875 ], [ 45.5875, 28.145833333333353 ], [ 45.580066257052977, 28.145172119140646 ], [ 45.578599378797769, 28.139456176757832 ], [ 45.573504299587704, 28.133346557617209 ], [ 45.568877156575546, 28.136932712131095 ], [ 45.564456176757837, 28.138067287868942 ], [ 45.560543823242213, 28.141099378797762 ], [ 45.553420003255233, 28.142233954535609 ], [ 45.548043823242217, 28.138067287868942 ], [ 45.541666666666693, 28.1375 ], [ 45.539456176757838, 28.136932712131095 ], [ 45.534301079644123, 28.132937282986131 ], [ 45.532482571072073, 28.125850762261305 ], [ 45.525623575846382, 28.124090915256097 ], [ 45.524432712131102, 28.101956176757831 ], [ 45.520437282986137, 28.096801079644116 ], [ 45.51445617675784, 28.095266045464427 ], [ 45.509301079644125, 28.091270616319463 ], [ 45.508333333333361, 28.0875 ], [ 45.492580159505238, 28.086892361111129 ], [ 45.490815904405409, 28.08001742892797 ], [ 45.485289510091171, 28.078599378797762 ], [ 45.473043823242215, 28.06723395453561 ], [ 45.456122843424509, 28.066099378797762 ], [ 45.448043823242216, 28.058900621202277 ], [ 45.441666666666691, 28.058333333333351 ], [ 45.435075547960096, 28.058686659071199 ], [ 45.431591118706621, 28.062146674262173 ], [ 45.42328694661461, 28.062853325737866 ], [ 45.41875, 28.058347913954012 ], [ 45.414924452039955, 28.062146674262173 ], [ 45.40833333333336, 28.0625 ], [ 45.406122843424505, 28.063067287868943 ], [ 45.402083333333358, 28.066198052300365 ], [ 45.398043823242212, 28.063067287868943 ], [ 45.393622843424502, 28.061932712131096 ], [ 45.380337863498291, 28.049602593315992 ], [ 45.378599378797766, 28.05637715657554 ], [ 45.348441229926237, 28.087437608506963 ], [ 45.343877156575545, 28.083900621202275 ], [ 45.3375, 28.083333333333353 ], [ 45.337146674262179, 28.068408881293422 ], [ 45.332980007595509, 28.064213053385437 ], [ 45.333686659071205, 28.060075547960089 ], [ 45.337853325737875, 28.055879720052104 ], [ 45.337146674262179, 28.043408881293423 ], [ 45.333686659071205, 28.039924452039948 ], [ 45.333333333333357, 28.0375 ], [ 45.314456176757837, 28.036932712131112 ], [ 45.310543823242213, 28.033900621202292 ], [ 45.305017428927975, 28.032482401529982 ], [ 45.303315904405409, 28.025850931803419 ], [ 45.296684095594642, 28.02414906819665 ], [ 45.294916788737005, 28.017262098524341 ], [ 45.250916544596379, 28.016071234809061 ], [ 45.249432712131103, 28.01028951009118 ], [ 45.242233954535614, 28.00221048990889 ], [ 45.24109937879777, 27.997789510091181 ], [ 45.237103949652806, 27.992634412977466 ], [ 45.231122843424501, 27.991099378797777 ], [ 45.223043823242215, 27.983900621202292 ], [ 45.211753336588565, 27.982766045464444 ], [ 45.206377156575542, 27.986932712131111 ], [ 45.2, 27.9875 ], [ 45.19778951009117, 27.988067287868958 ], [ 45.189710489908876, 27.995266045464444 ], [ 45.178420003255233, 27.996400621202291 ], [ 45.17304382324221, 27.992233954535624 ], [ 45.168622843424501, 27.991099378797777 ], [ 45.164710489908877, 27.988067287868958 ], [ 45.161753336588568, 27.986932712131111 ], [ 45.156377156575545, 27.991099378797777 ], [ 45.147789510091172, 27.992233954535624 ], [ 45.143877156575542, 27.995266045464444 ], [ 45.134548272026933, 27.996400621202291 ], [ 45.132482571072075, 27.988350931803421 ], [ 45.129166666666691, 27.9875 ], [ 45.122789510091167, 27.986932712131111 ], [ 45.118877156575543, 27.983900621202292 ], [ 45.113350762261305, 27.982482401529982 ], [ 45.1119327121311, 27.976956176757845 ], [ 45.108900621202281, 27.973043823242222 ], [ 45.107672119140652, 27.959232923719654 ], [ 45.10085076226131, 27.957482401529983 ], [ 45.099432712131097, 27.951956176757847 ], [ 45.096400621202278, 27.948043823242223 ], [ 45.095172119140649, 27.934232923719652 ], [ 45.089456176757835, 27.932766045464444 ], [ 45.085543823242212, 27.929733954535624 ], [ 45.074253336588562, 27.928599378797777 ], [ 45.06875, 27.932864549424949 ], [ 45.064710489908876, 27.929733954535624 ], [ 45.060289510091167, 27.928599378797777 ], [ 45.055134412977452, 27.924604119194914 ], [ 45.053599378797763, 27.918622843424515 ], [ 45.031722683376756, 27.895832994249165 ], [ 45.014710489908879, 27.911932712131112 ], [ 45.009548272026933, 27.913067287868959 ], [ 45.007482571072075, 27.905017598470085 ], [ 45.001956176757837, 27.903599378797779 ], [ 44.998043823242213, 27.900567287868959 ], [ 44.986753336588563, 27.899432712131109 ], [ 44.980134412977456, 27.904562547471823 ], [ 44.979166666666693, 27.908333333333353 ], [ 44.968408881293428, 27.907980007595519 ], [ 44.964924452039952, 27.904519992404548 ], [ 44.958333333333357, 27.904166666666701 ], [ 44.957980007595509, 27.906591118706633 ], [ 44.954519992404535, 27.910075547960105 ], [ 44.954166666666687, 27.9125 ], [ 44.95, 27.9125 ], [ 44.95, 27.891666666666701 ], [ 44.949332004123285, 27.889556884765661 ], [ 44.942334662543423, 27.881276448567743 ], [ 44.940998670789952, 27.877056884765658 ], [ 44.938167995876761, 27.87294311523441 ], [ 44.936832004123289, 27.860390218098992 ], [ 44.932665337456619, 27.854335021972691 ], [ 44.934566243489606, 27.845165337456631 ], [ 44.943776448567732, 27.846501329210103 ], [ 44.949831475151932, 27.850667995876769 ], [ 44.953397623697938, 27.848576694064704 ], [ 44.954834662543426, 27.83955688476566 ], [ 44.95859375000002, 27.834094068739184 ], [ 44.922890218098978, 27.832665337456632 ], [ 44.918776448567733, 27.829834662543437 ], [ 44.9125, 27.829166666666701 ], [ 44.901956176757835, 27.828599378797776 ], [ 44.898043823242212, 27.825567287868957 ], [ 44.889456176757832, 27.824432712131109 ], [ 44.877210489908876, 27.813067287868957 ], [ 44.865920003255233, 27.81193271213111 ], [ 44.86054382324221, 27.816099378797777 ], [ 44.853229437934047, 27.817233954535624 ], [ 44.842586432562953, 27.807750447591179 ], [ 44.841099378797765, 27.801956176757844 ], [ 44.838067287868945, 27.798043823242221 ], [ 44.836932712131102, 27.793622843424512 ], [ 44.833900621202275, 27.789710489908888 ], [ 44.832766045464432, 27.781122843424512 ], [ 44.829733954535612, 27.777210489908889 ], [ 44.828599378797762, 27.772789510091179 ], [ 44.825567287868942, 27.768877156575552 ], [ 44.824432712131099, 27.76028951009118 ], [ 44.82140062120228, 27.756377156575553 ], [ 44.81998240152997, 27.75085093180342 ], [ 44.813350931803406, 27.749149068196648 ], [ 44.811932712131096, 27.743622843424511 ], [ 44.808900621202277, 27.739710489908887 ], [ 44.807766045464433, 27.731122843424512 ], [ 44.804733954535614, 27.727210489908888 ], [ 44.803599378797763, 27.718622843424512 ], [ 44.800567287868944, 27.714710489908885 ], [ 44.7994327121311, 27.706122843424513 ], [ 44.795437452528233, 27.700967746310795 ], [ 44.791666666666686, 27.7 ], [ 44.788350931803407, 27.700850931803419 ], [ 44.786932712131097, 27.706377156575552 ], [ 44.782330322265643, 27.711895921495259 ], [ 44.766666666666687, 27.7125 ], [ 44.766049024793858, 27.718826802571648 ], [ 44.763117641872853, 27.722839864095086 ], [ 44.761882358127188, 27.735493469238314 ], [ 44.757533433702278, 27.740931193033887 ], [ 44.743673197428407, 27.742284308539528 ], [ 44.73966013590497, 27.745215691460537 ], [ 44.729960801866341, 27.746627468533021 ], [ 44.728549024793857, 27.756326802571646 ], [ 44.725617641872851, 27.760339864095084 ], [ 44.724382358127194, 27.764660135904982 ], [ 44.721450975206182, 27.76867319742842 ], [ 44.720833333333353, 27.770833333333368 ], [ 44.720056660970073, 27.77844679090715 ], [ 44.708333333333357, 27.779166666666701 ], [ 44.707424079047328, 27.775623575846389 ], [ 44.695833333333354, 27.775 ], [ 44.695480007595506, 27.794091118706632 ], [ 44.687853325737869, 27.801742214626771 ], [ 44.6875, 27.804166666666699 ], [ 44.689924452039953, 27.804519992404547 ], [ 44.695479159885004, 27.810046895345085 ], [ 44.696186659071202, 27.83159111870663 ], [ 44.703813340928839, 27.839242214626768 ], [ 44.704166666666687, 27.8541666666667 ], [ 44.703315734863303, 27.857482401529982 ], [ 44.69778951009117, 27.858900621202292 ], [ 44.693877156575539, 27.861932712131111 ], [ 44.690920003255229, 27.863067287868958 ], [ 44.685543823242206, 27.858900621202292 ], [ 44.672789510091164, 27.857766045464444 ], [ 44.66887715657554, 27.854733954535625 ], [ 44.659548272026932, 27.853599378797778 ], [ 44.658333333333353, 27.858333333333366 ], [ 44.655078633626324, 27.859099833170607 ], [ 44.653637186686218, 27.863440789116787 ], [ 44.657803853352888, 27.868585035536057 ], [ 44.658862813313824, 27.873081631130677 ], [ 44.661970520019551, 27.87691836886939 ], [ 44.663029479980487, 27.88141496446401 ], [ 44.666270785861563, 27.8854166666667 ], [ 44.663029479980487, 27.889418368869393 ], [ 44.6625, 27.891666666666683 ], [ 44.643660651312956, 27.891061570909322 ], [ 44.639672682020418, 27.888105095757414 ], [ 44.635327317979623, 27.886894904242656 ], [ 44.631339348687085, 27.883938429090747 ], [ 44.62699398464629, 27.882728237575989 ], [ 44.623006015353752, 27.879771762424078 ], [ 44.614493984646288, 27.878561570909323 ], [ 44.609091356065555, 27.874556138780417 ], [ 44.600719536675371, 27.875793287489184 ], [ 44.6, 27.883333333333368 ], [ 44.597827317979622, 27.883938429090747 ], [ 44.593839348687084, 27.886894904242656 ], [ 44.588407558865036, 27.888407558865051 ], [ 44.586894904242641, 27.893839348687099 ], [ 44.583485751681877, 27.898437839084234 ], [ 44.578625996907569, 27.900605095757413 ], [ 44.573006015353755, 27.896438429090747 ], [ 44.555495368109831, 27.895228237575989 ], [ 44.553561570909309, 27.902172682020435 ], [ 44.550605095757398, 27.90616065131297 ], [ 44.549228074815559, 27.915846761067741 ], [ 44.541125996907574, 27.917271762424079 ], [ 44.535506015353754, 27.913105095757412 ], [ 44.532792663574241, 27.911894904242654 ], [ 44.527172682020421, 27.916061570909321 ], [ 44.525, 27.9166666666667 ], [ 44.524646674262172, 27.919091118706632 ], [ 44.519120449490039, 27.924645148383281 ], [ 44.5125, 27.925 ], [ 44.510289510091162, 27.925567287868958 ], [ 44.506377156575539, 27.928599378797777 ], [ 44.500850931803406, 27.930017598470087 ], [ 44.49914906819663, 27.936649068196648 ], [ 44.493622843424497, 27.938067287868957 ], [ 44.489710489908873, 27.941099378797777 ], [ 44.481122843424501, 27.942233954535624 ], [ 44.475967746310786, 27.946229214138491 ], [ 44.474432712131097, 27.952210489908889 ], [ 44.463067287868945, 27.964456176757846 ], [ 44.461932712131095, 27.973043823242222 ], [ 44.450567287868942, 27.985289510091182 ], [ 44.45, 27.9875 ], [ 44.443408881293422, 27.987146674262188 ], [ 44.439583333333353, 27.983347913954027 ], [ 44.435757785373283, 27.987146674262188 ], [ 44.4232871161567, 27.987853325737881 ], [ 44.419091118706618, 27.983686659071214 ], [ 44.416666666666686, 27.98333333333337 ], [ 44.414456176757831, 27.983900621202292 ], [ 44.410543823242207, 27.986932712131111 ], [ 44.406122843424498, 27.988067287868958 ], [ 44.402210489908875, 27.991099378797777 ], [ 44.397789510091165, 27.992233954535624 ], [ 44.381377156575539, 28.007766045464443 ], [ 44.372789510091167, 28.00890062120229 ], [ 44.364710489908873, 28.016099378797779 ], [ 44.351956176757831, 28.017233954535627 ], [ 44.343877156575537, 28.024432712131112 ], [ 44.338350931803404, 28.025850931803419 ], [ 44.336932712131095, 28.031377156575555 ], [ 44.332937452528228, 28.03653225368927 ], [ 44.325661214192728, 28.038399590386319 ], [ 44.325, 28.04583333333337 ], [ 44.353385247124585, 28.046505737304706 ], [ 44.354166666666686, 28.054166666666685 ], [ 44.353543090820331, 28.065757581922764 ], [ 44.347789510091161, 28.06723395453561 ], [ 44.338419765896283, 28.075582885742207 ], [ 44.336932712131095, 28.081377156575542 ], [ 44.325567287868942, 28.093622843424498 ], [ 44.325, 28.1 ], [ 44.3186228434245, 28.100567287868945 ], [ 44.313467746310778, 28.104562717013909 ], [ 44.311932712131096, 28.110543823242207 ], [ 44.307937452528229, 28.115698920355921 ], [ 44.300850931803403, 28.117517428927972 ], [ 44.3, 28.120833333333351 ], [ 44.289456176757831, 28.121400621202277 ], [ 44.284301079644116, 28.125396050347241 ], [ 44.282482401529968, 28.132482571072067 ], [ 44.276956176757828, 28.133900621202276 ], [ 44.26758643256295, 28.142249552408874 ], [ 44.265815734863295, 28.149149237738737 ], [ 44.260289510091162, 28.150567287868945 ], [ 44.250919765896285, 28.15891621907554 ], [ 44.25, 28.1625 ], [ 44.245266045464426, 28.163714938693595 ], [ 44.246530151367203, 28.174109564887175 ], [ 44.252210489908869, 28.175567287868944 ], [ 44.256122843424492, 28.178599378797763 ], [ 44.258333333333347, 28.179166666666688 ], [ 44.257690599229619, 28.185468207465298 ], [ 44.254809400770419, 28.189531792534744 ], [ 44.253395250108525, 28.203395250108528 ], [ 44.239531622992637, 28.20480957031252 ], [ 44.235468377007393, 28.207690429687521 ], [ 44.218698289659308, 28.208976236979186 ], [ 44.213761562771282, 28.212476603190126 ], [ 44.211250135633698, 28.22081807454429 ], [ 44.206301710340725, 28.217309570312519 ], [ 44.203844875759565, 28.216023763020853 ], [ 44.197968377007392, 28.22019042968752 ], [ 44.195511542426232, 28.221476236979186 ], [ 44.189583333333353, 28.217272949218771 ], [ 44.185468377007396, 28.22019042968752 ], [ 44.183333333333351, 28.220833333333353 ], [ 44.182613457573801, 28.232556830512173 ], [ 44.175, 28.233333333333356 ], [ 44.174432712131093, 28.235543823242207 ], [ 44.161854214138472, 28.24909634060332 ], [ 44.154875183105489, 28.250887383355057 ], [ 44.153599378797757, 28.260543823242209 ], [ 44.149604119194898, 28.265698920355923 ], [ 44.143622843424495, 28.267233954535612 ], [ 44.130070156521285, 28.279812282986132 ], [ 44.128599378797759, 28.285543823242207 ], [ 44.113067287868937, 28.301956176757834 ], [ 44.1125, 28.304166666666688 ], [ 44.113350931803403, 28.307482571072072 ], [ 44.118877156575536, 28.308900621202277 ], [ 44.124395921495243, 28.313503011067731 ], [ 44.125, 28.329166666666687 ], [ 44.124261813693593, 28.340943060980926 ], [ 44.097877671983525, 28.342322116427972 ], [ 44.093788994683173, 28.34517788357207 ], [ 44.08436906602649, 28.346645779079882 ], [ 44.082286749945766, 28.353389146592903 ], [ 44.070587497287342, 28.354822116427972 ], [ 44.064579433865035, 28.350625271267383 ], [ 44.055430094401061, 28.358408610026064 ], [ 44.053511216905399, 28.364622328016516 ], [ 44.050655449761301, 28.368711005316861 ], [ 44.049016994900185, 28.374016994900195 ], [ 44.045833333333348, 28.375 ], [ 44.046186659071196, 28.377424452039953 ], [ 44.049646674262171, 28.380908881293426 ], [ 44.05, 28.391666666666687 ], [ 44.043622843424494, 28.392233954535612 ], [ 44.038467746310779, 28.396229383680577 ], [ 44.03693271213109, 28.402210489908875 ], [ 44.029733954535608, 28.410289510091168 ], [ 44.028599378797757, 28.414710489908877 ], [ 44.02025044759116, 28.424080403645856 ], [ 44.014456176757825, 28.425567287868947 ], [ 44.010543823242202, 28.428599378797767 ], [ 44.005017598470069, 28.430017428927975 ], [ 44.003599378797759, 28.43554382324221 ], [ 44.00056728786894, 28.439456176757837 ], [ 44.0, 28.441666666666688 ], [ 43.993408881293419, 28.442019992404536 ], [ 43.989924452039944, 28.44548000759551 ], [ 43.9857871161567, 28.446186659071202 ], [ 43.98125, 28.441681247287349 ], [ 43.977424452039948, 28.44548000759551 ], [ 43.973284403483085, 28.446186659071202 ], [ 43.964924452039945, 28.437853325737869 ], [ 43.960784403483089, 28.437146674262173 ], [ 43.952424452039942, 28.44548000759551 ], [ 43.947575547960085, 28.446186659071202 ], [ 43.939924452039946, 28.453813340928843 ], [ 43.929166666666681, 28.454166666666691 ], [ 43.928811815049926, 28.44754774305558 ], [ 43.919091118706611, 28.437853325737869 ], [ 43.910075547960083, 28.437146674262173 ], [ 43.905879550509994, 28.432980007595507 ], [ 43.880908881293415, 28.433686659071203 ], [ 43.872548929850275, 28.442019992404536 ], [ 43.860046217176667, 28.441311645507835 ], [ 43.854519992404526, 28.435757785373287 ], [ 43.853813340928831, 28.430908881293426 ], [ 43.850353325737863, 28.427424452039954 ], [ 43.85, 28.425 ], [ 43.843408881293435, 28.42535332573787 ], [ 43.835757785373296, 28.432980007595507 ], [ 43.830908881293432, 28.433686659071203 ], [ 43.827424452039963, 28.437146674262173 ], [ 43.825, 28.4375 ], [ 43.822789510091177, 28.4369327121311 ], [ 43.818877156575553, 28.43390062120228 ], [ 43.814456176757844, 28.432766045464433 ], [ 43.80637715657555, 28.425567287868947 ], [ 43.795086669921901, 28.4244327121311 ], [ 43.788467746310793, 28.429562717013912 ], [ 43.786932712131104, 28.43554382324221 ], [ 43.778160603841172, 28.445214843750023 ], [ 43.756122843424507, 28.44640062120228 ], [ 43.73971048990888, 28.461932712131098 ], [ 43.734184095594649, 28.463350762261307 ], [ 43.733333333333363, 28.46666666666669 ], [ 43.725, 28.46666666666669 ], [ 43.724432712131104, 28.464456176757835 ], [ 43.721400621202285, 28.460543823242212 ], [ 43.71998257107208, 28.455017428927974 ], [ 43.714456176757842, 28.453599378797765 ], [ 43.710543823242219, 28.450567287868946 ], [ 43.704827880859405, 28.449100409613738 ], [ 43.704166666666694, 28.441666666666688 ], [ 43.689456176757844, 28.441099378797766 ], [ 43.68137715657555, 28.43390062120228 ], [ 43.678229437934057, 28.432766045464433 ], [ 43.667586263020858, 28.442249552408878 ], [ 43.665753173828151, 28.449392361111133 ], [ 43.634246826171903, 28.450607638888911 ], [ 43.633333333333361, 28.454166666666691 ], [ 43.622575547960096, 28.454519992404535 ], [ 43.619091118706628, 28.457980007595509 ], [ 43.6125, 28.458333333333357 ], [ 43.605908881293431, 28.457980007595509 ], [ 43.602424452039955, 28.454519992404535 ], [ 43.597575547960098, 28.453813340928843 ], [ 43.594091118706622, 28.450353325737868 ], [ 43.591666666666697, 28.45 ], [ 43.5875, 28.45 ], [ 43.587142266167561, 28.447545030381967 ], [ 43.577424452039956, 28.437853325737869 ], [ 43.568378702799507, 28.437144300672767 ], [ 43.562853325737876, 28.431591118706621 ], [ 43.562145657009573, 28.414213392469641 ], [ 43.556591118706628, 28.408686659071204 ], [ 43.554166666666696, 28.408333333333356 ], [ 43.543408881293431, 28.408686659071204 ], [ 43.539924452039955, 28.412146674262175 ], [ 43.527453613281274, 28.412853325737871 ], [ 43.523257785373289, 28.408686659071204 ], [ 43.520833333333357, 28.408333333333356 ], [ 43.51445617675784, 28.407766045464431 ], [ 43.510543823242216, 28.404733954535612 ], [ 43.497048272026937, 28.403599378797765 ], [ 43.494945949978323, 28.411791653103322 ], [ 43.485289510091171, 28.413067287868945 ], [ 43.481377156575547, 28.416099378797764 ], [ 43.465920003255235, 28.417233954535611 ], [ 43.460543823242212, 28.413067287868945 ], [ 43.456122843424509, 28.411932712131097 ], [ 43.452210489908879, 28.408900621202278 ], [ 43.435289510091174, 28.407766045464431 ], [ 43.43137715657555, 28.404733954535612 ], [ 43.422789510091171, 28.403599378797765 ], [ 43.41875, 28.400468614366343 ], [ 43.414710489908877, 28.403599378797765 ], [ 43.40833333333336, 28.40416666666669 ], [ 43.40833333333336, 28.408333333333356 ], [ 43.408686659071208, 28.414924452039951 ], [ 43.416313340928845, 28.422575547960093 ], [ 43.417019992404541, 28.435757785373287 ], [ 43.420480007595515, 28.439242214626759 ], [ 43.421186659071211, 28.44409111870662 ], [ 43.424646674262178, 28.447575547960092 ], [ 43.425353325737873, 28.460757785373286 ], [ 43.428813340928848, 28.464242214626758 ], [ 43.429166666666696, 28.46666666666669 ], [ 43.428813340928848, 28.469091118706618 ], [ 43.417019992404541, 28.480908881293423 ], [ 43.416313340928845, 28.494091118706621 ], [ 43.412853325737871, 28.497575547960093 ], [ 43.412146674262182, 28.510046386718773 ], [ 43.416313340928845, 28.514242214626758 ], [ 43.416666666666693, 28.516666666666691 ], [ 43.416313340928845, 28.527424452039952 ], [ 43.412853325737871, 28.530908881293428 ], [ 43.4125, 28.5375 ], [ 43.412858072916691, 28.539957004123288 ], [ 43.418408881293431, 28.545480007595508 ], [ 43.423257785373288, 28.546186659071203 ], [ 43.427083333333357, 28.549985419379365 ], [ 43.431620279947943, 28.545480007595508 ], [ 43.452424452039956, 28.546186659071203 ], [ 43.455908881293432, 28.549646674262178 ], [ 43.458333333333357, 28.55 ], [ 43.458900621202282, 28.552210489908877 ], [ 43.461932712131102, 28.556122843424504 ], [ 43.463067287868952, 28.56054382324221 ], [ 43.470266045464435, 28.568622843424503 ], [ 43.471400621202285, 28.573043823242212 ], [ 43.474432712131104, 28.576956176757836 ], [ 43.475567287868948, 28.581377156575545 ], [ 43.478599378797767, 28.585289510091169 ], [ 43.479733954535618, 28.589710489908878 ], [ 43.482766045464437, 28.593622843424502 ], [ 43.483979288737004, 28.607263522677975 ], [ 43.488246663411488, 28.608900621202281 ], [ 43.49375, 28.604635281033008 ], [ 43.497789510091174, 28.607766045464434 ], [ 43.503315904405412, 28.609184095594642 ], [ 43.504733954535617, 28.614710489908877 ], [ 43.507766045464436, 28.618622843424504 ], [ 43.508333333333361, 28.620833333333358 ], [ 43.506122843424507, 28.62140062120228 ], [ 43.502210489908883, 28.6244327121311 ], [ 43.496477932400204, 28.625903998480926 ], [ 43.495266045464433, 28.642413330078149 ], [ 43.499432712131103, 28.647789510091169 ], [ 43.500567287868954, 28.650746663411482 ], [ 43.496400621202284, 28.656122843424505 ], [ 43.495833333333358, 28.6625 ], [ 43.496400621202284, 28.668877156575544 ], [ 43.500396050347248, 28.674032253689262 ], [ 43.507725694444474, 28.675913492838568 ], [ 43.508333333333361, 28.691666666666691 ], [ 43.508900621202287, 28.698043823242212 ], [ 43.512038167317733, 28.702092149522592 ], [ 43.504733954535617, 28.710289510091169 ], [ 43.503599378797773, 28.714710489908878 ], [ 43.499432712131103, 28.720086669921898 ], [ 43.500738864474854, 28.72828708224829 ], [ 43.504166666666691, 28.729166666666693 ], [ 43.506591118706623, 28.729519992404537 ], [ 43.512141927083363, 28.735042995876761 ], [ 43.5125, 28.7375 ], [ 43.511838785807321, 28.744933742947072 ], [ 43.504790242513046, 28.746742418077282 ], [ 43.504166666666691, 28.758333333333358 ], [ 43.503813340928843, 28.76075778537329 ], [ 43.500353325737876, 28.764242214626762 ], [ 43.499646674262181, 28.768382432725719 ], [ 43.508319430881102, 28.777082655164957 ], [ 43.504519992404539, 28.780908881293428 ], [ 43.503813340928843, 28.785757785373288 ], [ 43.500353325737876, 28.789242214626761 ], [ 43.499646674262181, 28.794091118706621 ], [ 43.496186659071206, 28.797575547960093 ], [ 43.495480007595511, 28.802424452039958 ], [ 43.492019992404543, 28.805908881293426 ], [ 43.491313340928848, 28.810757785373291 ], [ 43.477450900607664, 28.824645996093775 ], [ 43.466666666666697, 28.825 ], [ 43.466666666666697, 28.829166666666691 ], [ 43.467517428927977, 28.832482571072074 ], [ 43.47083333333336, 28.833333333333357 ], [ 43.481591118706625, 28.833686659071205 ], [ 43.485075547960093, 28.837146674262179 ], [ 43.491666666666696, 28.8375 ], [ 43.492322116427978, 28.839622328016517 ], [ 43.495177883572076, 28.843711005316866 ], [ 43.496591186523467, 28.861763848198812 ], [ 43.508333333333361, 28.8625 ], [ 43.508333333333361, 28.866666666666692 ], [ 43.507980007595513, 28.873257785373291 ], [ 43.504519992404539, 28.876742214626763 ], [ 43.503813340928843, 28.885049099392386 ], [ 43.512146674262183, 28.893408881293428 ], [ 43.512853325737872, 28.914213053385442 ], [ 43.508686659071209, 28.918408881293431 ], [ 43.507980007595513, 28.923257785373291 ], [ 43.500353325737876, 28.93090888129343 ], [ 43.499646674262181, 28.935046386718778 ], [ 43.503813340928843, 28.939242214626763 ], [ 43.504519992404539, 28.952424452039956 ], [ 43.507980007595513, 28.955908881293428 ], [ 43.508686659071209, 28.964924452039956 ], [ 43.512146674262183, 28.968408881293428 ], [ 43.5125, 28.97083333333336 ], [ 43.511649237738744, 28.974149237738743 ], [ 43.504827880859402, 28.975899590386312 ], [ 43.503599378797773, 28.98971048990888 ], [ 43.500567287868954, 28.993622843424507 ], [ 43.499149237738742, 28.999149237738742 ], [ 43.493622843424504, 29.00056728786895 ], [ 43.48971048990888, 29.00359937879777 ], [ 43.484184095594642, 29.005017428927978 ], [ 43.483333333333363, 29.008333333333361 ], [ 43.483333333333363, 29.0125 ], [ 43.485757785373288, 29.012853325737876 ], [ 43.495475599500892, 29.02254503038197 ], [ 43.495833333333358, 29.025 ], [ 43.498043823242213, 29.025567287868952 ], [ 43.506122843424507, 29.032766045464438 ], [ 43.523043823242212, 29.033900621202285 ], [ 43.531122843424505, 29.041099378797771 ], [ 43.540747070312527, 29.042370944552978 ], [ 43.545266045464437, 29.047789510091174 ], [ 43.546684095594642, 29.053315904405409 ], [ 43.55221048990888, 29.054733954535617 ], [ 43.556122843424504, 29.057766045464437 ], [ 43.561791653103327, 29.059220716688394 ], [ 43.563208346896729, 29.069945949978326 ], [ 43.566666666666691, 29.070833333333361 ], [ 43.569091118706623, 29.070480007595513 ], [ 43.572575547960099, 29.067019992404543 ], [ 43.579166666666694, 29.066666666666695 ], [ 43.579521687825547, 29.060046386718778 ], [ 43.585075547960095, 29.05451999240454 ], [ 43.589924452039959, 29.053813340928848 ], [ 43.593408881293428, 29.050353325737873 ], [ 43.598257785373292, 29.049646674262181 ], [ 43.601742214626761, 29.046186659071207 ], [ 43.604166666666693, 29.045833333333359 ], [ 43.604733954535618, 29.048043823242214 ], [ 43.607766045464437, 29.051956176757841 ], [ 43.609252929687528, 29.057750447591172 ], [ 43.618622843424504, 29.06609937879777 ], [ 43.639710489908879, 29.067233954535617 ], [ 43.643622843424509, 29.070266045464436 ], [ 43.653247070312531, 29.071537611219647 ], [ 43.657766045464442, 29.07695617675784 ], [ 43.659301079644123, 29.082937282986137 ], [ 43.664456176757838, 29.086932712131105 ], [ 43.669982571072076, 29.088350762261314 ], [ 43.671684095594649, 29.094982571072077 ], [ 43.678583780924505, 29.096752929687529 ], [ 43.686932712131103, 29.106122843424508 ], [ 43.688415527343778, 29.111901516384577 ], [ 43.708333333333364, 29.1125 ], [ 43.715767076280407, 29.113161214192736 ], [ 43.717233954535615, 29.11887715657555 ], [ 43.720373535156277, 29.122928195529543 ], [ 43.708900621202282, 29.135289510091173 ], [ 43.708333333333364, 29.1375 ], [ 43.710787285698814, 29.137857733832494 ], [ 43.728813340928845, 29.155908881293431 ], [ 43.729524739583361, 29.160790167914524 ], [ 43.735075547960101, 29.166313340928848 ], [ 43.7375, 29.166666666666696 ], [ 43.73971048990888, 29.166099378797771 ], [ 43.743622843424511, 29.163067287868952 ], [ 43.781377156575552, 29.161932712131104 ], [ 43.785289510091175, 29.158900621202285 ], [ 43.802951727973117, 29.157766045464438 ], [ 43.804166666666696, 29.1625 ], [ 43.804519992404543, 29.169091118706625 ], [ 43.812146674262181, 29.176742214626763 ], [ 43.812858072916697, 29.181623501247859 ], [ 43.818408881293429, 29.187146674262181 ], [ 43.823257785373293, 29.187853325737876 ], [ 43.830908881293432, 29.195480007595513 ], [ 43.833333333333364, 29.195833333333361 ], [ 43.834184095594651, 29.199149068196643 ], [ 43.8375, 29.2 ], [ 43.839710489908882, 29.200567287868953 ], [ 43.843622843424512, 29.203599378797772 ], [ 43.848043823242215, 29.204733954535619 ], [ 43.856122843424508, 29.211932712131105 ], [ 43.864710489908887, 29.213067287868952 ], [ 43.86875, 29.216197882758276 ], [ 43.874253336588573, 29.211932712131105 ], [ 43.881377156575553, 29.213067287868952 ], [ 43.885289510091177, 29.216099378797772 ], [ 43.889710489908886, 29.217233954535619 ], [ 43.893622843424509, 29.220266045464438 ], [ 43.898043823242219, 29.221400621202285 ], [ 43.903420003255235, 29.225567287868952 ], [ 43.914710489908884, 29.224432712131104 ], [ 43.920086669921908, 29.220266045464438 ], [ 43.923043823242217, 29.221400621202285 ], [ 43.931122843424511, 29.228599378797771 ], [ 43.937764485677114, 29.230303785536051 ], [ 43.93276604546444, 29.236753336588571 ], [ 43.934583197699681, 29.24148932562937 ], [ 43.939456176757844, 29.24526604546444 ], [ 43.944982571072082, 29.246684265136746 ], [ 43.946684095594648, 29.25331573486331 ], [ 43.952210489908886, 29.25473395453562 ], [ 43.972789510091175, 29.274432712131105 ], [ 43.975, 29.275 ], [ 43.974382358127187, 29.277160135904978 ], [ 43.971450975206182, 29.281173197428416 ], [ 43.970215691460517, 29.283802456325983 ], [ 43.974382358127187, 29.289506530761749 ], [ 43.975705634223104, 29.307526312934058 ], [ 43.986528354220937, 29.309101528591608 ], [ 43.9875, 29.3125 ], [ 43.990815734863297, 29.313350931803413 ], [ 43.992233954535607, 29.318877156575549 ], [ 43.995266045464426, 29.322789510091177 ], [ 43.996684265136736, 29.32831573486331 ], [ 44.002210489908869, 29.329733954535619 ], [ 44.010289510091162, 29.336932712131105 ], [ 44.02083333333335, 29.3375 ], [ 44.021450975206179, 29.339660135904978 ], [ 44.024382358127184, 29.343673197428416 ], [ 44.025617641872842, 29.356326802571644 ], [ 44.032715691460517, 29.364506530761748 ], [ 44.034135945638035, 29.374264865451419 ], [ 44.0479934692383, 29.375617641872861 ], [ 44.053007846408434, 29.379280598958363 ], [ 44.05478430853951, 29.385493469238313 ], [ 44.058447265625013, 29.39050784640845 ], [ 44.06574028862849, 29.392593044704892 ], [ 44.067284308539513, 29.397993469238312 ], [ 44.070215691460518, 29.402006530761749 ], [ 44.071826850043415, 29.407641262478329 ], [ 44.090673149956615, 29.409025404188398 ], [ 44.092284308539512, 29.414660135904978 ], [ 44.095947265625014, 29.419674513075115 ], [ 44.102160135904967, 29.421450975206191 ], [ 44.106173197428404, 29.4243823581272 ], [ 44.1104934692383, 29.425617641872861 ], [ 44.114506530761737, 29.428549024793867 ], [ 44.118826802571633, 29.429784308539528 ], [ 44.12283986409507, 29.432715691460533 ], [ 44.133600701226143, 29.434281921386749 ], [ 44.129784308539513, 29.439506530761747 ], [ 44.128549024793855, 29.446671719021296 ], [ 44.145215691460521, 29.464506530761749 ], [ 44.146450975206179, 29.468826802571645 ], [ 44.149382358127184, 29.472839864095082 ], [ 44.150926378038207, 29.478240288628502 ], [ 44.157406955295158, 29.480093044704891 ], [ 44.158333333333353, 29.483333333333363 ], [ 44.158900621202271, 29.485543823242217 ], [ 44.16193271213109, 29.489456176757844 ], [ 44.1633509318034, 29.494982401529978 ], [ 44.166666666666686, 29.495833333333366 ], [ 44.167349751790383, 29.519757588704458 ], [ 44.172955661349846, 29.52148878309465 ], [ 44.176503499348975, 29.523416646321646 ], [ 44.179822116427971, 29.529412502712706 ], [ 44.175655449761301, 29.535377671983539 ], [ 44.174344550238729, 29.539622328016524 ], [ 44.171488783094631, 29.543711005316872 ], [ 44.170177883572066, 29.546079169379372 ], [ 44.174344550238729, 29.552044338650205 ], [ 44.175655449761301, 29.560455661349856 ], [ 44.178511216905399, 29.564544338650204 ], [ 44.180149671766507, 29.569850328233539 ], [ 44.186726209852445, 29.571881103515658 ], [ 44.188155449761304, 29.583914862738748 ], [ 44.179822116427971, 29.593711005316873 ], [ 44.17840881347658, 29.611764017740917 ], [ 44.154958597819025, 29.613233947753937 ], [ 44.154166666666683, 29.620833333333366 ], [ 44.151742214626751, 29.621186659071213 ], [ 44.144091118706612, 29.628813340928851 ], [ 44.139242214626755, 29.629519992404546 ], [ 44.135757785373279, 29.632980007595517 ], [ 44.118408881293419, 29.633686659071213 ], [ 44.114582655164945, 29.637486097547775 ], [ 44.106591118706611, 29.629519992404546 ], [ 44.1, 29.629166666666698 ], [ 44.099646674262168, 29.631591118706631 ], [ 44.096186659071194, 29.635075547960103 ], [ 44.095480007595505, 29.639212883843349 ], [ 44.099646674262168, 29.643408881293436 ], [ 44.1, 29.645833333333364 ], [ 44.096759711371547, 29.646759711371558 ], [ 44.095215691460517, 29.652160135904978 ], [ 44.092284308539512, 29.656173197428416 ], [ 44.090864054361994, 29.665931532118087 ], [ 44.077006530761736, 29.667284308539529 ], [ 44.067773098415813, 29.675296698676249 ], [ 44.066666666666684, 29.679166666666699 ], [ 44.061932712131089, 29.680381605360274 ], [ 44.063134765625016, 29.69909362792972 ], [ 44.066666666666684, 29.7 ], [ 44.065998670789945, 29.715854220920171 ], [ 44.054901801215294, 29.717469278971386 ], [ 44.053449503580744, 29.732347106933627 ], [ 44.047839864095067, 29.733950975206195 ], [ 44.04382680257163, 29.736882358127204 ], [ 44.027006530761732, 29.738117641872861 ], [ 44.022993469238294, 29.74104902479387 ], [ 44.02083333333335, 29.741666666666699 ], [ 44.014242214626748, 29.742019992404547 ], [ 44.008689032660605, 29.747545539008279 ], [ 44.007980007595499, 29.756591118706631 ], [ 44.000353325737862, 29.764242214626769 ], [ 43.999646674262166, 29.76909111870663 ], [ 43.994119093153223, 29.774646504720085 ], [ 43.958333333333364, 29.775 ], [ 43.95833333333335, 29.779166666666701 ], [ 43.957734849717895, 29.799084303114181 ], [ 43.95416666666668, 29.8 ], [ 43.943673197428403, 29.799382527669287 ], [ 43.939660135904965, 29.79645080566408 ], [ 43.92599962022571, 29.795215861002621 ], [ 43.924382358127183, 29.806326972113734 ], [ 43.92071940104168, 29.811341349283872 ], [ 43.914506530761734, 29.813117472330745 ], [ 43.906326802571627, 29.820215861002623 ], [ 43.899530877007393, 29.821450805664078 ], [ 43.893826802571631, 29.817284138997415 ], [ 43.89119754367406, 29.816049194335953 ], [ 43.884492153591594, 29.820947265625016 ], [ 43.88233066134984, 29.828506808810779 ], [ 43.866666666666681, 29.829166666666683 ], [ 43.8625, 29.829166666666701 ], [ 43.8541666666667, 29.829166666666701 ], [ 43.8541666666667, 29.8375 ], [ 43.853315904405413, 29.840815734863316 ], [ 43.847789510091175, 29.842233954535622 ], [ 43.842634412977461, 29.846229214138489 ], [ 43.841099378797772, 29.852210489908888 ], [ 43.838067287868952, 29.856122843424512 ], [ 43.836932712131109, 29.859079996744825 ], [ 43.841099378797772, 29.864456176757848 ], [ 43.842233954535622, 29.873785061306457 ], [ 43.833971150716174, 29.875905693901942 ], [ 43.832695515950547, 29.894927639431458 ], [ 43.829166666666694, 29.895833333333368 ], [ 43.830093044704888, 29.89907362196184 ], [ 43.836748250325549, 29.900976392957933 ], [ 43.838117472330758, 29.911500379774338 ], [ 43.827006361219645, 29.913117641872866 ], [ 43.82299363878041, 29.916049024793871 ], [ 43.814506361219649, 29.917284308539532 ], [ 43.808367241753501, 29.922194417317741 ], [ 43.811943223741352, 29.927089945475295 ], [ 43.804784138997427, 29.935339864095088 ], [ 43.803549194335965, 29.939660135904983 ], [ 43.800617472330757, 29.943673197428421 ], [ 43.799073621961838, 29.949073621961841 ], [ 43.79238382975263, 29.950986226399774 ], [ 43.791666666666693, 29.958333333333368 ], [ 43.785289510091175, 29.958900621202289 ], [ 43.777210489908882, 29.966099378797779 ], [ 43.767554050021729, 29.967375183105503 ], [ 43.766666666592315, 29.970833333623229 ], [ 43.766049194335963, 29.972993469238315 ], [ 43.753563096788227, 29.98667822943797 ], [ 43.742460801866351, 29.988294135199688 ], [ 43.740859646267388, 29.999294365776944 ], [ 43.722839694552981, 30.000617641872864 ], [ 43.718826972113746, 30.003549024793873 ], [ 43.714506361219648, 30.004784308539531 ], [ 43.70527309841583, 30.012796698676251 ], [ 43.7032402886285, 30.019906955295173 ], [ 43.697839694552982, 30.0214509752062 ], [ 43.69382697211374, 30.024382358127205 ], [ 43.691666666666698, 30.025 ], [ 43.691666666666698, 30.041666666666686 ], [ 43.691666666666698, 30.045833333333352 ], [ 43.689456176757844, 30.046400621202277 ], [ 43.684301079644129, 30.050396050347242 ], [ 43.682482571072079, 30.057482571072068 ], [ 43.676956176757841, 30.058900621202277 ], [ 43.663403659396728, 30.071478949652796 ], [ 43.661932712131104, 30.077210489908872 ], [ 43.65793728298614, 30.08236558702259 ], [ 43.650708346896728, 30.084220716688389 ], [ 43.649313693576417, 30.094778781467035 ], [ 43.645086669921902, 30.096400621202278 ], [ 43.639710489908879, 30.092233954535608 ], [ 43.636502414279541, 30.091099378797765 ], [ 43.621436564127634, 30.10519273546009 ], [ 43.620833333333358, 30.120833333333351 ], [ 43.624149237738742, 30.121684095594638 ], [ 43.625967746310792, 30.128770616319464 ], [ 43.631122843424507, 30.132766045464429 ], [ 43.63806728786895, 30.13454827202693 ], [ 43.636803181966172, 30.144942898220506 ], [ 43.631122843424507, 30.146400621202275 ], [ 43.627210489908883, 30.149432712131095 ], [ 43.621684095594645, 30.150850762261307 ], [ 43.62026604546444, 30.156377156575541 ], [ 43.617233954535621, 30.160289510091165 ], [ 43.615698920355932, 30.166270616319466 ], [ 43.610543823242217, 30.17026604546443 ], [ 43.597789510091175, 30.171400621202277 ], [ 43.593877156575552, 30.174432712131097 ], [ 43.58425292968753, 30.175704277886304 ], [ 43.578599378797769, 30.182483249240473 ], [ 43.580156792534751, 30.186684841579883 ], [ 43.583333333333364, 30.1875 ], [ 43.585543823242219, 30.188067287868943 ], [ 43.589456176757842, 30.191099378797762 ], [ 43.59543728298614, 30.192634412977451 ], [ 43.599432712131104, 30.197789510091166 ], [ 43.60085076226131, 30.203315904405404 ], [ 43.604166666666693, 30.204166666666687 ], [ 43.604166666666693, 30.220833333333353 ], [ 43.601993815104194, 30.221438259548631 ], [ 43.596728854709227, 30.225341796875021 ], [ 43.595228407118086, 30.233873833550369 ], [ 43.600443861219645, 30.240908474392381 ], [ 43.599215020073814, 30.24922315809464 ], [ 43.589493815104191, 30.250604926215299 ], [ 43.583983696831623, 30.255058458116341 ], [ 43.583333333333364, 30.270833333333353 ], [ 43.567479112413224, 30.271501329210089 ], [ 43.566049194335967, 30.281326972113735 ], [ 43.563117472330759, 30.285339694552974 ], [ 43.561573621961834, 30.290740288628495 ], [ 43.554935031467039, 30.292638481987868 ], [ 43.553549194335965, 30.302160305447071 ], [ 43.550617472330757, 30.306173027886306 ], [ 43.549382527669295, 30.31466030544707 ], [ 43.545719401041694, 30.319674682617208 ], [ 43.538426378038224, 30.321759711371548 ], [ 43.536882527669299, 30.32716030544707 ], [ 43.533950805664091, 30.331173027886308 ], [ 43.53333333333336, 30.333333333333353 ], [ 43.521742418077281, 30.333956909179708 ], [ 43.520833333333357, 30.3375 ], [ 43.520480007595516, 30.339924452039952 ], [ 43.517019992404542, 30.343408881293424 ], [ 43.516313340928846, 30.356591118706618 ], [ 43.508686659071209, 30.364242214626756 ], [ 43.508333333333361, 30.370833333333355 ], [ 43.505908881293429, 30.370480007595507 ], [ 43.502424452039961, 30.367019992404536 ], [ 43.495833333333358, 30.366666666666688 ], [ 43.493622843424504, 30.367233954535614 ], [ 43.48971048990888, 30.370266045464433 ], [ 43.481122843424508, 30.37140062120228 ], [ 43.477083333333361, 30.374531385633702 ], [ 43.472907850477455, 30.371295166015646 ], [ 43.464710489908882, 30.378599378797766 ], [ 43.460289510091172, 30.379733954535613 ], [ 43.455134412977458, 30.383729383680578 ], [ 43.453599378797769, 30.389710489908875 ], [ 43.45056728786895, 30.393622843424502 ], [ 43.449432712131106, 30.404913330078148 ], [ 43.453599378797769, 30.410289510091168 ], [ 43.454733954535619, 30.417413330078148 ], [ 43.45056728786895, 30.422789510091167 ], [ 43.449112616644989, 30.428458319769987 ], [ 43.439456176757837, 30.429733954535614 ], [ 43.43541666666669, 30.432864718967036 ], [ 43.430385335286488, 30.428965250651064 ], [ 43.425714111328148, 30.430012342664952 ], [ 43.4244327121311, 30.439710489908876 ], [ 43.421400621202281, 30.443622843424503 ], [ 43.420147026909746, 30.453112114800369 ], [ 43.415920003255238, 30.454733954535612 ], [ 43.410543823242215, 30.450567287868946 ], [ 43.407483249240478, 30.449432712131099 ], [ 43.400603908962701, 30.455169677734396 ], [ 43.4, 30.470833333333356 ], [ 43.389531792534747, 30.470190429687523 ], [ 43.380134752061657, 30.462143283420161 ], [ 43.378523763020858, 30.453844875759572 ], [ 43.383607991536486, 30.446674262152801 ], [ 43.366344875759573, 30.445190429687521 ], [ 43.360468207465303, 30.449357096354188 ], [ 43.354911634657142, 30.451030137803841 ], [ 43.354166666666693, 30.458333333333357 ], [ 43.354784138997424, 30.460493638780406 ], [ 43.358950805664087, 30.466197374131966 ], [ 43.357715861002632, 30.481326972113738 ], [ 43.345371500651069, 30.494856431749156 ], [ 43.357361518012176, 30.496601698133702 ], [ 43.358950805664087, 30.50216030544707 ], [ 43.361882527669295, 30.506173027886309 ], [ 43.363117472330757, 30.51882697211374 ], [ 43.370215861002627, 30.527006361219641 ], [ 43.37145080566409, 30.531326972113739 ], [ 43.379345364040823, 30.540424262152801 ], [ 43.372839694552979, 30.54228413899742 ], [ 43.368826972113737, 30.545215861002628 ], [ 43.362613932291694, 30.546991984049502 ], [ 43.357715861002632, 30.553697374131968 ], [ 43.359141031901068, 30.561539713541691 ], [ 43.3625, 30.5625 ], [ 43.3625, 30.575 ], [ 43.3625, 30.5875 ], [ 43.360075547960093, 30.587853325737871 ], [ 43.356591118706625, 30.591313340928842 ], [ 43.354166666666693, 30.59166666666669 ], [ 43.354519992404541, 30.594091118706622 ], [ 43.357980007595515, 30.597575547960094 ], [ 43.358686659071203, 30.606591118706621 ], [ 43.362146674262178, 30.610075547960093 ], [ 43.362853325737873, 30.622546386718774 ], [ 43.358686659071203, 30.626742214626759 ], [ 43.357980007595515, 30.639215766059053 ], [ 43.366313340928848, 30.647575547960095 ], [ 43.367019992404536, 30.664924452039955 ], [ 43.370480007595511, 30.668408881293427 ], [ 43.371186659071206, 30.676713053385441 ], [ 43.367019992404536, 30.680908881293426 ], [ 43.366313340928848, 30.685757785373287 ], [ 43.358686659071203, 30.693408881293429 ], [ 43.357980007595515, 30.70171305338544 ], [ 43.362146674262178, 30.705908881293428 ], [ 43.3625, 30.71666666666669 ], [ 43.360339694552977, 30.717284138997421 ], [ 43.356326972113742, 30.720215861002629 ], [ 43.350926378038217, 30.721759711371554 ], [ 43.349382527669299, 30.727160305447072 ], [ 43.346450805664091, 30.73117302788631 ], [ 43.345098198784747, 30.74503072102867 ], [ 43.335339694552978, 30.746450805664086 ], [ 43.33125, 30.749438476562524 ], [ 43.327160305447073, 30.746450805664086 ], [ 43.320833333333361, 30.745833333333358 ], [ 43.316666666666691, 30.745833333333358 ], [ 43.316313340928843, 30.769091118706623 ], [ 43.312853325737876, 30.772575547960095 ], [ 43.3125, 30.791666666666693 ], [ 43.313350762261308, 30.794982571072072 ], [ 43.318877156575546, 30.796400621202281 ], [ 43.323862711588568, 30.800264485677108 ], [ 43.325, 30.795833333333359 ], [ 43.340753173828148, 30.796440972222246 ], [ 43.34166666666669, 30.8 ], [ 43.34166666666669, 30.804166666666692 ], [ 43.342019992404538, 30.806591118706621 ], [ 43.345818752712702, 30.810416666666693 ], [ 43.342019992404538, 30.814242214626763 ], [ 43.341313340928842, 30.835046386718776 ], [ 43.345480007595512, 30.839242214626761 ], [ 43.346186659071208, 30.843383110894123 ], [ 43.333346896701414, 30.856249321831623 ], [ 43.337146674262179, 30.860075547960093 ], [ 43.3375, 30.875 ], [ 43.337146674262179, 30.877424452039957 ], [ 43.321186659071209, 30.893408881293428 ], [ 43.320480007595513, 30.897546386718776 ], [ 43.324646674262176, 30.901742214626761 ], [ 43.325353325737872, 30.91004977756079 ], [ 43.312853325737876, 30.922575547960097 ], [ 43.3125, 30.929166666666692 ], [ 43.315815904405405, 30.930017428927979 ], [ 43.317517428927978, 30.936649237738742 ], [ 43.323043823242216, 30.93806728786895 ], [ 43.328198920355931, 30.942062717013915 ], [ 43.329733954535612, 30.948043823242212 ], [ 43.332766045464439, 30.95195617675784 ], [ 43.333956909179712, 30.974090915256102 ], [ 43.340958319769989, 30.975887383355062 ], [ 43.342233954535615, 30.985543823242214 ], [ 43.345266045464435, 30.989456176757841 ], [ 43.346400621202285, 31.00221048990888 ], [ 43.349432712131104, 31.006122843424507 ], [ 43.35, 31.0125 ], [ 43.356591118706625, 31.012853325737876 ], [ 43.368408881293426, 31.024646674262179 ], [ 43.373257785373291, 31.025353325737875 ], [ 43.376742214626759, 31.028813340928846 ], [ 43.379166666666691, 31.029166666666693 ], [ 43.379883829752629, 31.036513604058186 ], [ 43.38549363878041, 31.038117472330757 ], [ 43.389583333333363, 31.041105143229196 ], [ 43.393673027886308, 31.038117472330757 ], [ 43.42130262586808, 31.036882527669299 ], [ 43.427006361219647, 31.041049194335965 ], [ 43.440864054362002, 31.042401801215306 ], [ 43.442284138997422, 31.052160305447075 ], [ 43.449443223741348, 31.060410224066867 ], [ 43.446450805664085, 31.064506361219646 ], [ 43.44521586100263, 31.067403496636313 ], [ 43.453549194335963, 31.077006361219645 ], [ 43.454784138997425, 31.081326972113743 ], [ 43.457715861002633, 31.085339694552978 ], [ 43.459050496419295, 31.099013604058186 ], [ 43.464660305447076, 31.100617472330757 ], [ 43.47014702690975, 31.10500590006513 ], [ 43.47083333333336, 31.116666666666696 ], [ 43.473257785373292, 31.117019992404543 ], [ 43.476742214626761, 31.120480007595514 ], [ 43.493382432725724, 31.12118665907121 ], [ 43.501742214626766, 31.112853325737873 ], [ 43.505882771809922, 31.112146674262181 ], [ 43.516308932834228, 31.122545030381971 ], [ 43.516666666666694, 31.125 ], [ 43.520833333333357, 31.125 ], [ 43.525, 31.125 ], [ 43.525, 31.129166666666695 ], [ 43.524646674262179, 31.131591118706623 ], [ 43.521186659071205, 31.135075547960099 ], [ 43.520833333333357, 31.15 ], [ 43.517517428927981, 31.150850762261314 ], [ 43.516666666666694, 31.154166666666693 ], [ 43.512235514322946, 31.155303955078153 ], [ 43.516099378797769, 31.160289510091175 ], [ 43.516666666666694, 31.1625 ], [ 43.517019992404542, 31.164924452039958 ], [ 43.520480007595516, 31.168408881293431 ], [ 43.520833333333357, 31.170833333333363 ], [ 43.520480007595516, 31.177424452039958 ], [ 43.512853325737872, 31.185075547960096 ], [ 43.512146674262183, 31.198257785373293 ], [ 43.506620279947946, 31.203811815049942 ], [ 43.5, 31.204166666666694 ], [ 43.499032253689265, 31.20039588080515 ], [ 43.492413330078151, 31.195266045464439 ], [ 43.489456176757841, 31.196400621202287 ], [ 43.485543823242217, 31.199432712131106 ], [ 43.480017428927979, 31.200850931803416 ], [ 43.478247070312527, 31.207750447591174 ], [ 43.468877156575545, 31.216099378797772 ], [ 43.463350762261314, 31.217517598470081 ], [ 43.461932712131102, 31.223043823242215 ], [ 43.458900621202282, 31.226956176757842 ], [ 43.457433742947075, 31.232672119140652 ], [ 43.443622843424507, 31.233900621202284 ], [ 43.439710489908883, 31.236932712131104 ], [ 43.429166666666696, 31.2375 ], [ 43.428561740451414, 31.243839348687096 ], [ 43.425604926215307, 31.247827317979628 ], [ 43.424283854166696, 31.261670260959232 ], [ 43.416126166449679, 31.263105095757407 ], [ 43.410506184895858, 31.25893842909074 ], [ 43.403626166449676, 31.257728237575982 ], [ 43.398006184895863, 31.261894904242652 ], [ 43.395292833116343, 31.263105095757407 ], [ 43.389672851562523, 31.25893842909074 ], [ 43.383333333333361, 31.258333333333361 ], [ 43.380017428927978, 31.259184265136746 ], [ 43.378599378797766, 31.264710489908882 ], [ 43.367233954535614, 31.276956176757842 ], [ 43.366666666666696, 31.283333333333363 ], [ 43.366666666666696, 31.2875 ], [ 43.363350762261312, 31.288350931803414 ], [ 43.3619327121311, 31.293877156575551 ], [ 43.357373385959228, 31.299344041612443 ], [ 43.343622843424505, 31.300567287868951 ], [ 43.338119167751763, 31.305157131618952 ], [ 43.3375, 31.316666666666695 ], [ 43.337853325737875, 31.323257785373293 ], [ 43.345820109049505, 31.33125 ], [ 43.337853325737875, 31.339242214626765 ], [ 43.337146674262179, 31.348257785373292 ], [ 43.327452256944468, 31.357978481716611 ], [ 43.320833333333361, 31.358333333333363 ], [ 43.321186659071209, 31.360757785373295 ], [ 43.324646674262176, 31.364242214626767 ], [ 43.325353325737872, 31.37254621717668 ], [ 43.321186659071209, 31.376742214626766 ], [ 43.320833333333361, 31.379166666666698 ], [ 43.320833333333361, 31.395833333333364 ], [ 43.321191067165827, 31.398288472493519 ], [ 43.330908881293425, 31.407980007595516 ], [ 43.335757785373289, 31.408686659071211 ], [ 43.339242214626765, 31.412146674262182 ], [ 43.34166666666669, 31.4125 ], [ 43.341006808810789, 31.428163994683189 ], [ 43.335339694552978, 31.429784308539528 ], [ 43.325831773546035, 31.438035074869823 ], [ 43.324194335937527, 31.449284362792998 ], [ 43.307864040798634, 31.45061764187286 ], [ 43.302160305447075, 31.446450975206194 ], [ 43.2875, 31.445833333333365 ], [ 43.288067287868948, 31.477210489908884 ], [ 43.291099378797767, 31.481122843424508 ], [ 43.292517428927979, 31.486649068196645 ], [ 43.295833333333356, 31.4875 ], [ 43.296186659071203, 31.489924452039961 ], [ 43.307980007595511, 31.501742214626766 ], [ 43.308333333333358, 31.504166666666698 ], [ 43.308940972222246, 31.519920010036923 ], [ 43.314710489908876, 31.521400621202289 ], [ 43.318622843424507, 31.524432712131109 ], [ 43.320833333333361, 31.525 ], [ 43.320833333333361, 31.533333333333363 ], [ 43.318408881293429, 31.533686659071211 ], [ 43.310757785373291, 31.541313340928852 ], [ 43.295833333333356, 31.5416666666667 ], [ 43.2875, 31.5416666666667 ], [ 43.28418409559464, 31.542517598470084 ], [ 43.28333333333336, 31.545833333333363 ], [ 43.282980007595512, 31.556591118706628 ], [ 43.277457004123292, 31.562141927083363 ], [ 43.275, 31.5625 ], [ 43.271684095594644, 31.563350931803416 ], [ 43.270833333333357, 31.566666666666698 ], [ 43.258333333333361, 31.566666666666698 ], [ 43.247575547960096, 31.567019992404546 ], [ 43.243749321831622, 31.57081960042321 ], [ 43.231591118706625, 31.558686659071213 ], [ 43.195833333333354, 31.558333333333366 ], [ 43.19640062120228, 31.56054382324222 ], [ 43.199531385633705, 31.564583333333363 ], [ 43.196301947699681, 31.56875 ], [ 43.199432712131099, 31.572789510091177 ], [ 43.20056728786895, 31.57574666341149 ], [ 43.19640062120228, 31.581122843424509 ], [ 43.194945949978326, 31.586791483561228 ], [ 43.185289510091167, 31.588067287868956 ], [ 43.164710489908877, 31.607766045464441 ], [ 43.143622843424502, 31.608900621202288 ], [ 43.139710489908879, 31.611932712131107 ], [ 43.1375, 31.6125 ], [ 43.135075547960092, 31.612853325737881 ], [ 43.127424452039953, 31.620480007595518 ], [ 43.119120279947943, 31.621186659071213 ], [ 43.114924452039958, 31.617019992404547 ], [ 43.108333333333356, 31.616666666666699 ], [ 43.106122843424501, 31.616099378797774 ], [ 43.102210489908877, 31.613067287868954 ], [ 43.097789510091168, 31.611932712131107 ], [ 43.09375, 31.608802117241787 ], [ 43.089571804470509, 31.61204020182295 ], [ 43.077083333333356, 31.600449286566871 ], [ 43.063403659396727, 31.613145785861576 ], [ 43.061649237738742, 31.619982401529981 ], [ 43.056122843424504, 31.621400621202287 ], [ 43.05221048990888, 31.62443271213111 ], [ 43.05, 31.625 ], [ 43.0506049262153, 31.639672682020432 ], [ 43.054610527886311, 31.645075310601161 ], [ 43.053381686740472, 31.653389824761316 ], [ 43.043660481770857, 31.654771762424076 ], [ 43.039672851562521, 31.657728237575988 ], [ 43.030117119683183, 31.659086778428851 ], [ 43.028561740451408, 31.664672682020431 ], [ 43.025604926215301, 31.668660651312965 ], [ 43.025, 31.670833333333366 ], [ 43.018408881293425, 31.671186659071214 ], [ 43.014924452039956, 31.674646674262185 ], [ 43.0125, 31.675 ], [ 43.01028951009117, 31.674432712131107 ], [ 43.006377156575546, 31.671400621202288 ], [ 43.000850762261308, 31.669982401529978 ], [ 42.999188910590298, 31.663506740993956 ], [ 42.995086669921896, 31.661932712131108 ], [ 42.98971048990888, 31.666099378797774 ], [ 42.986753336588563, 31.667233954535622 ], [ 42.981377156575547, 31.663067287868955 ], [ 42.972789510091168, 31.661932712131108 ], [ 42.964710489908875, 31.654733954535622 ], [ 42.94778951009117, 31.653599378797775 ], [ 42.943877156575546, 31.650567287868956 ], [ 42.938350762261308, 31.649149068196646 ], [ 42.936649237738735, 31.642517598470086 ], [ 42.92987501356339, 31.640779283311666 ], [ 42.928599378797763, 31.63112284342451 ], [ 42.925567287868944, 31.627210489908887 ], [ 42.924376424153671, 31.605075920952721 ], [ 42.918622843424501, 31.603599378797774 ], [ 42.91309034559464, 31.598985629611576 ], [ 42.9125, 31.575 ], [ 42.9125, 31.566666666666698 ], [ 42.90918409559464, 31.565815734863314 ], [ 42.908333333333353, 31.5625 ], [ 42.901742214626758, 31.56285332573788 ], [ 42.898257785373289, 31.566313340928851 ], [ 42.889242214626755, 31.567019992404546 ], [ 42.885757785373286, 31.570480007595517 ], [ 42.858333333333356, 31.570833333333365 ], [ 42.856211005316865, 31.570177883572079 ], [ 42.852122328016513, 31.567322116427981 ], [ 42.829924519856789, 31.565930684407583 ], [ 42.828434244791687, 31.546893819173206 ], [ 42.821693929036478, 31.544812520345083 ], [ 42.820177883572072, 31.537254163954024 ], [ 42.824908786349852, 31.530481465657584 ], [ 42.831288994683185, 31.528511216905414 ], [ 42.843711005316862, 31.517322116427984 ], [ 42.852122328016513, 31.516011216905412 ], [ 42.856211005316865, 31.513155449761314 ], [ 42.868788994683179, 31.511844550238745 ], [ 42.872877671983531, 31.508988783094651 ], [ 42.877122328016512, 31.507677883572079 ], [ 42.881211005316864, 31.504822116427981 ], [ 42.883333333333354, 31.504166666666698 ], [ 42.882980007595506, 31.4975755479601 ], [ 42.878813340928843, 31.493379550510014 ], [ 42.87952575683596, 31.489208814832931 ], [ 42.885075547960092, 31.483686659071211 ], [ 42.891666666666687, 31.483333333333363 ], [ 42.892024739583356, 31.480876498752203 ], [ 42.897575547960088, 31.475353325737878 ], [ 42.9, 31.475 ], [ 42.899432712131102, 31.468622843424509 ], [ 42.896400621202275, 31.464710489908885 ], [ 42.89498257107207, 31.459184265136749 ], [ 42.888137817382834, 31.457427639431454 ], [ 42.886932712131099, 31.439456176757844 ], [ 42.87973395453561, 31.43137715657555 ], [ 42.879166666666691, 31.429166666666696 ], [ 42.87973395453561, 31.422789510091178 ], [ 42.882766045464429, 31.418877156575551 ], [ 42.88390062120228, 31.414456176757842 ], [ 42.888067287868942, 31.409079996744822 ], [ 42.886315239800368, 31.404513380262618 ], [ 42.877210489908876, 31.396400621202286 ], [ 42.871494547526062, 31.394933742947078 ], [ 42.870833333333358, 31.3875 ], [ 42.868622843424504, 31.386932712131106 ], [ 42.864710489908873, 31.383900621202287 ], [ 42.849011908637173, 31.382766045464439 ], [ 42.835543823242212, 31.395266045464439 ], [ 42.828229437934048, 31.396400621202286 ], [ 42.817586432562955, 31.386917114257841 ], [ 42.816099378797766, 31.38112284342451 ], [ 42.812968783908438, 31.377083333333363 ], [ 42.816099378797766, 31.373043823242217 ], [ 42.81723395453561, 31.359548272026938 ], [ 42.808994547526062, 31.35743374294708 ], [ 42.807672119140648, 31.342566257052979 ], [ 42.804166666666688, 31.341666666666697 ], [ 42.801956176757834, 31.341099378797772 ], [ 42.79387715657554, 31.333900621202286 ], [ 42.778178575303841, 31.332766045464439 ], [ 42.7645946926541, 31.345373535156281 ], [ 42.760543823242209, 31.342233954535619 ], [ 42.751956176757837, 31.341099378797772 ], [ 42.748043823242206, 31.338067287868952 ], [ 42.745086669921896, 31.336932712131105 ], [ 42.738637118869377, 31.34193132188588 ], [ 42.7369327121311, 31.335289510091176 ], [ 42.732330322265646, 31.329770745171469 ], [ 42.700913323296461, 31.328559197319908 ], [ 42.7, 31.325 ], [ 42.683081732855925, 31.325773451063398 ], [ 42.68685031467016, 31.33125 ], [ 42.684001329210091, 31.335390218098986 ], [ 42.682560899522592, 31.348925442165829 ], [ 42.677056884765648, 31.350667995876766 ], [ 42.672943115234396, 31.353498670789961 ], [ 42.643723551432309, 31.354834662543432 ], [ 42.634652370876758, 31.36250016954213 ], [ 42.633333333333354, 31.366666666666696 ], [ 42.6311228434245, 31.366099378797774 ], [ 42.627210489908876, 31.363067287868954 ], [ 42.624253336588559, 31.361932712131107 ], [ 42.618877156575543, 31.366099378797774 ], [ 42.614456176757834, 31.367233954535621 ], [ 42.61054382324221, 31.37026604546444 ], [ 42.581122843424495, 31.371400621202287 ], [ 42.577083333333356, 31.374531216091611 ], [ 42.573043823242209, 31.371400621202287 ], [ 42.569896104600716, 31.37026604546444 ], [ 42.560543823242206, 31.378599378797773 ], [ 42.555017598470073, 31.380017598470083 ], [ 42.554166666666688, 31.383333333333361 ], [ 42.557482401529967, 31.384184265136749 ], [ 42.558333333333351, 31.3875 ], [ 42.558900621202277, 31.398043823242219 ], [ 42.562895880805144, 31.403198920355933 ], [ 42.570124816894548, 31.405054050021732 ], [ 42.57140062120228, 31.414710489908884 ], [ 42.574432712131099, 31.418622843424508 ], [ 42.575567287868942, 31.438246663411491 ], [ 42.571293131510437, 31.443761359320778 ], [ 42.582766045464432, 31.456122843424509 ], [ 42.58333333333335, 31.466666666666697 ], [ 42.58333333333335, 31.479166666666696 ], [ 42.576956176757832, 31.479733954535622 ], [ 42.573043823242209, 31.482766045464441 ], [ 42.567517598470069, 31.484184265136751 ], [ 42.565767076280402, 31.491005452473988 ], [ 42.551956176757834, 31.492233954535621 ], [ 42.54804382324221, 31.49526604546444 ], [ 42.539456176757831, 31.496400621202287 ], [ 42.535543823242207, 31.499432712131107 ], [ 42.529166666666683, 31.5 ], [ 42.528599378797765, 31.523043823242219 ], [ 42.513067287868942, 31.539456176757845 ], [ 42.511932712131099, 31.543877156575551 ], [ 42.507937452528232, 31.549032253689269 ], [ 42.500623575846376, 31.550909254286054 ], [ 42.5, 31.5625 ], [ 42.489456176757834, 31.561932712131107 ], [ 42.48137715657554, 31.554733954535621 ], [ 42.461753336588558, 31.553599378797774 ], [ 42.456377156575542, 31.55776604546444 ], [ 42.4436228434245, 31.558900621202287 ], [ 42.439710489908876, 31.561932712131107 ], [ 42.435289510091167, 31.563067287868954 ], [ 42.423043823242203, 31.574432712131106 ], [ 42.418622843424501, 31.575567287868957 ], [ 42.406377156575537, 31.586932712131109 ], [ 42.400850931803404, 31.588350931803419 ], [ 42.399432712131095, 31.593877156575552 ], [ 42.394337632921022, 31.599986775716179 ], [ 42.388467746310781, 31.595437452528245 ], [ 42.386932712131092, 31.589456176757842 ], [ 42.383900621202272, 31.585543823242219 ], [ 42.382766045464429, 31.581122843424509 ], [ 42.37973395453561, 31.577210489908886 ], [ 42.378267076280402, 31.571494547526072 ], [ 42.364456176757827, 31.570266045464443 ], [ 42.360407850477451, 31.567128499348989 ], [ 42.35221048990887, 31.574432712131106 ], [ 42.329166666666687, 31.575 ], [ 42.327006530761736, 31.574382358127203 ], [ 42.321992153591594, 31.5707194010417 ], [ 42.319861687554273, 31.563268195258278 ], [ 42.31033986409507, 31.5618823581272 ], [ 42.305028110080315, 31.558002217610706 ], [ 42.303364054362, 31.546568467881976 ], [ 42.289506530761734, 31.545215691460534 ], [ 42.2844921535916, 31.541552734375031 ], [ 42.283333333333353, 31.5375 ], [ 42.281122843424498, 31.536932712131108 ], [ 42.277210489908875, 31.533900621202289 ], [ 42.256122843424492, 31.532766045464442 ], [ 42.248043823242206, 31.525567287868956 ], [ 42.239456176757827, 31.524432712131109 ], [ 42.235543823242203, 31.521400621202289 ], [ 42.231122843424494, 31.520266045464439 ], [ 42.223043823242207, 31.513067287868953 ], [ 42.203420003255225, 31.511932712131106 ], [ 42.197916666666686, 31.516197882758277 ], [ 42.193877156575539, 31.513067287868953 ], [ 42.18528951009116, 31.511932712131106 ], [ 42.180134412977445, 31.507937452528243 ], [ 42.178279283311646, 31.500708516438834 ], [ 42.168622843424494, 31.499432712131107 ], [ 42.16471048990887, 31.496400621202287 ], [ 42.151214938693592, 31.49526604546444 ], [ 42.149149068196628, 31.503315734863314 ], [ 42.14583333333335, 31.504166666666698 ], [ 42.143622843424495, 31.503599378797773 ], [ 42.134253099229618, 31.495250447591175 ], [ 42.132445949978312, 31.488208516438831 ], [ 42.12278951009116, 31.486932712131107 ], [ 42.118877156575536, 31.483900621202288 ], [ 42.113350931803403, 31.482482401529978 ], [ 42.111649068196627, 31.475850931803414 ], [ 42.106122843424494, 31.474432712131108 ], [ 42.10221048990887, 31.471400621202289 ], [ 42.096684265136737, 31.469982401529979 ], [ 42.095266045464427, 31.464456176757842 ], [ 42.092233954535608, 31.460543823242219 ], [ 42.091666666666683, 31.454166666666698 ], [ 42.089242214626751, 31.45381334092885 ], [ 42.081250678168416, 31.445847235785621 ], [ 42.077424452039949, 31.449646674262183 ], [ 42.068408881293415, 31.450353325737879 ], [ 42.064583333333346, 31.454152086046037 ], [ 42.060757785373276, 31.450353325737879 ], [ 42.039242214626753, 31.449646674262183 ], [ 42.035757785373278, 31.446186659071209 ], [ 42.018408881293418, 31.445480007595517 ], [ 42.014924452039949, 31.442019992404543 ], [ 41.976742214626753, 31.441313340928851 ], [ 41.973257785373278, 31.437853325737876 ], [ 41.969117397732219, 31.437146674262184 ], [ 41.958688184950098, 31.447547912597685 ], [ 41.95833333333335, 31.454166666666698 ], [ 41.956173197428399, 31.454784308539526 ], [ 41.952083333333348, 31.457771809895863 ], [ 41.947993469238298, 31.454784308539526 ], [ 41.943673197428403, 31.453549024793865 ], [ 41.939576721191422, 31.45055660671661 ], [ 41.929998440212685, 31.458868408203156 ], [ 41.928364054361992, 31.470098198784754 ], [ 41.920833333333348, 31.470833333333363 ], [ 41.920266045464423, 31.473043823242218 ], [ 41.917233954535604, 31.476956176757842 ], [ 41.91609937879776, 31.479913330078155 ], [ 41.920266045464423, 31.485289510091178 ], [ 41.921400621202274, 31.489710489908884 ], [ 41.925264655219195, 31.494696214464007 ], [ 41.918622843424494, 31.496400621202287 ], [ 41.913467746310779, 31.500395880805151 ], [ 41.91193271213109, 31.506377156575553 ], [ 41.904733954535601, 31.514456176757843 ], [ 41.903315734863298, 31.51998240152998 ], [ 41.896684265136734, 31.521684265136749 ], [ 41.89583333333335, 31.525 ], [ 41.893408881293418, 31.524646674262183 ], [ 41.889924452039942, 31.521186659071212 ], [ 41.883333333333361, 31.520833333333364 ], [ 41.882980007595499, 31.523257785373296 ], [ 41.879519992404525, 31.526742214626768 ], [ 41.879166666666677, 31.533333333333363 ], [ 41.870833333333366, 31.533333333333363 ], [ 41.860339694552984, 31.532715691460535 ], [ 41.856326972113749, 31.529784308539526 ], [ 41.842666286892388, 31.528549024793868 ], [ 41.840857950846384, 31.540972391764353 ], [ 41.820364040798637, 31.542284308539529 ], [ 41.814660305447077, 31.538117641872862 ], [ 41.806173027886317, 31.536882358127201 ], [ 41.802160305447075, 31.533950975206196 ], [ 41.791197374131976, 31.532715691460535 ], [ 41.785493638780409, 31.536882358127201 ], [ 41.762030707465307, 31.538117641872862 ], [ 41.756326972113747, 31.533950975206196 ], [ 41.747839694552979, 31.532715691460535 ], [ 41.743826972113744, 31.529784308539526 ], [ 41.739506361219647, 31.528549024793868 ], [ 41.731326972113742, 31.521450975206193 ], [ 41.727006361219644, 31.520215691460535 ], [ 41.722993638780409, 31.517284308539526 ], [ 41.72083333333336, 31.516666666666698 ], [ 41.718622843424505, 31.516099378797776 ], [ 41.714710489908882, 31.513067287868953 ], [ 41.711753336588572, 31.511932712131106 ], [ 41.706377156575549, 31.516099378797776 ], [ 41.70195617675784, 31.517233954535619 ], [ 41.698043823242216, 31.520266045464439 ], [ 41.693622843424507, 31.521400621202289 ], [ 41.689710489908883, 31.524432712131109 ], [ 41.685289510091174, 31.525567287868956 ], [ 41.679870944552981, 31.530086093478765 ], [ 41.67859937879777, 31.539710489908884 ], [ 41.674603949652806, 31.544865587022599 ], [ 41.668622843424508, 31.546400621202288 ], [ 41.664710489908884, 31.549432712131107 ], [ 41.661753336588568, 31.550567287868954 ], [ 41.656377156575552, 31.546400621202288 ], [ 41.649253336588572, 31.545266045464441 ], [ 41.643877156575549, 31.549432712131107 ], [ 41.634220716688397, 31.550708516438831 ], [ 41.633333333333361, 31.554166666666699 ], [ 41.626956176757844, 31.554733954535621 ], [ 41.623043823242213, 31.55776604546444 ], [ 41.610289510091171, 31.558900621202287 ], [ 41.606377156575547, 31.561932712131107 ], [ 41.601956176757838, 31.563067287868954 ], [ 41.593877156575552, 31.570266045464443 ], [ 41.580381605360273, 31.571400621202287 ], [ 41.578599378797769, 31.564456176757844 ], [ 41.561822848849857, 31.546728854709233 ], [ 41.556122843424504, 31.545266045464441 ], [ 41.55221048990888, 31.542233954535622 ], [ 41.545833333333363, 31.5416666666667 ], [ 41.544982571072076, 31.538350931803418 ], [ 41.53835076226131, 31.536649068196645 ], [ 41.536580403645857, 31.529749552408884 ], [ 41.527210489908882, 31.521400621202289 ], [ 41.513459947374159, 31.520177374945778 ], [ 41.508798556857663, 31.514587910970082 ], [ 41.512031385633705, 31.510416666666696 ], [ 41.508801947699681, 31.50625 ], [ 41.511932712131106, 31.502210489908883 ], [ 41.5125, 31.4875 ], [ 41.512146674262183, 31.480908881293434 ], [ 41.508686659071209, 31.477424452039962 ], [ 41.508333333333361, 31.475 ], [ 41.497575547960096, 31.475353325737878 ], [ 41.494091118706621, 31.478813340928852 ], [ 41.475, 31.479166666666696 ], [ 41.474641927083361, 31.476709832085533 ], [ 41.469091118706622, 31.471186659071211 ], [ 41.464242214626765, 31.470480007595516 ], [ 41.460757785373289, 31.467019992404545 ], [ 41.455876329210099, 31.466308593750032 ], [ 41.450353325737872, 31.460757785373296 ], [ 41.45, 31.458333333333364 ], [ 41.44778951009117, 31.457766045464439 ], [ 41.443877156575546, 31.454733954535619 ], [ 41.430066257052978, 31.453505452473991 ], [ 41.42859937879777, 31.447789510091177 ], [ 41.425567287868951, 31.443877156575553 ], [ 41.4244327121311, 31.439456176757844 ], [ 41.41991373697919, 31.434037611219647 ], [ 41.410289510091175, 31.43276604546444 ], [ 41.406377156575545, 31.429733954535621 ], [ 41.401956176757835, 31.428599378797774 ], [ 41.398043823242212, 31.425567287868954 ], [ 41.38945617675784, 31.424432712131107 ], [ 41.385543823242216, 31.421400621202288 ], [ 41.379875013563392, 31.419945949978327 ], [ 41.378599378797766, 31.410289510091175 ], [ 41.371400621202284, 31.402210489908885 ], [ 41.370266045464433, 31.397789510091176 ], [ 41.367233954535614, 31.393877156575552 ], [ 41.366666666666696, 31.3875 ], [ 41.364242214626763, 31.387146674262183 ], [ 41.360757785373288, 31.383686659071209 ], [ 41.330908881293425, 31.382980007595517 ], [ 41.323257785373286, 31.375353325737876 ], [ 41.314242214626759, 31.374646674262184 ], [ 41.310757785373291, 31.37118665907121 ], [ 41.304166666666688, 31.370833333333362 ], [ 41.301742214626763, 31.370480007595518 ], [ 41.298257785373288, 31.367019992404543 ], [ 41.289242214626761, 31.366313340928848 ], [ 41.285416666666691, 31.36251458062069 ], [ 41.28125, 31.366652086046038 ], [ 41.277424452039952, 31.362853325737877 ], [ 41.268408881293425, 31.362146674262181 ], [ 41.262858072916693, 31.35662350124786 ], [ 41.262146674262176, 31.351742214626768 ], [ 41.248284573025195, 31.337854342990482 ], [ 41.230908881293431, 31.337146674262183 ], [ 41.221187676323808, 31.327451578776071 ], [ 41.22083333333336, 31.316666666666695 ], [ 41.218408881293428, 31.316313340928851 ], [ 41.214924452039952, 31.312853325737876 ], [ 41.205908881293425, 31.312146674262181 ], [ 41.202424452039956, 31.30868665907121 ], [ 41.176742214626763, 31.307980007595514 ], [ 41.173257785373288, 31.304519992404543 ], [ 41.160786946614607, 31.303813340928848 ], [ 41.156591118706622, 31.307980007595514 ], [ 41.15416666666669, 31.308333333333362 ], [ 41.153599378797765, 31.306122843424507 ], [ 41.150567287868945, 31.302210489908884 ], [ 41.149432712131102, 31.297789510091174 ], [ 41.146400621202282, 31.293877156575551 ], [ 41.145124986436656, 31.284220716688395 ], [ 41.137896050347244, 31.2823655870226 ], [ 41.13390062120228, 31.277210489908882 ], [ 41.133333333333354, 31.270833333333364 ], [ 41.130017428927978, 31.269982401529976 ], [ 41.129166666666691, 31.266666666666694 ], [ 41.125, 31.266666666666694 ], [ 41.124149237738742, 31.263350931803416 ], [ 41.118622843424504, 31.261932712131106 ], [ 41.11471048990888, 31.258900621202287 ], [ 41.100899590386305, 31.257672119140654 ], [ 41.099032253689259, 31.250395880805151 ], [ 41.093877156575545, 31.246400621202284 ], [ 41.088350762261307, 31.244982401529978 ], [ 41.08664923773874, 31.238350931803414 ], [ 41.081122843424502, 31.236932712131104 ], [ 41.077210489908879, 31.233900621202284 ], [ 41.071684095594641, 31.232482401529978 ], [ 41.070833333333354, 31.229166666666696 ], [ 41.054166666666688, 31.229166666666696 ], [ 41.051742214626756, 31.229519992404541 ], [ 41.048257785373288, 31.232980007595515 ], [ 41.039242214626761, 31.233686659071211 ], [ 41.035757785373285, 31.237146674262181 ], [ 41.018408881293425, 31.237853325737877 ], [ 41.006591118706623, 31.249646674262181 ], [ 40.964952256944464, 31.250353325737876 ], [ 40.958691406250026, 31.244123501247859 ], [ 40.957980007595509, 31.239242214626763 ], [ 40.952457004123289, 31.233691406250028 ], [ 40.95, 31.233333333333363 ], [ 40.947575547960092, 31.232980007595515 ], [ 40.944091118706623, 31.229519992404541 ], [ 40.939242214626759, 31.228813340928848 ], [ 40.910757785373285, 31.200353325737876 ], [ 40.905908881293428, 31.19964667426218 ], [ 40.902424452039952, 31.196186659071209 ], [ 40.898286946614604, 31.195480007595513 ], [ 40.894091118706619, 31.19964667426218 ], [ 40.889953613281271, 31.200353325737876 ], [ 40.885757785373286, 31.196186659071209 ], [ 40.880908881293422, 31.195480007595513 ], [ 40.877424452039953, 31.192019992404543 ], [ 40.855908881293423, 31.191313340928847 ], [ 40.852424452039955, 31.187853325737876 ], [ 40.847575547960091, 31.187146674262181 ], [ 40.844091118706622, 31.18368665907121 ], [ 40.835075547960088, 31.182980007595514 ], [ 40.823257785373286, 31.171186659071211 ], [ 40.818408881293422, 31.170480007595515 ], [ 40.814924452039953, 31.167019992404541 ], [ 40.8125, 31.166666666666696 ], [ 40.811580234103751, 31.163082885742217 ], [ 40.802210489908873, 31.154733954535619 ], [ 40.797789510091164, 31.153599378797772 ], [ 40.79387715657554, 31.150567287868952 ], [ 40.789456176757831, 31.149432712131105 ], [ 40.785543823242207, 31.146400621202286 ], [ 40.775887383355055, 31.145124986436659 ], [ 40.775, 31.141666666666694 ], [ 40.770833333333357, 31.141666666666694 ], [ 40.760075547960092, 31.141313340928846 ], [ 40.756591118706616, 31.137853325737876 ], [ 40.751742214626759, 31.13714667426218 ], [ 40.748257785373283, 31.133686659071209 ], [ 40.745833333333351, 31.133333333333361 ], [ 40.741666666666688, 31.133333333333361 ], [ 40.7375, 31.133333333333361 ], [ 40.735075547960093, 31.133686659071209 ], [ 40.731591118706618, 31.13714667426218 ], [ 40.722575547960091, 31.137853325737876 ], [ 40.719091118706615, 31.141313340928846 ], [ 40.710787116156702, 31.142019992404542 ], [ 40.706591118706619, 31.137853325737876 ], [ 40.689953782823373, 31.13714667426218 ], [ 40.685757785373283, 31.141313340928846 ], [ 40.676742214626756, 31.142019992404542 ], [ 40.669091118706618, 31.149646674262179 ], [ 40.647575547960088, 31.150353325737875 ], [ 40.64375, 31.154152086046036 ], [ 40.639583333333356, 31.150014580620688 ], [ 40.635757785373286, 31.153813340928849 ], [ 40.630908881293422, 31.154519992404541 ], [ 40.627083333333353, 31.158318752712702 ], [ 40.623257785373283, 31.154519992404541 ], [ 40.61912044949004, 31.153813340928849 ], [ 40.614924452039951, 31.157980007595516 ], [ 40.601742214626753, 31.158686659071208 ], [ 40.596187506781703, 31.164213562011746 ], [ 40.595833333333353, 31.175 ], [ 40.593408881293421, 31.174646674262181 ], [ 40.589924452039952, 31.171186659071211 ], [ 40.573287116156706, 31.170480007595515 ], [ 40.56875, 31.174985419379368 ], [ 40.564924452039946, 31.171186659071211 ], [ 40.55, 31.170833333333363 ], [ 40.542566257052968, 31.170172119140652 ], [ 40.541666666666686, 31.166666666666696 ], [ 40.526742214626758, 31.167019992404541 ], [ 40.523257785373282, 31.170480007595515 ], [ 40.510787116156706, 31.171186659071211 ], [ 40.506591118706616, 31.167019992404541 ], [ 40.50245107014976, 31.166313340928848 ], [ 40.494091118706613, 31.174646674262181 ], [ 40.448287116156706, 31.175353325737877 ], [ 40.444091118706616, 31.171186659071211 ], [ 40.418408881293423, 31.170480007595515 ], [ 40.414924452039948, 31.167019992404541 ], [ 40.410075547960091, 31.166313340928848 ], [ 40.402424452039952, 31.158686659071208 ], [ 40.4, 31.15833333333336 ], [ 40.360075547960086, 31.158686659071208 ], [ 40.352424452039948, 31.166313340928848 ], [ 40.347575547960091, 31.167019992404541 ], [ 40.344091118706615, 31.170480007595515 ], [ 40.3375, 31.170833333333363 ], [ 40.335075547960088, 31.170480007595515 ], [ 40.331591118706612, 31.167019992404541 ], [ 40.318408881293422, 31.166313340928848 ], [ 40.310757785373283, 31.158686659071208 ], [ 40.305908881293419, 31.157980007595516 ], [ 40.302424452039951, 31.154519992404541 ], [ 40.289953782823368, 31.153813340928849 ], [ 40.285757785373278, 31.157980007595516 ], [ 40.244118923611126, 31.158686659071208 ], [ 40.23785807291668, 31.152457004123292 ], [ 40.2375, 31.15 ], [ 40.225909254286037, 31.150623575846382 ], [ 40.225, 31.154166666666693 ], [ 40.218408881293421, 31.153813340928849 ], [ 40.214924452039945, 31.150353325737875 ], [ 40.210075547960088, 31.149646674262179 ], [ 40.206591118706612, 31.146186659071208 ], [ 40.201742214626755, 31.145480007595513 ], [ 40.181591118706613, 31.125353325737876 ], [ 40.176742214626749, 31.124646674262181 ], [ 40.169091118706611, 31.117019992404543 ], [ 40.164242214626753, 31.116313340928848 ], [ 40.158691406250014, 31.110790337456624 ], [ 40.158333333333353, 31.108333333333363 ], [ 40.15, 31.108333333333363 ], [ 40.149228074815554, 31.111610921223985 ], [ 40.144704352484823, 31.113029649522598 ], [ 40.129763115776925, 31.098891872829888 ], [ 40.129166666666684, 31.091666666666693 ], [ 40.128029547797325, 31.087235514322945 ], [ 40.123043823242206, 31.091099378797772 ], [ 40.114456176757827, 31.092233954535619 ], [ 40.110543823242203, 31.095266045464438 ], [ 40.104166666666686, 31.09583333333336 ], [ 40.101956176757831, 31.096400621202285 ], [ 40.0980438232422, 31.099432712131104 ], [ 40.084232923719632, 31.100661214192737 ], [ 40.082766045464425, 31.106377156575547 ], [ 40.079733954535605, 31.110289510091174 ], [ 40.07916666666668, 31.1125 ], [ 40.070833333333347, 31.1125 ], [ 40.063302612304703, 31.113235134548638 ], [ 40.061690436469199, 31.124311998155409 ], [ 40.039506530761734, 31.125617472330756 ], [ 40.035493469238297, 31.128549194335967 ], [ 40.027006530761732, 31.129784138997422 ], [ 40.022916666666681, 31.132771809895861 ], [ 40.018826802571631, 31.129784138997422 ], [ 40.01203087700739, 31.128549194335967 ], [ 40.006326802571628, 31.13271586100263 ], [ 39.999530877007395, 31.133950805664092 ], [ 39.993826802571633, 31.129784138997422 ], [ 39.98950653076173, 31.128549194335967 ], [ 39.98541666666668, 31.125561523437529 ], [ 39.98132680257163, 31.128549194335967 ], [ 39.978697543674059, 31.129784138997422 ], [ 39.972993469238297, 31.125617472330756 ], [ 39.960339864095069, 31.124382527669297 ], [ 39.95625, 31.121394856770863 ], [ 39.952160135904961, 31.124382527669297 ], [ 39.946759711371541, 31.125926378038223 ], [ 39.944906955295153, 31.132406955295167 ], [ 39.941666666666684, 31.133333333333361 ], [ 39.922789510091157, 31.132766045464436 ], [ 39.918877156575533, 31.129733954535617 ], [ 39.903420003255221, 31.12859937879777 ], [ 39.897052001953142, 31.133534749348986 ], [ 39.892380608452704, 31.132487657335098 ], [ 39.891099378797755, 31.122789510091174 ], [ 39.888067287868935, 31.11887715657555 ], [ 39.886862352159305, 31.100905693901936 ], [ 39.881122843424492, 31.099432712131104 ], [ 39.877210489908869, 31.096400621202285 ], [ 39.86862284342449, 31.095266045464438 ], [ 39.863110351562511, 31.090668741862007 ], [ 39.861932712131093, 31.06445617675784 ], [ 39.85815599229602, 31.059583197699681 ], [ 39.853420003255223, 31.057766045464437 ], [ 39.8480438232422, 31.061932712131103 ], [ 39.843622843424491, 31.06306728786895 ], [ 39.839710489908867, 31.06609937879777 ], [ 39.836753336588558, 31.067233954535617 ], [ 39.831377156575535, 31.06306728786895 ], [ 39.826956176757825, 31.061932712131103 ], [ 39.818877156575532, 31.054733954535617 ], [ 39.813350931803399, 31.053315904405409 ], [ 39.811932712131089, 31.047789510091174 ], [ 39.804733954535607, 31.039710489908881 ], [ 39.804166666666681, 31.020833333333361 ], [ 39.795833333333363, 31.020833333333361 ], [ 39.770833333333364, 31.020833333333361 ], [ 39.769835747612873, 31.017343817816869 ], [ 39.746830919053849, 31.01598951551652 ], [ 39.744465467664959, 31.00771586100263 ], [ 39.718673027886311, 31.008950805664089 ], [ 39.712969292534751, 31.013117472330755 ], [ 39.710339694552978, 31.011882527669297 ], [ 39.705379231770863, 31.008258734809054 ], [ 39.702954101562526, 31.016741265190998 ], [ 39.697910224066867, 31.013056776258708 ], [ 39.688236829969647, 31.021450805664088 ], [ 39.679955376519125, 31.020002916124159 ], [ 39.678357272677978, 31.009021335177977 ], [ 39.666666666666693, 31.008333333333361 ], [ 39.659232923719649, 31.008994547526068 ], [ 39.657766045464442, 31.014710489908882 ], [ 39.645187717013918, 31.028263007269992 ], [ 39.641666666666694, 31.029166666666693 ], [ 39.642019992404542, 31.056591118706624 ], [ 39.645480007595516, 31.060075547960096 ], [ 39.645833333333364, 31.0625 ], [ 39.645480007595516, 31.069091118706623 ], [ 39.642019992404542, 31.072575547960096 ], [ 39.641666666666694, 31.075 ], [ 39.638350762261311, 31.075850762261311 ], [ 39.636932712131106, 31.081377156575549 ], [ 39.632373385959227, 31.086844211154542 ], [ 39.618622843424504, 31.088067287868952 ], [ 39.61471048990888, 31.091099378797772 ], [ 39.593622843424505, 31.092233954535619 ], [ 39.585543823242219, 31.099432712131104 ], [ 39.578229437934056, 31.100567287868952 ], [ 39.568877156575546, 31.092233954535619 ], [ 39.566666666666691, 31.091666666666693 ], [ 39.564456176757837, 31.091099378797772 ], [ 39.560543823242213, 31.088067287868952 ], [ 39.555017428927982, 31.086649237738744 ], [ 39.554166666666696, 31.083333333333361 ], [ 39.543408881293431, 31.083686659071208 ], [ 39.539583333333361, 31.087485419379369 ], [ 39.535757785373292, 31.083686659071208 ], [ 39.527453613281274, 31.082980007595513 ], [ 39.523257785373289, 31.087146674262179 ], [ 39.505908881293429, 31.087853325737875 ], [ 39.487854003906278, 31.105883110894126 ], [ 39.4875, 31.120833333333362 ], [ 39.491083780924505, 31.121752929687528 ], [ 39.499432712131103, 31.131122843424507 ], [ 39.500850762261308, 31.136649237738744 ], [ 39.507937282986141, 31.138467746310791 ], [ 39.511932712131106, 31.143622843424506 ], [ 39.51306728786895, 31.148043823242215 ], [ 39.516099378797769, 31.151956176757842 ], [ 39.517233954535619, 31.160543823242215 ], [ 39.520266045464439, 31.164456176757842 ], [ 39.521400621202282, 31.168877156575547 ], [ 39.524432712131102, 31.172789510091174 ], [ 39.525887383355062, 31.178458150227893 ], [ 39.536612616644994, 31.179875183105498 ], [ 39.538467746310793, 31.187104119194906 ], [ 39.543622843424508, 31.191099378797773 ], [ 39.554166666666696, 31.191666666666695 ], [ 39.553813340928848, 31.194091118706627 ], [ 39.550353325737873, 31.197575547960099 ], [ 39.549646674262178, 31.214924452039959 ], [ 39.546186659071211, 31.218408881293431 ], [ 39.545480007595515, 31.227424452039958 ], [ 39.537853325737878, 31.235075547960097 ], [ 39.5375, 31.241666666666696 ], [ 39.538067287868948, 31.24387715657555 ], [ 39.54206271701392, 31.249032253689265 ], [ 39.549149237738746, 31.250850931803413 ], [ 39.550567287868951, 31.256377156575549 ], [ 39.55359937879777, 31.260289510091177 ], [ 39.554166666666696, 31.2625 ], [ 39.551742214626763, 31.262853325737876 ], [ 39.546186998155406, 31.268380737304717 ], [ 39.545480007595515, 31.310757785373294 ], [ 39.542019992404541, 31.314242214626766 ], [ 39.541666666666693, 31.316666666666695 ], [ 39.540815904405406, 31.319982401529977 ], [ 39.533922322591174, 31.321751403808623 ], [ 39.53333333333336, 31.35 ], [ 39.535757785373292, 31.350353325737878 ], [ 39.539242214626761, 31.353813340928848 ], [ 39.544091118706625, 31.354519992404544 ], [ 39.547575547960093, 31.357980007595515 ], [ 39.558333333333358, 31.358333333333363 ], [ 39.558976236979191, 31.360468377007408 ], [ 39.561857096354196, 31.364531622992651 ], [ 39.563142903645861, 31.38365512424048 ], [ 39.558356730143259, 31.390405103895429 ], [ 39.550744967990482, 31.392696804470518 ], [ 39.549357096354193, 31.406301710340742 ], [ 39.546476236979196, 31.410364956325985 ], [ 39.544819132487007, 31.415868801540828 ], [ 39.535365125868083, 31.417309400770428 ], [ 39.531301540798637, 31.420190599229631 ], [ 39.52703179253475, 31.421476067437098 ], [ 39.517876180013047, 31.429316541883711 ], [ 39.516023763020861, 31.43546837700741 ], [ 39.508976236979194, 31.44369828965932 ], [ 39.507690429687528, 31.44796837700741 ], [ 39.503947279188395, 31.453247748480933 ], [ 39.493698459201418, 31.454809400770429 ], [ 39.488353135850723, 31.458599344889354 ], [ 39.486857096354193, 31.471155124240482 ], [ 39.491916910807319, 31.478291151258713 ], [ 39.483333333333363, 31.479166666666696 ], [ 39.476956176757838, 31.479733954535622 ], [ 39.471970621744816, 31.483597988552546 ], [ 39.47083333333336, 31.479166666666696 ], [ 39.464242214626765, 31.479519992404544 ], [ 39.460757785373289, 31.482980007595515 ], [ 39.458333333333357, 31.483333333333363 ], [ 39.457766045464439, 31.485543823242217 ], [ 39.438067287868947, 31.50612284342451 ], [ 39.436932712131103, 31.510543823242219 ], [ 39.432413736979193, 31.515962388780412 ], [ 39.422789510091171, 31.517233954535619 ], [ 39.414592149522598, 31.52453816731774 ], [ 39.410543823242215, 31.521400621202289 ], [ 39.399149915907145, 31.520266045464439 ], [ 39.392370944552979, 31.525919426812095 ], [ 39.391099378797769, 31.535543823242218 ], [ 39.383900621202287, 31.543622843424512 ], [ 39.382424248589437, 31.549376424153678 ], [ 39.360289510091171, 31.550567287868954 ], [ 39.350919596354196, 31.558916219075552 ], [ 39.349149237738743, 31.565815734863314 ], [ 39.34583333333336, 31.566666666666698 ], [ 39.34166666666669, 31.566666666666698 ], [ 39.330908881293425, 31.567019992404546 ], [ 39.327424452039956, 31.570480007595517 ], [ 39.322575547960092, 31.571186659071213 ], [ 39.319091118706623, 31.574646674262183 ], [ 39.29828694661461, 31.575353325737879 ], [ 39.294091118706625, 31.571186659071213 ], [ 39.289242214626761, 31.570480007595517 ], [ 39.283688354492213, 31.56495378282338 ], [ 39.282980007595512, 31.551742214626767 ], [ 39.279519992404538, 31.548257785373295 ], [ 39.278813340928842, 31.543408881293434 ], [ 39.273285929362004, 31.53785366482208 ], [ 39.25, 31.5375 ], [ 39.25, 31.5416666666667 ], [ 39.249432712131103, 31.548043823242217 ], [ 39.241083780924505, 31.557413567437099 ], [ 39.235289510091171, 31.558900621202287 ], [ 39.231377156575547, 31.561932712131107 ], [ 39.226956176757838, 31.563067287868954 ], [ 39.223043823242215, 31.566099378797773 ], [ 39.217517428927977, 31.567517598470083 ], [ 39.216099378797765, 31.573043823242219 ], [ 39.213067287868945, 31.576956176757843 ], [ 39.211932712131102, 31.579913330078156 ], [ 39.216099378797765, 31.585289510091176 ], [ 39.217233954535615, 31.589710489908885 ], [ 39.229812282986138, 31.603263176812099 ], [ 39.237865871853323, 31.605329895019562 ], [ 39.228583780924502, 31.615746900770432 ], [ 39.222789510091168, 31.617233954535621 ], [ 39.214710489908882, 31.62443271213111 ], [ 39.208971150716167, 31.625905693901942 ], [ 39.207766045464432, 31.643877156575552 ], [ 39.204733954535612, 31.647789510091179 ], [ 39.203599378797769, 31.656377156575552 ], [ 39.195250447591171, 31.665746900770433 ], [ 39.189456176757837, 31.667233954535622 ], [ 39.184301079644122, 31.671229214138489 ], [ 39.183333333333358, 31.675 ], [ 39.185757785373291, 31.675353325737881 ], [ 39.191308593750023, 31.680876498752202 ], [ 39.192019992404539, 31.685757785373298 ], [ 39.195480007595513, 31.68924221462677 ], [ 39.195833333333354, 31.691666666666698 ], [ 39.210455661349854, 31.692322116427984 ], [ 39.2145443386502, 31.695177883572082 ], [ 39.232597181532142, 31.69659118652347 ], [ 39.233333333333356, 31.708333333333364 ], [ 39.231173027886307, 31.708950975206196 ], [ 39.221665106879364, 31.717201741536492 ], [ 39.220215861002629, 31.727160135904981 ], [ 39.217284138997421, 31.731173197428419 ], [ 39.216049194335959, 31.735493469238314 ], [ 39.213117472330751, 31.739506530761751 ], [ 39.211882527669296, 31.75216013590498 ], [ 39.208950805664088, 31.756173197428417 ], [ 39.207715861002626, 31.765298800998298 ], [ 39.214660305447076, 31.76728430853953 ], [ 39.218673027886311, 31.770215691460535 ], [ 39.222993638780409, 31.771450975206196 ], [ 39.228008015950543, 31.775113932291699 ], [ 39.229784138997424, 31.781326802571648 ], [ 39.232715861002632, 31.785339864095086 ], [ 39.233950805664087, 31.80216013590498 ], [ 39.236882527669295, 31.806173197428418 ], [ 39.238117472330757, 31.81882680257165 ], [ 39.249382527669297, 31.83117319742842 ], [ 39.250617472330752, 31.836500379774339 ], [ 39.238294135199681, 31.838294135199686 ], [ 39.236882527669295, 31.847993469238315 ], [ 39.233950805664087, 31.852006530761752 ], [ 39.232715861002632, 31.856326802571648 ], [ 39.229784138997424, 31.860339864095085 ], [ 39.229166666666693, 31.866666666666699 ], [ 39.228315904405406, 31.869982401529981 ], [ 39.225, 31.870833333333366 ], [ 39.224432712131104, 31.877210489908887 ], [ 39.221400621202278, 31.881122843424514 ], [ 39.220266045464435, 31.886285061306459 ], [ 39.228315904405406, 31.888350931803419 ], [ 39.229733954535618, 31.893877156575556 ], [ 39.232766045464437, 31.897789510091179 ], [ 39.233333333333356, 31.904166666666701 ], [ 39.233333333333356, 31.9166666666667 ], [ 39.235757785373288, 31.917019992404548 ], [ 39.241308593750027, 31.922543165418872 ], [ 39.241666666666688, 31.925 ], [ 39.241061740451414, 31.927172682020434 ], [ 39.233938259548637, 31.935327317979635 ], [ 39.232728407118081, 31.942207336425817 ], [ 39.236961195204017, 31.9479166666667 ], [ 39.23288947211374, 31.953408643934495 ], [ 39.234126790364606, 31.961780463324686 ], [ 39.248006184895857, 31.963105095757413 ], [ 39.253451538085962, 31.967505900065138 ], [ 39.254166666666691, 31.975 ], [ 39.253509860568599, 31.995019192165834 ], [ 39.24367302788631, 31.996450975206198 ], [ 39.239660305447075, 31.999382358127207 ], [ 39.235339694552977, 32.000617641872864 ], [ 39.231326972113742, 32.00354902479387 ], [ 39.229166666666693, 32.004166666666698 ], [ 39.228813340928845, 32.031591118706629 ], [ 39.219121636284747, 32.041308932834234 ], [ 39.21666666666669, 32.0416666666667 ], [ 39.215815904405403, 32.044982401529985 ], [ 39.209184095594644, 32.046684265136754 ], [ 39.207445949978322, 32.053458150227897 ], [ 39.19672071668839, 32.054875183105501 ], [ 39.195833333333354, 32.058333333333366 ], [ 39.195480007595513, 32.069091118706631 ], [ 39.192019992404539, 32.072575547960106 ], [ 39.191666666666691, 32.079166666666687 ], [ 39.19800618489586, 32.079771592881961 ], [ 39.20327114529082, 32.083675130208356 ], [ 39.204771592881968, 32.092207166883703 ], [ 39.199556138780409, 32.099241807725711 ], [ 39.200793457031274, 32.107613796658008 ], [ 39.215702311197944, 32.109036593967033 ], [ 39.21666666666669, 32.1125 ], [ 39.210289510091172, 32.113067287868944 ], [ 39.204835001627629, 32.117616102430574 ], [ 39.203599378797769, 32.129913330078146 ], [ 39.208597819010443, 32.136362711588561 ], [ 39.204166666666694, 32.1375 ], [ 39.203315904405407, 32.1408159044054 ], [ 39.2, 32.141666666666687 ], [ 39.2, 32.15 ], [ 39.202424452039956, 32.150353325737868 ], [ 39.210075547960095, 32.157980007595505 ], [ 39.2125, 32.158333333333353 ], [ 39.213387383355062, 32.161791653103322 ], [ 39.223043823242215, 32.163067287868941 ], [ 39.228420003255231, 32.167233954535611 ], [ 39.231377156575547, 32.16609937879776 ], [ 39.236753336588563, 32.161932712131097 ], [ 39.244953748914952, 32.163238864474849 ], [ 39.246684095594645, 32.169982571072069 ], [ 39.252210489908876, 32.171400621202274 ], [ 39.26028951009117, 32.178599378797763 ], [ 39.264710489908879, 32.179733954535614 ], [ 39.268622843424502, 32.182766045464433 ], [ 39.270833333333357, 32.183333333333351 ], [ 39.270833333333357, 32.1875 ], [ 39.271400621202282, 32.193877156575539 ], [ 39.283978949652806, 32.207429673936652 ], [ 39.291005452473982, 32.20923292371964 ], [ 39.292233954535618, 32.223043823242207 ], [ 39.295266045464437, 32.226956176757831 ], [ 39.295833333333356, 32.229166666666686 ], [ 39.295833333333356, 32.233333333333356 ], [ 39.293622843424501, 32.23276604546443 ], [ 39.289710489908877, 32.229733954535611 ], [ 39.286562771267384, 32.228599378797767 ], [ 39.277210489908882, 32.2369327121311 ], [ 39.263399590386307, 32.238161214192729 ], [ 39.261600409613742, 32.245172119140648 ], [ 39.247789510091174, 32.246400621202277 ], [ 39.23971048990888, 32.253599378797766 ], [ 39.221739027235266, 32.254804484049501 ], [ 39.220266045464435, 32.260543823242209 ], [ 39.217233954535615, 32.264456176757832 ], [ 39.21666666666669, 32.266666666666687 ], [ 39.220856730143254, 32.267928398980054 ], [ 39.22435709635419, 32.27286512586808 ], [ 39.225642903645856, 32.277134874131967 ], [ 39.22852376302086, 32.281198459201413 ], [ 39.229911634657142, 32.294803195529532 ], [ 39.237484741210963, 32.297083197699678 ], [ 39.232690429687523, 32.303844875759573 ], [ 39.234045410156277, 32.328389146592905 ], [ 39.241666666666688, 32.329166666666687 ], [ 39.242019992404536, 32.331591118706619 ], [ 39.249646674262181, 32.339242214626758 ], [ 39.25, 32.358333333333356 ], [ 39.242364501953148, 32.359112209743948 ], [ 39.241666666666688, 32.375 ], [ 39.23723551432294, 32.376137288411478 ], [ 39.24109937879777, 32.3811228434245 ], [ 39.241666666666688, 32.383333333333354 ], [ 39.229166666666693, 32.383333333333354 ], [ 39.222575547960091, 32.383686659071202 ], [ 39.219091118706622, 32.387146674262176 ], [ 39.21666666666669, 32.3875 ], [ 39.205908881293425, 32.387853325737872 ], [ 39.202424452039956, 32.391313340928839 ], [ 39.180908881293426, 32.392019992404535 ], [ 39.177424452039958, 32.395480007595509 ], [ 39.151742214626758, 32.396186659071205 ], [ 39.142024400499153, 32.405878363715303 ], [ 39.141666666666694, 32.408333333333353 ], [ 39.125, 32.408333333333353 ], [ 39.124149237738742, 32.411649237738736 ], [ 39.118622843424504, 32.413067287868948 ], [ 39.11054382324221, 32.42026604546443 ], [ 39.100887383355058, 32.421541680230057 ], [ 39.099432712131097, 32.427210489908873 ], [ 39.094873385959225, 32.432677544487866 ], [ 39.081122843424502, 32.433900621202277 ], [ 39.077210489908879, 32.436932712131096 ], [ 39.070833333333354, 32.4375 ], [ 39.070833333333354, 32.454166666666687 ], [ 39.074035644531271, 32.45513102213544 ], [ 39.075642903645857, 32.460468207465297 ], [ 39.07856038411461, 32.464583333333358 ], [ 39.075642903645857, 32.468698459201413 ], [ 39.074035644531271, 32.47403564453127 ], [ 39.06746453179256, 32.476014200846379 ], [ 39.066023763020858, 32.485468207465303 ], [ 39.063142903645854, 32.489531792534748 ], [ 39.06179300944013, 32.515888807508702 ], [ 39.054166666666688, 32.516666666666687 ], [ 39.053509860568596, 32.536685858832492 ], [ 39.043673027886307, 32.538117472330754 ], [ 39.039660305447072, 32.541049194335962 ], [ 39.035339694552974, 32.542284138997417 ], [ 39.031326972113739, 32.545215861002625 ], [ 39.025926378038221, 32.54675971137155 ], [ 39.025, 32.55 ], [ 39.017438083224846, 32.550771416558185 ], [ 39.016023763020854, 32.564634874131968 ], [ 39.003955417209227, 32.577975802951414 ], [ 38.997865125868081, 32.57980957031252 ], [ 38.988709513346379, 32.587649875217039 ], [ 38.986857096354193, 32.593801540798637 ], [ 38.979809570312526, 32.602031792534746 ], [ 38.979166666666693, 32.604166666666693 ], [ 38.978599378797767, 32.623043823242213 ], [ 38.975567287868948, 32.626956176757837 ], [ 38.974432712131097, 32.629913330078146 ], [ 38.978599378797767, 32.63528951009117 ], [ 38.979733954535611, 32.638246663411479 ], [ 38.975468614366342, 32.64375 ], [ 38.978599378797767, 32.647789510091172 ], [ 38.979733954535611, 32.654913330078152 ], [ 38.975567287868948, 32.660289510091168 ], [ 38.974432712131097, 32.664710489908877 ], [ 38.971400621202278, 32.668622843424501 ], [ 38.970266045464435, 32.677951727973117 ], [ 38.978315904405406, 32.680017428927975 ], [ 38.979733954535611, 32.685543823242213 ], [ 38.98276604546443, 32.689456176757837 ], [ 38.983333333333356, 32.695833333333354 ], [ 38.9797556559245, 32.696751573350717 ], [ 38.979166666666693, 32.725 ], [ 38.9875, 32.725 ], [ 38.991931152343774, 32.726137288411486 ], [ 38.988067287868944, 32.731122843424501 ], [ 38.9869327121311, 32.73554382324221 ], [ 38.983900621202281, 32.739456176757841 ], [ 38.98276604546443, 32.746579996744813 ], [ 38.9869327121311, 32.751956176757837 ], [ 38.988067287868944, 32.760543823242216 ], [ 38.991099378797763, 32.76445617675784 ], [ 38.992233954535614, 32.784270562065998 ], [ 38.983795166015646, 32.793741183810788 ], [ 38.9869327121311, 32.797789510091171 ], [ 38.988067287868944, 32.80711839463978 ], [ 38.981122843424501, 32.808900621202284 ], [ 38.975967746310786, 32.812896050347248 ], [ 38.974149237738736, 32.819982571072075 ], [ 38.967517428927977, 32.821684095594641 ], [ 38.965503607855922, 32.829532538519992 ], [ 38.956258816189262, 32.821295166015652 ], [ 38.952210489908879, 32.824432712131099 ], [ 38.94778951009117, 32.82556728786895 ], [ 38.943877156575546, 32.828599378797769 ], [ 38.938161214192732, 32.830066257052977 ], [ 38.936838785807311, 32.844933742947077 ], [ 38.931122843424504, 32.846400621202285 ], [ 38.927210489908873, 32.849432712131104 ], [ 38.906122843424498, 32.850567287868948 ], [ 38.902083333333358, 32.853698052300373 ], [ 38.897916666666688, 32.850468614366342 ], [ 38.893877156575542, 32.853599378797767 ], [ 38.889456176757832, 32.854733954535618 ], [ 38.883929104275197, 32.859343465169296 ], [ 38.883333333333354, 32.879166666666691 ], [ 38.876742214626759, 32.879519992404539 ], [ 38.873257785373283, 32.882980007595513 ], [ 38.869120279947936, 32.883686659071209 ], [ 38.864924452039951, 32.879519992404539 ], [ 38.851742214626761, 32.878813340928843 ], [ 38.848257785373285, 32.875353325737876 ], [ 38.84166666666669, 32.875 ], [ 38.840815734863305, 32.871684095594645 ], [ 38.835289510091165, 32.870266045464433 ], [ 38.831377156575542, 32.867233954535614 ], [ 38.825850931803409, 32.865815904405409 ], [ 38.824032253689261, 32.858729383680583 ], [ 38.818877156575539, 32.854733954535618 ], [ 38.816666666666691, 32.854166666666693 ], [ 38.81592712402346, 32.865965779622421 ], [ 38.777044338650192, 32.867322116427978 ], [ 38.772955661349847, 32.870177883572076 ], [ 38.770587497287345, 32.871488783094641 ], [ 38.764622328016515, 32.867322116427978 ], [ 38.758087497287349, 32.866011216905406 ], [ 38.752122328016512, 32.870177883572076 ], [ 38.743711005316861, 32.871488783094641 ], [ 38.735455661349846, 32.878511216905409 ], [ 38.731211005316858, 32.879822116427974 ], [ 38.727083333333354, 32.882705349392388 ], [ 38.72295566134985, 32.879822116427974 ], [ 38.71353573269316, 32.878354220920166 ], [ 38.711844550238737, 32.872877671983531 ], [ 38.699529012044295, 32.859205457899328 ], [ 38.68843672010636, 32.857677883572073 ], [ 38.686720445421031, 32.874147542317736 ], [ 38.676035732693165, 32.875812445746554 ], [ 38.674344550238736, 32.881288994683189 ], [ 38.670924546983528, 32.886185031467036 ], [ 38.663483005099849, 32.88848300509985 ], [ 38.6625, 32.891666666666694 ], [ 38.663117641872851, 32.893826972113743 ], [ 38.666049024793857, 32.897839694552978 ], [ 38.667284308539514, 32.904903496636308 ], [ 38.658497280544722, 32.915029568142387 ], [ 38.653697543674063, 32.917284138997424 ], [ 38.647045898437518, 32.912425401475723 ], [ 38.645215691460521, 32.918826972113742 ], [ 38.642284308539516, 32.922839694552977 ], [ 38.641049024793858, 32.927160305447075 ], [ 38.638061523437521, 32.93125 ], [ 38.641049024793858, 32.935339694552979 ], [ 38.642284308539516, 32.942135959201416 ], [ 38.638117641872853, 32.947839694552975 ], [ 38.636882358127188, 32.950469292534748 ], [ 38.641049024793858, 32.956173027886308 ], [ 38.642284308539516, 32.965667046440998 ], [ 38.629960801866339, 32.967460801866345 ], [ 38.628549024793855, 32.977160305447072 ], [ 38.62561764187285, 32.981173027886314 ], [ 38.624073621961827, 32.986573621961831 ], [ 38.620833333333351, 32.9875 ], [ 38.6125, 32.9875 ], [ 38.611649068196634, 32.990815904405409 ], [ 38.608333333333356, 32.991666666666696 ], [ 38.607482401529964, 32.994982571072072 ], [ 38.604166666666686, 32.995833333333358 ], [ 38.6, 32.995833333333358 ], [ 38.599231126573372, 32.999097696940133 ], [ 38.594815911187084, 33.000529649522598 ], [ 38.588258531358527, 32.994887288411483 ], [ 38.5875, 32.991666666666696 ], [ 38.580908881293425, 32.991313340928848 ], [ 38.577082994249153, 32.987514241536488 ], [ 38.571191406250023, 32.993376329210093 ], [ 38.570480007595506, 32.998257785373291 ], [ 38.564956834581182, 33.00380859375003 ], [ 38.5625, 33.004166666666691 ], [ 38.555908881293419, 33.004519992404539 ], [ 38.552424452039951, 33.007980007595513 ], [ 38.543408881293423, 33.008686659071209 ], [ 38.539924452039948, 33.012146674262183 ], [ 38.510075547960085, 33.012853325737872 ], [ 38.506591118706616, 33.016313340928846 ], [ 38.5, 33.016666666666694 ], [ 38.499646674262173, 33.027424452039959 ], [ 38.496186659071199, 33.030908881293428 ], [ 38.495480007595503, 33.044091118706625 ], [ 38.492019992404536, 33.047575547960093 ], [ 38.491666666666688, 33.05 ], [ 38.491666666666688, 33.054166666666696 ], [ 38.488350931803403, 33.055017428927982 ], [ 38.486932712131093, 33.060543823242213 ], [ 38.474354214138472, 33.074096340603326 ], [ 38.470833333333353, 33.075 ], [ 38.470833333333353, 33.083333333333364 ], [ 38.475, 33.083333333333364 ], [ 38.474432712131097, 33.089710489908882 ], [ 38.471400621202278, 33.093622843424505 ], [ 38.46992763943144, 33.099362182617213 ], [ 38.45090569390193, 33.10063781738284 ], [ 38.45, 33.104166666666693 ], [ 38.441666666666684, 33.104166666666693 ], [ 38.441099378797759, 33.11887715657555 ], [ 38.433900621202277, 33.126956176757844 ], [ 38.432766045464426, 33.139710489908879 ], [ 38.4079057481554, 33.165487670898465 ], [ 38.41471048990887, 33.167233954535618 ], [ 38.419865587022585, 33.171229214138485 ], [ 38.420833333333348, 33.175 ], [ 38.423257785373281, 33.175353325737873 ], [ 38.428812493218331, 33.180880228678411 ], [ 38.429166666666688, 33.191666666666691 ], [ 38.429733954535607, 33.193877156575546 ], [ 38.433729214138474, 33.199032253689268 ], [ 38.441931321885868, 33.201137118869383 ], [ 38.43806728786894, 33.206122843424509 ], [ 38.4375, 33.2125 ], [ 38.430066257052971, 33.213161214192738 ], [ 38.428315734863297, 33.219982401529975 ], [ 38.42147098117406, 33.221739027235273 ], [ 38.42026604546443, 33.23971048990888 ], [ 38.408900621202278, 33.251956176757844 ], [ 38.407766045464427, 33.256377156575553 ], [ 38.390762498643682, 33.274265204535617 ], [ 38.382586669921892, 33.275567287868952 ], [ 38.376137118869373, 33.270568678114181 ], [ 38.374432712131096, 33.277210489908882 ], [ 38.371400621202277, 33.281122843424505 ], [ 38.370266045464426, 33.285543823242215 ], [ 38.367135450575105, 33.289583333333361 ], [ 38.370266045464426, 33.293622843424508 ], [ 38.371400621202277, 33.309270562066004 ], [ 38.363067287868944, 33.318622843424507 ], [ 38.361932712131093, 33.329913330078156 ], [ 38.366099378797763, 33.335289510091172 ], [ 38.366666666666681, 33.341666666666697 ], [ 38.356122843424494, 33.342233954535622 ], [ 38.346753099229616, 33.35058288574222 ], [ 38.344982401529968, 33.357482401529978 ], [ 38.339456176757828, 33.358900621202288 ], [ 38.327210489908872, 33.37026604546444 ], [ 38.322789510091162, 33.371400621202284 ], [ 38.318877156575539, 33.374432712131103 ], [ 38.308333333333351, 33.375 ], [ 38.297575547960086, 33.375353325737876 ], [ 38.294091118706618, 33.378813340928851 ], [ 38.291666666666686, 33.379166666666698 ], [ 38.291043090820331, 33.390757412380673 ], [ 38.285289510091161, 33.392233954535619 ], [ 38.277210489908875, 33.399432712131109 ], [ 38.272789510091165, 33.400567287868952 ], [ 38.268877156575535, 33.403599378797772 ], [ 38.250979105631529, 33.404799397786491 ], [ 38.246400621202277, 33.410289510091175 ], [ 38.245266045464426, 33.423043823242217 ], [ 38.241099378797763, 33.428420003255241 ], [ 38.242673407660604, 33.43252241346574 ], [ 38.245833333333351, 33.433333333333366 ], [ 38.249344041612432, 33.434234280056451 ], [ 38.25056728786894, 33.448785061306452 ], [ 38.243622843424497, 33.450567287868957 ], [ 38.238467746310782, 33.454562547471816 ], [ 38.236649068196634, 33.461649068196643 ], [ 38.233333333333348, 33.4625 ], [ 38.232482401529964, 33.459184265136749 ], [ 38.229166666666686, 33.458333333333364 ], [ 38.226956176757831, 33.458900621202289 ], [ 38.218877156575537, 33.466099378797772 ], [ 38.214456176757828, 33.467233954535622 ], [ 38.210543823242205, 33.470266045464442 ], [ 38.205017598470072, 33.471684265136751 ], [ 38.20416666666668, 33.475 ], [ 38.195833333333347, 33.475 ], [ 38.184242587619373, 33.475623575846384 ], [ 38.182766045464426, 33.481377156575554 ], [ 38.178247239854613, 33.486795722113747 ], [ 38.168622843424494, 33.488067287868958 ], [ 38.16471048990887, 33.49109937879777 ], [ 38.156122843424498, 33.492233954535621 ], [ 38.152210489908867, 33.49526604546444 ], [ 38.143622843424495, 33.496400621202291 ], [ 38.135543823242202, 33.503599378797773 ], [ 38.131122843424492, 33.504733954535624 ], [ 38.127210489908869, 33.507766045464443 ], [ 38.114456176757827, 33.508900621202287 ], [ 38.110543823242203, 33.511932712131106 ], [ 38.101956176757831, 33.513067287868957 ], [ 38.0980438232422, 33.516099378797776 ], [ 38.07916666666668, 33.516666666666694 ], [ 38.078813340928832, 33.523257785373296 ], [ 38.071186659071195, 33.530908881293435 ], [ 38.070833333333347, 33.55 ], [ 38.06445617675783, 33.550567287868958 ], [ 38.055086432562952, 33.558916219075556 ], [ 38.053315734863297, 33.565815734863314 ], [ 38.047789510091164, 33.567233954535624 ], [ 38.043877156575533, 33.570266045464443 ], [ 38.028420003255221, 33.571400621202287 ], [ 38.023043823242205, 33.567233954535624 ], [ 38.008333333333361, 33.566666666666698 ], [ 38.004166666666698, 33.566666666666698 ], [ 38.003813340928836, 33.569091118706631 ], [ 38.000353325737862, 33.572575547960099 ], [ 38.0, 33.5875 ], [ 38.0, 33.595833333333367 ], [ 38.00056728786894, 33.598043823242222 ], [ 38.004431321885868, 33.603029547797341 ], [ 38.0, 33.6041666666667 ], [ 37.999432712131089, 33.62304382324222 ], [ 37.995437452528229, 33.628198920355935 ], [ 37.988477410210521, 33.629985215928855 ], [ 37.986932712131093, 33.634270562066007 ], [ 37.995266045464426, 33.643622843424509 ], [ 37.99640062120227, 33.656377156575552 ], [ 37.999531216091597, 33.660416666666698 ], [ 37.99640062120227, 33.664456176757845 ], [ 37.995266045464426, 33.668877156575554 ], [ 37.986917114257828, 33.678246900770432 ], [ 37.98001759847007, 33.680017598470087 ], [ 37.9791666666667, 33.683333333333366 ], [ 37.979827880859389, 33.690767076280416 ], [ 37.985543823242203, 33.692233954535624 ], [ 37.991653442382827, 33.697329033745689 ], [ 37.988067287868937, 33.701956176757847 ], [ 37.9875, 33.704166666666701 ], [ 37.980908881293416, 33.704519992404549 ], [ 37.975354512532569, 33.710046725802982 ], [ 37.974646674262168, 33.727424452039962 ], [ 37.962853325737861, 33.739242214626771 ], [ 37.9625, 33.754166666666698 ], [ 37.9625, 33.766666666666701 ], [ 37.961932712131087, 33.768877156575556 ], [ 37.958900621202268, 33.772789510091179 ], [ 37.95743374294706, 33.778505452473993 ], [ 37.95, 33.779166666666697 ], [ 37.949646674262169, 33.781591118706629 ], [ 37.946186659071195, 33.785075547960105 ], [ 37.945833333333347, 33.7875 ], [ 37.930908881293419, 33.787146674262189 ], [ 37.927424452039944, 33.783686659071215 ], [ 37.914953782823368, 33.782980007595519 ], [ 37.910757785373278, 33.787146674262189 ], [ 37.902451070149752, 33.787853325737878 ], [ 37.894091118706612, 33.779519992404545 ], [ 37.889951070149756, 33.778813340928849 ], [ 37.881591118706609, 33.787146674262189 ], [ 37.868408881293419, 33.787853325737878 ], [ 37.864924452039944, 33.791313340928852 ], [ 37.8625, 33.7916666666667 ], [ 37.862853325737859, 33.798257785373295 ], [ 37.866313340928833, 33.801742214626771 ], [ 37.866666666666681, 33.808333333333366 ], [ 37.866666666666681, 33.825 ], [ 37.865753343370237, 33.828559197319912 ], [ 37.85, 33.829166666666701 ], [ 37.847575547960083, 33.828813340928853 ], [ 37.844091118706608, 33.825353325737879 ], [ 37.835787116156695, 33.824646674262183 ], [ 37.831591118706612, 33.828813340928853 ], [ 37.818408881293415, 33.829519992404549 ], [ 37.808687506781695, 33.839215087890658 ], [ 37.808333333333366, 33.85 ], [ 37.808686659071192, 33.869091118706628 ], [ 37.812146674262166, 33.872575547960103 ], [ 37.812853325737862, 33.876716444227462 ], [ 37.800353325737859, 33.889242214626769 ], [ 37.799646674262164, 33.894091118706633 ], [ 37.796186659071196, 33.897575547960102 ], [ 37.795833333333363, 33.9 ], [ 37.789456176757838, 33.900567287868959 ], [ 37.784301079644123, 33.904562547471819 ], [ 37.782766045464442, 33.910543823242222 ], [ 37.779733954535622, 33.914456176757845 ], [ 37.77831590440541, 33.919982401529985 ], [ 37.772789510091172, 33.921400621202288 ], [ 37.768877156575549, 33.924432712131107 ], [ 37.758333333333361, 33.925 ], [ 37.746742418077289, 33.924376424153678 ], [ 37.745833333333366, 33.92083333333337 ], [ 37.74259304470489, 33.921759711371564 ], [ 37.740694851345516, 33.928398471408457 ], [ 37.731173027886314, 33.929784308539531 ], [ 37.721665106879371, 33.938035074869823 ], [ 37.720039198133712, 33.949205864800383 ], [ 37.710339694552978, 33.950617641872867 ], [ 37.70216030544708, 33.957715691460535 ], [ 37.681173027886317, 33.9589509752062 ], [ 37.677160305447075, 33.961882358127205 ], [ 37.667638481987879, 33.96326819525828 ], [ 37.666049194335969, 33.968826802571648 ], [ 37.662386067708361, 33.97384117974179 ], [ 37.65833333333336, 33.975 ], [ 37.65833333333336, 33.9791666666667 ], [ 37.657709757487005, 33.990757412380674 ], [ 37.654166666666697, 33.991666666666703 ], [ 37.645833333333364, 33.991666666666703 ], [ 37.641666666666694, 33.991666666666703 ], [ 37.640779283311659, 33.995124816894567 ], [ 37.630054050021727, 33.996541849772171 ], [ 37.628599378797773, 34.00221048990889 ], [ 37.625567287868954, 34.006122843424514 ], [ 37.624432712131103, 34.010543823242223 ], [ 37.617233954535621, 34.018622843424517 ], [ 37.616666666666696, 34.020833333333371 ], [ 37.614456176757841, 34.021400621202289 ], [ 37.610543823242217, 34.024432712131109 ], [ 37.597048272026939, 34.025567287868959 ], [ 37.59583333333336, 34.020833333333371 ], [ 37.593408881293428, 34.020480007595523 ], [ 37.589924452039959, 34.017019992404549 ], [ 37.566666666666691, 34.016666666666701 ], [ 37.564242214626766, 34.017019992404549 ], [ 37.560757785373291, 34.020480007595523 ], [ 37.545833333333363, 34.020833333333371 ], [ 37.526956176757842, 34.021400621202289 ], [ 37.521537611219642, 34.025919426812102 ], [ 37.520142957899331, 34.036476474338144 ], [ 37.515729437934056, 34.038067287868955 ], [ 37.506377156575546, 34.029733954535622 ], [ 37.493622843424504, 34.028599378797779 ], [ 37.48971048990888, 34.025567287868959 ], [ 37.472789510091175, 34.024432712131109 ], [ 37.468877156575545, 34.021400621202289 ], [ 37.463350762261314, 34.01998240152998 ], [ 37.4625, 34.016666666666701 ], [ 37.455908881293432, 34.016313340928853 ], [ 37.452424452039956, 34.012853325737879 ], [ 37.447575547960099, 34.012146674262191 ], [ 37.444091118706623, 34.008686659071216 ], [ 37.439242214626759, 34.007980007595521 ], [ 37.435757785373291, 34.004519992404546 ], [ 37.42328694661461, 34.003813340928858 ], [ 37.41875, 34.008318752712711 ], [ 37.414583333333361, 34.004181247287363 ], [ 37.410757785373292, 34.007980007595521 ], [ 37.40416666666669, 34.008333333333368 ], [ 37.403813340928849, 34.010757785373301 ], [ 37.391680230034751, 34.0229158189562 ], [ 37.395480007595509, 34.026742214626772 ], [ 37.395833333333357, 34.0375 ], [ 37.395061916775198, 34.045061916775211 ], [ 37.3875, 34.045833333333356 ], [ 37.385075547960099, 34.045480007595522 ], [ 37.381591118706623, 34.042019992404548 ], [ 37.376742214626759, 34.041313340928852 ], [ 37.362857733832492, 34.027454460991791 ], [ 37.362146674262178, 34.022575547960102 ], [ 37.35662027994794, 34.017021518283457 ], [ 37.35, 34.016666666666701 ], [ 37.339456176757835, 34.017233954535627 ], [ 37.335543823242212, 34.020266045464446 ], [ 37.330017428927974, 34.021684265136756 ], [ 37.328599378797769, 34.027210489908889 ], [ 37.32556728786895, 34.031122843424512 ], [ 37.325, 34.033333333333353 ], [ 37.322575547960092, 34.032980007595519 ], [ 37.306591118706621, 34.017019992404549 ], [ 37.297575547960093, 34.016313340928853 ], [ 37.294091118706625, 34.012853325737879 ], [ 37.289242214626761, 34.012146674262191 ], [ 37.285757785373292, 34.008686659071216 ], [ 37.28333333333336, 34.008333333333354 ], [ 37.282980007595512, 34.005908881293436 ], [ 37.267019992404542, 33.989924452039965 ], [ 37.266313340928846, 33.985075547960108 ], [ 37.258686659071202, 33.977424452039962 ], [ 37.257977973090306, 33.968381076388923 ], [ 37.244091118706621, 33.954519992404549 ], [ 37.239242214626763, 33.953813340928853 ], [ 37.235757785373288, 33.950353325737879 ], [ 37.197547403971377, 33.949646165635883 ], [ 37.192019992404539, 33.944091118706631 ], [ 37.191666666666691, 33.941666666666698 ], [ 37.1875, 33.941666666666698 ], [ 37.185075547960096, 33.941313340928851 ], [ 37.181591118706621, 33.937853325737883 ], [ 37.172575547960093, 33.937146674262188 ], [ 37.169091118706618, 33.933686659071213 ], [ 37.166666666666693, 33.933333333333366 ], [ 37.1625, 33.933333333333366 ], [ 37.1625, 33.95 ], [ 37.162146674262175, 33.964924452039966 ], [ 37.158686659071208, 33.968408881293435 ], [ 37.15833333333336, 33.970833333333367 ], [ 37.157715861002629, 33.977160135904981 ], [ 37.154784138997421, 33.981173197428419 ], [ 37.153549194335959, 33.983802456325989 ], [ 37.158600870768254, 33.990718078613313 ], [ 37.147839694552978, 33.992284308539531 ], [ 37.143826972113743, 33.995215691460537 ], [ 37.139506361219645, 33.996450975206201 ], [ 37.135493638780403, 33.999382358127207 ], [ 37.131173027886305, 34.000617641872864 ], [ 37.126158650716171, 34.004280598958367 ], [ 37.124382527669297, 34.010493469238313 ], [ 37.12145080566409, 34.014506530761757 ], [ 37.120215861002627, 34.018826802571652 ], [ 37.099587673611133, 34.040593295627204 ], [ 37.09583333333336, 34.0416666666667 ], [ 37.09166666666669, 34.041666666666686 ], [ 37.089242214626758, 34.041313340928852 ], [ 37.083689032660615, 34.035787794325124 ], [ 37.082980007595509, 34.026742214626772 ], [ 37.077457004123289, 34.021191406250033 ], [ 37.072575547960092, 34.020480007595523 ], [ 37.060757785373291, 34.008686659071216 ], [ 37.055908881293426, 34.007980007595521 ], [ 37.052424452039951, 34.004519992404546 ], [ 37.043408881293423, 34.003813340928858 ], [ 37.039924452039955, 34.000353325737883 ], [ 37.035786946614607, 33.999646674262188 ], [ 37.03125, 34.004152086046041 ], [ 37.027424452039952, 34.000353325737883 ], [ 37.020833333333357, 34.0 ], [ 37.020177883572075, 34.002122328016526 ], [ 37.013155449761307, 34.010377671983541 ], [ 37.011786905924502, 34.040907118055593 ], [ 36.993711005316861, 34.042322116427989 ], [ 36.989622328016516, 34.04517788357208 ], [ 36.985377671983528, 34.046488783094652 ], [ 36.981288994683183, 34.04934455023875 ], [ 36.970700751410611, 34.050994533962708 ], [ 36.97434455023874, 34.056211005316875 ], [ 36.975655449761305, 34.060455661349863 ], [ 36.978511216905403, 34.064544338650208 ], [ 36.979822116427975, 34.083579169379377 ], [ 36.975091213650195, 34.090351867675814 ], [ 36.970833333333353, 34.091666666666704 ], [ 36.970833333333353, 34.095833333333367 ], [ 36.970480007595512, 34.098257785373299 ], [ 36.967019992404538, 34.101742214626775 ], [ 36.966313340928842, 34.106591118706632 ], [ 36.962853325737868, 34.110075547960108 ], [ 36.962146674262172, 34.114924452039965 ], [ 36.956623670789952, 34.120475260416704 ], [ 36.954166666666687, 34.120833333333351 ], [ 36.955017428927974, 34.124149237738735 ], [ 36.960543823242212, 34.125567287868947 ], [ 36.964456176757835, 34.128599378797766 ], [ 36.96666666666669, 34.129166666666684 ], [ 36.973257785373285, 34.129519992404532 ], [ 36.978812323676237, 34.135046725802972 ], [ 36.979166666666693, 34.145833333333357 ], [ 36.975, 34.145833333333357 ], [ 36.972575547960091, 34.146186659071198 ], [ 36.969091118706622, 34.149646674262172 ], [ 36.964242214626758, 34.150353325737868 ], [ 36.954524400499153, 34.160045030381966 ], [ 36.953813340928839, 34.164924452039948 ], [ 36.950353325737872, 34.168408881293423 ], [ 36.949646674262176, 34.181591118706621 ], [ 36.946186659071202, 34.185075547960089 ], [ 36.945480007595506, 34.26421305338544 ], [ 36.949646674262176, 34.268408881293425 ], [ 36.95, 34.270833333333357 ], [ 36.956591118706619, 34.271186659071205 ], [ 36.960075547960095, 34.274646674262172 ], [ 36.964924452039952, 34.275353325737868 ], [ 36.972575547960091, 34.282980007595505 ], [ 36.985757785373288, 34.283686659071201 ], [ 37.014242214626762, 34.312146674262173 ], [ 37.019091118706619, 34.312853325737869 ], [ 37.026742214626758, 34.320480007595506 ], [ 37.031591118706622, 34.321186659071202 ], [ 37.060075547960096, 34.349646674262175 ], [ 37.0625, 34.35 ], [ 37.085543823242212, 34.350567287868948 ], [ 37.114456176757834, 34.378599378797766 ], [ 37.127951727973112, 34.37973395453561 ], [ 37.130160522460962, 34.37112799750436 ], [ 37.132588026258702, 34.371672227647593 ], [ 37.13390062120228, 34.379913330078146 ], [ 37.129733954535617, 34.38528951009117 ], [ 37.128599378797766, 34.413246663411478 ], [ 37.132766045464436, 34.418622843424501 ], [ 37.13390062120228, 34.42304382324221 ], [ 37.157766045464435, 34.44778951009117 ], [ 37.15918409559464, 34.453315904405407 ], [ 37.164710489908877, 34.454733954535612 ], [ 37.169865587022592, 34.458729383680577 ], [ 37.170833333333356, 34.4625 ], [ 37.170480007595508, 34.464924452039952 ], [ 37.162853325737871, 34.472575547960091 ], [ 37.1625, 34.479166666666686 ], [ 37.162853325737871, 34.485757785373288 ], [ 37.166313340928845, 34.489242214626756 ], [ 37.166666666666693, 34.491666666666688 ], [ 37.161932712131097, 34.492881605360267 ], [ 37.164456176757838, 34.495266045464433 ], [ 37.170833333333356, 34.495833333333358 ], [ 37.171494547526066, 34.503267076280402 ], [ 37.17721048990888, 34.50473395453561 ], [ 37.185289510091167, 34.511932712131099 ], [ 37.189710489908876, 34.51306728786895 ], [ 37.195222981770854, 34.51766459147138 ], [ 37.19640062120228, 34.543877156575547 ], [ 37.203599378797769, 34.551956176757834 ], [ 37.204733954535612, 34.556377156575543 ], [ 37.207766045464432, 34.560289510091167 ], [ 37.208900621202282, 34.575746663411479 ], [ 37.204733954535612, 34.581122843424502 ], [ 37.203599378797769, 34.588459608289952 ], [ 37.213429090711827, 34.599297078450547 ], [ 37.223043823242215, 34.600567287868948 ], [ 37.229153442382838, 34.60566236707902 ], [ 37.225567287868948, 34.610289510091171 ], [ 37.224432712131104, 34.61471048990888 ], [ 37.221400621202278, 34.618622843424504 ], [ 37.220266045464435, 34.627210489908876 ], [ 37.217233954535615, 34.631122843424507 ], [ 37.216099378797765, 34.639710489908879 ], [ 37.208900621202282, 34.647789510091172 ], [ 37.207766045464432, 34.664710489908877 ], [ 37.203770616319467, 34.669865587022592 ], [ 37.19778951009117, 34.671400621202281 ], [ 37.193877156575546, 34.6744327121311 ], [ 37.191666666666691, 34.675 ], [ 37.192019992404539, 34.681591118706621 ], [ 37.195480007595513, 34.685075547960096 ], [ 37.195833333333354, 34.6875 ], [ 37.198257785373286, 34.687853325737869 ], [ 37.205908881293425, 34.695480007595513 ], [ 37.2125, 34.695833333333354 ], [ 37.219091118706622, 34.696186659071202 ], [ 37.222575547960091, 34.699646674262176 ], [ 37.2375, 34.7 ], [ 37.23971048990888, 34.70056728786895 ], [ 37.243622843424504, 34.703599378797769 ], [ 37.252210489908876, 34.704733954535612 ], [ 37.256122843424507, 34.707766045464432 ], [ 37.262103949652804, 34.709301079644121 ], [ 37.266099378797769, 34.714456176757835 ], [ 37.267554050021729, 34.720124986436659 ], [ 37.277210489908882, 34.721400621202278 ], [ 37.281122843424505, 34.724432712131104 ], [ 37.28333333333336, 34.725 ], [ 37.28418409559464, 34.728315904405406 ], [ 37.289710489908877, 34.729733954535618 ], [ 37.293622843424501, 34.732766045464437 ], [ 37.295833333333356, 34.733333333333356 ], [ 37.296499294704887, 34.749144490559921 ], [ 37.302006361219647, 34.75354919433596 ], [ 37.307564968533015, 34.755138481987871 ], [ 37.30933295355905, 34.767284138997418 ], [ 37.324192640516522, 34.76594068739152 ], [ 37.328549194335963, 34.760493638780403 ], [ 37.329166666666694, 34.758333333333361 ], [ 37.329166666666694, 34.754166666666691 ], [ 37.335757785373289, 34.754519992404539 ], [ 37.339953613281274, 34.758686659071202 ], [ 37.344091118706622, 34.757980007595513 ], [ 37.347916666666691, 34.754181247287349 ], [ 37.351742214626761, 34.757980007595513 ], [ 37.370833333333358, 34.758333333333361 ], [ 37.370833333333358, 34.766666666666694 ], [ 37.377210489908883, 34.767233954535612 ], [ 37.381122843424507, 34.770266045464432 ], [ 37.385543823242216, 34.771400621202282 ], [ 37.38945617675784, 34.774432712131102 ], [ 37.393877156575549, 34.775567287868952 ], [ 37.397789510091172, 34.778599378797765 ], [ 37.40331590440541, 34.780017428927977 ], [ 37.405066257052979, 34.786838785807319 ], [ 37.4125, 34.7875 ], [ 37.414924452039955, 34.787146674262175 ], [ 37.418408881293431, 34.783686659071208 ], [ 37.425, 34.78333333333336 ], [ 37.427424452039958, 34.783686659071208 ], [ 37.435075547960096, 34.791313340928845 ], [ 37.439924452039961, 34.792019992404541 ], [ 37.445475260416693, 34.797542995876761 ], [ 37.445833333333361, 34.8 ], [ 37.45, 34.8 ], [ 37.452210489908879, 34.800567287868951 ], [ 37.457196044921901, 34.804431152343774 ], [ 37.458333333333357, 34.8 ], [ 37.458686659071205, 34.785075547960098 ], [ 37.470480007595512, 34.773257785373289 ], [ 37.471186659071208, 34.768408881293425 ], [ 37.474646674262182, 34.764924452039956 ], [ 37.475, 34.7625 ], [ 37.477210489908884, 34.76306728786895 ], [ 37.481122843424508, 34.766099378797769 ], [ 37.486649237738739, 34.767517428927974 ], [ 37.488350762261312, 34.77414923773874 ], [ 37.49387715657555, 34.775567287868952 ], [ 37.506122843424507, 34.786932712131104 ], [ 37.508333333333361, 34.7875 ], [ 37.508691067165827, 34.78995496961808 ], [ 37.518408881293432, 34.799646674262178 ], [ 37.529166666666697, 34.8 ], [ 37.530017428927977, 34.803315904405409 ], [ 37.537764485677108, 34.805303955078152 ], [ 37.533900621202285, 34.810289510091174 ], [ 37.532766045464435, 34.814710489908876 ], [ 37.529733954535615, 34.818622843424507 ], [ 37.528599378797772, 34.821770562066 ], [ 37.536932712131104, 34.831122843424502 ], [ 37.53835076226131, 34.83664923773874 ], [ 37.543877156575547, 34.838067287868952 ], [ 37.561604478624162, 34.854843817816864 ], [ 37.5625, 34.858333333333363 ], [ 37.563067287868954, 34.86054382324221 ], [ 37.566198052300372, 34.864583333333357 ], [ 37.563067287868954, 34.868622843424504 ], [ 37.561932712131103, 34.875746663411483 ], [ 37.566099378797773, 34.881122843424507 ], [ 37.567375013563392, 34.890779283311659 ], [ 37.573043823242216, 34.892233954535619 ], [ 37.57695617675784, 34.895266045464439 ], [ 37.581377156575549, 34.896400621202282 ], [ 37.585289510091172, 34.899432712131102 ], [ 37.59910040961374, 34.900661214192738 ], [ 37.601137288411486, 34.908597819010446 ], [ 37.607196044921906, 34.903902180989611 ], [ 37.608900621202288, 34.910543823242215 ], [ 37.617595757378503, 34.92013041178388 ], [ 37.627210489908883, 34.921400621202281 ], [ 37.631122843424507, 34.9244327121311 ], [ 37.638246663411486, 34.925567287868951 ], [ 37.64375, 34.921301947699682 ], [ 37.649032253689263, 34.925396050347246 ], [ 37.65, 34.929166666666696 ], [ 37.653505452473986, 34.930066257052978 ], [ 37.654166666666697, 34.9375 ], [ 37.65748257107208, 34.936649237738742 ], [ 37.65833333333336, 34.933333333333358 ], [ 37.660543823242215, 34.932766045464433 ], [ 37.668622843424508, 34.925567287868951 ], [ 37.674149237738746, 34.924149237738739 ], [ 37.675, 34.920833333333363 ], [ 37.68137715657555, 34.920266045464437 ], [ 37.686753336588566, 34.916099378797767 ], [ 37.690855577256976, 34.917673407660615 ], [ 37.692634412977462, 34.924603949652806 ], [ 37.697916666666693, 34.928698052300376 ], [ 37.703420003255239, 34.9244327121311 ], [ 37.711607530381976, 34.925736829969644 ], [ 37.716099378797772, 34.931122843424504 ], [ 37.717517428927977, 34.936649237738742 ], [ 37.72083333333336, 34.9375 ], [ 37.721501329210099, 34.939609781901069 ], [ 37.728498670789961, 34.947890218098983 ], [ 37.729888576931451, 34.982626342773465 ], [ 37.754166666666698, 34.983333333333363 ], [ 37.758333333333361, 34.983333333333363 ], [ 37.758900621202287, 34.972789510091175 ], [ 37.761932712131106, 34.968877156575545 ], [ 37.763208346896732, 34.959220716688392 ], [ 37.770250447591174, 34.957413736979191 ], [ 37.778599378797772, 34.948043823242216 ], [ 37.780017428927984, 34.942517428927978 ], [ 37.78333333333336, 34.941666666666691 ], [ 37.78333333333336, 34.933333333333358 ], [ 37.78333333333336, 34.929166666666696 ], [ 37.7875, 34.929166666666696 ], [ 37.789924452039962, 34.929519992404543 ], [ 37.793408881293431, 34.932980007595511 ], [ 37.798257785373295, 34.933686659071206 ], [ 37.801742214626763, 34.937146674262181 ], [ 37.804166666666696, 34.9375 ], [ 37.804827880859406, 34.944933742947072 ], [ 37.81054382324222, 34.946400621202287 ], [ 37.815698920355935, 34.950396050347251 ], [ 37.817233954535617, 34.956377156575549 ], [ 37.824432712131106, 34.964456176757842 ], [ 37.82556728786895, 34.968877156575545 ], [ 37.828599378797776, 34.972789510091175 ], [ 37.829733954535619, 34.981377156575547 ], [ 37.832766045464439, 34.985289510091171 ], [ 37.833900621202289, 34.99387715657555 ], [ 37.836932712131109, 34.997789510091174 ], [ 37.838067287868952, 35.018877156575549 ], [ 37.849432712131104, 35.031122843424505 ], [ 37.850567287868955, 35.035543823242215 ], [ 37.853599378797774, 35.039456176757838 ], [ 37.855054050021728, 35.045124986436662 ], [ 37.864710489908887, 35.046400621202281 ], [ 37.874080403645863, 35.054749552408879 ], [ 37.875, 35.058333333333358 ], [ 37.87145690917972, 35.059242418077282 ], [ 37.870833333333366, 35.070833333333361 ], [ 37.867327880859406, 35.071732923719644 ], [ 37.86609937879777, 35.085543823242219 ], [ 37.863067287868951, 35.089456176757842 ], [ 37.861932712131107, 35.093877156575552 ], [ 37.858900621202288, 35.097789510091175 ], [ 37.857766045464437, 35.102210489908884 ], [ 37.842233954535622, 35.118622843424504 ], [ 37.841666666666697, 35.120833333333358 ], [ 37.844091118706629, 35.121186659071206 ], [ 37.849645317925379, 35.126713392469647 ], [ 37.850353325737878, 35.14337972005211 ], [ 37.846186659071208, 35.147575547960095 ], [ 37.845480007595519, 35.164924452039962 ], [ 37.837853325737875, 35.172575547960101 ], [ 37.837146674262179, 35.176712883843344 ], [ 37.841652425130235, 35.181250339084229 ], [ 37.835786946614611, 35.187145148383273 ], [ 37.822575547960099, 35.187853325737876 ], [ 37.810757785373291, 35.199646674262183 ], [ 37.797575547960101, 35.200353325737879 ], [ 37.794091118706625, 35.203813340928846 ], [ 37.775, 35.204166666666694 ], [ 37.775, 35.225 ], [ 37.775353325737875, 35.227424452039962 ], [ 37.782980007595512, 35.235075547960101 ], [ 37.78333333333336, 35.2375 ], [ 37.783900621202285, 35.23971048990888 ], [ 37.791099378797774, 35.247789510091174 ], [ 37.792517428927979, 35.253315734863307 ], [ 37.798043823242217, 35.254733954535617 ], [ 37.801956176757841, 35.257766045464436 ], [ 37.807482571072079, 35.259184265136746 ], [ 37.808900621202284, 35.264710489908886 ], [ 37.816099378797773, 35.272789510091172 ], [ 37.816666666666698, 35.279166666666697 ], [ 37.814242214626766, 35.279519992404545 ], [ 37.802424452039958, 35.291313340928852 ], [ 37.797575547960101, 35.292019992404541 ], [ 37.787857733832496, 35.301711527506541 ], [ 37.787146674262182, 35.306591118706628 ], [ 37.783686659071208, 35.310075547960096 ], [ 37.782980007595512, 35.318379550510009 ], [ 37.787146674262182, 35.322575547960099 ], [ 37.7875, 35.329166666666694 ], [ 37.794091118706625, 35.328813340928846 ], [ 37.79828694661461, 35.324646674262183 ], [ 37.806591118706628, 35.325353325737879 ], [ 37.814242214626766, 35.332980007595516 ], [ 37.816666666666698, 35.333333333333364 ], [ 37.819091118706623, 35.333686659071212 ], [ 37.822575547960099, 35.337146674262179 ], [ 37.829166666666694, 35.3375 ], [ 37.828813340928832, 35.352424452039962 ], [ 37.825353325737858, 35.355908881293431 ], [ 37.825, 35.358333333333363 ], [ 37.827424452039942, 35.357980007595515 ], [ 37.830908881293418, 35.354519992404541 ], [ 37.839924452039945, 35.353813340928852 ], [ 37.843408881293414, 35.350353325737878 ], [ 37.848257785373278, 35.349646674262182 ], [ 37.851742214626753, 35.346186659071208 ], [ 37.869091118706613, 35.345480007595512 ], [ 37.872916666666683, 35.341681247287354 ], [ 37.876742214626752, 35.345480007595512 ], [ 37.879166666666677, 35.34583333333336 ], [ 37.885757785373279, 35.346186659071208 ], [ 37.889242214626748, 35.349646674262182 ], [ 37.891666666666694, 35.35 ], [ 37.893877156575535, 35.350567287868955 ], [ 37.896400621202268, 35.352951727973121 ], [ 37.891666666666694, 35.3541666666667 ], [ 37.89166666666668, 35.358333333333363 ], [ 37.89583333333335, 35.358333333333363 ], [ 37.906377156575537, 35.357766045464437 ], [ 37.910289510091161, 35.354733954535618 ], [ 37.936588372124582, 35.353552415635882 ], [ 37.938410949707048, 35.346450466579888 ], [ 37.963246663411475, 35.345266045464442 ], [ 37.969865587022582, 35.350395880805152 ], [ 37.971400621202271, 35.356377156575547 ], [ 37.97859937879776, 35.364456176757841 ], [ 37.979733954535604, 35.37304382324222 ], [ 37.982766045464423, 35.376956176757844 ], [ 37.983900621202274, 35.385543823242216 ], [ 37.986932712131093, 35.38945617675784 ], [ 37.9875, 35.391666666666694 ], [ 37.985289510091164, 35.392233954535619 ], [ 37.980134412977442, 35.396229214138486 ], [ 37.97859937879776, 35.402210489908882 ], [ 37.975567287868941, 35.406122843424512 ], [ 37.97443271213109, 35.410543823242215 ], [ 37.967233954535608, 35.418622843424508 ], [ 37.966099378797757, 35.427210489908887 ], [ 37.963067287868938, 35.431122843424511 ], [ 37.961932712131087, 35.434079996744821 ], [ 37.966099378797757, 35.439456176757844 ], [ 37.967517598470067, 35.444982401529977 ], [ 37.974149068196631, 35.446684265136753 ], [ 37.975567287868941, 35.452210489908886 ], [ 37.979562547471801, 35.457365587022601 ], [ 37.986649068196627, 35.459184265136749 ], [ 37.988067287868937, 35.464710489908882 ], [ 37.991099378797756, 35.468622843424512 ], [ 37.991666666666681, 35.475 ], [ 37.988464185926667, 35.475964185926678 ], [ 37.986469862196195, 35.482588365342913 ], [ 37.971604749891505, 35.484104749891522 ], [ 37.970190599229618, 35.49796837700741 ], [ 37.967309400770411, 35.502031622992654 ], [ 37.966666666666697, 35.508333333333361 ], [ 37.973257785373278, 35.508686659071209 ], [ 37.978808593750017, 35.514209832085534 ], [ 37.979519992404526, 35.519091118706626 ], [ 37.982980007595501, 35.522575547960102 ], [ 37.983333333333348, 35.529166666666697 ], [ 37.985493469238293, 35.529784308539526 ], [ 37.9936731974284, 35.536882358127201 ], [ 38.003835550944025, 35.538361443413663 ], [ 38.007715691460518, 35.543673197428419 ], [ 38.009545898437516, 35.55007459852434 ], [ 38.014583333333348, 35.546394856770867 ], [ 38.018673197428399, 35.549382358127204 ], [ 38.022993469238294, 35.550617641872861 ], [ 38.032596672905832, 35.558950975206194 ], [ 38.035493469238297, 35.557715691460537 ], [ 38.040718078613295, 35.553899298773899 ], [ 38.042284308539514, 35.56466013590498 ], [ 38.04521569146052, 35.568673197428417 ], [ 38.046568806966164, 35.582533433702288 ], [ 38.052006530761737, 35.586882358127198 ], [ 38.054166666666681, 35.5875 ], [ 38.053813340928833, 35.594091118706629 ], [ 38.050353325737859, 35.597575547960105 ], [ 38.049646674262171, 35.623257785373298 ], [ 38.046186659071196, 35.626742214626766 ], [ 38.045480007595501, 35.631591118706631 ], [ 38.042019992404526, 35.635075547960099 ], [ 38.041313340928838, 35.639924452039963 ], [ 38.037853325737863, 35.643408881293432 ], [ 38.037146674262168, 35.651712883843345 ], [ 38.041313340928838, 35.655908881293435 ], [ 38.042019992404526, 35.660757785373299 ], [ 38.045480007595501, 35.664242214626768 ], [ 38.046186659071196, 35.668379550510018 ], [ 38.042019992404526, 35.672575547960101 ], [ 38.041313340928838, 35.676712883843351 ], [ 38.045480007595501, 35.680908881293433 ], [ 38.046186659071196, 35.685046217176684 ], [ 38.042019992404526, 35.689242214626766 ], [ 38.041666666666686, 35.7 ], [ 38.038107469346805, 35.700913323296476 ], [ 38.036892530653226, 35.732420010036925 ], [ 38.033333333333367, 35.733333333333363 ], [ 38.033686659071194, 35.735757785373295 ], [ 38.037146674262168, 35.739242214626771 ], [ 38.037853325737863, 35.777424452039966 ], [ 38.045819430881089, 35.785415988498301 ], [ 38.042019992404526, 35.789242214626768 ], [ 38.041666666666686, 35.8 ], [ 38.037235344780832, 35.801137118869391 ], [ 38.04109937879776, 35.806122843424511 ], [ 38.042233954535604, 35.809183417426247 ], [ 38.036540222167986, 35.816010708279116 ], [ 38.021732923719632, 35.817327880859409 ], [ 38.020266045464425, 35.823043823242223 ], [ 38.008900621202272, 35.835289510091179 ], [ 38.008333333333361, 35.845833333333367 ], [ 38.008686659071195, 35.852424452039962 ], [ 38.016313340928832, 35.860075547960101 ], [ 38.017019992404528, 35.869091118706628 ], [ 38.020480007595502, 35.872575547960103 ], [ 38.021186659071198, 35.877424452039968 ], [ 38.024646674262165, 35.880908881293436 ], [ 38.025353325737861, 35.889924452039963 ], [ 38.028813340928835, 35.893408881293439 ], [ 38.029519992404531, 35.906591118706629 ], [ 38.032980007595498, 35.910075547960105 ], [ 38.033686659071194, 35.919091118706632 ], [ 38.037146674262168, 35.922575547960101 ], [ 38.0375, 35.954166666666687 ], [ 38.035289510091161, 35.953599378797762 ], [ 38.031377156575537, 35.950567287868942 ], [ 38.028420003255221, 35.949432712131099 ], [ 38.021801079644113, 35.954562717013907 ], [ 38.019982401529965, 35.961649237738733 ], [ 38.013173760308177, 35.963396538628487 ], [ 38.011932712131092, 35.975746663411478 ], [ 38.016099378797762, 35.981122843424501 ], [ 38.017233954535605, 35.984079996744811 ], [ 38.013067287868935, 35.989456176757834 ], [ 38.011932712131092, 35.998043823242206 ], [ 38.008900621202272, 36.00195617675783 ], [ 38.007624816894548, 36.011612616644982 ], [ 38.004166666666698, 36.0125 ], [ 38.004827880859388, 36.019933742947067 ], [ 38.008333333333361, 36.020833333333371 ], [ 38.011649068196633, 36.021684095594637 ], [ 38.0125, 36.025 ], [ 38.011780124240467, 36.036723497178841 ], [ 38.004166666666698, 36.0375 ], [ 38.000850931803399, 36.036649237738736 ], [ 37.999432712131089, 36.031122843424498 ], [ 37.994913906521283, 36.025704277886305 ], [ 37.985289510091164, 36.024432712131095 ], [ 37.981377156575533, 36.021400621202275 ], [ 37.972789510091161, 36.020266045464432 ], [ 37.964710489908867, 36.013067287868942 ], [ 37.9625, 36.0125 ], [ 37.961838785807309, 36.019933742947067 ], [ 37.956122843424495, 36.021400621202275 ], [ 37.952210489908872, 36.024432712131095 ], [ 37.95, 36.025 ], [ 37.949646674262169, 36.044091118706618 ], [ 37.946186659071195, 36.047575547960086 ], [ 37.945833333333361, 36.05 ], [ 37.946450975206176, 36.0604936387804 ], [ 37.949438476562513, 36.064583333333353 ], [ 37.946450975206176, 36.068673027886305 ], [ 37.945215691460518, 36.077160305447066 ], [ 37.938056606716593, 36.085410224066862 ], [ 37.941049024793848, 36.089506361219634 ], [ 37.942469278971366, 36.09926486545141 ], [ 37.95, 36.1 ], [ 37.950567287868935, 36.10637715657554 ], [ 37.953599378797755, 36.110289510091164 ], [ 37.954733954535605, 36.114710489908873 ], [ 37.958534749348971, 36.119614664713559 ], [ 37.957257588704444, 36.125312296549495 ], [ 37.952210489908872, 36.121400621202277 ], [ 37.949062771267378, 36.120266045464433 ], [ 37.938419765896285, 36.129749552408875 ], [ 37.93664906819663, 36.136649237738737 ], [ 37.931122843424497, 36.138067287868942 ], [ 37.926249694824236, 36.141844007704016 ], [ 37.924432712131093, 36.146579996744812 ], [ 37.928599378797756, 36.151956176757835 ], [ 37.929733954535607, 36.154913330078145 ], [ 37.925567287868937, 36.160289510091168 ], [ 37.924432712131093, 36.167603895399324 ], [ 37.932766045464426, 36.176956176757834 ], [ 37.93390062120227, 36.185543823242206 ], [ 37.936932712131089, 36.18945617675783 ], [ 37.93806728786894, 36.204913330078142 ], [ 37.93390062120227, 36.210289510091165 ], [ 37.933333333333351, 36.21666666666669 ], [ 37.933691406250013, 36.219123670789955 ], [ 37.939242214626752, 36.224646674262175 ], [ 37.941666666666684, 36.225 ], [ 37.941313340928836, 36.235757785373288 ], [ 37.931621805826836, 36.245475599500892 ], [ 37.929166666666696, 36.245833333333351 ], [ 37.929166666666681, 36.254166666666691 ], [ 37.928543090820327, 36.265757581922763 ], [ 37.921507093641509, 36.267563205295161 ], [ 37.920266045464423, 36.279913330078145 ], [ 37.924540201822929, 36.285428195529533 ], [ 37.913067287868941, 36.297789510091164 ], [ 37.9125, 36.304166666666688 ], [ 37.910289510091175, 36.304733954535614 ], [ 37.906377156575552, 36.307766045464433 ], [ 37.901956176757842, 36.308900621202277 ], [ 37.889710489908886, 36.320266045464429 ], [ 37.885289510091177, 36.32140062120228 ], [ 37.877210489908883, 36.328599378797762 ], [ 37.868622843424511, 36.329733954535612 ], [ 37.856377156575547, 36.341099378797765 ], [ 37.839456176757842, 36.342233954535615 ], [ 37.835543823242219, 36.345266045464435 ], [ 37.831122843424509, 36.346400621202278 ], [ 37.827210489908886, 36.349432712131097 ], [ 37.821684095594648, 36.35085076226131 ], [ 37.819982571072075, 36.357482571072069 ], [ 37.814456176757844, 36.358900621202281 ], [ 37.81054382324222, 36.3619327121311 ], [ 37.801956176757841, 36.363067287868944 ], [ 37.798043823242217, 36.366099378797763 ], [ 37.789456176757838, 36.367233954535614 ], [ 37.785543823242215, 36.370266045464433 ], [ 37.779166666666697, 36.370833333333358 ], [ 37.776742214626765, 36.371186659071199 ], [ 37.773257785373296, 36.374646674262173 ], [ 37.770833333333364, 36.375 ], [ 37.766666666666694, 36.375 ], [ 37.767250908745687, 36.407313707139778 ], [ 37.772789510091172, 36.411932712131097 ], [ 37.778770616319477, 36.413467746310786 ], [ 37.782766045464442, 36.418622843424501 ], [ 37.783900621202285, 36.42304382324221 ], [ 37.796400621202288, 36.436511908637172 ], [ 37.794654676649337, 36.441434393988736 ], [ 37.789710489908884, 36.445266045464429 ], [ 37.782766045464442, 36.447048272026933 ], [ 37.785289510091175, 36.449432712131099 ], [ 37.7875, 36.45 ], [ 37.7875, 36.454166666666687 ], [ 37.787853325737878, 36.460757785373289 ], [ 37.791313340928852, 36.464242214626758 ], [ 37.792019992404541, 36.481591118706618 ], [ 37.795480007595515, 36.485075547960093 ], [ 37.795833333333348, 36.4875 ], [ 37.795833333333348, 36.491666666666688 ], [ 37.78333333333336, 36.491666666666688 ], [ 37.782445949978325, 36.495124986436657 ], [ 37.772789510091172, 36.496400621202277 ], [ 37.768877156575549, 36.499432712131096 ], [ 37.76445617675784, 36.500567287868947 ], [ 37.760416666666693, 36.503698052300372 ], [ 37.756377156575553, 36.500567287868947 ], [ 37.751956176757844, 36.499432712131096 ], [ 37.748043823242213, 36.496400621202277 ], [ 37.738387383355061, 36.495124986436657 ], [ 37.7375, 36.491666666666688 ], [ 37.735075547960101, 36.492019992404536 ], [ 37.725357733832496, 36.501711697048634 ], [ 37.725, 36.504166666666691 ], [ 37.72083333333336, 36.504166666666691 ], [ 37.720266045464442, 36.506377156575546 ], [ 37.712961832682318, 36.514574517144119 ], [ 37.716099378797772, 36.518622843424502 ], [ 37.717233954535615, 36.521821424696206 ], [ 37.704733954535619, 36.535289510091168 ], [ 37.703279283311659, 36.540958319769992 ], [ 37.693622843424507, 36.542233954535611 ], [ 37.689710489908883, 36.54526604546443 ], [ 37.683956909179713, 36.54674241807728 ], [ 37.683333333333358, 36.558333333333358 ], [ 37.676742214626763, 36.558686659071206 ], [ 37.673257785373295, 36.562146674262173 ], [ 37.668408881293431, 36.562853325737869 ], [ 37.664924452039962, 36.566313340928843 ], [ 37.655908881293428, 36.567019992404539 ], [ 37.642021009657142, 36.580882432725716 ], [ 37.641313340928846, 36.601716444227456 ], [ 37.653813340928849, 36.614242214626756 ], [ 37.654166666666697, 36.629166666666691 ], [ 37.653813340928849, 36.631591118706623 ], [ 37.648290337456622, 36.637141927083356 ], [ 37.643408881293432, 36.637853325737872 ], [ 37.639924452039956, 36.641313340928846 ], [ 37.61495361328128, 36.642019992404535 ], [ 37.610757785373295, 36.637853325737872 ], [ 37.605908881293431, 36.637146674262176 ], [ 37.602424452039955, 36.633686659071202 ], [ 37.589242214626765, 36.632980007595506 ], [ 37.585416666666696, 36.629181247287349 ], [ 37.581591118706626, 36.632980007595506 ], [ 37.579166666666694, 36.633333333333354 ], [ 37.578813340928846, 36.635757785373286 ], [ 37.575353325737872, 36.639242214626762 ], [ 37.575, 36.65 ], [ 37.574432712131106, 36.652210489908882 ], [ 37.571400621202287, 36.656122843424505 ], [ 37.570266045464436, 36.671579996744818 ], [ 37.574538167317733, 36.677092149522593 ], [ 37.566083780924508, 36.686580403645856 ], [ 37.558971150716175, 36.688405693901935 ], [ 37.55776604546444, 36.706377156575542 ], [ 37.554733954535621, 36.710289510091172 ], [ 37.55359937879777, 36.718877156575545 ], [ 37.546400621202281, 36.726956176757838 ], [ 37.545266045464437, 36.731377156575547 ], [ 37.542233954535618, 36.735289510091171 ], [ 37.541099378797767, 36.73971048990888 ], [ 37.524322848849856, 36.757437811957487 ], [ 37.520833333333357, 36.758333333333361 ], [ 37.520480007595516, 36.760757785373286 ], [ 37.496186659071206, 36.785075547960098 ], [ 37.495833333333358, 36.7875 ], [ 37.483333333333363, 36.7875 ], [ 37.480908881293431, 36.787853325737871 ], [ 37.477083333333361, 36.791652086046035 ], [ 37.473257785373292, 36.787853325737871 ], [ 37.456620279947941, 36.787146674262175 ], [ 37.452424452039956, 36.791313340928845 ], [ 37.444117567274333, 36.792019992404541 ], [ 37.435757785373291, 36.783686659071208 ], [ 37.416666666666693, 36.78333333333336 ], [ 37.416049194335962, 36.797993638780405 ], [ 37.411700100368947, 36.80343119303388 ], [ 37.397839694552978, 36.80478413899742 ], [ 37.393826972113743, 36.807715861002627 ], [ 37.389506361219645, 36.80895080566409 ], [ 37.384194946289085, 36.812830946180583 ], [ 37.382539198133706, 36.824205864800376 ], [ 37.372839694552979, 36.825617472330755 ], [ 37.368826972113737, 36.828549194335963 ], [ 37.352006361219644, 36.829784138997418 ], [ 37.343826972113739, 36.836882527669296 ], [ 37.335339694552978, 36.838117472330751 ], [ 37.331326972113743, 36.841049194335966 ], [ 37.322201199001761, 36.842284138997421 ], [ 37.320833333333361, 36.8375 ], [ 37.310289510091174, 36.838067287868952 ], [ 37.306377156575543, 36.841099378797772 ], [ 37.297789510091171, 36.842233954535615 ], [ 37.293877156575547, 36.845266045464435 ], [ 37.289456176757838, 36.846400621202285 ], [ 37.26755744086374, 36.867362806532142 ], [ 37.265779283311659, 36.874291653103327 ], [ 37.255054050021727, 36.875708346896729 ], [ 37.253599378797766, 36.881377156575546 ], [ 37.250567287868947, 36.88528951009117 ], [ 37.25, 36.8875 ], [ 37.206122843424502, 36.88806728786895 ], [ 37.193877156575546, 36.899432712131102 ], [ 37.189456176757837, 36.900567287868952 ], [ 37.185543823242213, 36.903599378797772 ], [ 37.172789510091171, 36.904733954535615 ], [ 37.164710489908877, 36.911932712131104 ], [ 37.117583889431444, 36.913092719184057 ], [ 37.116666666666688, 36.916666666666693 ], [ 37.118877156575543, 36.917233954535618 ], [ 37.122789510091167, 36.920266045464437 ], [ 37.127210489908876, 36.921400621202281 ], [ 37.131122843424507, 36.9244327121311 ], [ 37.136649237738737, 36.925850762261312 ], [ 37.13806728786895, 36.93137715657555 ], [ 37.141099378797769, 36.935289510091174 ], [ 37.142233954535612, 36.942413330078153 ], [ 37.137968614366343, 36.947916666666693 ], [ 37.141099378797769, 36.95195617675784 ], [ 37.142233954535612, 36.956377156575549 ], [ 37.145266045464432, 36.960289510091172 ], [ 37.146400621202282, 36.968877156575545 ], [ 37.149432712131102, 36.972789510091175 ], [ 37.15, 36.979166666666693 ], [ 37.15416666666669, 36.979166666666693 ], [ 37.160543823242215, 36.978599378797767 ], [ 37.165529378255229, 36.974735514322944 ], [ 37.167517428927972, 36.982482571072076 ], [ 37.17304382324221, 36.983900621202281 ], [ 37.176956176757834, 36.9869327121311 ], [ 37.181377156575543, 36.988067287868951 ], [ 37.185289510091167, 36.99109937879777 ], [ 37.191666666666691, 36.991666666666696 ], [ 37.192019992404539, 36.998257785373291 ], [ 37.203813340928846, 37.010075547960099 ], [ 37.204166666666694, 37.0125 ], [ 37.204519992404542, 37.014924452039956 ], [ 37.207980007595509, 37.018408881293432 ], [ 37.208686659071205, 37.023257785373289 ], [ 37.216313340928842, 37.030908881293428 ], [ 37.21666666666669, 37.041666666666693 ], [ 37.215815904405403, 37.044982571072076 ], [ 37.20896131727433, 37.046741400824679 ], [ 37.207766045464432, 37.067413330078153 ], [ 37.211932712131102, 37.07278951009117 ], [ 37.213067287868945, 37.077210489908879 ], [ 37.216099378797765, 37.081122843424509 ], [ 37.217233954535615, 37.093877156575552 ], [ 37.224432712131104, 37.101956176757838 ], [ 37.225567287868948, 37.106377156575547 ], [ 37.228599378797767, 37.110289510091171 ], [ 37.229733954535618, 37.121792941623291 ], [ 37.219860500759573, 37.132678561740477 ], [ 37.2125, 37.133333333333361 ], [ 37.185075547960096, 37.133686659071209 ], [ 37.173257785373288, 37.145480007595516 ], [ 37.170833333333356, 37.145833333333364 ], [ 37.160075547960091, 37.145480007595516 ], [ 37.156591118706622, 37.142019992404542 ], [ 37.151742214626758, 37.141313340928846 ], [ 37.148257785373289, 37.137853325737872 ], [ 37.145833333333357, 37.1375 ], [ 37.134142727322072, 37.138188001844647 ], [ 37.132523939344644, 37.149311998155412 ], [ 37.120833333333358, 37.15 ], [ 37.119696044921902, 37.154431152343776 ], [ 37.113467746310789, 37.149603949652807 ], [ 37.111590915256102, 37.142290242513049 ], [ 37.1, 37.141666666666694 ], [ 37.096541680230061, 37.142554050021729 ], [ 37.095266045464435, 37.152210489908882 ], [ 37.090706719292555, 37.157677374945777 ], [ 37.083333333333357, 37.15833333333336 ], [ 37.080017428927974, 37.159184265136744 ], [ 37.079166666666687, 37.1625 ], [ 37.079166666666687, 37.166666666666693 ], [ 37.076918538411483, 37.167196146647164 ], [ 37.070835367838562, 37.172430419921902 ], [ 37.074470350477455, 37.176918368869387 ], [ 37.075529649522593, 37.181414964464004 ], [ 37.080112711588562, 37.186741468641522 ], [ 37.085581461588568, 37.1880294799805 ], [ 37.089592827690993, 37.191278415256107 ], [ 37.097751871744812, 37.18386281331383 ], [ 37.106414794921896, 37.182803853352894 ], [ 37.11150071885853, 37.178684658474424 ], [ 37.116088528103319, 37.180113728841171 ], [ 37.116666666666688, 37.191666666666691 ], [ 37.116666666666688, 37.195833333333361 ], [ 37.117019992404536, 37.198257785373293 ], [ 37.120480007595511, 37.201742214626762 ], [ 37.120833333333358, 37.204166666666694 ], [ 37.120177883572069, 37.214622328016524 ], [ 37.116422526041688, 37.219998847113743 ], [ 37.136642795138911, 37.221581692165827 ], [ 37.138155449761307, 37.23128899468319 ], [ 37.145177883572075, 37.239544338650205 ], [ 37.14648878309464, 37.247955661349856 ], [ 37.149344550238737, 37.252044338650201 ], [ 37.15, 37.254166666666698 ], [ 37.152424452039952, 37.253813340928851 ], [ 37.156620279947944, 37.249646674262181 ], [ 37.169091118706618, 37.250353325737876 ], [ 37.172575547960093, 37.253813340928851 ], [ 37.177424452039958, 37.254519992404539 ], [ 37.185784233941, 37.262853325737879 ], [ 37.210757785373289, 37.262146674262183 ], [ 37.214242214626758, 37.258686659071209 ], [ 37.21666666666669, 37.258333333333361 ], [ 37.216049194335959, 37.281326802571641 ], [ 37.212169053819466, 37.286638556586404 ], [ 37.200649685329886, 37.288315158420168 ], [ 37.2, 37.3125 ], [ 37.193622843424507, 37.313067287868954 ], [ 37.184518093533008, 37.321180046929285 ], [ 37.182766045464433, 37.325746663411486 ], [ 37.187896050347248, 37.332365587022601 ], [ 37.194982571072075, 37.334184265136749 ], [ 37.19640062120228, 37.339710489908882 ], [ 37.20091959635419, 37.345129055447075 ], [ 37.211612616644992, 37.346541849772166 ], [ 37.213409084743951, 37.353543090820345 ], [ 37.23554382324221, 37.354733954535618 ], [ 37.244913736979193, 37.363082885742216 ], [ 37.246400621202284, 37.36887715657555 ], [ 37.250396050347248, 37.374032253689265 ], [ 37.256377156575546, 37.375567287868954 ], [ 37.261844211154539, 37.380126444498728 ], [ 37.26306728786895, 37.393877156575549 ], [ 37.266099378797769, 37.397789510091172 ], [ 37.267233954535612, 37.402210489908882 ], [ 37.274432712131102, 37.410289510091175 ], [ 37.275567287868952, 37.418877156575547 ], [ 37.282766045464435, 37.426956176757841 ], [ 37.28333333333336, 37.429166666666696 ], [ 37.298951890733534, 37.42985263400611 ], [ 37.300642903645858, 37.43546837700741 ], [ 37.304386054144992, 37.440747748480931 ], [ 37.314634874131968, 37.442309400770426 ], [ 37.319571601019987, 37.44580976698137 ], [ 37.321863471137178, 37.453421698676244 ], [ 37.336469862196203, 37.454911634657151 ], [ 37.33814290364586, 37.460468377007409 ], [ 37.350750732421901, 37.474258931477898 ], [ 37.370058525933189, 37.475739203559058 ], [ 37.370833333333358, 37.483333333333363 ], [ 37.370833333333358, 37.4875 ], [ 37.371188015408009, 37.494118754069042 ], [ 37.380908881293429, 37.503813340928851 ], [ 37.383333333333361, 37.504166666666698 ], [ 37.390767076280412, 37.504827880859409 ], [ 37.391666666666694, 37.508333333333361 ], [ 37.39104309082034, 37.519924079047343 ], [ 37.3875, 37.520833333333364 ], [ 37.38838738335506, 37.524291483561228 ], [ 37.398043823242212, 37.525567287868952 ], [ 37.402083333333358, 37.52869788275828 ], [ 37.406122843424505, 37.525567287868952 ], [ 37.413246663411485, 37.524432712131109 ], [ 37.418622843424508, 37.528599378797772 ], [ 37.43137715657555, 37.529733954535622 ], [ 37.435289510091174, 37.532766045464442 ], [ 37.452210489908879, 37.533900621202285 ], [ 37.460289510091172, 37.541099378797774 ], [ 37.468877156575545, 37.542233954535618 ], [ 37.474032253689259, 37.546229214138485 ], [ 37.475, 37.55 ], [ 37.477210489908884, 37.550567287868958 ], [ 37.481122843424508, 37.553599378797777 ], [ 37.485543823242217, 37.554733954535621 ], [ 37.489456176757841, 37.55776604546444 ], [ 37.495437282986138, 37.559301079644129 ], [ 37.499432712131103, 37.564456176757844 ], [ 37.500967746310792, 37.570437452528246 ], [ 37.506122843424507, 37.574432712131106 ], [ 37.515779283311659, 37.575708516438837 ], [ 37.517634412977458, 37.582937452528242 ], [ 37.522789510091172, 37.586932712131109 ], [ 37.529166666666697, 37.5875 ], [ 37.558333333333358, 37.5875 ], [ 37.558900621202284, 37.602210489908884 ], [ 37.561932712131103, 37.606122843424508 ], [ 37.563350762261315, 37.611649068196648 ], [ 37.569982571072075, 37.613350931803417 ], [ 37.571400621202287, 37.61887715657555 ], [ 37.583978949652803, 37.632429843478768 ], [ 37.591049533420168, 37.634244283040395 ], [ 37.592233954535615, 37.659079996744822 ], [ 37.588067287868952, 37.664456176757845 ], [ 37.5875, 37.670833333333363 ], [ 37.5875, 37.679166666666703 ], [ 37.591666666666697, 37.679166666666703 ], [ 37.59543728298614, 37.680134412977466 ], [ 37.599432712131104, 37.685289510091181 ], [ 37.600887383355065, 37.6909581502279 ], [ 37.610543823242217, 37.692233954535624 ], [ 37.614456176757841, 37.695266045464443 ], [ 37.640668741862008, 37.696443684895868 ], [ 37.645266045464439, 37.701956176757847 ], [ 37.646400621202282, 37.710543823242219 ], [ 37.653712632921035, 37.71875 ], [ 37.64546746148006, 37.728003438313834 ], [ 37.652210489908882, 37.729733954535625 ], [ 37.656122843424505, 37.732766045464444 ], [ 37.6625, 37.733333333333363 ], [ 37.663080512152803, 37.778246392144133 ], [ 37.666666666666693, 37.779166666666697 ], [ 37.667554050021728, 37.782624816894561 ], [ 37.67721048990888, 37.783900621202292 ], [ 37.689456176757844, 37.795266045464444 ], [ 37.728139580620692, 37.796428595648905 ], [ 37.736932712131107, 37.806122843424511 ], [ 37.738208346896727, 37.815779283311663 ], [ 37.74387715657555, 37.817233954535624 ], [ 37.749253336588573, 37.821400621202287 ], [ 37.756377156575553, 37.820266045464443 ], [ 37.760289510091177, 37.817233954535624 ], [ 37.770833333333364, 37.816666666666698 ], [ 37.777424452039959, 37.817019992404546 ], [ 37.782975260416698, 37.822543165418871 ], [ 37.78333333333336, 37.825 ], [ 37.786876424153675, 37.82590925428606 ], [ 37.7875, 37.8375 ], [ 37.780908881293435, 37.837853325737882 ], [ 37.777424452039959, 37.841313340928856 ], [ 37.764953613281278, 37.842019992404545 ], [ 37.760757785373293, 37.837853325737882 ], [ 37.735075547960101, 37.837146674262186 ], [ 37.731591118706625, 37.833686659071212 ], [ 37.718408881293428, 37.832980007595523 ], [ 37.714924452039959, 37.829519992404549 ], [ 37.710075547960095, 37.828813340928853 ], [ 37.706591118706626, 37.825353325737879 ], [ 37.697575547960099, 37.824646674262183 ], [ 37.694091118706623, 37.821186659071216 ], [ 37.67328694661461, 37.820480007595521 ], [ 37.669091118706625, 37.824646674262183 ], [ 37.6625, 37.825 ], [ 37.656173027886311, 37.824382358127203 ], [ 37.643826972113743, 37.813117641872864 ], [ 37.622839694552979, 37.811882358127207 ], [ 37.618826972113744, 37.808950975206194 ], [ 37.614506361219647, 37.807715691460537 ], [ 37.610493638780412, 37.804784308539531 ], [ 37.602006361219644, 37.803549024793867 ], [ 37.597993638780409, 37.800617641872861 ], [ 37.579973687066001, 37.799294365776944 ], [ 37.578398301866343, 37.788471645779111 ], [ 37.572839694552982, 37.786882358127201 ], [ 37.564660305447077, 37.779784308539533 ], [ 37.518673027886308, 37.778549024793868 ], [ 37.514660305447073, 37.775617641872863 ], [ 37.508333333333361, 37.775 ], [ 37.507980007595513, 37.772575547960102 ], [ 37.504519992404539, 37.769091118706633 ], [ 37.503810967339433, 37.760045539008281 ], [ 37.498257785373291, 37.754519992404546 ], [ 37.493408881293426, 37.753813340928851 ], [ 37.489924452039958, 37.750353325737883 ], [ 37.454166666666694, 37.75 ], [ 37.426956176757841, 37.750567287868954 ], [ 37.422916666666694, 37.753697882758281 ], [ 37.418741183810788, 37.750461832682326 ], [ 37.409252929687526, 37.758916219075552 ], [ 37.407766045464435, 37.764710489908886 ], [ 37.400567287868952, 37.772789510091179 ], [ 37.399432712131102, 37.792413330078155 ], [ 37.403599378797772, 37.797789510091178 ], [ 37.404733954535615, 37.811285061306457 ], [ 37.397789510091172, 37.813067287868954 ], [ 37.393877156575549, 37.816099378797773 ], [ 37.391666666666694, 37.816666666666698 ], [ 37.380908881293429, 37.817019992404546 ], [ 37.377424452039953, 37.820480007595521 ], [ 37.358333333333363, 37.820833333333368 ], [ 37.355908881293431, 37.820480007595521 ], [ 37.352424452039955, 37.817019992404546 ], [ 37.339242214626765, 37.816313340928851 ], [ 37.335757785373289, 37.812853325737883 ], [ 37.310786946614606, 37.812146674262188 ], [ 37.306591118706621, 37.816313340928851 ], [ 37.27916666666669, 37.816666666666698 ], [ 37.272575547960095, 37.816313340928851 ], [ 37.269091118706619, 37.812853325737883 ], [ 37.247575547960096, 37.812146674262188 ], [ 37.244091118706621, 37.808686659071213 ], [ 37.2375, 37.808333333333366 ], [ 37.236649237738739, 37.811649068196651 ], [ 37.231122843424501, 37.813067287868954 ], [ 37.227210489908877, 37.816099378797773 ], [ 37.222789510091168, 37.817233954535624 ], [ 37.210543823242212, 37.828599378797776 ], [ 37.19778951009117, 37.829733954535627 ], [ 37.189710489908876, 37.836932712131109 ], [ 37.185289510091167, 37.838067287868959 ], [ 37.180134412977452, 37.842062547471819 ], [ 37.178315904405409, 37.849149068196645 ], [ 37.171541680230057, 37.850887383355065 ], [ 37.17026604546443, 37.860543823242224 ], [ 37.166270616319466, 37.865698920355939 ], [ 37.160289510091168, 37.867233954535621 ], [ 37.152210489908882, 37.87443271213111 ], [ 37.145833333333357, 37.875 ], [ 37.143408881293425, 37.875353325737883 ], [ 37.133688015408012, 37.885047912597692 ], [ 37.132980007595506, 37.898257785373296 ], [ 37.129519992404539, 37.901742214626772 ], [ 37.128813340928843, 37.906591118706629 ], [ 37.121186659071206, 37.914242214626768 ], [ 37.120833333333358, 37.92083333333337 ], [ 37.121494547526069, 37.928267076280413 ], [ 37.127210489908876, 37.929733954535621 ], [ 37.131122843424507, 37.932766045464447 ], [ 37.135543823242209, 37.933900621202291 ], [ 37.13945617675784, 37.93693271213111 ], [ 37.148043823242212, 37.938067287868961 ], [ 37.151956176757835, 37.94109937879778 ], [ 37.164710489908877, 37.942233954535624 ], [ 37.168622843424501, 37.945266045464443 ], [ 37.17721048990888, 37.946400621202294 ], [ 37.185289510091167, 37.953599378797776 ], [ 37.189710489908876, 37.954733954535627 ], [ 37.195086669921899, 37.958900621202289 ], [ 37.202210489908879, 37.957766045464446 ], [ 37.206122843424502, 37.954733954535627 ], [ 37.208333333333357, 37.954166666666701 ], [ 37.209241400824681, 37.957705518934496 ], [ 37.229913330078148, 37.958900621202289 ], [ 37.235289510091171, 37.954733954535627 ], [ 37.242413330078151, 37.953599378797776 ], [ 37.247789510091174, 37.957766045464446 ], [ 37.252210489908876, 37.958900621202289 ], [ 37.256122843424507, 37.961932712131109 ], [ 37.273043823242212, 37.963067287868959 ], [ 37.278474595811659, 37.967596266004811 ], [ 37.279733954535615, 37.977951727973128 ], [ 37.271494547526068, 37.980066257052982 ], [ 37.270833333333357, 37.9875 ], [ 37.285543823242215, 37.986932712131114 ], [ 37.290920003255231, 37.982766045464444 ], [ 37.293877156575547, 37.983900621202295 ], [ 37.299253336588563, 37.988067287868958 ], [ 37.323043823242216, 37.986932712131114 ], [ 37.327083333333356, 37.983802117241787 ], [ 37.331122843424502, 37.986932712131114 ], [ 37.343877156575545, 37.988067287868958 ], [ 37.347789510091175, 37.991099378797777 ], [ 37.36054382324221, 37.992233954535628 ], [ 37.364456176757841, 37.995266045464447 ], [ 37.369982571072072, 37.99668426513675 ], [ 37.371400621202284, 38.00221048990889 ], [ 37.382766045464436, 38.014456176757847 ], [ 37.384301079644125, 38.020437452528249 ], [ 37.390920003255232, 38.025567287868959 ], [ 37.398043823242212, 38.024432712131109 ], [ 37.406122843424505, 38.017233954535627 ], [ 37.412103949652803, 38.015698920355938 ], [ 37.416099378797767, 38.010543823242223 ], [ 37.416666666666693, 38.008333333333368 ], [ 37.42304382324221, 38.008900621202294 ], [ 37.426956176757841, 38.011932712131113 ], [ 37.43137715657555, 38.013067287868957 ], [ 37.435289510091174, 38.016099378797776 ], [ 37.440815904405412, 38.017517598470086 ], [ 37.441666666666691, 38.02083333333335 ], [ 37.445833333333361, 38.020833333333371 ], [ 37.45, 38.020833333333371 ], [ 37.45, 38.025 ], [ 37.454166666666694, 38.025 ], [ 37.457482571072077, 38.025850931803419 ], [ 37.458333333333357, 38.029166666666683 ], [ 37.460543823242212, 38.029733954535622 ], [ 37.465920003255235, 38.033900621202292 ], [ 37.474120415581623, 38.032594638400646 ], [ 37.475, 38.029166666666704 ], [ 37.483333333333363, 38.029166666666704 ], [ 37.485757785373288, 38.028813340928856 ], [ 37.489583333333357, 38.025014580620692 ], [ 37.493408881293426, 38.028813340928856 ], [ 37.502424452039961, 38.029519992404552 ], [ 37.505908881293429, 38.032980007595519 ], [ 37.510757785373293, 38.033686659071215 ], [ 37.514242214626762, 38.037146674262189 ], [ 37.519091118706626, 38.037853325737885 ], [ 37.522575547960095, 38.041313340928852 ], [ 37.531591118706622, 38.042019992404548 ], [ 37.535786946614607, 38.046186659071218 ], [ 37.552424452039958, 38.045480007595522 ], [ 37.555908881293433, 38.042019992404548 ], [ 37.570833333333361, 38.0416666666667 ], [ 37.571684095594648, 38.044982401529985 ], [ 37.578315904405407, 38.046684265136754 ], [ 37.580134412977458, 38.05377078586158 ], [ 37.585289510091172, 38.057766045464447 ], [ 37.589710489908882, 38.058900621202291 ], [ 37.593622843424505, 38.06193271213111 ], [ 37.610543823242217, 38.063067287868961 ], [ 37.614456176757841, 38.06609937879778 ], [ 37.623043823242213, 38.067233954535624 ], [ 37.643622843424509, 38.086932712131109 ], [ 37.648043823242219, 38.088067287868959 ], [ 37.651956176757842, 38.091099378797779 ], [ 37.67721048990888, 38.092233954535629 ], [ 37.685289510091174, 38.099432712131112 ], [ 37.689710489908883, 38.100567287868962 ], [ 37.693622843424507, 38.103599378797782 ], [ 37.698043823242216, 38.104733954535625 ], [ 37.70195617675784, 38.107766045464444 ], [ 37.704166666666694, 38.108333333333356 ], [ 37.708333333333364, 38.108333333333356 ], [ 37.708686659071212, 38.110757785373281 ], [ 37.712146674262179, 38.114242214626756 ], [ 37.712853325737875, 38.119091118706621 ], [ 37.720480007595512, 38.126742214626759 ], [ 37.721186659071208, 38.131591118706616 ], [ 37.724646674262182, 38.135075547960092 ], [ 37.725353325737878, 38.139924452039949 ], [ 37.728813340928845, 38.143408881293425 ], [ 37.729519992404541, 38.147549438476581 ], [ 37.719121636284754, 38.157975599500887 ], [ 37.716666666666697, 38.158333333333353 ], [ 37.717649671766523, 38.161516994900197 ], [ 37.722955661349857, 38.163155449761305 ], [ 37.727044338650202, 38.166011216905403 ], [ 37.749254692925376, 38.167403496636304 ], [ 37.750655449761311, 38.187745836046027 ], [ 37.746461317274331, 38.19375 ], [ 37.749344550238746, 38.197877671983527 ], [ 37.750655449761311, 38.206288994683177 ], [ 37.753511216905409, 38.21037767198353 ], [ 37.754166666666698, 38.220833333333353 ], [ 37.742575751410619, 38.221456909179707 ], [ 37.741666666666696, 38.225 ], [ 37.738350762261312, 38.225850762261302 ], [ 37.7375, 38.229166666666686 ], [ 37.730908881293431, 38.229519992404533 ], [ 37.727424452039962, 38.232980007595508 ], [ 37.698286946614616, 38.233686659071203 ], [ 37.694091118706623, 38.229519992404533 ], [ 37.683333333333358, 38.229166666666686 ], [ 37.68276604546444, 38.23137715657554 ], [ 37.679733954535621, 38.235289510091164 ], [ 37.678267076280413, 38.241005452473978 ], [ 37.663399590386312, 38.242327880859392 ], [ 37.661932712131104, 38.248043823242206 ], [ 37.658900621202285, 38.251956176757837 ], [ 37.65833333333336, 38.258333333333354 ], [ 37.654166666666697, 38.258333333333354 ], [ 37.651742214626765, 38.258686659071202 ], [ 37.648257785373289, 38.262146674262176 ], [ 37.643408881293432, 38.262853325737865 ], [ 37.631591118706623, 38.274646674262172 ], [ 37.623286946614613, 38.275353325737868 ], [ 37.618749321831622, 38.270846896701407 ], [ 37.606591118706625, 38.282980007595505 ], [ 37.597575547960098, 38.283686659071201 ], [ 37.592024739583358, 38.289209662543421 ], [ 37.591666666666697, 38.291666666666686 ], [ 37.592233954535615, 38.29387715657554 ], [ 37.59622938368058, 38.299032253689255 ], [ 37.602210489908884, 38.300567287868944 ], [ 37.610289510091171, 38.307766045464433 ], [ 37.61471048990888, 38.308900621202277 ], [ 37.618622843424504, 38.311932712131096 ], [ 37.624149237738742, 38.313350762261308 ], [ 37.625567287868954, 38.318877156575539 ], [ 37.632766045464436, 38.326956176757832 ], [ 37.633333333333361, 38.329166666666687 ], [ 37.63776448567711, 38.330303955078143 ], [ 37.633900621202287, 38.335289510091165 ], [ 37.632766045464436, 38.339710489908875 ], [ 37.629733954535617, 38.343622843424498 ], [ 37.629166666666691, 38.35 ], [ 37.614456176757841, 38.349432712131097 ], [ 37.610543823242217, 38.346400621202278 ], [ 37.599253336588568, 38.345266045464435 ], [ 37.593877156575552, 38.349432712131097 ], [ 37.590920003255235, 38.350567287868948 ], [ 37.585416666666696, 38.346301947699672 ], [ 37.581377156575549, 38.349432712131097 ], [ 37.578420003255239, 38.350567287868948 ], [ 37.572907850477456, 38.346295166015643 ], [ 37.564710489908883, 38.353599378797767 ], [ 37.560289510091174, 38.354733954535611 ], [ 37.554903496636314, 38.359225802951414 ], [ 37.55359937879777, 38.367413330078143 ], [ 37.558597819010444, 38.373862711588565 ], [ 37.551956176757841, 38.375567287868947 ], [ 37.539710489908884, 38.386932712131099 ], [ 37.53333333333336, 38.3875 ], [ 37.531211005316869, 38.386844550238735 ], [ 37.514588758680581, 38.371457587348111 ], [ 37.510455661349852, 38.374344550238739 ], [ 37.502044338650201, 38.375655449761304 ], [ 37.497955661349856, 38.378511216905402 ], [ 37.489544338650198, 38.379822116427974 ], [ 37.485455661349853, 38.382677883572072 ], [ 37.467726982964436, 38.384065755208354 ], [ 37.466011216905407, 38.389622328016515 ], [ 37.46315544976131, 38.39371100531686 ], [ 37.46166551378041, 38.412744140625023 ], [ 37.456288994683185, 38.408988783094642 ], [ 37.45, 38.408333333333353 ], [ 37.449120415581625, 38.411761135525197 ], [ 37.440920003255236, 38.413067287868948 ], [ 37.435543823242213, 38.408900621202278 ], [ 37.424062771267387, 38.407766045464435 ], [ 37.414710489908877, 38.416099378797767 ], [ 37.410289510091175, 38.417233954535611 ], [ 37.405134412977453, 38.421229383680576 ], [ 37.40416666666669, 38.425 ], [ 37.404519992404538, 38.435757785373283 ], [ 37.407980007595512, 38.439242214626759 ], [ 37.408686659071208, 38.44754638671877 ], [ 37.404519992404538, 38.451742214626762 ], [ 37.40416666666669, 38.454166666666687 ], [ 37.402006361219641, 38.454784138997418 ], [ 37.397993638780406, 38.457715861002626 ], [ 37.392593044704888, 38.459259711371551 ], [ 37.391049194335963, 38.464660305447069 ], [ 37.386700100368948, 38.470097859700545 ], [ 37.371635945638047, 38.471568467881966 ], [ 37.370039198133703, 38.482539198133701 ], [ 37.360339694552977, 38.483950805664087 ], [ 37.356326972113742, 38.486882527669295 ], [ 37.352006361219644, 38.48811747233075 ], [ 37.347993638780409, 38.491049194335957 ], [ 37.335339694552978, 38.49228413899742 ], [ 37.327160305447073, 38.499382527669297 ], [ 37.322839694552975, 38.500617472330752 ], [ 37.31882697211374, 38.50354919433596 ], [ 37.3125, 38.504166666666691 ], [ 37.309184095594645, 38.505017428927971 ], [ 37.308333333333358, 38.508333333333354 ], [ 37.307426961263047, 38.511865234375023 ], [ 37.288714938693602, 38.51306728786895 ], [ 37.2875, 38.508333333333354 ], [ 37.285075547960098, 38.507980007595506 ], [ 37.279524739583358, 38.502457004123286 ], [ 37.27916666666669, 38.5 ], [ 37.270833333333357, 38.5 ], [ 37.270833333333357, 38.504166666666691 ], [ 37.271400621202282, 38.510543823242209 ], [ 37.274432712131102, 38.514456176757832 ], [ 37.275567287868952, 38.518877156575542 ], [ 37.286932712131104, 38.531122843424505 ], [ 37.28835076226131, 38.536649237738736 ], [ 37.293877156575547, 38.538067287868948 ], [ 37.297789510091171, 38.541099378797767 ], [ 37.303315904405409, 38.542517428927972 ], [ 37.305017428927975, 38.549149237738739 ], [ 37.311532931857663, 38.550821261935788 ], [ 37.313067287868947, 38.555178493923634 ], [ 37.296400621202281, 38.57278951009117 ], [ 37.294982571072076, 38.578315904405407 ], [ 37.291666666666693, 38.579166666666687 ], [ 37.2875, 38.579166666666687 ], [ 37.263315158420163, 38.578516981336833 ], [ 37.261700100368948, 38.567420111762175 ], [ 37.249530707465304, 38.56604919433596 ], [ 37.243826972113737, 38.57021586100263 ], [ 37.232864040798638, 38.571450805664085 ], [ 37.227160305447072, 38.567284138997422 ], [ 37.208333333333357, 38.566666666666691 ], [ 37.207766045464432, 38.568877156575546 ], [ 37.203770616319467, 38.574032253689261 ], [ 37.19778951009117, 38.57556728786895 ], [ 37.193877156575546, 38.578599378797769 ], [ 37.185289510091167, 38.579733954535612 ], [ 37.181377156575543, 38.582766045464432 ], [ 37.176956176757834, 38.583900621202282 ], [ 37.17304382324221, 38.586932712131102 ], [ 37.156122843424505, 38.588067287868945 ], [ 37.152210489908882, 38.591099378797765 ], [ 37.146684095594644, 38.592517428927977 ], [ 37.14492153591582, 38.59938591851131 ], [ 37.118622843424504, 38.600567287868948 ], [ 37.11054382324221, 38.60776604546443 ], [ 37.105017428927972, 38.609184095594642 ], [ 37.104166666666693, 38.6125 ], [ 37.105017428927972, 38.615815904405409 ], [ 37.108333333333356, 38.616666666666688 ], [ 37.108333333333356, 38.620833333333358 ], [ 37.111838785807315, 38.621732923719641 ], [ 37.1125, 38.629166666666691 ], [ 37.110352579752629, 38.629797024197075 ], [ 37.079258897569467, 38.65973341200089 ], [ 37.082702975802974, 38.664519246419296 ], [ 37.08396369086374, 38.668890380859402 ], [ 37.078770277235265, 38.671463690863739 ], [ 37.071414184570337, 38.666169230143254 ], [ 37.059038967556447, 38.667430623372418 ], [ 37.058333333333358, 38.679166666666688 ], [ 37.043408881293423, 38.678813340928841 ], [ 37.039924452039955, 38.675353325737873 ], [ 37.035786946614607, 38.674646674262178 ], [ 37.031591118706622, 38.678813340928841 ], [ 37.023285590277801, 38.679519992404536 ], [ 37.017024739583356, 38.673290337456621 ], [ 37.016313340928839, 38.668408881293431 ], [ 37.010787963867209, 38.662855699327281 ], [ 37.001742214626759, 38.662146674262175 ], [ 36.998257785373283, 38.658686659071208 ], [ 36.993408881293426, 38.657980007595512 ], [ 36.989924452039951, 38.654519992404538 ], [ 36.980908881293423, 38.653813340928842 ], [ 36.977424452039955, 38.650353325737868 ], [ 36.968408881293428, 38.649646674262179 ], [ 36.960757785373289, 38.642019992404535 ], [ 36.943408881293422, 38.641313340928846 ], [ 36.939924452039953, 38.637853325737872 ], [ 36.925, 38.6375 ], [ 36.922865125868078, 38.638142903645857 ], [ 36.9104682074653, 38.649357096354194 ], [ 36.900826348198805, 38.650826348198805 ], [ 36.899357096354187, 38.6604682074653 ], [ 36.895613945855054, 38.665747748480925 ], [ 36.885365125868077, 38.667309570312526 ], [ 36.881301540798631, 38.670190429687523 ], [ 36.877031792534744, 38.671476236979188 ], [ 36.872968207465298, 38.674357096354193 ], [ 36.864531792534741, 38.675642903645858 ], [ 36.856301540798633, 38.682690429687526 ], [ 36.850964355468768, 38.684297688802104 ], [ 36.84896206325957, 38.690947808159748 ], [ 36.831198289659312, 38.692309570312524 ], [ 36.827135043674069, 38.695190429687521 ], [ 36.822864956325979, 38.696476236979194 ], [ 36.818801710340736, 38.699357096354191 ], [ 36.814531622992646, 38.700642903645857 ], [ 36.810468377007396, 38.703523763020854 ], [ 36.796531168619815, 38.70494554307728 ], [ 36.795833333333356, 38.72083333333336 ], [ 36.798081631130664, 38.721362982855929 ], [ 36.80191836886938, 38.724470350477453 ], [ 36.811548529730928, 38.725647650824676 ], [ 36.813029479980493, 38.730107286241342 ], [ 36.808862813313823, 38.735251871744815 ], [ 36.807803853352887, 38.743914794921899 ], [ 36.80052947998049, 38.751918538411481 ], [ 36.8, 38.758333333333361 ], [ 36.800623575846373, 38.769924248589433 ], [ 36.804166666666688, 38.770833333333357 ], [ 36.808333333333351, 38.770833333333357 ], [ 36.808333333333351, 38.775 ], [ 36.805908881293426, 38.775353325737875 ], [ 36.802424452039951, 38.778813340928842 ], [ 36.798287116156708, 38.779519992404538 ], [ 36.794091118706618, 38.775353325737875 ], [ 36.791666666666686, 38.775 ], [ 36.7875, 38.775 ], [ 36.7875, 38.77916666666669 ], [ 36.7875, 38.7875 ], [ 36.7875, 38.795833333333356 ], [ 36.789924452039955, 38.796186659071203 ], [ 36.793408881293423, 38.799646674262178 ], [ 36.8, 38.8 ], [ 36.803315734863304, 38.800850762261312 ], [ 36.804166666666688, 38.804166666666688 ], [ 36.804733954535614, 38.806377156575543 ], [ 36.813082885742212, 38.815747070312526 ], [ 36.818877156575539, 38.817233954535617 ], [ 36.82278951009117, 38.820266045464436 ], [ 36.831377156575542, 38.82140062120228 ], [ 36.835289510091165, 38.824432712131099 ], [ 36.843877156575545, 38.82556728786895 ], [ 36.849268256293428, 38.830063205295161 ], [ 36.850567287868948, 38.838437228732666 ], [ 36.842233954535615, 38.847789510091175 ], [ 36.841099378797765, 38.854913330078148 ], [ 36.84622938368058, 38.861532253689262 ], [ 36.853315904405406, 38.863350762261312 ], [ 36.854733954535611, 38.86887715657555 ], [ 36.85776604546443, 38.872789510091174 ], [ 36.858900621202281, 38.879913330078153 ], [ 36.854733954535611, 38.88528951009117 ], [ 36.854166666666686, 38.90416666666669 ], [ 36.854827880859396, 38.91160040961374 ], [ 36.858333333333356, 38.9125 ], [ 36.858333333333356, 38.920833333333363 ], [ 36.859184095594642, 38.924149237738739 ], [ 36.865815904405402, 38.925850762261312 ], [ 36.867554050021724, 38.932624986436657 ], [ 36.877210489908876, 38.933900621202284 ], [ 36.886797078450542, 38.942595757378498 ], [ 36.888208346896725, 38.953279283311659 ], [ 36.895100572374155, 38.955047946506106 ], [ 36.896400621202275, 38.963488091362876 ], [ 36.88390062120228, 38.976956176757838 ], [ 36.882766045464429, 38.98971048990888 ], [ 36.878902180989606, 38.994696044921902 ], [ 36.885543823242209, 38.996400621202284 ], [ 36.890962388780402, 39.000919596354194 ], [ 36.892375013563388, 39.011612616644996 ], [ 36.898043823242212, 39.01306728786895 ], [ 36.901956176757835, 39.016099378797769 ], [ 36.906377156575545, 39.017233954535619 ], [ 36.911684502495682, 39.021660020616345 ], [ 36.913067287868948, 39.027951727973118 ], [ 36.906122843424498, 39.029733954535615 ], [ 36.902210489908875, 39.032766045464435 ], [ 36.893622843424502, 39.033900621202285 ], [ 36.888467746310788, 39.03789605034725 ], [ 36.8875, 39.041666666666693 ], [ 36.8908159044054, 39.042517428927979 ], [ 36.892233954535612, 39.048043823242217 ], [ 36.899432712131102, 39.056122843424504 ], [ 36.900567287868945, 39.059079996744821 ], [ 36.896400621202275, 39.064456176757837 ], [ 36.895833333333357, 39.0875 ], [ 36.88528951009117, 39.088067287868952 ], [ 36.881377156575546, 39.091099378797772 ], [ 36.868622843424504, 39.092233954535615 ], [ 36.864710489908873, 39.095266045464435 ], [ 36.85930345323353, 39.096653578016522 ], [ 36.85776604546443, 39.100988091362872 ], [ 36.870266045464433, 39.114456176757841 ], [ 36.871400621202277, 39.121821424696208 ], [ 36.85768771701391, 39.136596340603326 ], [ 36.85085076226131, 39.138350762261311 ], [ 36.849149237738736, 39.144982571072077 ], [ 36.842327880859393, 39.146732923719647 ], [ 36.841099378797765, 39.160543823242215 ], [ 36.837104119194898, 39.165698920355929 ], [ 36.831122843424502, 39.167233954535618 ], [ 36.827210489908879, 39.170266045464437 ], [ 36.82278951009117, 39.171400621202288 ], [ 36.818877156575539, 39.174432712131107 ], [ 36.816666666666691, 39.175 ], [ 36.8125, 39.175 ], [ 36.811649068196637, 39.178315734863311 ], [ 36.806122843424504, 39.179733954535621 ], [ 36.802210489908873, 39.18276604546444 ], [ 36.8, 39.183333333333358 ], [ 36.79668426513674, 39.18418426513675 ], [ 36.795833333333356, 39.1875 ], [ 36.795833333333356, 39.191666666666691 ], [ 36.799149068196634, 39.192517598470083 ], [ 36.800567287868944, 39.198043823242216 ], [ 36.803599378797763, 39.20195617675784 ], [ 36.805017598470073, 39.20748240152998 ], [ 36.810543823242206, 39.208900621202282 ], [ 36.814456176757837, 39.211932712131102 ], [ 36.817413330078146, 39.213067287868952 ], [ 36.822916666666686, 39.208802117241781 ], [ 36.826956176757832, 39.211932712131102 ], [ 36.843877156575545, 39.213067287868952 ], [ 36.849344211154538, 39.217626444498727 ], [ 36.850567287868948, 39.231377156575547 ], [ 36.853599378797767, 39.235289510091178 ], [ 36.854733954535611, 39.23971048990888 ], [ 36.85776604546443, 39.243622843424511 ], [ 36.858333333333356, 39.245833333333366 ], [ 36.860581461588566, 39.24636281331383 ], [ 36.868585205078148, 39.253637186686227 ], [ 36.873081461588562, 39.254696146647163 ], [ 36.878226047092035, 39.258862813313833 ], [ 36.882566663954016, 39.257421366373727 ], [ 36.883333333333354, 39.254166666666698 ], [ 36.886649237738737, 39.255017598470083 ], [ 36.88841959635419, 39.261917114257841 ], [ 36.897789510091165, 39.270266045464439 ], [ 36.9, 39.270833333333364 ], [ 36.902424452039952, 39.271186659071212 ], [ 36.910075547960091, 39.278813340928849 ], [ 36.9125, 39.279166666666697 ], [ 36.914924452039955, 39.279519992404545 ], [ 36.918408881293423, 39.282980007595512 ], [ 36.929166666666688, 39.28333333333336 ], [ 36.931591118706621, 39.283686659071208 ], [ 36.935075547960089, 39.287146674262182 ], [ 36.9375, 39.2875 ], [ 36.985757785373288, 39.287853325737878 ], [ 36.989242214626756, 39.291313340928852 ], [ 36.994091118706621, 39.292019992404541 ], [ 36.997575547960089, 39.295480007595515 ], [ 37.002457004123286, 39.296191406250031 ], [ 37.007980007595506, 39.301742214626763 ], [ 37.008691406250023, 39.306623501247856 ], [ 37.014242214626762, 39.312146674262181 ], [ 37.025, 39.3125 ], [ 37.026214938693599, 39.30776604546444 ], [ 37.068877156575546, 39.308900621202284 ], [ 37.07278951009117, 39.311932712131103 ], [ 37.075, 39.3125 ], [ 37.089924452039952, 39.312146674262181 ], [ 37.09375, 39.308347913954023 ], [ 37.097575547960091, 39.312146674262181 ], [ 37.110757785373288, 39.312853325737876 ], [ 37.114242214626756, 39.316313340928851 ], [ 37.127424452039953, 39.317019992404546 ], [ 37.130908881293429, 39.320480007595513 ], [ 37.148257785373289, 39.321186659071209 ], [ 37.155908881293428, 39.328813340928846 ], [ 37.160757785373285, 39.329519992404542 ], [ 37.164242214626761, 39.332980007595516 ], [ 37.177424452039958, 39.333686659071212 ], [ 37.180908881293426, 39.337146674262179 ], [ 37.185757785373291, 39.337853325737875 ], [ 37.193408881293429, 39.345480007595512 ], [ 37.2, 39.34583333333336 ], [ 37.200353325737872, 39.348257785373292 ], [ 37.205876329210092, 39.353808593750031 ], [ 37.210757785373289, 39.354519992404541 ], [ 37.220478651258702, 39.364214579264356 ], [ 37.22083333333336, 39.370833333333366 ], [ 37.228364054362004, 39.371568467881971 ], [ 37.230028279622424, 39.383002217610709 ], [ 37.235339694552977, 39.386882358127203 ], [ 37.239660305447075, 39.38811764187286 ], [ 37.24367302788631, 39.391049024793865 ], [ 37.25216030544707, 39.39228430853953 ], [ 37.257864040798637, 39.396450975206193 ], [ 37.264660305447073, 39.395215691460535 ], [ 37.268673027886308, 39.39228430853953 ], [ 37.294832695855057, 39.390999688042562 ], [ 37.295833333333356, 39.3875 ], [ 37.29804382324221, 39.388067287868957 ], [ 37.301956176757841, 39.391099378797776 ], [ 37.310543823242213, 39.392233954535619 ], [ 37.31458333333336, 39.39536454942494 ], [ 37.318622843424507, 39.392233954535619 ], [ 37.324149237738737, 39.39081573486331 ], [ 37.325, 39.3875 ], [ 37.34166666666669, 39.3875 ], [ 37.342019992404538, 39.394091118706626 ], [ 37.345480007595512, 39.397575547960102 ], [ 37.346186659071208, 39.402424452039959 ], [ 37.349985419379365, 39.40625 ], [ 37.345480007595512, 39.410787116156712 ], [ 37.346189032660618, 39.419119771321647 ], [ 37.356617228190132, 39.429519992404543 ], [ 37.364924452039958, 39.428813340928848 ], [ 37.36875, 39.42501458062069 ], [ 37.372575547960096, 39.428813340928848 ], [ 37.385757785373286, 39.429519992404543 ], [ 37.389242214626762, 39.432980007595518 ], [ 37.40833333333336, 39.433333333333366 ], [ 37.407715861002629, 39.43966013590498 ], [ 37.403327433268252, 39.445147026909751 ], [ 37.379976060655409, 39.446521335177984 ], [ 37.37854919433596, 39.456326802571645 ], [ 37.375556776258705, 39.460423278808626 ], [ 37.38271586100263, 39.468673197428416 ], [ 37.383950805664085, 39.479635789659319 ], [ 37.379052734375023, 39.486341179741785 ], [ 37.371493191189259, 39.488502671983539 ], [ 37.370833333333358, 39.504166666666698 ], [ 37.374149237738742, 39.505017598470083 ], [ 37.375, 39.508333333333361 ], [ 37.385757785373286, 39.508686659071209 ], [ 37.389242214626762, 39.512146674262183 ], [ 37.391666666666694, 39.5125 ], [ 37.402424452039959, 39.512853325737879 ], [ 37.405908881293428, 39.516313340928853 ], [ 37.410757785373292, 39.517019992404542 ], [ 37.414242214626761, 39.520480007595516 ], [ 37.423257785373288, 39.521186659071212 ], [ 37.426742214626763, 39.524646674262186 ], [ 37.431591118706621, 39.525353325737882 ], [ 37.435786946614613, 39.529519992404545 ], [ 37.473257785373292, 39.528813340928849 ], [ 37.477083333333361, 39.525014580620692 ], [ 37.480908881293431, 39.528813340928849 ], [ 37.4875, 39.529166666666697 ], [ 37.490815904405409, 39.530017598470081 ], [ 37.491666666666696, 39.533333333333367 ], [ 37.491666666666696, 39.545833333333363 ], [ 37.502210489908883, 39.546400621202288 ], [ 37.51028951009117, 39.553599378797777 ], [ 37.515958319769993, 39.555054050021731 ], [ 37.517370944552979, 39.56574723985463 ], [ 37.522789510091172, 39.570266045464443 ], [ 37.541666666666693, 39.570833333333368 ], [ 37.544091118706625, 39.571186659071209 ], [ 37.547575547960093, 39.574646674262183 ], [ 37.573257785373293, 39.575353325737879 ], [ 37.576742214626762, 39.578813340928853 ], [ 37.6125, 39.579166666666701 ], [ 37.61606818305124, 39.580082363552549 ], [ 37.616666666666696, 39.6 ], [ 37.616666666666696, 39.608333333333363 ], [ 37.619091118706628, 39.607980007595515 ], [ 37.622575547960096, 39.604519992404548 ], [ 37.652424452039959, 39.603813340928852 ], [ 37.655908881293428, 39.600353325737878 ], [ 37.65833333333336, 39.6 ], [ 37.660788302951417, 39.600357733832496 ], [ 37.670480007595515, 39.610075547960101 ], [ 37.671191067165829, 39.614955139160188 ], [ 37.680908881293433, 39.624646674262188 ], [ 37.683333333333358, 39.625 ], [ 37.707416110568602, 39.62559288872616 ], [ 37.708333333333364, 39.629166666666698 ], [ 37.718877156575552, 39.628599378797773 ], [ 37.724253336588568, 39.62443271213111 ], [ 37.73971048990888, 39.625567287868954 ], [ 37.745086669921903, 39.629733954535624 ], [ 37.752210489908883, 39.628599378797773 ], [ 37.756122843424507, 39.625567287868954 ], [ 37.76276448567711, 39.623862881130677 ], [ 37.757766045464436, 39.617413330078158 ], [ 37.759007093641522, 39.605063035753069 ], [ 37.764710489908886, 39.603599378797774 ], [ 37.781122843424505, 39.588067287868952 ], [ 37.791666666666693, 39.5875 ], [ 37.795833333333363, 39.5875 ], [ 37.796605767144129, 39.590780300564269 ], [ 37.800999281141522, 39.592148674858976 ], [ 37.806085205078155, 39.588029479980499 ], [ 37.818914794921902, 39.586970520019563 ], [ 37.824059380425375, 39.5828038533529 ], [ 37.827248128255235, 39.583862813313836 ], [ 37.831085205078153, 39.586970520019563 ], [ 37.839748128255238, 39.588029479980499 ], [ 37.843585205078156, 39.591137186686232 ], [ 37.848081461588571, 39.592196146647169 ], [ 37.860404459635447, 39.603780619303414 ], [ 37.865726047092046, 39.599470520019565 ], [ 37.868914794921906, 39.600529479980501 ], [ 37.874059380425379, 39.604696146647164 ], [ 37.877248128255239, 39.603637186686228 ], [ 37.881085205078158, 39.600529479980501 ], [ 37.885581461588572, 39.599470520019565 ], [ 37.890726047092045, 39.595303853352895 ], [ 37.893914794921905, 39.596362813313831 ], [ 37.897751871744823, 39.599470520019565 ], [ 37.906414794921908, 39.600529479980501 ], [ 37.910251871744819, 39.603637186686228 ], [ 37.933333333333366, 39.6041666666667 ], [ 37.932766045464426, 39.610543823242217 ], [ 37.929733954535607, 39.614456176757841 ], [ 37.928599378797756, 39.61887715657555 ], [ 37.925567287868937, 39.622789510091181 ], [ 37.924432712131093, 39.631377156575553 ], [ 37.916083780924495, 39.640746900770431 ], [ 37.90918426513673, 39.642517598470086 ], [ 37.907766045464427, 39.648043823242219 ], [ 37.904733954535601, 39.651956176757842 ], [ 37.903599378797757, 39.664710489908884 ], [ 37.900567287868938, 39.668622843424508 ], [ 37.899432712131087, 39.673043823242217 ], [ 37.896302117241767, 39.677083333333364 ], [ 37.899432712131087, 39.681122843424511 ], [ 37.9, 39.6875 ], [ 37.906591118706615, 39.687853325737876 ], [ 37.910075547960083, 39.691313340928851 ], [ 37.920833333333363, 39.691666666666698 ], [ 37.921191406250017, 39.689209832085538 ], [ 37.926742214626749, 39.683686659071213 ], [ 37.929166666666681, 39.683333333333366 ], [ 37.931591118706613, 39.682980007595518 ], [ 37.935075547960082, 39.679519992404543 ], [ 37.9375, 39.679166666666703 ], [ 37.939924452039946, 39.679519992404543 ], [ 37.947575547960085, 39.687146674262188 ], [ 37.952424452039942, 39.687853325737876 ], [ 37.955908881293418, 39.691313340928851 ], [ 37.95833333333335, 39.691666666666698 ], [ 37.9586875067817, 39.702453104654978 ], [ 37.964242214626751, 39.707980007595516 ], [ 37.969091118706615, 39.708686659071212 ], [ 37.972575547960083, 39.712146674262186 ], [ 37.979166666666679, 39.7125 ], [ 37.981591118706611, 39.712853325737882 ], [ 37.9857871161567, 39.717019992404545 ], [ 37.998257785373276, 39.716313340928849 ], [ 38.019116380479616, 39.695480007595521 ], [ 38.027424452039945, 39.696186659071216 ], [ 38.030908881293421, 39.699646674262183 ], [ 38.035757785373278, 39.700353325737879 ], [ 38.039242214626753, 39.703813340928853 ], [ 38.044091118706611, 39.704519992404549 ], [ 38.052451070149758, 39.712853325737882 ], [ 38.089924452039945, 39.712146674262186 ], [ 38.09375, 39.708347913954029 ], [ 38.097916666666684, 39.712485419379369 ], [ 38.101742214626753, 39.708686659071212 ], [ 38.110757785373281, 39.707980007595516 ], [ 38.114242214626749, 39.704519992404549 ], [ 38.119091118706613, 39.703813340928853 ], [ 38.122575547960082, 39.700353325737879 ], [ 38.125, 39.7 ], [ 38.1283157348633, 39.700850931803416 ], [ 38.12973395453561, 39.706377156575556 ], [ 38.133729214138469, 39.711532253689271 ], [ 38.141005452473976, 39.713399590386317 ], [ 38.142233954535605, 39.727210489908884 ], [ 38.149432712131095, 39.735289510091178 ], [ 38.150567287868938, 39.74804382324222 ], [ 38.153599378797757, 39.751956176757844 ], [ 38.154733954535608, 39.756377156575553 ], [ 38.157766045464427, 39.760289510091177 ], [ 38.159184265136737, 39.765815734863317 ], [ 38.16471048990887, 39.767233954535627 ], [ 38.174080234103748, 39.775582885742217 ], [ 38.175, 39.779166666666697 ], [ 38.181591118706613, 39.779519992404545 ], [ 38.185075547960082, 39.782980007595519 ], [ 38.195833333333347, 39.783333333333367 ], [ 38.195833333333347, 39.779166666666697 ], [ 38.206591118706612, 39.778813340928849 ], [ 38.210075547960088, 39.775353325737882 ], [ 38.227424452039948, 39.774646674262186 ], [ 38.230908881293416, 39.771186659071212 ], [ 38.235757785373281, 39.770480007595516 ], [ 38.239242214626756, 39.767019992404549 ], [ 38.241666666666681, 39.766666666666701 ], [ 38.242233954535607, 39.777210489908889 ], [ 38.24601067437068, 39.78208363850915 ], [ 38.250746663411476, 39.783900621202292 ], [ 38.256122843424492, 39.779733954535622 ], [ 38.259079996744809, 39.778599378797779 ], [ 38.264456176757832, 39.782766045464442 ], [ 38.270124816894551, 39.784220716688402 ], [ 38.271400621202275, 39.793877156575554 ], [ 38.274432712131095, 39.797789510091178 ], [ 38.275, 39.8 ], [ 38.302122328016509, 39.79934455023875 ], [ 38.306211005316861, 39.796488783094652 ], [ 38.310455661349842, 39.79517788357208 ], [ 38.314544338650194, 39.792322116427982 ], [ 38.318788994683175, 39.791011216905417 ], [ 38.322877671983527, 39.788155449761319 ], [ 38.349133300781268, 39.786844550238747 ], [ 38.350655449761305, 39.806288994683193 ], [ 38.357677883572066, 39.814544338650208 ], [ 38.358988783094638, 39.827122328016529 ], [ 38.361844550238736, 39.831211005316874 ], [ 38.363570827908006, 39.83680097791887 ], [ 38.393788994683177, 39.838155449761317 ], [ 38.397877671983522, 39.841011216905414 ], [ 38.40212232801651, 39.842322116427987 ], [ 38.406211005316855, 39.845177883572084 ], [ 38.415958319769985, 39.846696980794306 ], [ 38.416666666666686, 39.8625 ], [ 38.427424452039951, 39.862146674262185 ], [ 38.431620449490033, 39.857980007595522 ], [ 38.452424452039949, 39.858686659071211 ], [ 38.460075547960088, 39.866313340928855 ], [ 38.464924452039952, 39.867019992404551 ], [ 38.469120449490035, 39.871186659071213 ], [ 38.481591118706618, 39.870480007595518 ], [ 38.485075547960086, 39.867019992404551 ], [ 38.5, 39.866666666666703 ], [ 38.502210489908876, 39.866099378797777 ], [ 38.511562771267378, 39.857766045464444 ], [ 38.531377156575537, 39.858900621202288 ], [ 38.536753336588561, 39.863067287868958 ], [ 38.54804382324221, 39.861932712131107 ], [ 38.551956176757834, 39.858900621202288 ], [ 38.564710489908876, 39.857766045464444 ], [ 38.5686228434245, 39.854733954535625 ], [ 38.574376424153662, 39.853257412380678 ], [ 38.575, 39.841666666666697 ], [ 38.577424452039949, 39.842019992404545 ], [ 38.580908881293425, 39.845480007595519 ], [ 38.589924452039952, 39.846186659071215 ], [ 38.59375, 39.849985419379372 ], [ 38.597575547960091, 39.846186659071215 ], [ 38.629166666666684, 39.845833333333367 ], [ 38.629524739583353, 39.843376498752207 ], [ 38.635075547960092, 39.837853325737882 ], [ 38.708333333333357, 39.8375 ], [ 38.724086676703578, 39.836892530653245 ], [ 38.725967746310786, 39.829562547471824 ], [ 38.731122843424501, 39.825567287868957 ], [ 38.764710489908879, 39.824432712131113 ], [ 38.768622843424502, 39.821400621202287 ], [ 38.775, 39.820833333333368 ], [ 38.783333333333353, 39.820833333333368 ], [ 38.78579016791452, 39.821191406250037 ], [ 38.791313340928838, 39.826742214626769 ], [ 38.792024739583354, 39.831623501247861 ], [ 38.7982855902778, 39.837853325737882 ], [ 38.802424452039951, 39.837146674262186 ], [ 38.80662044949004, 39.832980007595523 ], [ 38.810757785373283, 39.833686659071212 ], [ 38.814242214626759, 39.837146674262186 ], [ 38.823257785373286, 39.837853325737882 ], [ 38.826742214626755, 39.841313340928856 ], [ 38.831591118706619, 39.842019992404545 ], [ 38.835075547960088, 39.845480007595519 ], [ 38.844091118706622, 39.846186659071215 ], [ 38.860075547960093, 39.862146674262185 ], [ 38.875, 39.8625 ], [ 38.881591118706616, 39.862853325737881 ], [ 38.885416666666686, 39.866652086046038 ], [ 38.889242214626755, 39.862853325737881 ], [ 38.891666666666687, 39.8625 ], [ 38.892517428927974, 39.865815734863318 ], [ 38.895833333333357, 39.866666666666703 ], [ 38.9, 39.866666666666703 ], [ 38.901214938693599, 39.871400621202291 ], [ 38.91887715657554, 39.87026604546444 ], [ 38.922789510091171, 39.867233954535621 ], [ 38.932400173611136, 39.86596425374352 ], [ 38.945266045464436, 39.852210489908884 ], [ 38.945833333333354, 39.85 ], [ 38.973257785373285, 39.849646674262189 ], [ 38.976742214626761, 39.846186659071215 ], [ 38.979166666666693, 39.845833333333367 ], [ 38.980017428927972, 39.849149068196645 ], [ 38.98554382324221, 39.850567287868955 ], [ 38.997789510091167, 39.861932712131107 ], [ 39.017413330078149, 39.863067287868958 ], [ 39.022789510091172, 39.858900621202288 ], [ 39.030206976996553, 39.857766045464444 ], [ 39.061614990234396, 39.888217841254374 ], [ 39.063067287868947, 39.893877156575556 ], [ 39.066099378797766, 39.897789510091179 ], [ 39.066666666666691, 39.904166666666697 ], [ 39.066666666666691, 39.908333333333367 ], [ 39.073257785373286, 39.908686659071215 ], [ 39.077453613281271, 39.912853325737885 ], [ 39.085757785373289, 39.912146674262189 ], [ 39.089583333333358, 39.908347913954024 ], [ 39.093408881293428, 39.912146674262189 ], [ 39.125, 39.9125 ], [ 39.125850762261308, 39.915815734863315 ], [ 39.131377156575546, 39.917233954535625 ], [ 39.13945617675784, 39.924432712131107 ], [ 39.145833333333357, 39.925 ], [ 39.14673292371964, 39.928505452473992 ], [ 39.160543823242215, 39.929733954535621 ], [ 39.164456176757838, 39.932766045464447 ], [ 39.189710489908876, 39.933900621202291 ], [ 39.195086669921899, 39.938067287868961 ], [ 39.202210489908879, 39.93693271213111 ], [ 39.206122843424502, 39.933900621202291 ], [ 39.21666666666669, 39.933333333333366 ], [ 39.225, 39.933333333333366 ], [ 39.225887383355058, 39.929875183105501 ], [ 39.23554382324221, 39.928599378797777 ], [ 39.239456176757841, 39.925567287868958 ], [ 39.243877156575543, 39.924432712131107 ], [ 39.247789510091174, 39.921400621202288 ], [ 39.260543823242216, 39.920266045464444 ], [ 39.26445617675784, 39.917233954535625 ], [ 39.273043823242212, 39.916099378797774 ], [ 39.278420003255235, 39.911932712131112 ], [ 39.285543823242215, 39.913067287868955 ], [ 39.290920003255231, 39.917233954535625 ], [ 39.335543823242212, 39.916099378797774 ], [ 39.339456176757835, 39.913067287868955 ], [ 39.343877156575545, 39.911932712131112 ], [ 39.351956176757838, 39.904733954535622 ], [ 39.358333333333363, 39.904166666666697 ], [ 39.358686659071203, 39.901742214626772 ], [ 39.362146674262178, 39.898257785373296 ], [ 39.362855699327284, 39.889212205674944 ], [ 39.368408881293426, 39.883686659071216 ], [ 39.379166666666691, 39.883333333333368 ], [ 39.389924452039956, 39.882980007595521 ], [ 39.393408881293432, 39.879519992404546 ], [ 39.402424452039959, 39.878813340928851 ], [ 39.405908881293428, 39.875353325737883 ], [ 39.410757785373292, 39.874646674262188 ], [ 39.414242214626761, 39.871186659071213 ], [ 39.419091118706625, 39.870480007595518 ], [ 39.426742214626763, 39.862853325737881 ], [ 39.435757785373291, 39.862146674262185 ], [ 39.439953613281276, 39.857980007595522 ], [ 39.444091118706623, 39.858686659071211 ], [ 39.447575547960099, 39.862146674262185 ], [ 39.4625, 39.8625 ], [ 39.463387383355062, 39.865958150227897 ], [ 39.473043823242215, 39.867233954535621 ], [ 39.489456176757841, 39.882766045464443 ], [ 39.49387715657555, 39.883900621202294 ], [ 39.497789510091174, 39.886932712131113 ], [ 39.502210489908883, 39.888067287868957 ], [ 39.506122843424507, 39.891099378797776 ], [ 39.508333333333361, 39.891666666666701 ], [ 39.509239027235267, 39.888137647840743 ], [ 39.527210489908882, 39.886932712131113 ], [ 39.531122843424505, 39.883900621202294 ], [ 39.569917805989611, 39.882734849717913 ], [ 39.571746826171903, 39.875607469346825 ], [ 39.5875, 39.875 ], [ 39.586932712131102, 39.872789510091181 ], [ 39.582766045464439, 39.867413330078158 ], [ 39.583900621202282, 39.864456176757848 ], [ 39.586932712131102, 39.860543823242224 ], [ 39.588350762261314, 39.855017598470084 ], [ 39.591666666666697, 39.8541666666667 ], [ 39.591666666666697, 39.845833333333367 ], [ 39.594091118706622, 39.846186659071215 ], [ 39.598286946614614, 39.850353325737878 ], [ 39.602424452039955, 39.849646674262189 ], [ 39.610075547960101, 39.842019992404545 ], [ 39.620833333333358, 39.841666666666697 ], [ 39.627160305447077, 39.842284308539533 ], [ 39.631173027886312, 39.845215691460538 ], [ 39.637386067708363, 39.846992153591614 ], [ 39.641049194335963, 39.852006530761756 ], [ 39.642284138997425, 39.856326802571651 ], [ 39.645215861002633, 39.860339864095089 ], [ 39.646805148654543, 39.865898471408457 ], [ 39.657539198133712, 39.867460801866351 ], [ 39.659165106879371, 39.878631591796911 ], [ 39.668673027886314, 39.886882358127203 ], [ 39.685493638780407, 39.888117641872867 ], [ 39.693673027886312, 39.895215691460535 ], [ 39.70216030544708, 39.8964509752062 ], [ 39.710339694552978, 39.903549024793868 ], [ 39.7375, 39.904166666666697 ], [ 39.748043823242213, 39.904733954535622 ], [ 39.75208333333336, 39.90786454942495 ], [ 39.756790161132841, 39.90421685112851 ], [ 39.770266045464439, 39.918622843424515 ], [ 39.771750556098119, 39.924407111273908 ], [ 39.795833333333363, 39.925 ], [ 39.796188354492216, 39.918379550510018 ], [ 39.802452256944477, 39.912146674262189 ], [ 39.819091118706623, 39.912853325737885 ], [ 39.823286946614616, 39.917019992404548 ], [ 39.831591118706626, 39.916313340928852 ], [ 39.835786946614611, 39.912146674262189 ], [ 39.848257785373292, 39.912853325737885 ], [ 39.851742214626768, 39.916313340928852 ], [ 39.856591118706625, 39.917019992404548 ], [ 39.860075547960101, 39.920480007595522 ], [ 39.864924452039958, 39.921186659071218 ], [ 39.872575547960096, 39.928813340928855 ], [ 39.881591118706623, 39.929519992404551 ], [ 39.8854166666667, 39.933318752712708 ], [ 39.889583333333363, 39.92918124728736 ], [ 39.893408881293432, 39.932980007595518 ], [ 39.902424452039959, 39.933686659071213 ], [ 39.905908881293435, 39.937146674262188 ], [ 39.90833333333336, 39.9375 ], [ 39.90918426513673, 39.940815734863314 ], [ 39.9125, 39.941666666666698 ], [ 39.91193271213109, 39.943877156575553 ], [ 39.907937452528223, 39.949032253689268 ], [ 39.901956176757828, 39.950567287868957 ], [ 39.892402140299495, 39.959233093261751 ], [ 39.891099378797755, 39.967413330078159 ], [ 39.896229214138472, 39.974032253689273 ], [ 39.902210489908867, 39.975567287868955 ], [ 39.906122843424491, 39.978599378797774 ], [ 39.91471048990887, 39.979733954535625 ], [ 39.919865587022585, 39.983729214138492 ], [ 39.921400621202274, 39.989710489908887 ], [ 39.925395880805134, 39.994865587022602 ], [ 39.93248240152996, 39.99668426513675 ], [ 39.93390062120227, 40.00221048990889 ], [ 39.936932712131089, 40.006122843424514 ], [ 39.93806728786894, 40.018877156575556 ], [ 39.94119788275826, 40.022916666666703 ], [ 39.93806728786894, 40.026956176757849 ], [ 39.9375, 40.0375 ], [ 39.941666666666684, 40.0375 ], [ 39.942566257052967, 40.041005452473996 ], [ 39.956377156575535, 40.042233954535625 ], [ 39.968622843424491, 40.053599378797777 ], [ 39.970833333333367, 40.054166666666688 ], [ 39.972048272026925, 40.049432712131114 ], [ 39.985543823242203, 40.050567287868958 ], [ 39.98958333333335, 40.053697882758279 ], [ 39.995086669921889, 40.049432712131114 ], [ 39.998043823242199, 40.050567287868958 ], [ 40.002092149522582, 40.053704833984412 ], [ 40.010289510091162, 40.046400621202295 ], [ 40.027210489908867, 40.045266045464444 ], [ 40.031122843424491, 40.042233954535625 ], [ 40.0375, 40.0416666666667 ], [ 40.039924452039948, 40.042019992404548 ], [ 40.057975769042983, 40.060045878092481 ], [ 40.058333333333351, 40.0625 ], [ 40.060757785373276, 40.062146674262188 ], [ 40.064242214626752, 40.058686659071213 ], [ 40.073257785373279, 40.057980007595525 ], [ 40.081617736816419, 40.049646674262185 ], [ 40.085757785373282, 40.050353325737881 ], [ 40.089953782823365, 40.054519992404551 ], [ 40.114952935112861, 40.053812493218352 ], [ 40.120480007595503, 40.048257785373302 ], [ 40.121191067165817, 40.043378194173215 ], [ 40.130908881293422, 40.033686659071215 ], [ 40.135757785373279, 40.032980007595519 ], [ 40.139953782823369, 40.028813340928856 ], [ 40.148257785373282, 40.029519992404552 ], [ 40.160783555772582, 40.042019992404548 ], [ 40.173257785373281, 40.041313340928852 ], [ 40.177453782823363, 40.037146674262189 ], [ 40.198257785373279, 40.037853325737885 ], [ 40.201742214626755, 40.041313340928852 ], [ 40.20416666666668, 40.041666666666686 ], [ 40.206591118706612, 40.041313340928852 ], [ 40.214951070149759, 40.032980007595519 ], [ 40.219091118706615, 40.033686659071215 ], [ 40.222575547960083, 40.037146674262189 ], [ 40.241666666666681, 40.0375 ], [ 40.242233954535607, 40.039710489908892 ], [ 40.245266045464426, 40.043622843424515 ], [ 40.246684265136736, 40.049149068196648 ], [ 40.25, 40.05 ], [ 40.25088738335505, 40.046541849772169 ], [ 40.260543823242202, 40.045266045464444 ], [ 40.264456176757832, 40.042233954535625 ], [ 40.268877156575535, 40.041099378797782 ], [ 40.282345241970503, 40.028599378797779 ], [ 40.28971048990887, 40.029733954535622 ], [ 40.29906277126738, 40.038067287868955 ], [ 40.323043823242202, 40.036932712131112 ], [ 40.327083333333348, 40.033802117241791 ], [ 40.332586669921895, 40.038067287868955 ], [ 40.339710489908875, 40.036932712131112 ], [ 40.343622843424498, 40.033900621202292 ], [ 40.35, 40.033333333333367 ], [ 40.35, 40.025 ], [ 40.369119432237433, 40.024646165635886 ], [ 40.374646674262173, 40.019091118706633 ], [ 40.375, 40.0125 ], [ 40.382373555501317, 40.011844041612449 ], [ 40.386932712131092, 40.006377156575553 ], [ 40.388350931803402, 40.00085093180342 ], [ 40.393877156575542, 39.99943271213111 ], [ 40.397789510091165, 39.996400621202291 ], [ 40.406377156575537, 39.995266045464447 ], [ 40.410416666666684, 39.99213545057512 ], [ 40.414456176757831, 39.995266045464447 ], [ 40.423043823242203, 39.996400621202291 ], [ 40.431122843424497, 40.00359937879778 ], [ 40.448043823242209, 40.004733954535624 ], [ 40.456122843424495, 40.011932712131113 ], [ 40.464710489908875, 40.013067287868957 ], [ 40.46875, 40.016197882758284 ], [ 40.474253336588561, 40.011932712131113 ], [ 40.489710489908873, 40.013067287868957 ], [ 40.493622843424497, 40.016099378797776 ], [ 40.495833333333351, 40.016666666666701 ], [ 40.496684265136736, 40.01998240152998 ], [ 40.502210489908876, 40.021400621202289 ], [ 40.510289510091162, 40.028599378797779 ], [ 40.5125, 40.029166666666683 ], [ 40.531591118706615, 40.029519992404552 ], [ 40.535075547960091, 40.032980007595519 ], [ 40.5375, 40.033333333333367 ], [ 40.539748297797331, 40.033862813313839 ], [ 40.54358503553604, 40.036970520019565 ], [ 40.548081631130664, 40.038029479980501 ], [ 40.553225877549934, 40.042196146647171 ], [ 40.56058163113066, 40.041137186686235 ], [ 40.56572587754993, 40.036970520019565 ], [ 40.606414964463994, 40.038029479980501 ], [ 40.61025170220271, 40.041137186686235 ], [ 40.614748297797327, 40.042196146647171 ], [ 40.618585035536043, 40.045303853352898 ], [ 40.62724829779733, 40.046362813313834 ], [ 40.639418368869379, 40.057803853352901 ], [ 40.643914964463995, 40.058862813313837 ], [ 40.649059210883266, 40.063029479980507 ], [ 40.653400166829449, 40.061588033040401 ], [ 40.654923333062086, 40.055120849609409 ], [ 40.664418368869377, 40.046362813313834 ], [ 40.683333333333351, 40.04583333333337 ], [ 40.690767076280402, 40.046494547526081 ], [ 40.692586432562955, 40.053583780924512 ], [ 40.701956176757832, 40.06193271213111 ], [ 40.706377156575542, 40.063067287868961 ], [ 40.710289510091165, 40.06609937879778 ], [ 40.73137715657554, 40.067233954535624 ], [ 40.735289510091164, 40.070266045464443 ], [ 40.758333333333354, 40.070833333333368 ], [ 40.75890062120228, 40.073043823242223 ], [ 40.761932712131099, 40.076956176757847 ], [ 40.763350931803409, 40.082482401529987 ], [ 40.768877156575542, 40.083900621202289 ], [ 40.774253336588565, 40.088067287868959 ], [ 40.79387715657554, 40.086932712131109 ], [ 40.80322943793405, 40.078599378797776 ], [ 40.810543823242206, 40.079733954535627 ], [ 40.814456176757837, 40.082766045464446 ], [ 40.823043823242209, 40.083900621202289 ], [ 40.831122843424502, 40.091099378797779 ], [ 40.836649068196635, 40.092517598470089 ], [ 40.838067287868945, 40.098043823242222 ], [ 40.849432712131097, 40.110289510091178 ], [ 40.850967746310786, 40.11627078586158 ], [ 40.856122843424501, 40.120266045464447 ], [ 40.86054382324221, 40.121400621202291 ], [ 40.864456176757834, 40.12443271213111 ], [ 40.868877156575543, 40.125567287868961 ], [ 40.872789510091167, 40.12859937879778 ], [ 40.875, 40.129166666666684 ], [ 40.875529649522591, 40.139748128255228 ], [ 40.879648844401061, 40.144834052191861 ], [ 40.878242323133705, 40.149348958333356 ], [ 40.868585205078148, 40.150529649522589 ], [ 40.864748128255229, 40.153637017144121 ], [ 40.860251871744815, 40.154696316189259 ], [ 40.854736667209224, 40.159441799587697 ], [ 40.854166666666686, 40.170833333333356 ], [ 40.86054382324221, 40.171400621202274 ], [ 40.868622843424504, 40.178599378797763 ], [ 40.873043823242213, 40.179733954535614 ], [ 40.876956176757837, 40.182766045464433 ], [ 40.882937282986134, 40.184301079644115 ], [ 40.886932712131099, 40.18945617675783 ], [ 40.888350762261304, 40.194982571072067 ], [ 40.893877156575542, 40.19640062120228 ], [ 40.897789510091165, 40.199432712131099 ], [ 40.90377061631947, 40.200967746310781 ], [ 40.907766045464435, 40.206122843424502 ], [ 40.908989122178845, 40.219873385959225 ], [ 40.914456176757838, 40.224432712131097 ], [ 40.920124986436655, 40.225887383355058 ], [ 40.921541680230057, 40.236612616644983 ], [ 40.925, 40.2375 ], [ 40.9244327121311, 40.239710489908873 ], [ 40.921400621202281, 40.243622843424497 ], [ 40.919982571072069, 40.249149237738735 ], [ 40.916666666666686, 40.25 ], [ 40.916666666666686, 40.254166666666691 ], [ 40.917554050021721, 40.257624986436653 ], [ 40.927210489908873, 40.25890062120228 ], [ 40.935289510091167, 40.266099378797762 ], [ 40.952210489908879, 40.267233954535612 ], [ 40.956122843424502, 40.270266045464432 ], [ 40.968877156575545, 40.271400621202275 ], [ 40.974032253689259, 40.27539605034724 ], [ 40.975, 40.27916666666669 ], [ 40.977210489908877, 40.278599378797765 ], [ 40.986562771267387, 40.270266045464432 ], [ 41.018877156575542, 40.271400621202275 ], [ 41.022789510091172, 40.274432712131095 ], [ 41.031377156575545, 40.275567287868945 ], [ 41.035289510091168, 40.278599378797765 ], [ 41.05221048990888, 40.279733954535608 ], [ 41.060289510091167, 40.286932712131097 ], [ 41.064710489908876, 40.288067287868941 ], [ 41.07278951009117, 40.29526604546443 ], [ 41.078770616319467, 40.296801079644119 ], [ 41.082766045464432, 40.301956176757834 ], [ 41.083988104926242, 40.315693834092905 ], [ 41.093622843424505, 40.324432712131099 ], [ 41.098043823242215, 40.325567287868942 ], [ 41.101956176757838, 40.328599378797762 ], [ 41.123043823242213, 40.329733954535612 ], [ 41.132396104600716, 40.338067287868945 ], [ 41.140785725911485, 40.336765882704015 ], [ 41.142634412977458, 40.329562717013907 ], [ 41.147789510091172, 40.325567287868942 ], [ 41.166666666666693, 40.325 ], [ 41.170833333333356, 40.325 ], [ 41.173257785373288, 40.324646674262176 ], [ 41.180908881293426, 40.317019992404532 ], [ 41.2, 40.316666666666691 ], [ 41.199646674262176, 40.310075547960089 ], [ 41.195480007595513, 40.305879720052104 ], [ 41.196186659071202, 40.293408881293423 ], [ 41.199646674262176, 40.289924452039955 ], [ 41.200353325737872, 40.280908881293421 ], [ 41.203813340928846, 40.277424452039952 ], [ 41.204166666666694, 40.275 ], [ 41.207672119140646, 40.274100409613737 ], [ 41.208333333333357, 40.266666666666687 ], [ 41.210757785373289, 40.266313340928839 ], [ 41.214242214626758, 40.262853325737865 ], [ 41.223257785373292, 40.262146674262176 ], [ 41.230908881293431, 40.254519992404532 ], [ 41.239924452039958, 40.253813340928843 ], [ 41.243408881293426, 40.250353325737869 ], [ 41.248290337456623, 40.249641927083353 ], [ 41.254519992404539, 40.243381076388907 ], [ 41.253813340928843, 40.226742214626753 ], [ 41.250014580620686, 40.222916666666684 ], [ 41.253813340928843, 40.219091118706615 ], [ 41.254519992404539, 40.205908881293425 ], [ 41.257980007595513, 40.202424452039949 ], [ 41.258333333333361, 40.2 ], [ 41.254166666666691, 40.2 ], [ 41.250850762261308, 40.199149237738737 ], [ 41.25, 40.195833333333354 ], [ 41.249646674262181, 40.193408881293422 ], [ 41.246186659071206, 40.189924452039953 ], [ 41.245833333333358, 40.1875 ], [ 41.264710489908879, 40.18693271213111 ], [ 41.272789510091172, 40.179733954535628 ], [ 41.27831590440541, 40.178315734863318 ], [ 41.27916666666669, 40.175 ], [ 41.281377156575545, 40.175567287868944 ], [ 41.286753336588568, 40.179733954535614 ], [ 41.343877156575545, 40.178599378797763 ], [ 41.349253336588568, 40.174432712131093 ], [ 41.356377156575547, 40.175567287868944 ], [ 41.360289510091171, 40.178599378797763 ], [ 41.36887715657555, 40.179733954535614 ], [ 41.376956176757837, 40.186932712131096 ], [ 41.381377156575546, 40.188067287868947 ], [ 41.385416666666693, 40.191198052300365 ], [ 41.390170966254367, 40.187513224283876 ], [ 41.395266045464439, 40.1936228434245 ], [ 41.396720716688392, 40.199291653103316 ], [ 41.407413736979194, 40.200704277886302 ], [ 41.411932712131104, 40.206122843424502 ], [ 41.413067287868948, 40.210543823242205 ], [ 41.416099378797767, 40.214456176757835 ], [ 41.417327880859403, 40.228267076280403 ], [ 41.420833333333363, 40.229166666666686 ], [ 41.421684095594642, 40.232482571072069 ], [ 41.425, 40.233333333333356 ], [ 41.425353325737873, 40.230908881293423 ], [ 41.428813340928848, 40.227424452039955 ], [ 41.429166666666696, 40.225 ], [ 41.433333333333358, 40.225 ], [ 41.435493638780407, 40.224382527669292 ], [ 41.441197374131974, 40.220215861002622 ], [ 41.460493638780406, 40.221450805664084 ], [ 41.464589775933185, 40.224443223741339 ], [ 41.472839694552981, 40.217284138997414 ], [ 41.490859646267388, 40.215961032443595 ], [ 41.49252827962242, 40.204497612847241 ], [ 41.497839694552979, 40.200617472330748 ], [ 41.51049363878041, 40.199382527669293 ], [ 41.514506361219645, 40.196450805664085 ], [ 41.519906955295163, 40.19490695529516 ], [ 41.521450805664088, 40.189506361219635 ], [ 41.524382527669296, 40.1854936387804 ], [ 41.525617472330758, 40.181173027886302 ], [ 41.536882527669299, 40.168826972113735 ], [ 41.5375, 40.166666666666686 ], [ 41.548286607530407, 40.166312323676237 ], [ 41.553813340928848, 40.160757785373285 ], [ 41.554166666666696, 40.158333333333353 ], [ 41.553573947482668, 40.134250386556026 ], [ 41.547789510091171, 40.132766045464443 ], [ 41.543877156575547, 40.129733954535624 ], [ 41.53835076226131, 40.128315734863314 ], [ 41.536932712131104, 40.122789510091181 ], [ 41.521400621202282, 40.106377156575554 ], [ 41.520833333333357, 40.1041666666667 ], [ 41.518622843424509, 40.103599378797782 ], [ 41.505070326063397, 40.091020880805161 ], [ 41.503599378797773, 40.085289510091179 ], [ 41.495250447591175, 40.075919765896302 ], [ 41.489456176757841, 40.074432712131113 ], [ 41.485543823242217, 40.071400621202294 ], [ 41.478420003255238, 40.070266045464443 ], [ 41.473043823242215, 40.074432712131113 ], [ 41.467517428927977, 40.075850931803423 ], [ 41.465529378255233, 40.083597988552555 ], [ 41.460543823242212, 40.079733954535627 ], [ 41.456122843424509, 40.078599378797776 ], [ 41.443877156575546, 40.067233954535624 ], [ 41.439456176757837, 40.06609937879778 ], [ 41.434301079644122, 40.062104119194913 ], [ 41.432766045464433, 40.056122843424518 ], [ 41.424070909288218, 40.046536254882845 ], [ 41.414456176757838, 40.045266045464444 ], [ 41.402210489908882, 40.033900621202292 ], [ 41.4, 40.033333333333367 ], [ 41.400617472330758, 40.02283986409509 ], [ 41.404784138997421, 40.017135789659321 ], [ 41.403549194335966, 40.002006530761754 ], [ 41.396450805664088, 39.993826802571647 ], [ 41.395215861002633, 39.989506530761751 ], [ 41.388117472330755, 39.981326802571651 ], [ 41.386811998155409, 39.959142896864186 ], [ 41.375535074869816, 39.95750155978736 ], [ 41.36728413899742, 39.947993469238313 ], [ 41.366666666666696, 39.941666666666698 ], [ 41.366666666666696, 39.9375 ], [ 41.354962497287353, 39.93681115044491 ], [ 41.353549194335962, 39.926367865668439 ], [ 41.360493638780405, 39.924382358127204 ], [ 41.37391187879777, 39.912139723036056 ], [ 41.375, 39.908333333333367 ], [ 41.372789510091174, 39.907766045464442 ], [ 41.359035915798636, 39.894900173611148 ], [ 41.357766045464437, 39.885289510091177 ], [ 41.354733954535618, 39.881377156575553 ], [ 41.353599378797767, 39.876956176757844 ], [ 41.34525044759117, 39.867586432562966 ], [ 41.338350762261314, 39.865815734863318 ], [ 41.3375, 39.8625 ], [ 41.33664923773874, 39.859184265136754 ], [ 41.331122843424502, 39.857766045464444 ], [ 41.323043823242216, 39.850567287868955 ], [ 41.318622843424507, 39.849432712131112 ], [ 41.310543823242213, 39.842233954535622 ], [ 41.304166666666688, 39.841666666666697 ], [ 41.303505452473985, 39.834232923719654 ], [ 41.3, 39.833333333333364 ], [ 41.30062357584638, 39.82174258761939 ], [ 41.304166666666688, 39.820833333333368 ], [ 41.304166666666688, 39.816666666666698 ], [ 41.300850762261312, 39.815815734863314 ], [ 41.2994327121311, 39.810289510091181 ], [ 41.295437282986136, 39.805134412977466 ], [ 41.289456176757838, 39.803599378797777 ], [ 41.285543823242215, 39.800567287868958 ], [ 41.281122843424505, 39.799432712131107 ], [ 41.277210489908882, 39.796400621202288 ], [ 41.272789510091172, 39.795266045464444 ], [ 41.268877156575549, 39.792233954535625 ], [ 41.254166666666691, 39.7916666666667 ], [ 41.253315904405405, 39.788350931803421 ], [ 41.25, 39.7875 ], [ 41.243622843424504, 39.786932712131112 ], [ 41.23971048990888, 39.783900621202292 ], [ 41.230054050021728, 39.782624816894561 ], [ 41.229166666666693, 39.779166666666697 ], [ 41.225661214192733, 39.778267076280414 ], [ 41.225, 39.770833333333364 ], [ 41.233333333333356, 39.770833333333364 ], [ 41.23971048990888, 39.770266045464446 ], [ 41.243622843424504, 39.767233954535627 ], [ 41.253247070312526, 39.765962388780416 ], [ 41.257766045464436, 39.760543823242223 ], [ 41.25903761121964, 39.750919426812096 ], [ 41.26445617675784, 39.746400621202291 ], [ 41.269982571072077, 39.744982401529981 ], [ 41.271400621202282, 39.739456176757848 ], [ 41.279733954535615, 39.730103895399338 ], [ 41.278599378797765, 39.726956176757845 ], [ 41.275567287868952, 39.723043823242222 ], [ 41.274432712131102, 39.718622843424512 ], [ 41.271400621202282, 39.714710489908889 ], [ 41.270833333333357, 39.704166666666701 ], [ 41.26445617675784, 39.703599378797776 ], [ 41.260543823242216, 39.700567287868957 ], [ 41.251956176757837, 39.699432712131106 ], [ 41.242586263020861, 39.691083780924515 ], [ 41.240815904405409, 39.68418426513675 ], [ 41.235289510091171, 39.68276604546444 ], [ 41.227210489908877, 39.675567287868958 ], [ 41.2125, 39.675 ], [ 41.210075547960095, 39.674646674262185 ], [ 41.206591118706619, 39.671186659071211 ], [ 41.204166666666694, 39.670833333333363 ], [ 41.201742214626762, 39.670480007595515 ], [ 41.198257785373286, 39.667019992404548 ], [ 41.189242214626759, 39.666313340928852 ], [ 41.183691406250027, 39.660790167914527 ], [ 41.183333333333358, 39.658333333333367 ], [ 41.183900621202284, 39.656122843424512 ], [ 41.186932712131103, 39.652210489908889 ], [ 41.188067287868947, 39.647789510091179 ], [ 41.192233954535617, 39.642413330078156 ], [ 41.190927802191865, 39.634213087293865 ], [ 41.183729383680578, 39.632365587022605 ], [ 41.179733954535614, 39.627210489908883 ], [ 41.179166666666688, 39.620833333333366 ], [ 41.180017428927975, 39.617517598470087 ], [ 41.185543823242213, 39.616099378797777 ], [ 41.189456176757837, 39.613067287868958 ], [ 41.219803873697941, 39.611896938747861 ], [ 41.2369327121311, 39.593877156575552 ], [ 41.238067287868951, 39.589456176757842 ], [ 41.24109937879777, 39.585543823242219 ], [ 41.242233954535614, 39.581122843424509 ], [ 41.249432712131103, 39.573043823242216 ], [ 41.250567287868947, 39.568622843424514 ], [ 41.257766045464436, 39.56054382324222 ], [ 41.258333333333361, 39.558333333333366 ], [ 41.257561916775202, 39.550771416558192 ], [ 41.242696804470512, 39.549255032009583 ], [ 41.241023763020856, 39.543698289659318 ], [ 41.238142903645858, 39.539635043674075 ], [ 41.236857096354193, 39.535364956325985 ], [ 41.233976236979188, 39.531301710340742 ], [ 41.232690429687523, 39.518698289659319 ], [ 41.229809570312526, 39.514635043674076 ], [ 41.229166666666693, 39.508333333333361 ], [ 41.240902709960963, 39.507627699110273 ], [ 41.242164103190127, 39.495252482096383 ], [ 41.238130357530409, 39.489647589789527 ], [ 41.236794365776937, 39.471849060058624 ], [ 41.22853630913631, 39.469425625271299 ], [ 41.229892985026069, 39.455176289876334 ], [ 41.235480753580752, 39.453536478678416 ], [ 41.243685913085962, 39.446463521321647 ], [ 41.249054633246551, 39.444887966579891 ], [ 41.250630357530405, 39.439519076877204 ], [ 41.253536309136308, 39.43548092312286 ], [ 41.254846869574678, 39.409356519911057 ], [ 41.262213473849854, 39.407194688585101 ], [ 41.274369642469644, 39.393814256456196 ], [ 41.275945366753497, 39.388445366753501 ], [ 41.283288574218773, 39.386290486653678 ], [ 41.28686964246964, 39.381314256456193 ], [ 41.288130357530406, 39.377019076877197 ], [ 41.29103630913631, 39.37298092312286 ], [ 41.292297024197076, 39.368685743543864 ], [ 41.295202975802979, 39.364647589789527 ], [ 41.297042846679716, 39.358378261990048 ], [ 41.302019246419299, 39.354796854654978 ], [ 41.307387966579888, 39.353221299913223 ], [ 41.308963690863742, 39.347852410210535 ], [ 41.316036309136308, 39.339647589789529 ], [ 41.316666666666691, 39.3375 ], [ 41.323257785373286, 39.337146674262179 ], [ 41.330908881293425, 39.329519992404542 ], [ 41.3375, 39.329166666666694 ], [ 41.337858072916696, 39.326709832085534 ], [ 41.343408881293428, 39.321186659071209 ], [ 41.34583333333336, 39.320833333333361 ], [ 41.34583333333336, 39.325 ], [ 41.346186659071208, 39.327424452039963 ], [ 41.360047743055581, 39.341311136881544 ], [ 41.369091118706621, 39.342019992404545 ], [ 41.372575547960096, 39.345480007595512 ], [ 41.377424452039953, 39.346186659071208 ], [ 41.382975260416693, 39.351709832085533 ], [ 41.383333333333361, 39.3541666666667 ], [ 41.383333333333361, 39.358333333333363 ], [ 41.383686659071209, 39.360757785373295 ], [ 41.391313340928846, 39.368408881293433 ], [ 41.392019992404542, 39.381591118706623 ], [ 41.395480007595509, 39.385075547960099 ], [ 41.395833333333357, 39.3875 ], [ 41.398043823242212, 39.388067287868957 ], [ 41.403510877821205, 39.392626444498731 ], [ 41.404733954535615, 39.406377156575552 ], [ 41.407766045464435, 39.410289510091175 ], [ 41.408900621202285, 39.414710489908884 ], [ 41.411932712131104, 39.418622843424508 ], [ 41.413067287868948, 39.43137715657555 ], [ 41.416099378797767, 39.435289510091174 ], [ 41.417233954535618, 39.439710489908883 ], [ 41.420266045464437, 39.443622843424507 ], [ 41.421745130750892, 39.449385748969213 ], [ 41.448043823242216, 39.450567287868957 ], [ 41.45195617675784, 39.453599378797776 ], [ 41.465767076280407, 39.454827880859405 ], [ 41.466666666666697, 39.458333333333364 ], [ 41.481377156575547, 39.457766045464439 ], [ 41.490729437934057, 39.449432712131106 ], [ 41.514710489908879, 39.450567287868957 ], [ 41.518622843424509, 39.453599378797776 ], [ 41.544921535915826, 39.454780917697512 ], [ 41.546801079644126, 39.462104119194912 ], [ 41.551956176757841, 39.466099378797772 ], [ 41.560543823242213, 39.467233954535622 ], [ 41.564456176757837, 39.470266045464442 ], [ 41.570437282986141, 39.471801079644131 ], [ 41.574432712131106, 39.476956176757845 ], [ 41.575919596354197, 39.482750447591179 ], [ 41.585289510091172, 39.49109937879777 ], [ 41.59583333333336, 39.491666666666696 ], [ 41.596684095594647, 39.494982401529981 ], [ 41.6, 39.495833333333366 ], [ 41.603315904405406, 39.49668426513675 ], [ 41.605017428927979, 39.503315734863314 ], [ 41.611791653103325, 39.505054050021734 ], [ 41.613208346896727, 39.515779283311666 ], [ 41.616666666666696, 39.516666666666694 ], [ 41.627424452039961, 39.517019992404542 ], [ 41.630908881293429, 39.520480007595516 ], [ 41.6625, 39.520833333333364 ], [ 41.663714938693602, 39.516099378797776 ], [ 41.673043823242217, 39.517233954535619 ], [ 41.678420003255233, 39.521400621202289 ], [ 41.68137715657555, 39.520266045464439 ], [ 41.707299126519125, 39.49526604546444 ], [ 41.723043823242215, 39.496400621202291 ], [ 41.726956176757838, 39.49943271213111 ], [ 41.733333333333363, 39.5 ], [ 41.744091118706628, 39.500353325737876 ], [ 41.747575547960096, 39.503813340928851 ], [ 41.756591118706623, 39.504519992404546 ], [ 41.764242214626762, 39.512146674262183 ], [ 41.770833333333364, 39.5125 ], [ 41.771970621744821, 39.508068678114178 ], [ 41.778420003255235, 39.513067287868957 ], [ 41.793877156575547, 39.511932712131106 ], [ 41.797789510091178, 39.508900621202287 ], [ 41.80221048990888, 39.507766045464443 ], [ 41.80625, 39.504635450575115 ], [ 41.810289510091174, 39.507766045464443 ], [ 41.820833333333361, 39.508333333333361 ], [ 41.820833333333361, 39.504166666666698 ], [ 41.823257785373293, 39.504519992404546 ], [ 41.827453613281278, 39.508686659071209 ], [ 41.831591118706626, 39.507980007595521 ], [ 41.835075547960102, 39.504519992404546 ], [ 41.85, 39.504166666666698 ], [ 41.85, 39.5125 ], [ 41.850617641872844, 39.522993469238315 ], [ 41.85771569146052, 39.531173197428416 ], [ 41.859135945638037, 39.540931532118087 ], [ 41.866666666666681, 39.5416666666667 ], [ 41.867563035753051, 39.53817376030819 ], [ 41.879913330078139, 39.536932712131104 ], [ 41.885289510091162, 39.541099378797774 ], [ 41.889710489908865, 39.542233954535618 ], [ 41.893622843424495, 39.545266045464444 ], [ 41.898043823242205, 39.546400621202288 ], [ 41.901956176757828, 39.549432712131107 ], [ 41.91161261664498, 39.550708516438831 ], [ 41.9125, 39.554166666666696 ], [ 41.919091118706611, 39.554519992404543 ], [ 41.922575547960086, 39.557980007595518 ], [ 41.927424452039944, 39.558686659071213 ], [ 41.930908881293419, 39.562146674262181 ], [ 41.935757785373276, 39.562853325737876 ], [ 41.939242214626752, 39.566313340928851 ], [ 41.948257785373279, 39.567019992404546 ], [ 41.951742214626748, 39.570480007595521 ], [ 41.956591118706612, 39.571186659071209 ], [ 41.960787116156702, 39.575353325737879 ], [ 41.981591118706611, 39.574646674262183 ], [ 41.985075547960086, 39.571186659071209 ], [ 41.998257785373276, 39.570480007595521 ], [ 42.001742214626752, 39.567019992404546 ], [ 42.01666666666668, 39.566666666666698 ], [ 42.018877156575535, 39.567233954535624 ], [ 42.022789510091158, 39.570266045464443 ], [ 42.028315734863298, 39.571684265136753 ], [ 42.030134412977446, 39.578770785861579 ], [ 42.036753336588561, 39.583900621202289 ], [ 42.043877156575533, 39.582766045464439 ], [ 42.04791666666668, 39.579635450575118 ], [ 42.051956176757827, 39.582766045464439 ], [ 42.073043823242202, 39.583900621202289 ], [ 42.076956176757825, 39.586932712131109 ], [ 42.094854227701838, 39.588132731119821 ], [ 42.09943271213109, 39.593622843424512 ], [ 42.100567287868941, 39.598043823242222 ], [ 42.10359937879776, 39.601956176757845 ], [ 42.105082363552533, 39.607734849717914 ], [ 42.125, 39.608333333333363 ], [ 42.133333333333347, 39.608333333333363 ], [ 42.132715691460518, 39.610493469238314 ], [ 42.128549024793855, 39.616197543674076 ], [ 42.129784308539513, 39.62299346923831 ], [ 42.132715691460518, 39.627006530761747 ], [ 42.133950975206176, 39.63132680257165 ], [ 42.138117641872846, 39.637030877007412 ], [ 42.136882358127188, 39.647993469238315 ], [ 42.133065965440551, 39.653218078613314 ], [ 42.143826802571631, 39.654784308539526 ], [ 42.152006530761739, 39.661882358127201 ], [ 42.156326802571634, 39.663117641872859 ], [ 42.164506530761734, 39.670215691460534 ], [ 42.189660135904965, 39.671450975206199 ], [ 42.195364210340728, 39.675617641872861 ], [ 42.197993469238298, 39.674382358127204 ], [ 42.20369754367406, 39.670215691460534 ], [ 42.206326802571631, 39.671450975206199 ], [ 42.214506530761739, 39.678549024793867 ], [ 42.218826802571634, 39.679784308539531 ], [ 42.227006530761734, 39.6868823581272 ], [ 42.2375, 39.6875 ], [ 42.237146674262171, 39.698257785373293 ], [ 42.233686659071196, 39.701742214626769 ], [ 42.232980007595501, 39.710046217176682 ], [ 42.237146674262171, 39.714242214626772 ], [ 42.237853325737866, 39.730882263183624 ], [ 42.229519992404533, 39.739242214626771 ], [ 42.229166666666686, 39.741666666666703 ], [ 42.228813340928838, 39.744091118706628 ], [ 42.223290167914513, 39.749641927083367 ], [ 42.220833333333367, 39.75 ], [ 42.219920010036908, 39.753559197319909 ], [ 42.20416666666668, 39.754166666666698 ], [ 42.172575547960086, 39.753813340928851 ], [ 42.169091118706611, 39.750353325737883 ], [ 42.164242214626753, 39.749646674262188 ], [ 42.160416666666684, 39.745847913954023 ], [ 42.15625, 39.749985419379371 ], [ 42.152083333333351, 39.745847913954023 ], [ 42.148257785373282, 39.749646674262188 ], [ 42.14583333333335, 39.75 ], [ 42.14583333333335, 39.754166666666698 ], [ 42.149261305067292, 39.755046420627203 ], [ 42.150567287868938, 39.763246663411493 ], [ 42.146400621202275, 39.768622843424509 ], [ 42.145266045464425, 39.773043823242219 ], [ 42.141270785861565, 39.778198920355933 ], [ 42.135289510091162, 39.779733954535622 ], [ 42.13125, 39.782864549424943 ], [ 42.127210489908869, 39.779733954535622 ], [ 42.120086669921889, 39.778599378797779 ], [ 42.114710489908873, 39.782766045464442 ], [ 42.110289510091164, 39.783900621202292 ], [ 42.106377156575533, 39.786932712131112 ], [ 42.1008509318034, 39.788350931803421 ], [ 42.09943271213109, 39.793877156575554 ], [ 42.096400621202271, 39.797789510091178 ], [ 42.095266045464427, 39.804913330078158 ], [ 42.09943271213109, 39.810289510091181 ], [ 42.1, 39.820833333333354 ], [ 42.106377156575533, 39.821400621202287 ], [ 42.110289510091164, 39.824432712131113 ], [ 42.114710489908873, 39.825567287868957 ], [ 42.12278951009116, 39.832766045464446 ], [ 42.140760972764774, 39.833970981174076 ], [ 42.14166666666668, 39.8375 ], [ 42.14583333333335, 39.8375 ], [ 42.146732923719632, 39.833994547526075 ], [ 42.160543823242207, 39.832766045464446 ], [ 42.164583333333347, 39.829635450575118 ], [ 42.168622843424494, 39.832766045464446 ], [ 42.189710489908869, 39.833900621202289 ], [ 42.193622843424492, 39.836932712131109 ], [ 42.198043823242202, 39.838067287868959 ], [ 42.201956176757832, 39.841099378797779 ], [ 42.219854227701838, 39.842299397786491 ], [ 42.22443271213109, 39.847789510091182 ], [ 42.2258509318034, 39.853315734863315 ], [ 42.229166666666686, 39.8541666666667 ], [ 42.231414964463994, 39.853637186686228 ], [ 42.236559210883264, 39.849470520019565 ], [ 42.24391496446399, 39.850529479980501 ], [ 42.247916666666683, 39.853770785861578 ], [ 42.25322587754993, 39.849470520019565 ], [ 42.285581631130661, 39.850529479980501 ], [ 42.294750298394113, 39.858862813313834 ], [ 42.299229261610257, 39.857438998752201 ], [ 42.3, 39.8541666666667 ], [ 42.302160135904963, 39.854784308539529 ], [ 42.3061731974284, 39.857715691460534 ], [ 42.314660135904965, 39.858950975206199 ], [ 42.318673197428403, 39.861882358127204 ], [ 42.327160135904968, 39.863117641872861 ], [ 42.33286421034073, 39.867284308539531 ], [ 42.343826802571634, 39.866049024793867 ], [ 42.347916666666684, 39.863061523437537 ], [ 42.353697543674066, 39.867284308539531 ], [ 42.3604934692383, 39.866049024793867 ], [ 42.366197543674062, 39.861882358127204 ], [ 42.372993469238295, 39.863117641872861 ], [ 42.377006530761733, 39.866049024793867 ], [ 42.394839816623282, 39.867358737521734 ], [ 42.396939765082486, 39.874703301323819 ], [ 42.406173197428402, 39.88271569146054 ], [ 42.410493469238297, 39.883950975206197 ], [ 42.416197543674066, 39.888117641872867 ], [ 42.439660135904965, 39.886882358127203 ], [ 42.443673197428403, 39.883950975206197 ], [ 42.465827433268245, 39.882647026909758 ], [ 42.470215691460524, 39.87716013590498 ], [ 42.471647474500884, 39.867323472764788 ], [ 42.491666666666688, 39.866666666666703 ], [ 42.504166666666684, 39.866666666666703 ], [ 42.508333333333354, 39.866666666666703 ], [ 42.508686659071202, 39.894091118706633 ], [ 42.512146674262169, 39.897575547960102 ], [ 42.5125, 39.9125 ], [ 42.516666666666687, 39.9125 ], [ 42.523257785373282, 39.912146674262189 ], [ 42.526742214626758, 39.908686659071215 ], [ 42.531591118706615, 39.907980007595519 ], [ 42.535787116156705, 39.903813340928856 ], [ 42.539924452039948, 39.904519992404545 ], [ 42.543408881293423, 39.907980007595519 ], [ 42.548257785373281, 39.908686659071215 ], [ 42.551742214626756, 39.912146674262189 ], [ 42.556591118706613, 39.912853325737885 ], [ 42.560075547960089, 39.916313340928852 ], [ 42.564924452039946, 39.917019992404548 ], [ 42.569120449490036, 39.921186659071218 ], [ 42.585757785373282, 39.920480007595522 ], [ 42.589242214626758, 39.917019992404548 ], [ 42.633333333333354, 39.9166666666667 ], [ 42.635493469238298, 39.917284308539529 ], [ 42.640805223253061, 39.921164449056022 ], [ 42.642460801866342, 39.932539198133718 ], [ 42.652160135904971, 39.933950975206194 ], [ 42.66557837592233, 39.946193610297343 ], [ 42.666666666666686, 39.95 ], [ 42.669091118706618, 39.949646674262191 ], [ 42.672575547960093, 39.946186659071216 ], [ 42.677424452039951, 39.945480007595521 ], [ 42.680908881293426, 39.942019992404546 ], [ 42.7125, 39.941666666666698 ], [ 42.719091118706615, 39.941313340928851 ], [ 42.722575547960091, 39.937853325737883 ], [ 42.733333333333356, 39.9375 ], [ 42.744091118706621, 39.937853325737883 ], [ 42.747575547960089, 39.941313340928851 ], [ 42.752424452039953, 39.942019992404546 ], [ 42.764242214626755, 39.953813340928853 ], [ 42.766666666666687, 39.954166666666687 ], [ 42.773043823242212, 39.953599378797776 ], [ 42.778420003255228, 39.949432712131113 ], [ 42.785543823242207, 39.950567287868957 ], [ 42.790920003255231, 39.954733954535627 ], [ 42.802210489908873, 39.953599378797776 ], [ 42.807586669921896, 39.949432712131113 ], [ 42.814710489908876, 39.950567287868957 ], [ 42.820086669921899, 39.954733954535627 ], [ 42.823043823242209, 39.953599378797776 ], [ 42.828420003255232, 39.949432712131113 ], [ 42.849091932508699, 39.950627814398906 ], [ 42.850567287868948, 39.956377156575556 ], [ 42.853599378797767, 39.960289510091179 ], [ 42.855086263020851, 39.966083780924514 ], [ 42.864456176757834, 39.974432712131112 ], [ 42.873043823242213, 39.975567287868955 ], [ 42.876956176757837, 39.978599378797774 ], [ 42.8875, 39.9791666666667 ], [ 42.894091118706619, 39.979519992404548 ], [ 42.897575547960088, 39.982980007595522 ], [ 42.9, 39.983333333333348 ], [ 42.923257785373288, 39.982980007595522 ], [ 42.927453613281273, 39.978813340928852 ], [ 42.931591118706621, 39.979519992404548 ], [ 42.935786946614606, 39.983686659071218 ], [ 42.948257785373286, 39.982980007595522 ], [ 42.951742214626762, 39.979519992404548 ], [ 42.956591118706619, 39.978813340928852 ], [ 42.960786946614604, 39.974646674262189 ], [ 42.964924452039952, 39.975353325737885 ], [ 42.985075547960093, 39.995480007595518 ], [ 42.989924452039951, 39.996186659071213 ], [ 42.993408881293426, 39.999646674262188 ], [ 43.006591118706623, 40.000353325737883 ], [ 43.010075547960092, 40.003813340928858 ], [ 43.019091118706619, 40.004519992404546 ], [ 43.022575547960095, 40.007980007595521 ], [ 43.056591118706621, 40.008686659071216 ], [ 43.060075547960096, 40.012146674262191 ], [ 43.0625, 40.0125 ], [ 43.064924452039953, 40.012146674262191 ], [ 43.069120279947938, 40.007980007595521 ], [ 43.073257785373286, 40.008686659071216 ], [ 43.077453613281271, 40.012853325737879 ], [ 43.081591118706619, 40.012146674262191 ], [ 43.085786946614604, 40.007980007595521 ], [ 43.119091118706621, 40.008686659071216 ], [ 43.122575547960096, 40.012146674262191 ], [ 43.127424452039953, 40.012853325737879 ], [ 43.130908881293429, 40.016313340928853 ], [ 43.133333333333354, 40.016666666666687 ], [ 43.136649237738737, 40.015815734863317 ], [ 43.1375, 40.0125 ], [ 43.150268215603326, 40.011699591742655 ], [ 43.145177883572075, 40.004412502712711 ], [ 43.146604071723118, 39.988235134548646 ], [ 43.168788994683183, 39.98684455023875 ], [ 43.17475416395402, 39.98267788357208 ], [ 43.197955661349852, 39.983988783094652 ], [ 43.202044338650197, 39.98684455023875 ], [ 43.206288994683185, 39.988155449761322 ], [ 43.21037767198353, 39.99101121690542 ], [ 43.21666666666669, 39.991666666666703 ], [ 43.231591118706625, 39.991313340928855 ], [ 43.235075547960093, 39.987853325737881 ], [ 43.266666666666694, 39.9875 ], [ 43.270833333333357, 39.9875 ], [ 43.272048272026936, 39.982766045464444 ], [ 43.285543823242215, 39.983900621202295 ], [ 43.290920003255231, 39.988067287868958 ], [ 43.30221048990888, 39.986932712131114 ], [ 43.30625, 39.983802117241787 ], [ 43.311753336588566, 39.988067287868958 ], [ 43.32410346137155, 39.986826239691872 ], [ 43.325850762261311, 39.980017598470084 ], [ 43.331377156575549, 39.978599378797774 ], [ 43.335289510091172, 39.975567287868955 ], [ 43.343877156575545, 39.974432712131112 ], [ 43.356122843424508, 39.963067287868959 ], [ 43.36054382324221, 39.961932712131109 ], [ 43.381122843424507, 39.942233954535624 ], [ 43.387103949652804, 39.940698920355935 ], [ 43.391099378797769, 39.93554382324222 ], [ 43.391666666666694, 39.933333333333366 ], [ 43.394982571072077, 39.932482401529981 ], [ 43.395833333333357, 39.929166666666703 ], [ 43.403267076280407, 39.928505452473992 ], [ 43.404733954535615, 39.922789510091178 ], [ 43.407766045464435, 39.918877156575554 ], [ 43.409301079644123, 39.912895880805152 ], [ 43.414456176757838, 39.908900621202292 ], [ 43.420833333333363, 39.908333333333367 ], [ 43.421186659071211, 39.905908881293435 ], [ 43.424646674262178, 39.902424452039966 ], [ 43.425, 39.9 ], [ 43.4244327121311, 39.897789510091179 ], [ 43.411932712131104, 39.884321424696218 ], [ 43.413067287868948, 39.872789510091181 ], [ 43.416099378797767, 39.868877156575557 ], [ 43.417233954535618, 39.864456176757848 ], [ 43.421400621202281, 39.859079996744825 ], [ 43.420094468858537, 39.850879753960534 ], [ 43.411932712131104, 39.848785061306458 ], [ 43.413103230794299, 39.81767052544491 ], [ 43.418622843424508, 39.813067287868954 ], [ 43.420833333333363, 39.8125 ], [ 43.427147420247422, 39.81186981201175 ], [ 43.431185913085962, 39.808963521321651 ], [ 43.441117350260441, 39.807484266493091 ], [ 43.453536309136311, 39.793814256456194 ], [ 43.454922485351588, 39.779925706651511 ], [ 43.467247517903672, 39.778669399685363 ], [ 43.472916666666691, 39.782749430338576 ], [ 43.477019246419296, 39.779796854654982 ], [ 43.5, 39.779166666666697 ], [ 43.499432712131103, 39.760289510091177 ], [ 43.495266045464433, 39.754913330078161 ], [ 43.496400621202284, 39.747789510091181 ], [ 43.499432712131103, 39.74387715657555 ], [ 43.500567287868954, 39.739456176757848 ], [ 43.503599378797773, 39.735543823242217 ], [ 43.505134412977455, 39.729562547471822 ], [ 43.51028951009117, 39.725567287868955 ], [ 43.515815904405407, 39.724149068196645 ], [ 43.516666666666694, 39.720833333333367 ], [ 43.519091118706626, 39.720480007595519 ], [ 43.526742214626765, 39.712853325737882 ], [ 43.535757785373292, 39.712146674262186 ], [ 43.539242214626761, 39.708686659071212 ], [ 43.564924452039961, 39.707980007595516 ], [ 43.572575547960099, 39.700353325737879 ], [ 43.577424452039956, 39.699646674262183 ], [ 43.580908881293432, 39.696186659071216 ], [ 43.583333333333364, 39.695833333333368 ], [ 43.591666666666697, 39.695833333333368 ], [ 43.61574944390194, 39.696426222059493 ], [ 43.617881605360267, 39.704733954535619 ], [ 43.639710489908879, 39.703599378797776 ], [ 43.643622843424509, 39.700567287868957 ], [ 43.656377156575552, 39.699432712131106 ], [ 43.660289510091175, 39.696400621202287 ], [ 43.6625, 39.695833333333368 ], [ 43.662853325737878, 39.680908881293433 ], [ 43.666313340928845, 39.677424452039965 ], [ 43.667019992404541, 39.672575547960101 ], [ 43.683686659071206, 39.655883449978333 ], [ 43.682980007595518, 39.639242214626769 ], [ 43.678813340928848, 39.635046217176679 ], [ 43.679519992404543, 39.630908881293436 ], [ 43.692019992404539, 39.618383110894129 ], [ 43.691313340928851, 39.605908881293438 ], [ 43.687146674262181, 39.601712883843348 ], [ 43.687853325737876, 39.580908881293432 ], [ 43.691313340928851, 39.577424452039963 ], [ 43.69202473958336, 39.572543165418871 ], [ 43.697575547960099, 39.567019992404546 ], [ 43.7, 39.566666666666698 ], [ 43.706377156575549, 39.566099378797773 ], [ 43.710289510091172, 39.563067287868954 ], [ 43.727210489908884, 39.56193271213111 ], [ 43.731122843424508, 39.558900621202291 ], [ 43.736791653103325, 39.55744594997833 ], [ 43.738208346896727, 39.546720716688398 ], [ 43.745172119140655, 39.54493374294708 ], [ 43.746400621202284, 39.531122843424512 ], [ 43.753599378797773, 39.523043823242219 ], [ 43.754166666666698, 39.516666666666694 ], [ 43.7625, 39.516666666666694 ], [ 43.761932712131106, 39.514456176757847 ], [ 43.757766045464436, 39.509079996744823 ], [ 43.758933173285619, 39.476032341851159 ], [ 43.776956176757842, 39.458900621202289 ], [ 43.78248257107208, 39.45748240152998 ], [ 43.783900621202285, 39.451956176757847 ], [ 43.791099378797774, 39.443877156575553 ], [ 43.792233954535618, 39.406122843424512 ], [ 43.795364718967043, 39.402083333333366 ], [ 43.791099378797774, 39.396579996744819 ], [ 43.792335001627634, 39.384282599555149 ], [ 43.797789510091178, 39.379733954535624 ], [ 43.803315904405409, 39.378315734863314 ], [ 43.804166666666696, 39.375 ], [ 43.806591118706628, 39.374646674262181 ], [ 43.822575547960099, 39.358686659071211 ], [ 43.827424452039963, 39.357980007595515 ], [ 43.830908881293432, 39.354519992404541 ], [ 43.8625, 39.3541666666667 ], [ 43.866666666666696, 39.3541666666667 ], [ 43.874100409613746, 39.354827880859403 ], [ 43.875, 39.358333333333363 ], [ 43.883333333333361, 39.358333333333363 ], [ 43.89166666666668, 39.358333333333363 ], [ 43.89583333333335, 39.358333333333363 ], [ 43.906326802571627, 39.358950975206191 ], [ 43.910339864095064, 39.361882358127197 ], [ 43.91882680257163, 39.363117641872861 ], [ 43.922923278808611, 39.366110059950117 ], [ 43.9311731974284, 39.358950975206191 ], [ 43.935493469238295, 39.357715691460534 ], [ 43.945096672905834, 39.349382358127201 ], [ 43.952160135904961, 39.350617641872859 ], [ 43.960339864095069, 39.357715691460534 ], [ 43.964660135904964, 39.358950975206191 ], [ 43.970364210340726, 39.363117641872861 ], [ 43.97716013590496, 39.361882358127197 ], [ 43.986763339572498, 39.353549024793864 ], [ 44.002160135904965, 39.354784308539529 ], [ 44.006173197428403, 39.357715691460534 ], [ 44.015931532118074, 39.359135945638052 ], [ 44.017404513888906, 39.374224514431454 ], [ 44.025925191243502, 39.375284491644997 ], [ 44.031173197428402, 39.371450975206194 ], [ 44.033333333333346, 39.370833333333366 ], [ 44.033900621202271, 39.368622843424511 ], [ 44.041204833984388, 39.360425482855931 ], [ 44.03693271213109, 39.354913330078155 ], [ 44.038554382324236, 39.350686475965745 ], [ 44.048043823242203, 39.349432712131104 ], [ 44.051956176757827, 39.346400621202285 ], [ 44.056377156575536, 39.345266045464442 ], [ 44.06028951009116, 39.342233954535622 ], [ 44.064710489908869, 39.341099378797772 ], [ 44.068622843424492, 39.338067287868952 ], [ 44.074291483561211, 39.336612616644992 ], [ 44.075567287868942, 39.32695617675784 ], [ 44.078599378797762, 39.323043823242216 ], [ 44.07977701822918, 39.296831088595951 ], [ 44.085289510091158, 39.292233954535618 ], [ 44.089710489908867, 39.291099378797774 ], [ 44.093622843424498, 39.288067287868955 ], [ 44.099604119194893, 39.286532253689266 ], [ 44.104431321885869, 39.280303785536056 ], [ 44.096229214138468, 39.278198920355933 ], [ 44.092233954535608, 39.273043823242219 ], [ 44.091666666666683, 39.254166666666698 ], [ 44.092024400499149, 39.251711527506536 ], [ 44.101742214626753, 39.242019992404543 ], [ 44.104166666666686, 39.241666666666696 ], [ 44.10359937879776, 39.235289510091178 ], [ 44.100468783908433, 39.23125 ], [ 44.103697882758262, 39.227083333333361 ], [ 44.09943271213109, 39.221579996744822 ], [ 44.100644429524756, 39.205070495605497 ], [ 44.106377156575533, 39.203599378797769 ], [ 44.12278951009116, 39.188067287868954 ], [ 44.127210489908869, 39.186932712131103 ], [ 44.131122843424492, 39.183900621202284 ], [ 44.133333333333347, 39.183333333333358 ], [ 44.139710489908872, 39.183900621202284 ], [ 44.143758816189255, 39.187038167317738 ], [ 44.152074517144115, 39.179628499348986 ], [ 44.15625, 39.182864549424941 ], [ 44.160289510091161, 39.179733954535621 ], [ 44.165815734863301, 39.178315734863311 ], [ 44.16751759847007, 39.171684265136747 ], [ 44.173043823242203, 39.170266045464437 ], [ 44.176956176757827, 39.167233954535618 ], [ 44.182482401529967, 39.165815734863308 ], [ 44.18390062120227, 39.160289510091175 ], [ 44.199432712131092, 39.143877156575549 ], [ 44.2008995903863, 39.138161214192735 ], [ 44.20833333333335, 39.1375 ], [ 44.209184265136734, 39.134184095594648 ], [ 44.216059197319893, 39.132419840494819 ], [ 44.217233954535608, 39.101956176757838 ], [ 44.220266045464427, 39.098043823242215 ], [ 44.220833333333353, 39.09583333333336 ], [ 44.219945949978317, 39.092375013563398 ], [ 44.210289510091165, 39.091099378797772 ], [ 44.206377156575535, 39.088067287868952 ], [ 44.2, 39.0875 ], [ 44.196494547526058, 39.086600409613744 ], [ 44.195266045464429, 39.07278951009117 ], [ 44.19223395453561, 39.068877156575546 ], [ 44.191099378797759, 39.065920003255236 ], [ 44.196229214138469, 39.059301079644122 ], [ 44.203315734863295, 39.057482571072079 ], [ 44.20416666666668, 39.054166666666696 ], [ 44.203813340928839, 39.051742214626763 ], [ 44.200353325737865, 39.048257785373295 ], [ 44.2, 39.0375 ], [ 44.200358072916686, 39.035042995876765 ], [ 44.205908881293418, 39.029519992404538 ], [ 44.21079016791451, 39.028808593750028 ], [ 44.216313340928835, 39.023257785373289 ], [ 44.216666666666683, 39.020833333333357 ], [ 44.216311815049927, 39.014213053385447 ], [ 44.210757785373282, 39.008686659071209 ], [ 44.20833333333335, 39.008333333333361 ], [ 44.1875, 39.008333333333361 ], [ 44.187853325737862, 38.997575547960096 ], [ 44.192019992404532, 38.993379720052111 ], [ 44.191313340928836, 38.972575547960098 ], [ 44.187853325737862, 38.969091118706622 ], [ 44.1875, 38.966666666666697 ], [ 44.190958150227878, 38.965779283311662 ], [ 44.19223395453561, 38.956122843424502 ], [ 44.200567287868942, 38.946770562066 ], [ 44.199432712131092, 38.943622843424507 ], [ 44.195266045464429, 38.938246663411483 ], [ 44.196400621202272, 38.935289510091174 ], [ 44.199432712131092, 38.93137715657555 ], [ 44.2, 38.925 ], [ 44.210757785373282, 38.924646674262178 ], [ 44.218408881293421, 38.917019992404541 ], [ 44.220833333333353, 38.916666666666693 ], [ 44.220266045464427, 38.906122843424505 ], [ 44.211932712131095, 38.896770562065996 ], [ 44.21323157416451, 38.888396538628498 ], [ 44.218622843424498, 38.88390062120228 ], [ 44.228231472439255, 38.882631089952284 ], [ 44.245374721950974, 38.864596218533009 ], [ 44.241099378797763, 38.859079996744818 ], [ 44.242916361490899, 38.854344007704022 ], [ 44.24778951009116, 38.850567287868948 ], [ 44.252210489908869, 38.849432712131104 ], [ 44.25625, 38.846301947699679 ], [ 44.260289510091162, 38.849432712131104 ], [ 44.264710489908872, 38.850567287868948 ], [ 44.268622843424495, 38.853599378797767 ], [ 44.273043823242205, 38.854733954535618 ], [ 44.278420003255228, 38.858900621202281 ], [ 44.282522413465728, 38.857326592339433 ], [ 44.284184265136737, 38.85085076226131 ], [ 44.291083780924495, 38.849080403645857 ], [ 44.299432712131093, 38.839710489908882 ], [ 44.3, 38.8375 ], [ 44.3, 38.825 ], [ 44.307433742947069, 38.824338785807313 ], [ 44.308900621202277, 38.818622843424507 ], [ 44.311932712131096, 38.814710489908876 ], [ 44.313350931803406, 38.809184095594645 ], [ 44.316666666666684, 38.808333333333358 ], [ 44.3158157348633, 38.805017428927975 ], [ 44.3125, 38.804166666666688 ], [ 44.306122843424497, 38.80359937879777 ], [ 44.300967746310782, 38.799603949652806 ], [ 44.299432712131093, 38.793622843424501 ], [ 44.292233954535604, 38.785543823242215 ], [ 44.29109937879776, 38.776956176757835 ], [ 44.288067287868941, 38.773043823242212 ], [ 44.28693271213109, 38.751956176757837 ], [ 44.279733954535608, 38.743877156575543 ], [ 44.278599378797757, 38.731122843424501 ], [ 44.275567287868938, 38.727210489908877 ], [ 44.274149068196635, 38.72168409559464 ], [ 44.268622843424495, 38.720266045464435 ], [ 44.264710489908872, 38.717233954535615 ], [ 44.2625, 38.71666666666669 ], [ 44.263123575846372, 38.705075751410618 ], [ 44.270172119140639, 38.703267076280405 ], [ 44.271400621202275, 38.689456176757837 ], [ 44.274432712131095, 38.685543823242213 ], [ 44.275, 38.683333333333358 ], [ 44.275850931803404, 38.680017428927975 ], [ 44.283900621202271, 38.677951727973117 ], [ 44.282766045464427, 38.660289510091168 ], [ 44.271293131510433, 38.647928195529538 ], [ 44.274432712131095, 38.643877156575542 ], [ 44.275, 38.641666666666694 ], [ 44.271684265136734, 38.640815904405407 ], [ 44.269982401529965, 38.634184095594641 ], [ 44.264456176757832, 38.632766045464436 ], [ 44.256377156575539, 38.625567287868947 ], [ 44.24778951009116, 38.624432712131103 ], [ 44.239710489908873, 38.617233954535614 ], [ 44.210289510091165, 38.61609937879777 ], [ 44.202210489908872, 38.608900621202281 ], [ 44.181122843424497, 38.60776604546443 ], [ 44.177210489908873, 38.604733954535611 ], [ 44.149062771267374, 38.603599378797767 ], [ 44.139710489908872, 38.6119327121311 ], [ 44.131122843424492, 38.613067287868944 ], [ 44.123043823242206, 38.620266045464433 ], [ 44.114456176757827, 38.621400621202284 ], [ 44.110543823242203, 38.624432712131103 ], [ 44.104166666666686, 38.625 ], [ 44.1008509318034, 38.624149237738742 ], [ 44.09943271213109, 38.618622843424504 ], [ 44.096400621202271, 38.61471048990888 ], [ 44.095266045464427, 38.606122843424501 ], [ 44.088067287868938, 38.598043823242207 ], [ 44.086932712131095, 38.576956176757832 ], [ 44.079733954535605, 38.568877156575546 ], [ 44.078599378797762, 38.564456176757837 ], [ 44.075567287868942, 38.560543823242213 ], [ 44.075, 38.545833333333356 ], [ 44.055908881293419, 38.546186659071203 ], [ 44.052424452039944, 38.549646674262178 ], [ 44.04828287760418, 38.550353325737873 ], [ 44.023257785373282, 38.525353325737868 ], [ 44.018408881293418, 38.524646674262172 ], [ 44.014583333333348, 38.520847913954015 ], [ 44.010757785373279, 38.524646674262172 ], [ 44.008333333333347, 38.525 ], [ 44.001742214626752, 38.524646674262172 ], [ 43.998257785373276, 38.521186659071205 ], [ 43.989242214626749, 38.520480007595509 ], [ 43.985757785373281, 38.517019992404535 ], [ 43.983333333333348, 38.516666666666687 ], [ 43.983333333333348, 38.504166666666691 ], [ 43.982676527235256, 38.484147474500894 ], [ 43.971368408203141, 38.482501559787352 ], [ 43.963117641872842, 38.472993638780402 ], [ 43.9625, 38.4625 ], [ 43.9730438232422, 38.461932712131102 ], [ 43.976956176757824, 38.458900621202282 ], [ 43.985543823242203, 38.457766045464432 ], [ 43.99778951009116, 38.44640062120228 ], [ 44.003315734863293, 38.444982571072075 ], [ 44.004733954535602, 38.439456176757837 ], [ 44.007766045464422, 38.435543823242213 ], [ 44.009184265136732, 38.430017428927975 ], [ 44.017233954535605, 38.42795172797311 ], [ 44.016099378797762, 38.422789510091171 ], [ 44.011932712131092, 38.417413330078148 ], [ 44.013067287868935, 38.406122843424498 ], [ 44.016099378797762, 38.402210489908875 ], [ 44.017375183105486, 38.392554050021722 ], [ 44.02460411919489, 38.390698920355923 ], [ 44.028697882758259, 38.385416666666686 ], [ 44.025567287868938, 38.381377156575546 ], [ 44.025, 38.379166666666691 ], [ 44.0355438232422, 38.378599378797766 ], [ 44.039456176757831, 38.375567287868947 ], [ 44.044982401529964, 38.374149237738735 ], [ 44.046801079644112, 38.367062717013908 ], [ 44.051956176757827, 38.363067287868944 ], [ 44.060543823242206, 38.3619327121311 ], [ 44.06445617675783, 38.358900621202281 ], [ 44.073043823242202, 38.35776604546443 ], [ 44.076956176757825, 38.354733954535611 ], [ 44.07916666666668, 38.354166666666686 ], [ 44.080079989963124, 38.35060763888891 ], [ 44.095833333333346, 38.35 ], [ 44.1, 38.35 ], [ 44.100917053222673, 38.34642605251738 ], [ 44.125, 38.345833333333353 ], [ 44.158333333333353, 38.345833333333353 ], [ 44.158994547526056, 38.33839959038631 ], [ 44.16471048990887, 38.336932712131102 ], [ 44.17406277126738, 38.328599378797762 ], [ 44.202210489908872, 38.329733954535612 ], [ 44.206258816189255, 38.332871500651066 ], [ 44.214456176757828, 38.325567287868942 ], [ 44.218877156575537, 38.324432712131099 ], [ 44.222916666666684, 38.321301947699673 ], [ 44.226956176757831, 38.324432712131099 ], [ 44.239710489908873, 38.325567287868942 ], [ 44.243622843424497, 38.328599378797762 ], [ 44.248043823242206, 38.329733954535612 ], [ 44.25195617675783, 38.332766045464432 ], [ 44.2625, 38.333333333333357 ], [ 44.264660135904961, 38.333950805664081 ], [ 44.27036421034073, 38.338117472330751 ], [ 44.272993469238301, 38.336882527669289 ], [ 44.278697543674063, 38.332715861002626 ], [ 44.281326802571634, 38.333950805664081 ], [ 44.289506530761734, 38.341049194335959 ], [ 44.303364054362, 38.342401801215303 ], [ 44.304960801866336, 38.353372531467038 ], [ 44.314660135904965, 38.354784138997417 ], [ 44.322839864095073, 38.361882527669295 ], [ 44.325, 38.3625 ], [ 44.328315734863295, 38.363350762261305 ], [ 44.330075920952709, 38.370209757487004 ], [ 44.35221048990887, 38.371400621202277 ], [ 44.356122843424494, 38.374432712131096 ], [ 44.36545172797311, 38.375567287868947 ], [ 44.367233954535607, 38.368622843424504 ], [ 44.371229214138474, 38.363467746310789 ], [ 44.377210489908869, 38.3619327121311 ], [ 44.3811228434245, 38.358900621202281 ], [ 44.384079996744809, 38.35776604546443 ], [ 44.389456176757832, 38.3619327121311 ], [ 44.393877156575542, 38.363067287868944 ], [ 44.397789510091165, 38.366099378797763 ], [ 44.406377156575537, 38.367233954535614 ], [ 44.410289510091161, 38.370266045464433 ], [ 44.41887715657554, 38.371400621202277 ], [ 44.422789510091164, 38.374432712131096 ], [ 44.435543823242206, 38.375567287868947 ], [ 44.440698920355921, 38.379562717013911 ], [ 44.441666666666684, 38.383333333333354 ], [ 44.45, 38.383333333333354 ], [ 44.450354851616773, 38.376713053385437 ], [ 44.455908881293425, 38.371186659071199 ], [ 44.45833333333335, 38.370833333333358 ], [ 44.458691067165816, 38.368378363715301 ], [ 44.468408881293421, 38.358686659071203 ], [ 44.477424452039948, 38.357980007595508 ], [ 44.480908881293423, 38.354519992404533 ], [ 44.5, 38.354166666666686 ], [ 44.500850931803406, 38.35085076226131 ], [ 44.50748240152997, 38.349149237738736 ], [ 44.508333333333354, 38.345833333333353 ], [ 44.508333333333354, 38.34166666666669 ], [ 44.507433742947065, 38.338161214192731 ], [ 44.5, 38.3375 ], [ 44.495833333333351, 38.3375 ], [ 44.496400621202277, 38.335289510091165 ], [ 44.50056728786894, 38.329913330078149 ], [ 44.499432712131096, 38.32278951009117 ], [ 44.495266045464426, 38.317413330078146 ], [ 44.496400621202277, 38.314456176757837 ], [ 44.50056728786894, 38.309079996744813 ], [ 44.498922390408005, 38.304792955186656 ], [ 44.481122843424501, 38.303599378797763 ], [ 44.464710489908875, 38.288067287868941 ], [ 44.460289510091165, 38.286932712131097 ], [ 44.456377156575542, 38.283900621202278 ], [ 44.451956176757832, 38.282766045464427 ], [ 44.448043823242209, 38.279733954535608 ], [ 44.43838738335505, 38.278458319769989 ], [ 44.436532253689258, 38.271229383680577 ], [ 44.431377156575536, 38.267233954535612 ], [ 44.422789510091164, 38.266099378797762 ], [ 44.410543823242207, 38.25473395453561 ], [ 44.406122843424498, 38.253599378797766 ], [ 44.402210489908875, 38.250567287868947 ], [ 44.4, 38.25 ], [ 44.4, 38.241666666666688 ], [ 44.4, 38.2375 ], [ 44.399432712131095, 38.231122843424501 ], [ 44.396295166015641, 38.227074517144118 ], [ 44.404733954535608, 38.217603895399328 ], [ 44.403599378797765, 38.206122843424502 ], [ 44.399432712131095, 38.200746663411479 ], [ 44.401006740993942, 38.196644422743077 ], [ 44.408900621202278, 38.194618394639775 ], [ 44.407766045464427, 38.185289510091167 ], [ 44.391099378797762, 38.167678493923631 ], [ 44.392233954535605, 38.160289510091168 ], [ 44.396400621202275, 38.154913330078145 ], [ 44.39467129177519, 38.150405883789084 ], [ 44.381377156575539, 38.138067287868942 ], [ 44.371720716688387, 38.136791653103316 ], [ 44.370833333333351, 38.133333333333354 ], [ 44.364519076877187, 38.132702975802971 ], [ 44.354235331217467, 38.12363281250002 ], [ 44.35883060031469, 38.117247517903664 ], [ 44.357574293348542, 38.10492248535158 ], [ 44.35, 38.1041666666667 ], [ 44.345833333333353, 38.104166666666686 ], [ 44.345475260416684, 38.10170983208554 ], [ 44.339924452039945, 38.096186659071215 ], [ 44.33333333333335, 38.095833333333353 ], [ 44.332676527235257, 38.075814141167569 ], [ 44.320215691460518, 38.07400037977434 ], [ 44.321450975206183, 38.068673197428424 ], [ 44.324444749620241, 38.064574856228333 ], [ 44.31311764187285, 38.052160135904984 ], [ 44.311678229437952, 38.042270067003074 ], [ 44.2979934692383, 38.029784308539533 ], [ 44.291666666666686, 38.029166666666683 ], [ 44.291313340928838, 38.026742214626772 ], [ 44.287853325737863, 38.023257785373296 ], [ 44.2875, 38.020833333333371 ], [ 44.280908881293421, 38.020480007595523 ], [ 44.271188184950105, 38.010785420735715 ], [ 44.270480007595502, 37.997575547960103 ], [ 44.242019992404529, 37.969091118706629 ], [ 44.241666666666681, 37.966666666666704 ], [ 44.24227176242406, 37.9519939846463 ], [ 44.245228237575972, 37.948006015353769 ], [ 44.24643842909073, 37.943660651312968 ], [ 44.250605095757393, 37.938040669759147 ], [ 44.249180094401055, 37.929938591851162 ], [ 44.238450453016512, 37.928413221571212 ], [ 44.236894904242639, 37.922827317979632 ], [ 44.232728237575969, 37.917207336425818 ], [ 44.233938429090728, 37.89366065131297 ], [ 44.236894904242639, 37.889672682020432 ], [ 44.2375, 37.8875 ], [ 44.240815734863297, 37.886649068196647 ], [ 44.242517598470066, 37.880017598470083 ], [ 44.249417114257831, 37.878246900770435 ], [ 44.257766045464429, 37.868877156575557 ], [ 44.259301079644118, 37.862895880805155 ], [ 44.264596048990903, 37.85879228379995 ], [ 44.282321675618505, 37.875567287868961 ], [ 44.28971048990887, 37.87443271213111 ], [ 44.295086669921893, 37.87026604546444 ], [ 44.302210489908873, 37.871400621202291 ], [ 44.306122843424497, 37.87443271213111 ], [ 44.314710489908869, 37.875567287868961 ], [ 44.31875, 37.878697882758281 ], [ 44.322789510091162, 37.875567287868961 ], [ 44.335543823242205, 37.87443271213111 ], [ 44.339456176757828, 37.871400621202291 ], [ 44.343877156575537, 37.87026604546444 ], [ 44.347789510091161, 37.867233954535621 ], [ 44.368877156575536, 37.866099378797777 ], [ 44.37695617675783, 37.858900621202288 ], [ 44.381377156575539, 37.857766045464444 ], [ 44.385289510091162, 37.854733954535625 ], [ 44.398043823242205, 37.853599378797774 ], [ 44.401956176757828, 37.850567287868955 ], [ 44.404166666666683, 37.85 ], [ 44.402905103895421, 37.845809766981368 ], [ 44.397968377007395, 37.842309400770432 ], [ 44.391023932562952, 37.840218607584667 ], [ 44.392402479383698, 37.821608310275643 ], [ 44.406301710340728, 37.820190599229633 ], [ 44.410364956325971, 37.817309400770434 ], [ 44.415868801540817, 37.815652465820349 ], [ 44.417464531792554, 37.805180867513052 ], [ 44.42403581407337, 37.803202480740048 ], [ 44.425642734103754, 37.797864956325988 ], [ 44.432690599229616, 37.789635043674082 ], [ 44.434363471137175, 37.784078301323817 ], [ 44.441666666666684, 37.783333333333367 ], [ 44.442019992404532, 37.780908881293435 ], [ 44.445480007595506, 37.777424452039966 ], [ 44.445833333333354, 37.770833333333364 ], [ 44.4436228434245, 37.770266045464446 ], [ 44.439710489908876, 37.767233954535627 ], [ 44.434184265136736, 37.765815734863317 ], [ 44.432482401529967, 37.759184265136753 ], [ 44.429166666666688, 37.758333333333368 ], [ 44.421635945638037, 37.757598198784756 ], [ 44.420026312934048, 37.746538967556454 ], [ 44.402006530761739, 37.745215691460537 ], [ 44.397993469238301, 37.742284308539531 ], [ 44.380534532335091, 37.741049024793867 ], [ 44.378195020887603, 37.749231804741783 ], [ 44.3686731974284, 37.750617641872864 ], [ 44.364660135904963, 37.75354902479387 ], [ 44.360339864095067, 37.754784308539527 ], [ 44.35632680257163, 37.75771569146054 ], [ 44.353697543674066, 37.758950975206197 ], [ 44.347993469238297, 37.754784308539527 ], [ 44.339506530761739, 37.75354902479387 ], [ 44.335493469238301, 37.750617641872864 ], [ 44.32869754367406, 37.7493823581272 ], [ 44.322916666666686, 37.753605143229201 ], [ 44.317825486924932, 37.749886067708367 ], [ 44.316049024793855, 37.743673197428421 ], [ 44.31311764187285, 37.739660135904984 ], [ 44.3125, 37.7375 ], [ 44.3125, 37.733333333333363 ], [ 44.309184265136736, 37.732482401529978 ], [ 44.308333333333351, 37.7291666666667 ], [ 44.308333333333351, 37.725 ], [ 44.310543823242206, 37.724432712131112 ], [ 44.3186228434245, 37.717233954535622 ], [ 44.323043823242202, 37.716099378797779 ], [ 44.328420003255225, 37.711932712131109 ], [ 44.343877156575537, 37.713067287868959 ], [ 44.349253336588561, 37.717233954535622 ], [ 44.360543823242203, 37.716099378797779 ], [ 44.364456176757827, 37.713067287868959 ], [ 44.368877156575536, 37.711932712131109 ], [ 44.385289510091162, 37.696400621202287 ], [ 44.393877156575542, 37.695266045464443 ], [ 44.397789510091165, 37.692233954535624 ], [ 44.41471048990887, 37.691099378797773 ], [ 44.418622843424501, 37.688067287868954 ], [ 44.423043823242203, 37.68693271213111 ], [ 44.431122843424497, 37.679733954535621 ], [ 44.440779283311649, 37.678458150227897 ], [ 44.442634412977448, 37.671229214138485 ], [ 44.447789510091162, 37.667233954535625 ], [ 44.452210489908872, 37.666099378797774 ], [ 44.456122843424495, 37.663067287868955 ], [ 44.460543823242205, 37.661932712131112 ], [ 44.464456176757828, 37.658900621202292 ], [ 44.469982401529968, 37.657482401529982 ], [ 44.470833333333353, 37.654166666666697 ], [ 44.470480007595505, 37.630908881293436 ], [ 44.462853325737868, 37.623257785373298 ], [ 44.4625, 37.620833333333366 ], [ 44.463350931803404, 37.617517598470087 ], [ 44.470124816894547, 37.615779283311667 ], [ 44.471537611219638, 37.605086093478761 ], [ 44.476956176757831, 37.600567287868955 ], [ 44.483333333333348, 37.6 ], [ 44.483333333333348, 37.595833333333367 ], [ 44.479964531792554, 37.594819132487011 ], [ 44.47852393256295, 37.585364956325989 ], [ 44.475642734103751, 37.581301710340746 ], [ 44.474357265896288, 37.562178209092913 ], [ 44.47852393256295, 37.55630171034074 ], [ 44.479809400770421, 37.54967820909291 ], [ 44.475642734103751, 37.543801710340745 ], [ 44.474357265896288, 37.539531622992655 ], [ 44.471476067437088, 37.535468377007412 ], [ 44.470190599229618, 37.524678209092912 ], [ 44.474357265896288, 37.518801710340746 ], [ 44.475744967990472, 37.505196804470515 ], [ 44.48130171034073, 37.503523932562963 ], [ 44.485364956325974, 37.500642734103764 ], [ 44.499314371744809, 37.499219936794738 ], [ 44.5, 37.4791666666667 ], [ 44.5, 37.475 ], [ 44.518877156575542, 37.475567287868955 ], [ 44.528229437934044, 37.483900621202288 ], [ 44.531377156575537, 37.482766045464437 ], [ 44.547789510091164, 37.467233954535622 ], [ 44.556377156575543, 37.466099378797772 ], [ 44.560289510091167, 37.463067287868952 ], [ 44.586588372124588, 37.461885748969216 ], [ 44.5875, 37.458333333333364 ], [ 44.5875, 37.454166666666694 ], [ 44.58821987575957, 37.442443339029978 ], [ 44.602135043674068, 37.441023932562963 ], [ 44.608011542426233, 37.4368572658963 ], [ 44.614635043674063, 37.438142734103764 ], [ 44.61875, 37.441060553656712 ], [ 44.622864956325976, 37.438142734103764 ], [ 44.629016791449672, 37.43629065619578 ], [ 44.636857265896289, 37.427135043674078 ], [ 44.638142734103752, 37.422864956325988 ], [ 44.641023932562952, 37.418801710340745 ], [ 44.642630852593335, 37.413464185926678 ], [ 44.650023566352019, 37.411238437228761 ], [ 44.653523932562955, 37.406301710340742 ], [ 44.654809400770418, 37.402031622992652 ], [ 44.657727220323373, 37.397916666666696 ], [ 44.654772779676669, 37.39375 ], [ 44.657690599229618, 37.389635043674076 ], [ 44.658333333333353, 37.3875 ], [ 44.664710489908877, 37.386932712131106 ], [ 44.670086669921893, 37.382766045464436 ], [ 44.67304382324221, 37.383900621202287 ], [ 44.677083333333357, 37.387031216091607 ], [ 44.681122843424497, 37.383900621202287 ], [ 44.710543823242205, 37.382766045464436 ], [ 44.718622843424498, 37.375567287868954 ], [ 44.724291483561217, 37.374112616644993 ], [ 44.725567287868941, 37.364456176757841 ], [ 44.728599378797767, 37.360543823242217 ], [ 44.729870944552971, 37.350919426812098 ], [ 44.735289510091164, 37.346400621202285 ], [ 44.753260972764778, 37.345195685492648 ], [ 44.75473395453561, 37.339456176757842 ], [ 44.757766045464429, 37.335543823242219 ], [ 44.758333333333354, 37.333333333333364 ], [ 44.764924452039949, 37.332980007595516 ], [ 44.768408881293425, 37.329519992404542 ], [ 44.775, 37.329166666666694 ], [ 44.775358072916688, 37.326709832085534 ], [ 44.780908881293421, 37.321186659071209 ], [ 44.785757785373285, 37.320480007595513 ], [ 44.793408881293423, 37.312853325737876 ], [ 44.8, 37.3125 ], [ 44.800567287868944, 37.306122843424511 ], [ 44.807766045464433, 37.298043823242217 ], [ 44.808900621202277, 37.293622843424508 ], [ 44.81723395453561, 37.284270562065998 ], [ 44.815474277072504, 37.279388427734403 ], [ 44.810543823242206, 37.275567287868952 ], [ 44.804765150282137, 37.274084303114179 ], [ 44.804166666666688, 37.254166666666698 ], [ 44.793408881293423, 37.254519992404539 ], [ 44.789583333333354, 37.258318752712704 ], [ 44.785757785373285, 37.254519992404539 ], [ 44.780908881293421, 37.253813340928851 ], [ 44.760757785373286, 37.233686659071211 ], [ 44.758333333333354, 37.233333333333363 ], [ 44.758686659071202, 37.230908881293431 ], [ 44.762146674262176, 37.227424452039962 ], [ 44.762853325737865, 37.197575547960099 ], [ 44.766313340928839, 37.194091118706623 ], [ 44.766666666666687, 37.191666666666691 ], [ 44.767290242513042, 37.180075920952717 ], [ 44.774354214138476, 37.178263176812095 ], [ 44.788067287868948, 37.163488091362879 ], [ 44.786932712131097, 37.160289510091175 ], [ 44.782766045464427, 37.154913330078152 ], [ 44.783900621202278, 37.151956176757842 ], [ 44.786932712131097, 37.148043823242219 ], [ 44.7875, 37.145833333333364 ], [ 44.77916666666669, 37.145833333333364 ], [ 44.776742214626758, 37.145480007595516 ], [ 44.769091118706619, 37.137853325737872 ], [ 44.7625, 37.1375 ], [ 44.7625, 37.133333333333361 ], [ 44.761882358127188, 37.131173027886312 ], [ 44.753549024793855, 37.121570163302977 ], [ 44.754966905381963, 37.113462660047773 ], [ 44.762386067708356, 37.111341349283883 ], [ 44.766049024793858, 37.106326972113742 ], [ 44.767825486924934, 37.100113932291691 ], [ 44.772839864095076, 37.096450805664091 ], [ 44.782627699110265, 37.095026312934053 ], [ 44.784025404188391, 37.075993516710099 ], [ 44.789660135904967, 37.0743825276693 ], [ 44.793673197428404, 37.071450805664092 ], [ 44.799073621961824, 37.069906955295167 ], [ 44.800617641872854, 37.064506361219642 ], [ 44.80354902479386, 37.060493638780407 ], [ 44.804166666666688, 37.045833333333363 ], [ 44.806377156575543, 37.045266045464437 ], [ 44.811753336588566, 37.041099378797767 ], [ 44.827210489908879, 37.042233954535618 ], [ 44.831122843424502, 37.045266045464437 ], [ 44.839710489908875, 37.046400621202281 ], [ 44.845086669921898, 37.050567287868951 ], [ 44.848043823242207, 37.049432712131107 ], [ 44.864456176757834, 37.033900621202285 ], [ 44.881377156575546, 37.032766045464435 ], [ 44.88528951009117, 37.029733954535615 ], [ 44.899100409613737, 37.028505452473986 ], [ 44.900567287868945, 37.022789510091172 ], [ 44.903599378797765, 37.018877156575549 ], [ 44.90416666666669, 37.008333333333361 ], [ 44.903813340928842, 37.005908881293429 ], [ 44.900353325737868, 37.002424452039961 ], [ 44.899646674262172, 36.997575547960096 ], [ 44.896186659071205, 36.994091118706621 ], [ 44.895480007595509, 36.976742214626761 ], [ 44.887853325737872, 36.969091118706622 ], [ 44.887146674262176, 36.964242214626765 ], [ 44.883686659071202, 36.960757785373289 ], [ 44.883333333333354, 36.958333333333357 ], [ 44.88390062120228, 36.956122843424502 ], [ 44.886932712131099, 36.952210489908879 ], [ 44.888350762261304, 36.946684095594648 ], [ 44.89543728298613, 36.944865587022598 ], [ 44.899432712131102, 36.939710489908883 ], [ 44.900708346896721, 36.930054050021731 ], [ 44.906377156575545, 36.92859937879777 ], [ 44.910289510091168, 36.925567287868951 ], [ 44.9125, 36.925 ], [ 44.912853325737871, 36.918408881293431 ], [ 44.917019992404533, 36.914213053385446 ], [ 44.916313340928845, 36.910075547960098 ], [ 44.912853325737871, 36.906591118706622 ], [ 44.9125, 36.9 ], [ 44.914710489908877, 36.900567287868952 ], [ 44.920086669921901, 36.904733954535615 ], [ 44.936512247721375, 36.903528171115475 ], [ 44.945266045464436, 36.893877156575549 ], [ 44.946732923719644, 36.888161214192735 ], [ 44.954166666666687, 36.8875 ], [ 44.954519992404535, 36.872575547960096 ], [ 44.957980007595509, 36.869091118706621 ], [ 44.958333333333357, 36.866666666666696 ], [ 44.981591118706618, 36.867019992404536 ], [ 44.98578694661461, 36.871186659071206 ], [ 44.994091118706621, 36.870480007595511 ], [ 44.99791666666669, 36.866681247287353 ], [ 45.002453613281276, 36.871186659071206 ], [ 45.006591118706623, 36.870480007595511 ], [ 45.010075547960092, 36.867019992404536 ], [ 45.0125, 36.866666666666696 ], [ 45.027424452039952, 36.867019992404536 ], [ 45.031620279947937, 36.871186659071206 ], [ 45.035757785373285, 36.870480007595511 ], [ 45.039242214626761, 36.867019992404536 ], [ 45.044091118706618, 36.866313340928848 ], [ 45.047575547960093, 36.862853325737873 ], [ 45.052424452039951, 36.862146674262178 ], [ 45.055908881293426, 36.858686659071203 ], [ 45.077424452039956, 36.857980007595515 ], [ 45.089242214626758, 36.846186659071208 ], [ 45.098257785373285, 36.845480007595512 ], [ 45.101742214626761, 36.842019992404538 ], [ 45.108333333333356, 36.84166666666669 ], [ 45.1125, 36.84166666666669 ], [ 45.113464355468771, 36.844868977864607 ], [ 45.118801540798636, 36.846476236979193 ], [ 45.122865125868081, 36.84935709635419 ], [ 45.127134874131968, 36.850642903645863 ], [ 45.131198459201414, 36.85352376302086 ], [ 45.135468207465301, 36.854809570312526 ], [ 45.139531792534747, 36.857690429687523 ], [ 45.178386433919293, 36.859018961588568 ], [ 45.179944525824681, 36.87429300944013 ], [ 45.206301540798634, 36.875642903645861 ], [ 45.21036512586808, 36.878523763020858 ], [ 45.2125, 36.879166666666691 ], [ 45.21365865071617, 36.87511393229169 ], [ 45.220364040798636, 36.870215861002627 ], [ 45.239660305447075, 36.87145080566409 ], [ 45.245364040798634, 36.875617472330752 ], [ 45.249139065212695, 36.873844061957492 ], [ 45.250617472330752, 36.86867302788631 ], [ 45.25354919433596, 36.864660305447075 ], [ 45.254784138997422, 36.856173027886314 ], [ 45.25771586100263, 36.852160305447072 ], [ 45.259149848090303, 36.842307874891517 ], [ 45.291666666666693, 36.84166666666669 ], [ 45.292024400499159, 36.844120958116342 ], [ 45.306616889105925, 36.858686659071203 ], [ 45.314924452039953, 36.857980007595515 ], [ 45.318408881293429, 36.854519992404541 ], [ 45.331591118706626, 36.853813340928845 ], [ 45.335075547960095, 36.850353325737871 ], [ 45.344121297200545, 36.849644300672772 ], [ 45.349646674262175, 36.844091118706622 ], [ 45.350353325737871, 36.839242214626765 ], [ 45.353813340928845, 36.835757785373289 ], [ 45.354524739583361, 36.830876329210092 ], [ 45.360075547960093, 36.825353325737872 ], [ 45.36912129720055, 36.824644300672766 ], [ 45.374646674262181, 36.819091118706623 ], [ 45.375353325737876, 36.814242214626759 ], [ 45.382980007595513, 36.806591118706621 ], [ 45.383686659071209, 36.797575547960093 ], [ 45.387146674262176, 36.794091118706625 ], [ 45.3875, 36.791666666666693 ], [ 45.402210489908882, 36.791099378797767 ], [ 45.406122843424505, 36.788067287868948 ], [ 45.414710489908877, 36.786932712131104 ], [ 45.418622843424508, 36.783900621202285 ], [ 45.424149237738739, 36.782482571072073 ], [ 45.425567287868951, 36.776956176757835 ], [ 45.42859937879777, 36.773043823242212 ], [ 45.430303955078152, 36.766402180989608 ], [ 45.436753336588566, 36.771400621202282 ], [ 45.460543823242212, 36.770266045464432 ], [ 45.464456176757842, 36.767233954535612 ], [ 45.473043823242215, 36.766099378797769 ], [ 45.478420003255238, 36.761932712131099 ], [ 45.502210489908883, 36.76306728786895 ], [ 45.506122843424507, 36.766099378797769 ], [ 45.5125, 36.766666666666694 ], [ 45.513350762261311, 36.763350762261311 ], [ 45.516666666666694, 36.7625 ], [ 45.524100409613744, 36.761838785807313 ], [ 45.525567287868952, 36.756122843424507 ], [ 45.532766045464435, 36.748043823242213 ], [ 45.53333333333336, 36.745833333333358 ], [ 45.532980007595512, 36.743408881293426 ], [ 45.529519992404538, 36.739924452039958 ], [ 45.528813340928849, 36.735075547960093 ], [ 45.525014580620685, 36.73125 ], [ 45.528813340928849, 36.727424452039955 ], [ 45.529519992404538, 36.701742214626762 ], [ 45.532980007595512, 36.698257785373286 ], [ 45.533686659071208, 36.693408881293429 ], [ 45.537146674262182, 36.689924452039953 ], [ 45.537853325737878, 36.680908881293426 ], [ 45.541313340928845, 36.677424452039958 ], [ 45.541666666666693, 36.675 ], [ 45.535289510091175, 36.6744327121311 ], [ 45.527210489908882, 36.667233954535618 ], [ 45.522789510091172, 36.666099378797767 ], [ 45.518877156575549, 36.663067287868948 ], [ 45.51445617675784, 36.661932712131097 ], [ 45.510543823242216, 36.658900621202278 ], [ 45.506122843424507, 36.657766045464435 ], [ 45.50208333333336, 36.654635281033009 ], [ 45.498043823242213, 36.657766045464435 ], [ 45.493622843424504, 36.658900621202278 ], [ 45.485425482855931, 36.666204833984402 ], [ 45.481377156575547, 36.663067287868948 ], [ 45.47585076226131, 36.661649237738743 ], [ 45.474432712131104, 36.656122843424505 ], [ 45.47043728298614, 36.650967746310791 ], [ 45.464456176757842, 36.649432712131102 ], [ 45.460543823242212, 36.646400621202282 ], [ 45.454875013563395, 36.644945949978322 ], [ 45.453599378797769, 36.63528951009117 ], [ 45.433900621202284, 36.61471048990888 ], [ 45.433333333333358, 36.59583333333336 ], [ 45.434184095594645, 36.592517428927977 ], [ 45.439710489908883, 36.591099378797765 ], [ 45.44778951009117, 36.583900621202282 ], [ 45.456377156575549, 36.582766045464432 ], [ 45.460289510091172, 36.579733954535612 ], [ 45.4625, 36.579166666666687 ], [ 45.463098483615475, 36.559248860677108 ], [ 45.47043728298614, 36.557365587022595 ], [ 45.474432712131104, 36.55221048990888 ], [ 45.475567287868948, 36.547789510091171 ], [ 45.478599378797767, 36.543877156575547 ], [ 45.479733954535618, 36.539456176757838 ], [ 45.482766045464437, 36.535543823242207 ], [ 45.483333333333363, 36.53333333333336 ], [ 45.482482571072076, 36.530017428927977 ], [ 45.479166666666693, 36.52916666666669 ], [ 45.466666666666697, 36.52916666666669 ], [ 45.464456176757842, 36.528599378797765 ], [ 45.459301079644121, 36.5246039496528 ], [ 45.457482571072077, 36.517517428927974 ], [ 45.454166666666694, 36.516666666666687 ], [ 45.454733954535619, 36.514456176757832 ], [ 45.457766045464439, 36.510543823242209 ], [ 45.459184095594644, 36.505017428927971 ], [ 45.464710489908882, 36.503599378797766 ], [ 45.472789510091175, 36.496400621202277 ], [ 45.475, 36.495833333333358 ], [ 45.475567287868948, 36.493622843424504 ], [ 45.479733954535618, 36.488246663411481 ], [ 45.478599378797767, 36.481122843424501 ], [ 45.475567287868948, 36.477210489908877 ], [ 45.474149237738743, 36.47168409559464 ], [ 45.467327880859401, 36.46993374294707 ], [ 45.466666666666697, 36.4625 ], [ 45.466313340928849, 36.455908881293425 ], [ 45.462853325737875, 36.452424452039956 ], [ 45.4625, 36.433333333333358 ], [ 45.463161214192738, 36.425899590386308 ], [ 45.470124986436659, 36.42411261664499 ], [ 45.471400621202285, 36.414456176757838 ], [ 45.474432712131104, 36.410543823242207 ], [ 45.475, 36.408333333333353 ], [ 45.475, 36.40416666666669 ], [ 45.477424452039955, 36.403813340928842 ], [ 45.480908881293431, 36.400353325737868 ], [ 45.494091118706621, 36.399646674262172 ], [ 45.497575547960096, 36.396186659071205 ], [ 45.502424452039961, 36.395480007595509 ], [ 45.510075547960099, 36.387853325737872 ], [ 45.529166666666697, 36.3875 ], [ 45.529733954535615, 36.376956176757837 ], [ 45.532766045464435, 36.373043823242213 ], [ 45.533994547526071, 36.359232923719638 ], [ 45.539710489908884, 36.35776604546443 ], [ 45.551956176757841, 36.346400621202278 ], [ 45.558333333333358, 36.345833333333353 ], [ 45.564660305447077, 36.346450805664084 ], [ 45.568673027886312, 36.349382527669292 ], [ 45.577160305447073, 36.350617472330754 ], [ 45.58286404079864, 36.354784138997417 ], [ 45.585493638780406, 36.353549194335962 ], [ 45.589506361219648, 36.350617472330754 ], [ 45.603364054362004, 36.34926486545141 ], [ 45.604784138997424, 36.339506361219641 ], [ 45.607715861002632, 36.335493638780406 ], [ 45.609194946289094, 36.325330946180578 ], [ 45.614506361219647, 36.321450805664085 ], [ 45.616666666666696, 36.320833333333354 ], [ 45.635757785373293, 36.320480007595506 ], [ 45.639242214626762, 36.317019992404532 ], [ 45.644091118706626, 36.316313340928843 ], [ 45.651742214626765, 36.308686659071199 ], [ 45.656591118706629, 36.307980007595511 ], [ 45.660075547960098, 36.304519992404536 ], [ 45.664954291449682, 36.303808932834222 ], [ 45.678813340928848, 36.289924452039955 ], [ 45.679166666666696, 36.2875 ], [ 45.676742214626763, 36.287146674262175 ], [ 45.669091118706625, 36.279519992404538 ], [ 45.666666666666693, 36.27916666666669 ], [ 45.666313340928845, 36.276742214626758 ], [ 45.662513902452282, 36.272915988498283 ], [ 45.670480007595515, 36.264924452039949 ], [ 45.671186659071211, 36.251742214626759 ], [ 45.674646674262178, 36.248257785373283 ], [ 45.675353325737873, 36.230908881293423 ], [ 45.678813340928848, 36.227424452039955 ], [ 45.679166666666696, 36.220833333333353 ], [ 45.689924452039961, 36.220480007595505 ], [ 45.693408881293429, 36.217019992404538 ], [ 45.698257785373293, 36.216313340928842 ], [ 45.718408881293428, 36.196186659071202 ], [ 45.735757785373295, 36.195480007595506 ], [ 45.756248982747422, 36.175013563368076 ], [ 45.760075547960099, 36.178813340928841 ], [ 45.773257785373296, 36.179519992404536 ], [ 45.780908881293435, 36.187146674262173 ], [ 45.789924452039962, 36.187853325737869 ], [ 45.793408881293431, 36.191313340928843 ], [ 45.795833333333363, 36.191666666666684 ], [ 45.804166666666696, 36.191666666666684 ], [ 45.804166666666681, 36.183333333333351 ], [ 45.804166666666696, 36.179166666666688 ], [ 45.810543823242199, 36.178599378797763 ], [ 45.822789510091162, 36.167233954535611 ], [ 45.828315734863295, 36.165815904405399 ], [ 45.829733954535605, 36.160289510091168 ], [ 45.832766045464425, 36.156377156575545 ], [ 45.834041849772149, 36.146720716688385 ], [ 45.84127078586156, 36.144865587022586 ], [ 45.84526604546442, 36.139710489908872 ], [ 45.845833333333346, 36.1375 ], [ 45.845833333333346, 36.129166666666684 ], [ 45.838399590386295, 36.128505452473981 ], [ 45.8375, 36.125 ], [ 45.8480438232422, 36.124432712131096 ], [ 45.851956176757824, 36.121400621202277 ], [ 45.856377156575533, 36.120266045464433 ], [ 45.860289510091157, 36.117233954535607 ], [ 45.864710489908866, 36.116099378797763 ], [ 45.86862284342449, 36.113067287868944 ], [ 45.898043823242205, 36.111932712131093 ], [ 45.901956176757828, 36.108900621202274 ], [ 45.906377156575537, 36.10776604546443 ], [ 45.911753336588554, 36.10359937879776 ], [ 45.91471048990887, 36.104733954535611 ], [ 45.920086669921886, 36.108900621202274 ], [ 45.928286912706177, 36.10759446885853 ], [ 45.929166666666681, 36.104166666666686 ], [ 45.929733954535607, 36.097789510091168 ], [ 45.932766045464426, 36.093877156575537 ], [ 45.93422071668838, 36.088208346896721 ], [ 45.944904073079442, 36.086797078450537 ], [ 45.953599378797755, 36.077210489908872 ], [ 45.95416666666668, 36.075 ], [ 45.956591118706612, 36.074646674262169 ], [ 45.97328321668838, 36.057980007595503 ], [ 46.002424452039946, 36.058686659071199 ], [ 46.005908881293415, 36.062146674262173 ], [ 46.01666666666668, 36.0625 ], [ 46.017233954535605, 36.051956176757834 ], [ 46.021400621202275, 36.046579996744811 ], [ 46.020266045464425, 36.039456176757831 ], [ 46.016099378797762, 36.034079996744808 ], [ 46.01734042697484, 36.021729871961824 ], [ 46.02083333333335, 36.02083333333335 ], [ 46.02083333333335, 36.016666666666687 ], [ 46.021684265136734, 36.013350762261304 ], [ 46.025, 36.0125 ], [ 46.035757785373278, 36.012146674262169 ], [ 46.039242214626753, 36.008686659071202 ], [ 46.048257785373281, 36.007980007595506 ], [ 46.051742214626749, 36.004519992404532 ], [ 46.060757785373276, 36.003813340928836 ], [ 46.064242214626752, 36.000353325737862 ], [ 46.069091118706609, 35.999646674262173 ], [ 46.072575547960085, 35.996186659071199 ], [ 46.075, 35.995833333333351 ], [ 46.075353325737865, 35.989242214626771 ], [ 46.078813340928832, 35.985757785373295 ], [ 46.079166666666701, 35.9791666666667 ], [ 46.082624816894544, 35.978279283311664 ], [ 46.083900621202275, 35.968622843424512 ], [ 46.086932712131095, 35.964710489908889 ], [ 46.088067287868938, 35.956122843424517 ], [ 46.091099378797757, 35.952210489908886 ], [ 46.092233954535608, 35.947789510091184 ], [ 46.095820109049498, 35.943162367079026 ], [ 46.089710489908867, 35.938067287868961 ], [ 46.085289510091158, 35.93693271213111 ], [ 46.081377156575535, 35.933900621202291 ], [ 46.0755828857422, 35.932413567437102 ], [ 46.067233954535602, 35.923043823242224 ], [ 46.0658157348633, 35.917517598470084 ], [ 46.059184265136736, 35.915815734863315 ], [ 46.058333333333366, 35.9125 ], [ 46.05890062120227, 35.906122843424512 ], [ 46.082766045464425, 35.881377156575553 ], [ 46.084184265136734, 35.87585093180342 ], [ 46.0875, 35.875 ], [ 46.0875, 35.870833333333366 ], [ 46.0875, 35.866666666666703 ], [ 46.089924452039945, 35.866313340928855 ], [ 46.105908881293416, 35.850353325737878 ], [ 46.110757785373281, 35.849646674262189 ], [ 46.114242214626749, 35.846186659071215 ], [ 46.14166666666668, 35.845833333333367 ], [ 46.141313340928832, 35.843408881293435 ], [ 46.137146674262169, 35.839212883843352 ], [ 46.137853325737865, 35.830908881293439 ], [ 46.141313340928832, 35.827424452039963 ], [ 46.142019992404528, 35.822575547960099 ], [ 46.149646674262172, 35.814924452039961 ], [ 46.15, 35.8125 ], [ 46.152424452039945, 35.812146674262188 ], [ 46.160075547960083, 35.804519992404551 ], [ 46.164924452039948, 35.803813340928855 ], [ 46.168408881293416, 35.800353325737881 ], [ 46.175, 35.8 ], [ 46.175850931803403, 35.803315734863318 ], [ 46.182482401529967, 35.805017598470087 ], [ 46.184245300292986, 35.81188710530602 ], [ 46.211285061306441, 35.813067287868954 ], [ 46.213318549262169, 35.805144076877205 ], [ 46.217603895399321, 35.803599378797777 ], [ 46.226956176757831, 35.81193271213111 ], [ 46.248043823242206, 35.813067287868954 ], [ 46.253198920355921, 35.817062547471821 ], [ 46.254166666666684, 35.820833333333368 ], [ 46.256591118706616, 35.820480007595521 ], [ 46.260787116156699, 35.816313340928851 ], [ 46.269091118706612, 35.817019992404546 ], [ 46.280908881293421, 35.828813340928853 ], [ 46.285757785373278, 35.829519992404549 ], [ 46.289953782823368, 35.833686659071212 ], [ 46.298257785373281, 35.832980007595523 ], [ 46.301742214626756, 35.829519992404549 ], [ 46.310757785373283, 35.828813340928853 ], [ 46.314953782823366, 35.824646674262183 ], [ 46.323257785373279, 35.825353325737879 ], [ 46.327453782823369, 35.829519992404549 ], [ 46.335788133409309, 35.828810797797345 ], [ 46.341313340928835, 35.823257785373301 ], [ 46.342019992404531, 35.814242214626766 ], [ 46.345480007595505, 35.810757785373298 ], [ 46.345833333333353, 35.783333333333367 ], [ 46.366666666666681, 35.783333333333367 ], [ 46.367554050021717, 35.779875183105503 ], [ 46.378247239854616, 35.778462388780412 ], [ 46.382766045464429, 35.773043823242219 ], [ 46.384184265136739, 35.767517598470086 ], [ 46.391270785861565, 35.765698920355938 ], [ 46.395266045464425, 35.760543823242223 ], [ 46.396400621202275, 35.756122843424514 ], [ 46.399432712131095, 35.75221048990889 ], [ 46.4, 35.75 ], [ 46.399149068196635, 35.74668426513675 ], [ 46.39583333333335, 35.745833333333366 ], [ 46.392375183105486, 35.74494594997833 ], [ 46.391099378797762, 35.735289510091178 ], [ 46.378935580783441, 35.722183736165398 ], [ 46.380012342664948, 35.717380608452721 ], [ 46.389710489908872, 35.716099378797779 ], [ 46.401956176757828, 35.704733954535619 ], [ 46.407672119140642, 35.703267076280412 ], [ 46.408333333333353, 35.695833333333368 ], [ 46.410757785373285, 35.695480007595521 ], [ 46.422575547960086, 35.683686659071213 ], [ 46.431591118706613, 35.682980007595518 ], [ 46.435416666666683, 35.67918124728736 ], [ 46.439242214626752, 35.682980007595518 ], [ 46.456591118706612, 35.683686659071213 ], [ 46.460075547960088, 35.687146674262188 ], [ 46.4625, 35.6875 ], [ 46.463237847222238, 35.695057847764787 ], [ 46.468198140462256, 35.695674981011315 ], [ 46.474530877007396, 35.69104902479387 ], [ 46.48132680257163, 35.692284308539527 ], [ 46.485339864095067, 35.695215691460533 ], [ 46.48966013590497, 35.696450975206197 ], [ 46.493673197428407, 35.699382358127203 ], [ 46.503431532118071, 35.70080261230472 ], [ 46.5049021402995, 35.715866767035621 ], [ 46.51041310628257, 35.720274353027378 ], [ 46.514506530761736, 35.717284308539533 ], [ 46.518826802571631, 35.716049024793868 ], [ 46.5245308770074, 35.711882358127205 ], [ 46.527160135904964, 35.713117641872863 ], [ 46.531173197428402, 35.716049024793868 ], [ 46.543826802571637, 35.717284308539533 ], [ 46.547839864095074, 35.720215691460538 ], [ 46.554166666666688, 35.720833333333367 ], [ 46.554521518283437, 35.714212883843345 ], [ 46.560785590277796, 35.707980007595516 ], [ 46.573257785373286, 35.708686659071212 ], [ 46.589242214626758, 35.724646674262189 ], [ 46.591666666666683, 35.725 ], [ 46.604166666666686, 35.725 ], [ 46.60662180582684, 35.724642266167564 ], [ 46.616313340928841, 35.714924452039966 ], [ 46.617019992404536, 35.710075547960102 ], [ 46.620480007595503, 35.706591118706626 ], [ 46.621186659071199, 35.701742214626769 ], [ 46.628813340928836, 35.694091118706631 ], [ 46.629519992404532, 35.676742214626771 ], [ 46.633318752712697, 35.672916666666701 ], [ 46.628813340928836, 35.668379550510018 ], [ 46.629519992404532, 35.660075547960105 ], [ 46.637146674262169, 35.652424452039966 ], [ 46.6375, 35.645833333333364 ], [ 46.644091118706619, 35.645480007595516 ], [ 46.648287116156702, 35.641313340928853 ], [ 46.656591118706615, 35.642019992404549 ], [ 46.660075547960091, 35.645480007595516 ], [ 46.664924452039948, 35.646186659071212 ], [ 46.677083502875455, 35.658320617675813 ], [ 46.697575547960092, 35.637853325737879 ], [ 46.7, 35.6375 ], [ 46.699432712131099, 35.631122843424514 ], [ 46.69640062120228, 35.627210489908883 ], [ 46.695266045464429, 35.622789510091181 ], [ 46.69223395453561, 35.61887715657555 ], [ 46.691099378797766, 35.610289510091178 ], [ 46.687968783908438, 35.60625 ], [ 46.691099378797766, 35.602210489908884 ], [ 46.692634412977448, 35.596229214138489 ], [ 46.699253336588562, 35.591099378797772 ], [ 46.702210489908872, 35.592233954535622 ], [ 46.706122843424502, 35.595266045464442 ], [ 46.72409430609811, 35.596470981174079 ], [ 46.725850931803407, 35.603315734863315 ], [ 46.729166666666686, 35.6041666666667 ], [ 46.736540222167989, 35.60351070827911 ], [ 46.741099378797763, 35.598043823242222 ], [ 46.742233954535614, 35.593622843424512 ], [ 46.750567287868947, 35.584270562066003 ], [ 46.749432712131096, 35.568622843424514 ], [ 46.745266045464433, 35.563246663411491 ], [ 46.747083028157576, 35.558510674370694 ], [ 46.751956176757837, 35.554733954535621 ], [ 46.75748240152997, 35.553315734863311 ], [ 46.759301079644118, 35.546229214138485 ], [ 46.764456176757832, 35.542233954535618 ], [ 46.770833333333357, 35.5416666666667 ], [ 46.770833333333357, 35.520833333333364 ], [ 46.774338785807316, 35.521732923719647 ], [ 46.77565595838761, 35.536540222168 ], [ 46.782483249240471, 35.542233954535618 ], [ 46.789710489908877, 35.541099378797774 ], [ 46.795086669921893, 35.536932712131104 ], [ 46.802210489908873, 35.538067287868955 ], [ 46.806122843424504, 35.541099378797774 ], [ 46.816666666666691, 35.5416666666667 ], [ 46.816099378797766, 35.543877156575554 ], [ 46.813067287868947, 35.547789510091178 ], [ 46.811932712131096, 35.552210489908887 ], [ 46.807766045464433, 35.557586669921903 ], [ 46.808900621202277, 35.568877156575553 ], [ 46.820266045464429, 35.581122843424509 ], [ 46.82154184977216, 35.590779283311662 ], [ 46.828770785861565, 35.592634412977461 ], [ 46.833900621202275, 35.599253336588575 ], [ 46.832766045464432, 35.614710489908887 ], [ 46.828902011447504, 35.619696214464007 ], [ 46.833333333333357, 35.620833333333366 ], [ 46.839924452039952, 35.621186659071213 ], [ 46.843408881293428, 35.624646674262188 ], [ 46.848257785373285, 35.625353325737876 ], [ 46.851742214626761, 35.628813340928851 ], [ 46.8625, 35.629166666666698 ], [ 46.865958319769987, 35.628279283311663 ], [ 46.867233954535614, 35.618622843424511 ], [ 46.870266045464433, 35.614710489908887 ], [ 46.871801079644122, 35.608729214138485 ], [ 46.876956176757837, 35.604733954535625 ], [ 46.883333333333354, 35.6041666666667 ], [ 46.8875, 35.6041666666667 ], [ 46.889924452039949, 35.603813340928852 ], [ 46.894120279947941, 35.599646674262182 ], [ 46.902424452039952, 35.600353325737878 ], [ 46.905908881293428, 35.603813340928852 ], [ 46.9125, 35.6041666666667 ], [ 46.915815904405406, 35.605017598470084 ], [ 46.917554050021721, 35.611791483561227 ], [ 46.927210489908873, 35.613067287868958 ], [ 46.951956176757832, 35.636932712131106 ], [ 46.958333333333357, 35.6375 ], [ 46.958926052517384, 35.661582946777372 ], [ 46.964710489908875, 35.663067287868955 ], [ 46.970086669921898, 35.667233954535625 ], [ 46.977210489908877, 35.666099378797774 ], [ 46.981122843424501, 35.663067287868955 ], [ 46.998043823242213, 35.661932712131112 ], [ 47.001956176757837, 35.658900621202292 ], [ 47.010543823242209, 35.657766045464442 ], [ 47.014456176757832, 35.654733954535622 ], [ 47.018877156575542, 35.653599378797779 ], [ 47.022789510091172, 35.650567287868952 ], [ 47.0375, 35.65 ], [ 47.037853325737871, 35.652424452039966 ], [ 47.041313340928845, 35.655908881293435 ], [ 47.041666666666693, 35.6625 ], [ 47.048257785373288, 35.662853325737878 ], [ 47.055908881293426, 35.670480007595515 ], [ 47.060757785373291, 35.671186659071211 ], [ 47.068408881293429, 35.678813340928855 ], [ 47.081591118706619, 35.679519992404543 ], [ 47.085786946614604, 35.683686659071213 ], [ 47.119091118706621, 35.682980007595518 ], [ 47.126742214626759, 35.675353325737881 ], [ 47.148257785373289, 35.674646674262185 ], [ 47.152083333333358, 35.670847913954027 ], [ 47.155908881293428, 35.674646674262185 ], [ 47.169091118706618, 35.675353325737881 ], [ 47.172575547960093, 35.678813340928855 ], [ 47.179166666666688, 35.679166666666703 ], [ 47.186600409613739, 35.679827880859406 ], [ 47.188067287868947, 35.68554382324222 ], [ 47.191099378797766, 35.689456176757844 ], [ 47.192233954535617, 35.702210489908886 ], [ 47.203599378797769, 35.714456176757842 ], [ 47.204166666666694, 35.716666666666697 ], [ 47.208333333333357, 35.716666666666697 ], [ 47.209184095594644, 35.713350931803419 ], [ 47.2125, 35.7125 ], [ 47.213419596354193, 35.708916219075554 ], [ 47.222789510091168, 35.700567287868957 ], [ 47.228315904405406, 35.699149068196647 ], [ 47.229166666666693, 35.695833333333368 ], [ 47.230017428927979, 35.692517598470083 ], [ 47.233333333333356, 35.691666666666698 ], [ 47.233994547526066, 35.684232923719648 ], [ 47.23971048990888, 35.68276604546444 ], [ 47.243622843424504, 35.679733954535621 ], [ 47.253279283311656, 35.678458150227897 ], [ 47.255134412977455, 35.671229214138485 ], [ 47.26028951009117, 35.667233954535625 ], [ 47.27916666666669, 35.6666666666667 ], [ 47.280017428927977, 35.669982401529978 ], [ 47.28333333333336, 35.670833333333363 ], [ 47.291666666666693, 35.670833333333363 ], [ 47.292881605360272, 35.675567287868958 ], [ 47.30221048990888, 35.674432712131107 ], [ 47.306122843424504, 35.671400621202288 ], [ 47.311791653103327, 35.669945949978327 ], [ 47.313067287868947, 35.660289510091175 ], [ 47.316099378797766, 35.656377156575552 ], [ 47.317517428927978, 35.650850931803419 ], [ 47.32437642415367, 35.649090745714005 ], [ 47.325, 35.6375 ], [ 47.32556728786895, 35.631122843424514 ], [ 47.328599378797769, 35.627210489908883 ], [ 47.329827880859398, 35.613399590386315 ], [ 47.333333333333357, 35.6125 ], [ 47.333333333333357, 35.6 ], [ 47.313415527343778, 35.599401516384582 ], [ 47.311932712131103, 35.593622843424512 ], [ 47.308900621202284, 35.589710489908889 ], [ 47.308333333333358, 35.583333333333364 ], [ 47.3, 35.583333333333364 ], [ 47.296684095594642, 35.58248240152998 ], [ 47.295266045464437, 35.576956176757847 ], [ 47.279733954535615, 35.56054382324222 ], [ 47.278599378797765, 35.556122843424511 ], [ 47.2746039496528, 35.550967746310796 ], [ 47.268622843424502, 35.549432712131107 ], [ 47.264710489908879, 35.546400621202288 ], [ 47.2625, 35.545833333333363 ], [ 47.262146674262176, 35.543408881293431 ], [ 47.258686659071202, 35.539924452039962 ], [ 47.257975599500895, 35.53504553900828 ], [ 47.244091118706621, 35.521186659071212 ], [ 47.241666666666688, 35.520833333333364 ], [ 47.24109937879777, 35.518622843424509 ], [ 47.238067287868951, 35.514710489908886 ], [ 47.2369327121311, 35.510289510091177 ], [ 47.216099378797765, 35.488525221082931 ], [ 47.217233954535615, 35.485289510091178 ], [ 47.220792982313391, 35.480697123209666 ], [ 47.210543823242212, 35.471400621202285 ], [ 47.205017428927974, 35.469982401529975 ], [ 47.203198920355931, 35.462895880805149 ], [ 47.198043823242209, 35.458900621202289 ], [ 47.193622843424507, 35.457766045464439 ], [ 47.189710489908876, 35.454733954535619 ], [ 47.1875, 35.454166666666694 ], [ 47.180908881293426, 35.453813340928846 ], [ 47.177424452039958, 35.450353325737879 ], [ 47.164242214626761, 35.449646674262183 ], [ 47.158691406250021, 35.444123501247859 ], [ 47.157980007595512, 35.439242214626766 ], [ 47.154519992404538, 35.435757785373298 ], [ 47.15416666666669, 35.425 ], [ 47.153813340928842, 35.414242214626768 ], [ 47.146186659071205, 35.406591118706629 ], [ 47.145480007595509, 35.401742214626765 ], [ 47.142019992404535, 35.398257785373296 ], [ 47.141313340928846, 35.389242214626769 ], [ 47.137853325737872, 35.385757785373293 ], [ 47.137146674262176, 35.376742214626766 ], [ 47.133686659071202, 35.373257785373291 ], [ 47.132980007595506, 35.368408881293433 ], [ 47.116313340928841, 35.351716783311659 ], [ 47.117025756835965, 35.347542148166262 ], [ 47.122575547960096, 35.342019992404545 ], [ 47.125, 35.341666666666697 ], [ 47.125850762261308, 35.338350931803419 ], [ 47.132482571072075, 35.336649068196643 ], [ 47.134184095594641, 35.330017598470079 ], [ 47.140815904405407, 35.32831573486331 ], [ 47.142233954535612, 35.322789510091177 ], [ 47.145266045464432, 35.318877156575553 ], [ 47.145833333333357, 35.316666666666698 ], [ 47.146400621202282, 35.310289510091174 ], [ 47.149432712131102, 35.30637715657555 ], [ 47.150567287868945, 35.293622843424508 ], [ 47.153599378797765, 35.289710489908884 ], [ 47.155017428927977, 35.284184265136744 ], [ 47.16191711425784, 35.282413567437096 ], [ 47.171400621202281, 35.271770562066003 ], [ 47.17026604546443, 35.26445617675784 ], [ 47.163067287868948, 35.256377156575553 ], [ 47.1625, 35.25 ], [ 47.162853325737871, 35.222575547960098 ], [ 47.167019992404541, 35.218379550510008 ], [ 47.166307576497417, 35.214208814832929 ], [ 47.160757785373285, 35.208686659071212 ], [ 47.15416666666669, 35.208333333333364 ], [ 47.153029378255233, 35.21276465521921 ], [ 47.148043823242212, 35.208900621202282 ], [ 47.141666666666694, 35.208333333333364 ], [ 47.141313340928846, 35.197575547960099 ], [ 47.137853325737872, 35.194091118706623 ], [ 47.137146674262176, 35.189242214626766 ], [ 47.133686659071202, 35.185757785373291 ], [ 47.133333333333354, 35.183333333333358 ], [ 47.136649237738737, 35.182482401529974 ], [ 47.13806728786895, 35.176956176757841 ], [ 47.153599378797765, 35.160543823242215 ], [ 47.15416666666669, 35.154166666666697 ], [ 47.177424452039958, 35.154519992404545 ], [ 47.181620279947943, 35.158686659071208 ], [ 47.189952256944466, 35.157977634006102 ], [ 47.203813340928846, 35.144091118706626 ], [ 47.204524739583356, 35.139209662543429 ], [ 47.210075547960095, 35.133686659071209 ], [ 47.219091118706622, 35.132980007595513 ], [ 47.223286946614607, 35.128813340928851 ], [ 47.239924452039958, 35.129519992404539 ], [ 47.247575547960096, 35.137146674262183 ], [ 47.2625, 35.1375 ], [ 47.266666666666694, 35.1375 ], [ 47.277160305447076, 35.1368825276693 ], [ 47.285339694552974, 35.129784138997422 ], [ 47.289660305447072, 35.128549194335967 ], [ 47.293673027886307, 35.125617472330759 ], [ 47.297993638780405, 35.124382527669297 ], [ 47.30617302788631, 35.117284138997427 ], [ 47.315961032443603, 35.115859646267388 ], [ 47.317284138997422, 35.097839694552981 ], [ 47.321450805664085, 35.092135959201414 ], [ 47.32021586100263, 35.085339694552978 ], [ 47.317284138997422, 35.081326972113743 ], [ 47.31604919433596, 35.072839694552982 ], [ 47.313117472330752, 35.06882697211374 ], [ 47.3125, 35.066666666666691 ], [ 47.323257785373286, 35.066313340928843 ], [ 47.326742214626762, 35.062853325737876 ], [ 47.329166666666694, 35.0625 ], [ 47.344091118706622, 35.062853325737876 ], [ 47.347916666666691, 35.066652086046034 ], [ 47.352453613281277, 35.062146674262181 ], [ 47.360757785373288, 35.062853325737876 ], [ 47.364953613281273, 35.067019992404539 ], [ 47.381591118706623, 35.066313340928843 ], [ 47.385075547960099, 35.062853325737876 ], [ 47.391666666666694, 35.0625 ], [ 47.4125, 35.0625 ], [ 47.413637288411486, 35.066931152343777 ], [ 47.418622843424508, 35.063067287868954 ], [ 47.424149237738739, 35.061649237738742 ], [ 47.425967746310789, 35.054562717013916 ], [ 47.431122843424504, 35.050567287868951 ], [ 47.435543823242213, 35.049432712131107 ], [ 47.439456176757837, 35.046400621202281 ], [ 47.443877156575546, 35.045266045464437 ], [ 47.452074517144126, 35.037961832682321 ], [ 47.456122843424509, 35.041099378797767 ], [ 47.473043823242215, 35.042233954535618 ], [ 47.478420003255238, 35.046400621202281 ], [ 47.498043823242213, 35.045266045464437 ], [ 47.501956176757837, 35.042233954535618 ], [ 47.508333333333361, 35.041666666666693 ], [ 47.509184095594648, 35.044982571072076 ], [ 47.5125, 35.045833333333363 ], [ 47.516005452473983, 35.046732923719645 ], [ 47.517233954535619, 35.060543823242213 ], [ 47.520266045464439, 35.064456176757837 ], [ 47.520833333333357, 35.070833333333361 ], [ 47.521684095594644, 35.074149237738744 ], [ 47.525, 35.075 ], [ 47.52831590440541, 35.075850762261311 ], [ 47.529166666666697, 35.079166666666694 ], [ 47.529166666666697, 35.1 ], [ 47.532482571072073, 35.099149237738743 ], [ 47.53333333333336, 35.09583333333336 ], [ 47.535757785373292, 35.095480007595512 ], [ 47.539242214626761, 35.092019992404545 ], [ 47.548257785373295, 35.091313340928849 ], [ 47.551742214626763, 35.087853325737875 ], [ 47.570833333333361, 35.0875 ], [ 47.571745130750898, 35.083947414822077 ], [ 47.598043823242215, 35.082766045464439 ], [ 47.601956176757838, 35.079733954535619 ], [ 47.615767076280413, 35.078505452473983 ], [ 47.616666666666696, 35.075 ], [ 47.644091118706626, 35.074646674262183 ], [ 47.647575547960095, 35.071186659071209 ], [ 47.654166666666697, 35.070833333333361 ], [ 47.655017428927977, 35.067517428927978 ], [ 47.65833333333336, 35.066666666666691 ], [ 47.669091118706625, 35.067019992404539 ], [ 47.67328694661461, 35.071186659071209 ], [ 47.685757785373291, 35.070480007595513 ], [ 47.689242214626766, 35.067019992404539 ], [ 47.702424452039956, 35.066313340928843 ], [ 47.706250678168431, 35.062513902452281 ], [ 47.714242214626765, 35.070480007595513 ], [ 47.72083333333336, 35.070833333333361 ], [ 47.723043823242215, 35.070266045464436 ], [ 47.726956176757838, 35.067233954535617 ], [ 47.731377156575547, 35.066099378797773 ], [ 47.739456176757841, 35.058900621202284 ], [ 47.748043823242213, 35.05776604546444 ], [ 47.751956176757844, 35.054733954535621 ], [ 47.756377156575553, 35.05359937879777 ], [ 47.760289510091177, 35.050567287868951 ], [ 47.765815904405414, 35.049149237738746 ], [ 47.767566257052984, 35.042327880859403 ], [ 47.775, 35.041666666666693 ], [ 47.775850762261314, 35.03835076226131 ], [ 47.779166666666683, 35.0375 ], [ 47.779166666666697, 35.03333333333336 ], [ 47.781377156575537, 35.032766045464435 ], [ 47.785289510091161, 35.029733954535615 ], [ 47.78971048990887, 35.028599378797772 ], [ 47.797789510091157, 35.021400621202282 ], [ 47.803315734863297, 35.019982571072077 ], [ 47.804166666666681, 35.016666666666694 ], [ 47.804733954535607, 35.01028951009117 ], [ 47.80890062120227, 35.004913330078153 ], [ 47.807766045464426, 35.001956176757837 ], [ 47.803599378797756, 34.996579996744821 ], [ 47.804811096191422, 34.980070665147593 ], [ 47.812104119194892, 34.978198920355929 ], [ 47.816099378797759, 34.973043823242215 ], [ 47.817233954535602, 34.968622843424505 ], [ 47.820266045464422, 34.964710489908882 ], [ 47.820833333333361, 34.95 ], [ 47.821720716688382, 34.946541680230062 ], [ 47.831377156575535, 34.945266045464436 ], [ 47.835289510091158, 34.942233954535617 ], [ 47.839710489908867, 34.941099378797773 ], [ 47.843622843424491, 34.938067287868947 ], [ 47.85221048990887, 34.936932712131103 ], [ 47.856122843424494, 34.933900621202284 ], [ 47.8625, 34.933333333333358 ], [ 47.881591118706609, 34.933686659071206 ], [ 47.885075547960085, 34.937146674262181 ], [ 47.894091118706612, 34.937853325737876 ], [ 47.898287116156695, 34.942019992404539 ], [ 47.906621466742635, 34.941310628255238 ], [ 47.912146674262168, 34.935757785373291 ], [ 47.912858072916684, 34.930876329210093 ], [ 47.918408881293416, 34.925353325737873 ], [ 47.920833333333348, 34.925 ], [ 47.922993469238293, 34.925617472330757 ], [ 47.92700653076173, 34.928549194335965 ], [ 47.931326802571633, 34.92978413899742 ], [ 47.93533986409507, 34.932715861002627 ], [ 47.945039198133692, 34.934127468533013 ], [ 47.946450975206176, 34.94382697211374 ], [ 47.949382358127181, 34.947839694552975 ], [ 47.950821770562079, 34.957729763454886 ], [ 47.965860324435781, 34.971450805664091 ], [ 48.010493469238298, 34.970215861002629 ], [ 48.020096672905829, 34.961882527669296 ], [ 48.022993469238294, 34.963117472330758 ], [ 48.028697543674063, 34.967284138997421 ], [ 48.035493469238297, 34.966049194335966 ], [ 48.039506530761734, 34.963117472330758 ], [ 48.0479934692383, 34.961882527669296 ], [ 48.052006530761737, 34.958950805664088 ], [ 48.07416076660158, 34.957647026909747 ], [ 48.078549024793851, 34.952160305447073 ], [ 48.079998440212691, 34.942201741536486 ], [ 48.089506530761732, 34.93395080566409 ], [ 48.093826802571627, 34.932715861002627 ], [ 48.097839864095064, 34.92978413899742 ], [ 48.102160135904967, 34.928549194335965 ], [ 48.106173197428404, 34.925617472330757 ], [ 48.1104934692383, 34.924382527669295 ], [ 48.114506530761737, 34.921450805664087 ], [ 48.119906955295157, 34.919906955295161 ], [ 48.12193976508248, 34.912796698676239 ], [ 48.131173197428403, 34.904784138997421 ], [ 48.14166666666668, 34.90416666666669 ], [ 48.14583333333335, 34.90416666666669 ], [ 48.145172119140639, 34.896732923719647 ], [ 48.14166666666668, 34.895833333333357 ], [ 48.141313340928832, 34.893408881293432 ], [ 48.133686659071195, 34.885757785373286 ], [ 48.133333333333347, 34.883333333333361 ], [ 48.134184265136732, 34.880017428927978 ], [ 48.139710489908872, 34.878599378797766 ], [ 48.143622843424495, 34.875567287868947 ], [ 48.153279283311647, 34.874291653103327 ], [ 48.155134412977446, 34.867062717013916 ], [ 48.160289510091161, 34.863067287868951 ], [ 48.16991390652128, 34.86179572211374 ], [ 48.174432712131093, 34.856377156575547 ], [ 48.175567287868937, 34.851956176757838 ], [ 48.178599378797756, 34.848043823242215 ], [ 48.179733954535607, 34.839456176757835 ], [ 48.182766045464426, 34.835543823242212 ], [ 48.18390062120227, 34.82695617675784 ], [ 48.191099378797759, 34.818877156575546 ], [ 48.191666666666684, 34.816666666666691 ], [ 48.192019992404532, 34.814242214626759 ], [ 48.195480007595506, 34.810757785373291 ], [ 48.195833333333347, 34.808333333333358 ], [ 48.196547275119372, 34.792405531141519 ], [ 48.218788994683173, 34.79101121690541 ], [ 48.222916666666684, 34.788127983940996 ], [ 48.228920830620673, 34.792322116427975 ], [ 48.235455661349846, 34.79101121690541 ], [ 48.239544338650191, 34.788155449761312 ], [ 48.243788994683179, 34.78684455023874 ], [ 48.247877671983524, 34.783988783094642 ], [ 48.258168538411475, 34.782384914822075 ], [ 48.261844550238735, 34.777122328016517 ], [ 48.2631554497613, 34.768711005316867 ], [ 48.266011216905397, 34.764622328016515 ], [ 48.266666666666687, 34.7625 ], [ 48.266666666666687, 34.758333333333361 ], [ 48.286584303114168, 34.757734849717906 ], [ 48.288419765896286, 34.750582885742212 ], [ 48.29906277126738, 34.74109937879777 ], [ 48.307452392578142, 34.742400783962701 ], [ 48.309301079644115, 34.749603949652801 ], [ 48.31445617675783, 34.753599378797766 ], [ 48.327210489908872, 34.754733954535617 ], [ 48.335289510091165, 34.761932712131099 ], [ 48.3375, 34.7625 ], [ 48.344091118706615, 34.762853325737872 ], [ 48.347575547960091, 34.766313340928846 ], [ 48.354166666666686, 34.766666666666694 ], [ 48.358333333333348, 34.766666666666694 ], [ 48.369091118706613, 34.766313340928846 ], [ 48.372575547960089, 34.762853325737872 ], [ 48.377424452039946, 34.762146674262176 ], [ 48.380908881293422, 34.758686659071202 ], [ 48.39583333333335, 34.758333333333361 ], [ 48.396494547526061, 34.750899590386311 ], [ 48.4035837809245, 34.749080403645856 ], [ 48.411932712131097, 34.73971048990888 ], [ 48.413067287868941, 34.735289510091171 ], [ 48.441099378797759, 34.706377156575542 ], [ 48.441666666666684, 34.704166666666694 ], [ 48.449100409613735, 34.703505452473983 ], [ 48.450850931803402, 34.696684095594641 ], [ 48.456377156575542, 34.695266045464436 ], [ 48.460289510091165, 34.692233954535617 ], [ 48.4660837809245, 34.690747070312526 ], [ 48.474432712131097, 34.681377156575543 ], [ 48.475708516438822, 34.671720716688391 ], [ 48.479166666666686, 34.670833333333356 ], [ 48.483333333333348, 34.670833333333356 ], [ 48.484301079644119, 34.667062717013913 ], [ 48.489456176757834, 34.663067287868948 ], [ 48.494982401529967, 34.661649237738743 ], [ 48.495833333333351, 34.65833333333336 ], [ 48.496400621202277, 34.647789510091172 ], [ 48.516099378797762, 34.627210489908876 ], [ 48.517233954535612, 34.622789510091167 ], [ 48.520266045464432, 34.618877156575543 ], [ 48.521684265136741, 34.613350762261305 ], [ 48.525, 34.6125 ], [ 48.529166666666683, 34.6125 ], [ 48.531591118706615, 34.612146674262178 ], [ 48.535075547960091, 34.608686659071203 ], [ 48.545833333333356, 34.608333333333356 ], [ 48.546191406250017, 34.605876329210091 ], [ 48.551742214626756, 34.600353325737871 ], [ 48.556591118706613, 34.599646674262175 ], [ 48.560075547960089, 34.596186659071208 ], [ 48.5625, 34.59583333333336 ], [ 48.566666666666684, 34.59583333333336 ], [ 48.594091118706615, 34.596186659071208 ], [ 48.598287116156705, 34.600353325737871 ], [ 48.619091118706621, 34.599646674262175 ], [ 48.622575547960089, 34.596186659071208 ], [ 48.627424452039953, 34.595480007595512 ], [ 48.630908881293422, 34.592019992404538 ], [ 48.641666666666687, 34.59166666666669 ], [ 48.6625, 34.59166666666669 ], [ 48.6625, 34.5875 ], [ 48.664710489908877, 34.586932712131102 ], [ 48.668622843424501, 34.583900621202282 ], [ 48.67304382324221, 34.582766045464432 ], [ 48.676956176757834, 34.579733954535612 ], [ 48.682750447591168, 34.578247070312521 ], [ 48.691099378797766, 34.568877156575546 ], [ 48.692566257052974, 34.563161214192732 ], [ 48.706377156575542, 34.561932712131096 ], [ 48.710289510091165, 34.558900621202284 ], [ 48.714710489908875, 34.557766045464433 ], [ 48.718622843424498, 34.554733954535614 ], [ 48.723043823242207, 34.553599378797763 ], [ 48.739570617675803, 34.537958780924505 ], [ 48.745086669921896, 34.542233954535611 ], [ 48.757436964246985, 34.540992906358532 ], [ 48.759232923719637, 34.533994547526063 ], [ 48.77404022216799, 34.532677544487868 ], [ 48.778599378797765, 34.527210489908875 ], [ 48.780072360568596, 34.521471150716167 ], [ 48.79804382324221, 34.520266045464432 ], [ 48.801956176757834, 34.517233954535612 ], [ 48.804166666666688, 34.516666666666687 ], [ 48.804519992404536, 34.514242214626762 ], [ 48.808686659071199, 34.51004638671877 ], [ 48.807980007595511, 34.505908881293422 ], [ 48.804519992404536, 34.502424452039953 ], [ 48.803813340928841, 34.497575547960089 ], [ 48.799646674262178, 34.493379720052104 ], [ 48.800353325737866, 34.489242214626756 ], [ 48.803813340928841, 34.485757785373288 ], [ 48.804166666666688, 34.475 ], [ 48.804524400499155, 34.472545708550371 ], [ 48.81874915228952, 34.458346896701414 ], [ 48.823287116156706, 34.462853325737868 ], [ 48.852424452039955, 34.462146674262172 ], [ 48.855908881293423, 34.458686659071205 ], [ 48.864924452039951, 34.457980007595509 ], [ 48.868408881293426, 34.454519992404535 ], [ 48.873257785373283, 34.453813340928839 ], [ 48.885075547960092, 34.442019992404539 ], [ 48.894119601779536, 34.441311306423636 ], [ 48.903813340928842, 34.431591118706621 ], [ 48.904519992404538, 34.426742214626756 ], [ 48.907980007595512, 34.423257785373288 ], [ 48.908333333333353, 34.4125 ], [ 48.90918409559464, 34.40918409559464 ], [ 48.914710489908877, 34.407766045464435 ], [ 48.918622843424501, 34.404733954535615 ], [ 48.92304382324221, 34.403599378797765 ], [ 48.926956176757834, 34.400567287868945 ], [ 48.944927639431448, 34.39936218261721 ], [ 48.945833333333354, 34.395833333333357 ], [ 48.946186659071202, 34.393408881293425 ], [ 48.949646674262176, 34.389924452039949 ], [ 48.95035773383249, 34.385045708550372 ], [ 48.964242214626758, 34.371186659071199 ], [ 48.96666666666669, 34.370833333333358 ], [ 48.967327880859401, 34.363399590386308 ], [ 48.973043823242207, 34.3619327121311 ], [ 48.981122843424501, 34.354733954535611 ], [ 48.98554382324221, 34.353599378797767 ], [ 48.993622843424504, 34.346400621202278 ], [ 48.998043823242213, 34.345266045464435 ], [ 49.001956176757837, 34.342233954535615 ], [ 49.015767076280405, 34.341005452473979 ], [ 49.016666666666687, 34.3375 ], [ 49.016666666666687, 34.333333333333357 ], [ 49.016308593750026, 34.330876329210092 ], [ 49.010757785373286, 34.325353325737865 ], [ 49.008333333333354, 34.325 ], [ 49.009184095594641, 34.321684095594641 ], [ 49.016083780924504, 34.319913736979188 ], [ 49.024432712131102, 34.310543823242206 ], [ 49.025967746310783, 34.304562717013908 ], [ 49.03125, 34.300468614366338 ], [ 49.035416666666691, 34.303698052300369 ], [ 49.039456176757838, 34.300567287868944 ], [ 49.044982571072069, 34.299149237738739 ], [ 49.046801079644119, 34.292062717013913 ], [ 49.051956176757834, 34.288067287868941 ], [ 49.056377156575543, 34.286932712131097 ], [ 49.060289510091167, 34.283900621202278 ], [ 49.064710489908876, 34.282766045464427 ], [ 49.076956176757832, 34.271400621202275 ], [ 49.082937282986137, 34.269865587022593 ], [ 49.086932712131102, 34.264710489908879 ], [ 49.088467746310791, 34.258729383680574 ], [ 49.095086669921898, 34.253599378797766 ], [ 49.098043823242215, 34.25473395453561 ], [ 49.103420003255231, 34.25890062120228 ], [ 49.106377156575547, 34.257766045464429 ], [ 49.110289510091171, 34.25473395453561 ], [ 49.115815904405409, 34.253315904405405 ], [ 49.116666666666688, 34.25 ], [ 49.116313340928841, 34.230908881293423 ], [ 49.112146674262178, 34.226713053385438 ], [ 49.112853325737873, 34.218408881293421 ], [ 49.124646674262173, 34.206591118706619 ], [ 49.125, 34.204166666666687 ], [ 49.124432712131103, 34.201956176757832 ], [ 49.121400621202284, 34.198043823242209 ], [ 49.120172119140648, 34.184232923719641 ], [ 49.116666666666688, 34.183333333333351 ], [ 49.114242214626756, 34.182980007595503 ], [ 49.110757785373288, 34.179519992404536 ], [ 49.108333333333356, 34.179166666666688 ], [ 49.107482571072069, 34.182482571072072 ], [ 49.104166666666693, 34.183333333333351 ], [ 49.103813340928845, 34.180908881293426 ], [ 49.100353325737871, 34.177424452039951 ], [ 49.1, 34.1625 ], [ 49.100919596354188, 34.158916219075543 ], [ 49.110289510091171, 34.150567287868945 ], [ 49.115958319769987, 34.149112616644985 ], [ 49.117233954535614, 34.139456176757832 ], [ 49.120266045464433, 34.135543823242209 ], [ 49.121752929687524, 34.129749552408875 ], [ 49.131122843424507, 34.121400621202277 ], [ 49.135543823242209, 34.120266045464433 ], [ 49.147789510091172, 34.108900621202274 ], [ 49.161540052625895, 34.107677544487871 ], [ 49.166099378797767, 34.10221048990887 ], [ 49.166666666666693, 34.095833333333353 ], [ 49.160289510091168, 34.095266045464449 ], [ 49.148043823242212, 34.083900621202289 ], [ 49.143622843424502, 34.082766045464446 ], [ 49.138467746310788, 34.078770785861579 ], [ 49.136649237738737, 34.071684265136753 ], [ 49.131122843424507, 34.070266045464443 ], [ 49.11471048990888, 34.054733954535628 ], [ 49.110289510091171, 34.053599378797777 ], [ 49.100654771592907, 34.044860331217485 ], [ 49.099338785807319, 34.030066257052987 ], [ 49.093622843424505, 34.028599378797779 ], [ 49.085543823242212, 34.021400621202289 ], [ 49.075, 34.02083333333335 ], [ 49.071684095594641, 34.01998240152998 ], [ 49.070833333333354, 34.016666666666687 ], [ 49.071186659071202, 34.014242214626769 ], [ 49.074646674262176, 34.010757785373301 ], [ 49.075, 34.004166666666698 ], [ 49.078315904405407, 34.003315734863314 ], [ 49.079733954535612, 33.997789510091181 ], [ 49.086932712131102, 33.989710489908887 ], [ 49.0875, 33.98333333333337 ], [ 49.0875, 33.975 ], [ 49.088067287868945, 33.972789510091182 ], [ 49.091099378797765, 33.968877156575559 ], [ 49.092233954535615, 33.951956176757847 ], [ 49.095266045464435, 33.948043823242223 ], [ 49.096489122178845, 33.934293111165402 ], [ 49.101956176757838, 33.929733954535621 ], [ 49.107482571072069, 33.928315734863318 ], [ 49.108333333333356, 33.925 ], [ 49.110757785373288, 33.925353325737881 ], [ 49.114242214626756, 33.928813340928855 ], [ 49.116666666666688, 33.929166666666703 ], [ 49.119982571072072, 33.928315734863318 ], [ 49.120833333333358, 33.925 ], [ 49.120833333333358, 33.92083333333337 ], [ 49.124149237738742, 33.919982401529985 ], [ 49.125909084743945, 33.913123575846392 ], [ 49.148043823242212, 33.911932712131112 ], [ 49.151956176757835, 33.908900621202292 ], [ 49.168877156575547, 33.907766045464442 ], [ 49.172789510091171, 33.904733954535622 ], [ 49.193877156575546, 33.903599378797779 ], [ 49.206122843424502, 33.892233954535627 ], [ 49.223043823242215, 33.891099378797776 ], [ 49.228420003255231, 33.886932712131113 ], [ 49.231377156575547, 33.888067287868957 ], [ 49.235289510091171, 33.891099378797776 ], [ 49.241666666666688, 33.891666666666701 ], [ 49.24227159288197, 33.8894939846463 ], [ 49.249395073784747, 33.881339348687099 ], [ 49.250604926215303, 33.876993984646305 ], [ 49.26189507378475, 33.864672682020434 ], [ 49.263407389322943, 33.859240892198386 ], [ 49.268839518229193, 33.857728237575991 ], [ 49.272916666666688, 33.854705471462708 ], [ 49.278626166449676, 33.858938429090742 ], [ 49.286828274197077, 33.857495795355938 ], [ 49.2875, 33.845833333333367 ], [ 49.290815904405406, 33.844982401529982 ], [ 49.292634412977456, 33.837895880805156 ], [ 49.297789510091171, 33.833900621202289 ], [ 49.303770616319468, 33.832365587022601 ], [ 49.307766045464433, 33.827210489908886 ], [ 49.308900621202284, 33.818622843424514 ], [ 49.317233954535617, 33.809270562066004 ], [ 49.316099378797766, 33.806122843424511 ], [ 49.308795166015649, 33.797925482855938 ], [ 49.311932712131103, 33.793877156575554 ], [ 49.3125, 33.7875 ], [ 49.31285807291669, 33.78504316541887 ], [ 49.318408881293429, 33.779519992404545 ], [ 49.323257785373286, 33.778813340928849 ], [ 49.331617567274328, 33.770480007595516 ], [ 49.339924452039959, 33.771186659071212 ], [ 49.343408881293428, 33.774646674262186 ], [ 49.354166666666693, 33.775 ], [ 49.355017428927979, 33.778315734863313 ], [ 49.358333333333363, 33.779166666666697 ], [ 49.360757785373288, 33.779519992404545 ], [ 49.364953613281273, 33.783686659071215 ], [ 49.369091118706621, 33.782980007595519 ], [ 49.372575547960096, 33.779519992404545 ], [ 49.381621297200546, 33.778810967339446 ], [ 49.387146674262176, 33.773257785373296 ], [ 49.38785773383249, 33.768378194173209 ], [ 49.397575547960095, 33.758686659071216 ], [ 49.402424452039959, 33.757980007595521 ], [ 49.405908881293428, 33.754519992404546 ], [ 49.40833333333336, 33.754166666666698 ], [ 49.4125, 33.754166666666698 ], [ 49.414710489908877, 33.754733954535624 ], [ 49.431122843424504, 33.770266045464446 ], [ 49.444933742947072, 33.771494547526075 ], [ 49.446684095594648, 33.778315734863313 ], [ 49.452210489908879, 33.779733954535622 ], [ 49.458320109049509, 33.784829033745694 ], [ 49.454733954535619, 33.789456176757845 ], [ 49.453599378797769, 33.813488091362878 ], [ 49.466099378797772, 33.826956176757847 ], [ 49.466666666666697, 33.829166666666701 ], [ 49.469982571072073, 33.828315734863317 ], [ 49.47083333333336, 33.825 ], [ 49.478395250108534, 33.824228583441872 ], [ 49.479987250434057, 33.808622572157148 ], [ 49.48717820909291, 33.803523932562968 ], [ 49.510468207465308, 33.804809400770431 ], [ 49.516344875759579, 33.808976067437101 ], [ 49.522968207465304, 33.80769059922963 ], [ 49.531198459201413, 33.800642734103768 ], [ 49.535468207465307, 33.799357265896298 ], [ 49.539531792534753, 33.796476067437098 ], [ 49.54380154079864, 33.795190599229635 ], [ 49.547865125868086, 33.792309400770435 ], [ 49.552134874131973, 33.791023932562965 ], [ 49.556198459201418, 33.788142734103765 ], [ 49.566666666666691, 33.7875 ], [ 49.56702473958336, 33.78504316541887 ], [ 49.572575547960099, 33.779519992404545 ], [ 49.6107845730252, 33.778812832302549 ], [ 49.620480007595518, 33.769091118706633 ], [ 49.620833333333358, 33.766666666666701 ], [ 49.621752929687531, 33.763082885742222 ], [ 49.631122843424507, 33.754733954535624 ], [ 49.635543823242216, 33.753599378797773 ], [ 49.640920003255239, 33.74943271213111 ], [ 49.648043823242219, 33.750567287868954 ], [ 49.653420003255235, 33.754733954535624 ], [ 49.657986789279541, 33.752981906467049 ], [ 49.666099378797774, 33.74387715657555 ], [ 49.667554050021728, 33.738208516438831 ], [ 49.67721048990888, 33.736932712131107 ], [ 49.689456176757844, 33.725567287868955 ], [ 49.691666666666698, 33.725 ], [ 49.692233954535617, 33.714456176757842 ], [ 49.695266045464436, 33.710543823242219 ], [ 49.696487765842043, 33.696811421712269 ], [ 49.710289510091172, 33.683900621202291 ], [ 49.718877156575552, 33.68276604546444 ], [ 49.722789510091175, 33.679733954535621 ], [ 49.73971048990888, 33.678599378797777 ], [ 49.757321506076416, 33.661932712131112 ], [ 49.768877156575549, 33.663067287868955 ], [ 49.778229437934058, 33.671400621202288 ], [ 49.785543823242215, 33.670266045464444 ], [ 49.789456176757838, 33.667233954535625 ], [ 49.795240614149336, 33.665749613444042 ], [ 49.795833333333363, 33.641666666666701 ], [ 49.795478651258712, 33.635049268934495 ], [ 49.764924452039956, 33.604519992404548 ], [ 49.760045030381974, 33.603808932834234 ], [ 49.750353325737876, 33.594091118706629 ], [ 49.749644978841175, 33.580879550510012 ], [ 49.744091118706628, 33.575353325737879 ], [ 49.729166666666693, 33.575 ], [ 49.726742214626768, 33.574646674262183 ], [ 49.719091118706629, 33.567019992404546 ], [ 49.716666666666697, 33.566666666666698 ], [ 49.716666666666697, 33.5625 ], [ 49.718877156575552, 33.56193271213111 ], [ 49.739456176757841, 33.542233954535618 ], [ 49.74518771701392, 33.540763176812099 ], [ 49.758900621202287, 33.525988091362876 ], [ 49.757766045464436, 33.522789510091179 ], [ 49.753599378797773, 33.517413330078156 ], [ 49.755173407660621, 33.513310919867649 ], [ 49.760543823242216, 33.511932712131106 ], [ 49.76445617675784, 33.508900621202287 ], [ 49.774112616644992, 33.507624816894563 ], [ 49.775850762261314, 33.500850931803413 ], [ 49.779166666666697, 33.5 ], [ 49.779524739583366, 33.497543165418868 ], [ 49.785075547960098, 33.492019992404543 ], [ 49.7875, 33.491666666666696 ], [ 49.787853325737878, 33.485075547960101 ], [ 49.792019992404541, 33.480879550510011 ], [ 49.791313340928852, 33.464242214626765 ], [ 49.787146674262182, 33.460046217176682 ], [ 49.787853325737878, 33.455908881293432 ], [ 49.791313340928852, 33.452424452039963 ], [ 49.791666666666693, 33.45 ], [ 49.791666666666693, 33.445833333333361 ], [ 49.792517428927979, 33.442517598470083 ], [ 49.798043823242217, 33.441099378797773 ], [ 49.801956176757841, 33.438067287868954 ], [ 49.814710489908883, 33.43693271213111 ], [ 49.818622843424507, 33.433900621202284 ], [ 49.824149237738744, 33.432482401529981 ], [ 49.825, 33.429166666666696 ], [ 49.835493638780413, 33.428549024793867 ], [ 49.839506361219648, 33.425617641872861 ], [ 49.843826972113746, 33.424382358127204 ], [ 49.847839694552981, 33.421450975206191 ], [ 49.860493638780412, 33.420215691460534 ], [ 49.864506361219647, 33.417284308539529 ], [ 49.88549363878041, 33.416049024793864 ], [ 49.889506361219645, 33.413117641872859 ], [ 49.897993638780413, 33.411882358127201 ], [ 49.902006361219648, 33.408950975206196 ], [ 49.910493638780409, 33.407715691460531 ], [ 49.914506361219651, 33.404784308539526 ], [ 49.924669053819471, 33.403305223253071 ], [ 49.928549194335972, 33.397993469238308 ], [ 49.929980807834234, 33.388156806098124 ], [ 49.95, 33.3875 ], [ 49.950353325737865, 33.385075547960099 ], [ 49.954153103298623, 33.381248982747422 ], [ 49.937853325737862, 33.364924452039958 ], [ 49.937146674262166, 33.355908881293431 ], [ 49.933347913954009, 33.352083333333361 ], [ 49.937146674262166, 33.348257785373292 ], [ 49.937853325737862, 33.339242214626765 ], [ 49.945480007595499, 33.331591118706626 ], [ 49.946186659071195, 33.326742214626762 ], [ 49.949986097547757, 33.322915988498295 ], [ 49.942019992404525, 33.314924452039961 ], [ 49.941666666666684, 33.275 ], [ 49.939242214626752, 33.274646674262179 ], [ 49.925355529785172, 33.260785590277806 ], [ 49.924646674262164, 33.251742214626766 ], [ 49.908686659071194, 33.235757785373295 ], [ 49.907980007595498, 33.230908881293431 ], [ 49.904519992404531, 33.227424452039962 ], [ 49.903813340928835, 33.222575547960098 ], [ 49.898286268446192, 33.217020670572943 ], [ 49.883333333333347, 33.216666666666697 ], [ 49.880017598470069, 33.215815734863313 ], [ 49.879166666666677, 33.2125 ], [ 49.875850931803399, 33.211649068196643 ], [ 49.874432712131089, 33.206122843424509 ], [ 49.87140062120227, 33.202210489908886 ], [ 49.86998240152996, 33.196684265136746 ], [ 49.866666666666681, 33.195833333333361 ], [ 49.866666666666681, 33.1875 ], [ 49.866311815049926, 33.180879550510014 ], [ 49.860757785373281, 33.175353325737873 ], [ 49.855876498752181, 33.174641927083364 ], [ 49.85001322428387, 33.168749321831626 ], [ 49.870480007595503, 33.148257785373289 ], [ 49.871186659071192, 33.143408881293432 ], [ 49.874646674262166, 33.139924452039956 ], [ 49.875, 33.129166666666691 ], [ 49.877424452039946, 33.128813340928851 ], [ 49.885075547960085, 33.121186659071206 ], [ 49.894091118706612, 33.120480007595511 ], [ 49.901742214626751, 33.112853325737873 ], [ 49.906621805826838, 33.11214226616756 ], [ 49.916313340928831, 33.102424452039955 ], [ 49.917019992404526, 33.097575547960098 ], [ 49.921186659071196, 33.093379720052113 ], [ 49.920480007595501, 33.085075547960095 ], [ 49.917019992404526, 33.081591118706626 ], [ 49.9166666666667, 33.0625 ], [ 49.935757785373276, 33.062146674262181 ], [ 49.939242214626752, 33.058686659071206 ], [ 49.944091118706609, 33.057980007595511 ], [ 49.947575547960085, 33.054519992404543 ], [ 49.956591118706612, 33.053813340928848 ], [ 49.960075547960081, 33.050353325737873 ], [ 49.964924452039945, 33.049646674262178 ], [ 49.972575547960083, 33.042019992404541 ], [ 49.979166666666679, 33.041666666666693 ], [ 49.979827880859389, 33.034232923719642 ], [ 49.983333333333348, 33.03333333333336 ], [ 49.983333333333363, 33.029166666666697 ], [ 49.9875, 33.029166666666697 ], [ 49.988350931803403, 33.025850762261314 ], [ 49.993877156575536, 33.024432712131102 ], [ 50.014456176757825, 33.004733954535617 ], [ 50.033333333333346, 33.004166666666691 ], [ 50.035757785373278, 33.003813340928843 ], [ 50.039242214626753, 33.000353325737876 ], [ 50.044123501247846, 32.99964192708336 ], [ 50.049646674262171, 32.994091118706621 ], [ 50.05035807291668, 32.989209662543431 ], [ 50.055908881293419, 32.983686659071211 ], [ 50.064924452039946, 32.982980007595515 ], [ 50.068408881293415, 32.979519992404541 ], [ 50.070833333333347, 32.979166666666693 ], [ 50.075, 32.979166666666693 ], [ 50.075, 32.975 ], [ 50.0826134575738, 32.974223497178848 ], [ 50.08333333333335, 32.9625 ], [ 50.08333333333335, 32.958333333333357 ], [ 50.086791483561214, 32.957445949978322 ], [ 50.088067287868938, 32.94778951009117 ], [ 50.095266045464427, 32.939710489908883 ], [ 50.096451653374579, 32.91767272949221 ], [ 50.106122843424494, 32.908900621202285 ], [ 50.110543823242203, 32.907766045464435 ], [ 50.114456176757827, 32.904733954535615 ], [ 50.118877156575536, 32.903599378797772 ], [ 50.12278951009116, 32.900567287868952 ], [ 50.127210489908869, 32.899432712131102 ], [ 50.131122843424492, 32.896400621202282 ], [ 50.143877156575535, 32.895266045464439 ], [ 50.151956176757828, 32.88806728786895 ], [ 50.156377156575537, 32.886932712131099 ], [ 50.160289510091161, 32.88390062120228 ], [ 50.1625, 32.883333333333361 ], [ 50.1633509318034, 32.880017428927978 ], [ 50.16887715657554, 32.878599378797766 ], [ 50.172789510091164, 32.875567287868947 ], [ 50.175, 32.875 ], [ 50.177160135904963, 32.874382527669297 ], [ 50.1811731974284, 32.87145080566409 ], [ 50.195028516981353, 32.870098537868948 ], [ 50.207715691460521, 32.856326972113742 ], [ 50.209421624077706, 32.850360446506102 ], [ 50.222839864095072, 32.838117472330751 ], [ 50.227160135904967, 32.836882527669296 ], [ 50.231173197428404, 32.833950805664088 ], [ 50.240931532118076, 32.832530721028668 ], [ 50.241666666666681, 32.825 ], [ 50.244091118706613, 32.824646674262176 ], [ 50.247575547960089, 32.821186659071209 ], [ 50.279166666666683, 32.820833333333361 ], [ 50.279166666666683, 32.816666666666691 ], [ 50.28162350124785, 32.816308593750023 ], [ 50.287146674262168, 32.810757785373291 ], [ 50.2875, 32.8 ], [ 50.291083780924495, 32.79908040364586 ], [ 50.299432712131093, 32.789710489908877 ], [ 50.300887383355054, 32.784041680230061 ], [ 50.311612616644986, 32.782624986436659 ], [ 50.3125, 32.77916666666669 ], [ 50.312146674262173, 32.776742214626765 ], [ 50.308686659071199, 32.773257785373289 ], [ 50.308333333333351, 32.770833333333357 ], [ 50.307766045464426, 32.756122843424507 ], [ 50.300567287868944, 32.748043823242213 ], [ 50.299432712131093, 32.726956176757838 ], [ 50.296400621202274, 32.723043823242215 ], [ 50.294933742947066, 32.717327880859401 ], [ 50.2875, 32.71666666666669 ], [ 50.260289510091162, 32.716099378797765 ], [ 50.256377156575539, 32.713067287868945 ], [ 50.239456176757827, 32.711932712131102 ], [ 50.235543823242203, 32.708900621202282 ], [ 50.23001759847007, 32.70748257107207 ], [ 50.22859937879776, 32.70195617675784 ], [ 50.225567287868941, 32.698043823242209 ], [ 50.22443271213109, 32.686562771267383 ], [ 50.23276604546443, 32.67721048990888 ], [ 50.233900621202274, 32.674149915907144 ], [ 50.228168911404097, 32.667277018229193 ], [ 50.200911627875449, 32.666052585177972 ], [ 50.199432712131092, 32.660289510091168 ], [ 50.195437452528225, 32.655134412977453 ], [ 50.18945617675783, 32.653599378797765 ], [ 50.184301079644115, 32.6496039496528 ], [ 50.183333333333351, 32.645833333333357 ], [ 50.176742214626749, 32.646186659071205 ], [ 50.173257785373281, 32.649646674262179 ], [ 50.168408881293416, 32.650353325737868 ], [ 50.164924452039948, 32.653813340928842 ], [ 50.160075547960083, 32.654519992404538 ], [ 50.156591118706615, 32.657980007595512 ], [ 50.147575547960088, 32.658686659071208 ], [ 50.144091118706612, 32.662146674262175 ], [ 50.1375, 32.6625 ], [ 50.1375, 32.666666666666693 ], [ 50.135289510091162, 32.666099378797767 ], [ 50.131377156575539, 32.663067287868948 ], [ 50.12695617675783, 32.661932712131097 ], [ 50.117321438259566, 32.653193834092903 ], [ 50.116005452473971, 32.638399590386307 ], [ 50.1125, 32.6375 ], [ 50.089242214626751, 32.637853325737872 ], [ 50.085757785373282, 32.641313340928846 ], [ 50.07916666666668, 32.641666666666694 ], [ 50.076742214626755, 32.641313340928846 ], [ 50.0711873372396, 32.635786268446203 ], [ 50.070833333333347, 32.620833333333358 ], [ 50.075567287868942, 32.61961839463978 ], [ 50.074432712131092, 32.610289510091171 ], [ 50.067233954535602, 32.602210489908877 ], [ 50.065698920355921, 32.59622938368058 ], [ 50.060543823242206, 32.592233954535615 ], [ 50.051956176757827, 32.591099378797765 ], [ 50.043877156575533, 32.583900621202282 ], [ 50.041666666666686, 32.583333333333357 ], [ 50.042233954535604, 32.581122843424502 ], [ 50.045266045464423, 32.577210489908879 ], [ 50.046400621202274, 32.57278951009117 ], [ 50.049432712131093, 32.568877156575546 ], [ 50.050899590386301, 32.563161214192732 ], [ 50.064710489908869, 32.561932712131096 ], [ 50.068622843424492, 32.558900621202284 ], [ 50.074291483561211, 32.557445949978323 ], [ 50.075567287868942, 32.547789510091171 ], [ 50.078599378797762, 32.543877156575547 ], [ 50.080017598470064, 32.53835076226131 ], [ 50.08710411919489, 32.536532253689259 ], [ 50.091099378797757, 32.531377156575545 ], [ 50.091666666666683, 32.5125 ], [ 50.091666666666683, 32.504166666666691 ], [ 50.094982401529961, 32.503315904405405 ], [ 50.096400621202271, 32.497789510091167 ], [ 50.103704833984388, 32.489592149522593 ], [ 50.09943271213109, 32.484079996744811 ], [ 50.100567287868941, 32.476956176757838 ], [ 50.10359937879776, 32.473043823242207 ], [ 50.104733954535604, 32.468622843424498 ], [ 50.111932712131093, 32.460543823242212 ], [ 50.113067287868937, 32.451956176757832 ], [ 50.116099378797756, 32.448043823242209 ], [ 50.117233954535607, 32.4436228434245 ], [ 50.120266045464426, 32.439710489908876 ], [ 50.121537611219637, 32.430086263020854 ], [ 50.12695617675783, 32.425567287868944 ], [ 50.131377156575539, 32.4244327121311 ], [ 50.143622843424495, 32.413067287868948 ], [ 50.149604119194898, 32.411532253689259 ], [ 50.153599378797757, 32.406377156575545 ], [ 50.154733954535608, 32.401956176757835 ], [ 50.157766045464427, 32.398043823242212 ], [ 50.158333333333353, 32.395833333333357 ], [ 50.164660135904967, 32.395215861002626 ], [ 50.168673197428404, 32.392284138997418 ], [ 50.181326802571633, 32.391049194335963 ], [ 50.187030877007395, 32.386882527669293 ], [ 50.197993469238298, 32.388117472330748 ], [ 50.202089945475279, 32.391109890408011 ], [ 50.210339864095069, 32.383950805664085 ], [ 50.214660135904964, 32.382715861002623 ], [ 50.222910054524753, 32.375556776258705 ], [ 50.228697543674059, 32.379784138997415 ], [ 50.240685017903665, 32.378433566623286 ], [ 50.242638312445763, 32.371601698133702 ], [ 50.253372531467029, 32.370039198133703 ], [ 50.25493486192493, 32.359305148654535 ], [ 50.258333333333347, 32.358333333333356 ], [ 50.259184265136739, 32.355017428927972 ], [ 50.264710489908872, 32.353599378797767 ], [ 50.268622843424495, 32.350567287868948 ], [ 50.27083333333335, 32.35 ], [ 50.271191067165816, 32.347545708550371 ], [ 50.285075547960083, 32.333686659071205 ], [ 50.2875, 32.333333333333357 ], [ 50.29387715657554, 32.332766045464432 ], [ 50.303229437934043, 32.324432712131099 ], [ 50.310543823242206, 32.325567287868942 ], [ 50.31445617675783, 32.328599378797762 ], [ 50.318877156575539, 32.329733954535612 ], [ 50.327074517144112, 32.337038167317729 ], [ 50.331122843424495, 32.333900621202275 ], [ 50.339710489908875, 32.332766045464432 ], [ 50.343622843424498, 32.329733954535612 ], [ 50.349417114257832, 32.328247070312521 ], [ 50.35776604546443, 32.318877156575539 ], [ 50.359184265136733, 32.313350762261308 ], [ 50.365815734863297, 32.311649237738735 ], [ 50.367634412977452, 32.304562717013908 ], [ 50.372789510091167, 32.300567287868944 ], [ 50.375, 32.3 ], [ 50.375850931803406, 32.296684095594642 ], [ 50.379166666666684, 32.295833333333356 ], [ 50.379784308539513, 32.297993638780405 ], [ 50.382715691460518, 32.30200636121964 ], [ 50.384259711371548, 32.307406955295157 ], [ 50.389660135904968, 32.308950805664082 ], [ 50.395864189995677, 32.31391296386721 ], [ 50.388117641872846, 32.322839694552975 ], [ 50.386882358127188, 32.327160305447073 ], [ 50.383950975206183, 32.331173027886308 ], [ 50.382715691460518, 32.339660305447069 ], [ 50.37561764187285, 32.347839694552974 ], [ 50.374382358127185, 32.367282443576414 ], [ 50.37996656629776, 32.374264526367213 ], [ 50.395030721028661, 32.375735134548634 ], [ 50.396450975206179, 32.385493638780403 ], [ 50.399382358127191, 32.389506361219638 ], [ 50.4, 32.40416666666669 ], [ 50.406591118706615, 32.403813340928842 ], [ 50.414242214626753, 32.396186659071205 ], [ 50.423257785373281, 32.395480007595509 ], [ 50.435075547960089, 32.383686659071202 ], [ 50.439924452039946, 32.382980007595506 ], [ 50.443408881293422, 32.379519992404539 ], [ 50.445833333333354, 32.379166666666691 ], [ 50.4461873372396, 32.394119601779536 ], [ 50.452452256944461, 32.400353325737868 ], [ 50.456591118706612, 32.399646674262172 ], [ 50.460075547960088, 32.396186659071205 ], [ 50.464924452039952, 32.395480007595509 ], [ 50.468408881293421, 32.392019992404535 ], [ 50.481591118706618, 32.391313340928839 ], [ 50.485075547960086, 32.387853325737872 ], [ 50.495833333333351, 32.3875 ], [ 50.496400621202277, 32.393877156575542 ], [ 50.499432712131096, 32.397789510091165 ], [ 50.50056728786894, 32.410543823242207 ], [ 50.503599378797759, 32.414456176757838 ], [ 50.50473395453561, 32.41887715657554 ], [ 50.508900621202272, 32.424253336588563 ], [ 50.507766045464429, 32.427210489908873 ], [ 50.503599378797759, 32.432586669921896 ], [ 50.505416361490902, 32.4373226589627 ], [ 50.510289510091162, 32.441099378797766 ], [ 50.516270785861565, 32.442634412977455 ], [ 50.520364549424933, 32.447916666666686 ], [ 50.517233954535612, 32.451956176757832 ], [ 50.516099378797762, 32.456377156575542 ], [ 50.512550184461823, 32.4609568277995 ], [ 50.526956176757835, 32.474432712131097 ], [ 50.531377156575537, 32.475567287868948 ], [ 50.535289510091168, 32.478599378797767 ], [ 50.540815734863301, 32.480017428927972 ], [ 50.542586432562956, 32.486917114257835 ], [ 50.551956176757834, 32.495266045464433 ], [ 50.5625, 32.495833333333358 ], [ 50.562146674262173, 32.498257785373283 ], [ 50.558686659071199, 32.501742214626759 ], [ 50.557980007595503, 32.51004638671877 ], [ 50.562146674262173, 32.514242214626762 ], [ 50.5625, 32.516666666666687 ], [ 50.566931321885868, 32.517803955078151 ], [ 50.563067287868947, 32.522789510091172 ], [ 50.5625, 32.525 ], [ 50.563350931803406, 32.528315904405403 ], [ 50.566666666666684, 32.52916666666669 ], [ 50.579166666666687, 32.52916666666669 ], [ 50.580017598470072, 32.532482571072073 ], [ 50.58333333333335, 32.53333333333336 ], [ 50.585543823242205, 32.533900621202278 ], [ 50.589456176757835, 32.536932712131097 ], [ 50.593877156575537, 32.538067287868948 ], [ 50.597789510091168, 32.541099378797767 ], [ 50.603315734863301, 32.542517428927972 ], [ 50.604733954535611, 32.54804382324221 ], [ 50.60776604546443, 32.551956176757834 ], [ 50.608333333333356, 32.5625 ], [ 50.611649068196634, 32.561649237738742 ], [ 50.6125, 32.558333333333358 ], [ 50.639924452039949, 32.558686659071206 ], [ 50.648284403483096, 32.567019992404539 ], [ 50.652424452039952, 32.566313340928843 ], [ 50.655908881293421, 32.562853325737869 ], [ 50.6625, 32.5625 ], [ 50.663399590386305, 32.558994547526062 ], [ 50.670833333333356, 32.558333333333358 ], [ 50.67304382324221, 32.557766045464433 ], [ 50.676956176757834, 32.554733954535614 ], [ 50.685543823242206, 32.553599378797763 ], [ 50.68945617675783, 32.550567287868944 ], [ 50.702210489908872, 32.5494327121311 ], [ 50.706122843424502, 32.546400621202281 ], [ 50.715779283311655, 32.545124986436655 ], [ 50.717634412977453, 32.537896050347243 ], [ 50.722789510091168, 32.533900621202278 ], [ 50.727210489908877, 32.532766045464435 ], [ 50.73125, 32.529635281033009 ], [ 50.735416666666687, 32.532864718967033 ], [ 50.739456176757834, 32.529733954535615 ], [ 50.743877156575543, 32.528599378797765 ], [ 50.747789510091167, 32.525567287868945 ], [ 50.7533157348633, 32.52414923773874 ], [ 50.75473395453561, 32.518622843424502 ], [ 50.774432712131095, 32.498043823242213 ], [ 50.775967746310783, 32.492062717013908 ], [ 50.781122843424498, 32.488067287868944 ], [ 50.785543823242207, 32.4869327121311 ], [ 50.789456176757831, 32.483900621202281 ], [ 50.823043823242209, 32.48276604546443 ], [ 50.826956176757832, 32.479733954535611 ], [ 50.833333333333357, 32.479166666666686 ], [ 50.832980007595509, 32.476742214626761 ], [ 50.825353325737872, 32.469091118706622 ], [ 50.825, 32.46666666666669 ], [ 50.825353325737872, 32.464242214626758 ], [ 50.837146674262172, 32.452424452039956 ], [ 50.837853325737868, 32.443408881293422 ], [ 50.841313340928842, 32.439924452039953 ], [ 50.84166666666669, 32.429166666666688 ], [ 50.842566257052972, 32.425661214192729 ], [ 50.85637715657554, 32.4244327121311 ], [ 50.860289510091171, 32.421400621202281 ], [ 50.864710489908873, 32.42026604546443 ], [ 50.868622843424504, 32.417233954535611 ], [ 50.877210489908876, 32.416099378797767 ], [ 50.893622843424502, 32.400567287868945 ], [ 50.90416666666669, 32.4 ], [ 50.906591118706622, 32.400353325737868 ], [ 50.914582655164949, 32.4083194308811 ], [ 50.918408881293423, 32.404519992404538 ], [ 50.927424452039951, 32.403813340928842 ], [ 50.930908881293426, 32.400353325737868 ], [ 50.939924452039953, 32.399646674262172 ], [ 50.943408881293422, 32.396186659071205 ], [ 50.952424452039956, 32.395480007595509 ], [ 50.955908881293425, 32.392019992404535 ], [ 50.9625, 32.391666666666687 ], [ 50.965815904405403, 32.3908159044054 ], [ 50.967634412977453, 32.383729383680574 ], [ 50.972789510091168, 32.37973395453561 ], [ 50.977210489908877, 32.378599378797766 ], [ 50.985289510091171, 32.371400621202277 ], [ 50.998043823242213, 32.370266045464433 ], [ 51.001956176757837, 32.367233954535614 ], [ 51.008333333333354, 32.366666666666688 ], [ 51.009301079644118, 32.362896050347246 ], [ 51.014456176757832, 32.358900621202281 ], [ 51.01998257107207, 32.357482571072069 ], [ 51.020833333333357, 32.354166666666686 ], [ 51.027424452039952, 32.353813340928838 ], [ 51.035075547960091, 32.346186659071201 ], [ 51.039924452039955, 32.345480007595505 ], [ 51.043408881293423, 32.342019992404538 ], [ 51.048257785373288, 32.341313340928842 ], [ 51.051742214626756, 32.337853325737868 ], [ 51.060757785373291, 32.337146674262172 ], [ 51.064242214626759, 32.333686659071205 ], [ 51.069091118706623, 32.332980007595509 ], [ 51.072575547960092, 32.329519992404535 ], [ 51.081591118706619, 32.328813340928839 ], [ 51.085075547960095, 32.325353325737865 ], [ 51.089924452039952, 32.324646674262176 ], [ 51.101742214626761, 32.312853325737869 ], [ 51.106591118706618, 32.312146674262173 ], [ 51.110075547960093, 32.308686659071199 ], [ 51.119091118706621, 32.307980007595511 ], [ 51.122575547960096, 32.304519992404536 ], [ 51.131619601779541, 32.303811306423633 ], [ 51.141313340928846, 32.294091118706618 ], [ 51.142019992404535, 32.289242214626761 ], [ 51.145480007595509, 32.285757785373285 ], [ 51.146186659071205, 32.276742214626758 ], [ 51.153813340928842, 32.269091118706619 ], [ 51.154519992404538, 32.264242214626755 ], [ 51.157980007595512, 32.260757785373286 ], [ 51.15833333333336, 32.258333333333354 ], [ 51.15833333333336, 32.245833333333351 ], [ 51.165864054362004, 32.245098198784746 ], [ 51.167435031467036, 32.234305148654535 ], [ 51.172993638780405, 32.232715861002625 ], [ 51.17700636121964, 32.229784138997417 ], [ 51.18966030544707, 32.228549194335955 ], [ 51.193753390842041, 32.225558810763907 ], [ 51.1993340386285, 32.230022176106793 ], [ 51.2, 32.245833333333351 ], [ 51.202424452039956, 32.245480007595503 ], [ 51.205908881293425, 32.242019992404536 ], [ 51.214924452039952, 32.241313340928841 ], [ 51.218408881293428, 32.237853325737866 ], [ 51.227424452039955, 32.237146674262171 ], [ 51.230908881293431, 32.233686659071203 ], [ 51.233333333333356, 32.233333333333356 ], [ 51.233900621202281, 32.231122843424501 ], [ 51.237031385633706, 32.227083333333354 ], [ 51.233900621202281, 32.223043823242207 ], [ 51.232766045464437, 32.201956176757832 ], [ 51.229733954535618, 32.198043823242209 ], [ 51.228599378797767, 32.1936228434245 ], [ 51.224432712131104, 32.188246663411476 ], [ 51.225567287868948, 32.185289510091167 ], [ 51.228599378797767, 32.181377156575543 ], [ 51.229804484049502, 32.163405693901929 ], [ 51.23554382324221, 32.161932712131097 ], [ 51.239456176757841, 32.158900621202278 ], [ 51.241666666666688, 32.158333333333353 ], [ 51.243801540798636, 32.15769042968752 ], [ 51.247865125868081, 32.154809570312523 ], [ 51.274222140842042, 32.153459676106792 ], [ 51.275, 32.145833333333357 ], [ 51.275358072916688, 32.143376329210092 ], [ 51.280908881293428, 32.137853325737865 ], [ 51.28333333333336, 32.1375 ], [ 51.283691406250028, 32.135042995876759 ], [ 51.289242214626761, 32.129519992404532 ], [ 51.3125, 32.129166666666684 ], [ 51.3125, 32.125 ], [ 51.314660305447077, 32.124382358127207 ], [ 51.318673027886312, 32.121450975206201 ], [ 51.33669297960072, 32.120127699110277 ], [ 51.338331773546031, 32.108868408203158 ], [ 51.347839694552974, 32.100617641872866 ], [ 51.360493638780405, 32.099382358127208 ], [ 51.364506361219647, 32.096450975206196 ], [ 51.370536634657142, 32.094726901584238 ], [ 51.37854919433596, 32.085493469238315 ], [ 51.379784138997422, 32.077006530761757 ], [ 51.383950805664085, 32.071302456325988 ], [ 51.382177395290825, 32.067527431911927 ], [ 51.375640190972248, 32.065658399793875 ], [ 51.375, 32.0375 ], [ 51.378315904405412, 32.036649068196652 ], [ 51.380017428927978, 32.030017598470089 ], [ 51.385543823242216, 32.028599378797779 ], [ 51.390920003255232, 32.024432712131109 ], [ 51.402210489908882, 32.025567287868959 ], [ 51.406122843424505, 32.028599378797779 ], [ 51.40833333333336, 32.029166666666683 ], [ 51.40833333333336, 32.020833333333371 ], [ 51.407766045464435, 32.018622843424517 ], [ 51.400567287868952, 32.010543823242223 ], [ 51.399432712131102, 32.006122843424514 ], [ 51.396400621202282, 32.00221048990889 ], [ 51.395266045464439, 31.997789510091181 ], [ 51.392233954535619, 31.993877156575557 ], [ 51.391099378797769, 31.989456176757848 ], [ 51.382766045464436, 31.980103895399338 ], [ 51.384525892469647, 31.975221761067743 ], [ 51.38945617675784, 31.971400621202292 ], [ 51.395250447591174, 31.9699135674371 ], [ 51.403599378797772, 31.960543823242222 ], [ 51.404733954535615, 31.951956176757847 ], [ 51.413067287868948, 31.942603895399341 ], [ 51.411932712131104, 31.939456176757847 ], [ 51.400567287868952, 31.927210489908887 ], [ 51.399032253689263, 31.921229214138489 ], [ 51.393877156575549, 31.917233954535625 ], [ 51.387896050347251, 31.915698920355936 ], [ 51.382766045464436, 31.909079996744826 ], [ 51.384072197808187, 31.900879753960538 ], [ 51.391021050347248, 31.899096510145434 ], [ 51.403599378797772, 31.885543823242223 ], [ 51.404733954535615, 31.868622843424514 ], [ 51.411932712131104, 31.860543823242221 ], [ 51.413067287868948, 31.839456176757846 ], [ 51.416198052300373, 31.835416666666699 ], [ 51.413067287868948, 31.831377156575556 ], [ 51.4125, 31.829166666666701 ], [ 51.414924452039955, 31.829519992404549 ], [ 51.41912027994794, 31.833686659071216 ], [ 51.435757785373291, 31.83298000759552 ], [ 51.439242214626759, 31.829519992404549 ], [ 51.444091118706623, 31.828813340928853 ], [ 51.447575547960099, 31.825353325737879 ], [ 51.45, 31.825 ], [ 51.465801662868948, 31.824334208170605 ], [ 51.474382527669299, 31.81466013590498 ], [ 51.475986395941867, 31.809050496419303 ], [ 51.489660305447075, 31.807715691460537 ], [ 51.49367302788631, 31.804784308539531 ], [ 51.497993638780407, 31.80354902479387 ], [ 51.502006361219642, 31.800617641872861 ], [ 51.50632697211374, 31.799382358127204 ], [ 51.510339694552975, 31.796450975206195 ], [ 51.520098198784751, 31.795030721028681 ], [ 51.521550496419295, 31.78015289306644 ], [ 51.525, 31.779166666666701 ], [ 51.525719875759577, 31.767443339029981 ], [ 51.53333333333336, 31.766666666666701 ], [ 51.533691067165826, 31.764211527506543 ], [ 51.543749321831626, 31.754180399576857 ], [ 51.547575547960093, 31.757980007595521 ], [ 51.552424452039958, 31.758686659071213 ], [ 51.556620279947943, 31.762853325737879 ], [ 51.577424452039956, 31.762146674262187 ], [ 51.580908881293432, 31.758686659071213 ], [ 51.583333333333364, 31.758333333333365 ], [ 51.585543823242219, 31.75890062120229 ], [ 51.594896104600721, 31.767233954535623 ], [ 51.598043823242215, 31.766099378797776 ], [ 51.610289510091171, 31.754733954535624 ], [ 51.628187730577288, 31.753533935546908 ], [ 51.632766045464436, 31.74804382324222 ], [ 51.634041680230062, 31.738387383355068 ], [ 51.640815904405407, 31.736649068196648 ], [ 51.642517428927981, 31.730017598470084 ], [ 51.645833333333364, 31.7291666666667 ], [ 51.645833333333364, 31.720833333333367 ], [ 51.653267076280407, 31.720172119140656 ], [ 51.654733954535615, 31.714456176757846 ], [ 51.657766045464442, 31.710543823242219 ], [ 51.658900621202285, 31.706122843424513 ], [ 51.661932712131104, 31.702210489908886 ], [ 51.663467746310793, 31.696229214138487 ], [ 51.668622843424508, 31.692233954535624 ], [ 51.674338785807322, 31.690767076280416 ], [ 51.675567287868951, 31.676956176757844 ], [ 51.67859937879777, 31.673043823242221 ], [ 51.67982143825958, 31.659306335449251 ], [ 51.689573499891523, 31.650460984971822 ], [ 51.695086669921906, 31.654733954535622 ], [ 51.710543823242219, 31.653599378797775 ], [ 51.714456176757842, 31.650567287868956 ], [ 51.718877156575552, 31.649432712131109 ], [ 51.726956176757838, 31.642233954535623 ], [ 51.735543823242217, 31.641099378797776 ], [ 51.739456176757841, 31.638067287868957 ], [ 51.748043823242213, 31.636932712131109 ], [ 51.756122843424507, 31.629733954535624 ], [ 51.766666666666694, 31.629166666666698 ], [ 51.769123670789959, 31.628808593750033 ], [ 51.774646674262179, 31.623257785373298 ], [ 51.775353325737875, 31.618408881293433 ], [ 51.779519992404545, 31.614212883843347 ], [ 51.778813340928849, 31.605908881293434 ], [ 51.770480007595516, 31.597548929850291 ], [ 51.771186659071212, 31.593408881293435 ], [ 51.778813340928849, 31.585757785373296 ], [ 51.779519992404545, 31.576742214626769 ], [ 51.782980007595512, 31.573257785373293 ], [ 51.78333333333336, 31.566666666666698 ], [ 51.779875013563398, 31.565779283311663 ], [ 51.778599378797772, 31.556122843424511 ], [ 51.771400621202289, 31.548043823242217 ], [ 51.770266045464439, 31.539456176757845 ], [ 51.767233954535619, 31.535543823242218 ], [ 51.766099378797769, 31.531122843424509 ], [ 51.76306728786895, 31.527210489908885 ], [ 51.761932712131106, 31.522789510091176 ], [ 51.758900621202287, 31.518877156575552 ], [ 51.757766045464436, 31.510289510091177 ], [ 51.754733954535617, 31.506377156575553 ], [ 51.753599378797773, 31.501956176757844 ], [ 51.750567287868954, 31.49804382324222 ], [ 51.749432712131103, 31.489456176757844 ], [ 51.742233954535621, 31.481377156575551 ], [ 51.741666666666696, 31.479166666666696 ], [ 51.742019992404543, 31.476742214626768 ], [ 51.745480007595518, 31.473257785373296 ], [ 51.745833333333366, 31.470833333333363 ], [ 51.748043823242213, 31.470266045464442 ], [ 51.756122843424507, 31.463067287868952 ], [ 51.761649237738744, 31.461649068196646 ], [ 51.7625, 31.458333333333364 ], [ 51.768914794921905, 31.457803853352896 ], [ 51.778083631727462, 31.449470520019563 ], [ 51.782562594943606, 31.450894334581193 ], [ 51.784091864691867, 31.457387118869388 ], [ 51.789418538411489, 31.461970520019563 ], [ 51.791666666666693, 31.4625 ], [ 51.792024739583361, 31.464956834581194 ], [ 51.797575547960101, 31.470480007595516 ], [ 51.84583333333336, 31.470833333333363 ], [ 51.849073621961836, 31.469906955295169 ], [ 51.851106431749159, 31.462796698676247 ], [ 51.860339694552984, 31.454784308539526 ], [ 51.870098198784753, 31.453364054362009 ], [ 51.87145080566409, 31.439506530761747 ], [ 51.874382527669297, 31.43549346923831 ], [ 51.875617472330759, 31.427006530761748 ], [ 51.878549194335967, 31.42299346923831 ], [ 51.879166666666677, 31.420833333333363 ], [ 51.87278951009116, 31.420266045464441 ], [ 51.867634412977445, 31.416270785861574 ], [ 51.865815734863297, 31.409184265136748 ], [ 51.860289510091157, 31.407766045464442 ], [ 51.854806009928396, 31.403193155924509 ], [ 51.853599378797753, 31.386753336588573 ], [ 51.857766045464423, 31.381377156575549 ], [ 51.858900621202274, 31.378420003255236 ], [ 51.854733954535604, 31.373043823242217 ], [ 51.853599378797753, 31.364456176757841 ], [ 51.850459798177098, 31.36040530734595 ], [ 51.861932712131093, 31.348043823242218 ], [ 51.863350931803396, 31.342517598470081 ], [ 51.868877156575536, 31.341099378797772 ], [ 51.87278951009116, 31.338067287868952 ], [ 51.877210489908869, 31.336932712131105 ], [ 51.881122843424492, 31.333900621202286 ], [ 51.885543823242202, 31.332766045464439 ], [ 51.894913567437079, 31.324417114257841 ], [ 51.896684265136734, 31.317517598470083 ], [ 51.902210489908867, 31.316099378797773 ], [ 51.920179239908869, 31.299019029405411 ], [ 51.921400621202274, 31.285289510091175 ], [ 51.924432712131093, 31.281377156575552 ], [ 51.925, 31.279166666666697 ], [ 51.925353325737859, 31.272575547960098 ], [ 51.928813340928833, 31.269091118706626 ], [ 51.929166666666696, 31.254166666666695 ], [ 51.940676201714425, 31.253547498914958 ], [ 51.945266045464422, 31.248043823242217 ], [ 51.946684265136732, 31.24251759847008 ], [ 51.953770785861558, 31.240698920355932 ], [ 51.957766045464425, 31.235543823242217 ], [ 51.95833333333335, 31.233333333333363 ], [ 51.957980007595502, 31.230908881293431 ], [ 51.954519992404528, 31.227424452039958 ], [ 51.953813340928832, 31.205908881293432 ], [ 51.946186659071195, 31.198257785373293 ], [ 51.945833333333361, 31.195833333333361 ], [ 51.946362813313819, 31.193585035536053 ], [ 51.949470520019545, 31.189748297797337 ], [ 51.950632392035608, 31.180243767632408 ], [ 51.968585035536037, 31.163029479980498 ], [ 51.974053785536036, 31.161741468641523 ], [ 51.978637186686214, 31.156414794921904 ], [ 51.97969614664715, 31.139418538411487 ], [ 51.98386281331382, 31.134273952908014 ], [ 51.982421366373714, 31.129933336046037 ], [ 51.979166666666679, 31.129166666666695 ], [ 51.9791666666667, 31.125 ], [ 51.986643303765206, 31.124335055881104 ], [ 51.987701416015639, 31.11961466471357 ], [ 51.983900621202274, 31.11471048990888 ], [ 51.982766045464423, 31.110289510091174 ], [ 51.979733954535604, 31.106377156575547 ], [ 51.97859937879776, 31.097789510091175 ], [ 51.971400621202271, 31.089710489908882 ], [ 51.970266045464427, 31.060289510091174 ], [ 51.958900621202268, 31.048043823242214 ], [ 51.957766045464425, 31.043622843424508 ], [ 51.93806728786894, 31.023043823242215 ], [ 51.936791483561215, 31.013387383355063 ], [ 51.929562547471804, 31.011532253689264 ], [ 51.925567287868937, 31.006377156575546 ], [ 51.925, 31.004166666666695 ], [ 51.925353325737859, 31.001742214626763 ], [ 51.937146674262166, 30.989924452039958 ], [ 51.9375, 30.9875 ], [ 51.93693271213111, 30.985289510091171 ], [ 51.933900621202284, 30.981377156575547 ], [ 51.932672119140655, 30.967566257052979 ], [ 51.929166666666696, 30.966666666666693 ], [ 51.921732923719645, 30.967327880859401 ], [ 51.920833333333363, 30.97083333333336 ], [ 51.914242214626768, 30.971186659071208 ], [ 51.910757785373292, 30.974646674262178 ], [ 51.90833333333336, 30.975 ], [ 51.897789510091172, 30.974432712131104 ], [ 51.892634412977458, 30.970437282986136 ], [ 51.890770128038227, 30.963173760308187 ], [ 51.878420003255236, 30.961932712131102 ], [ 51.87304382324222, 30.966099378797768 ], [ 51.865920003255241, 30.967233954535615 ], [ 51.860543823242217, 30.963067287868949 ], [ 51.858333333333363, 30.9625 ], [ 51.857790459526939, 30.93029852973093 ], [ 51.852248128255241, 30.925529649522595 ], [ 51.843585205078156, 30.924470350477456 ], [ 51.839748128255238, 30.921362982855928 ], [ 51.826101345486137, 30.920236545138916 ], [ 51.817196316189268, 30.910581461588567 ], [ 51.815894232855932, 30.905053032769125 ], [ 51.811500718858539, 30.903684488932317 ], [ 51.806414794921906, 30.907803683810791 ], [ 51.801918538411485, 30.908862982855929 ], [ 51.793914794921903, 30.916137017144123 ], [ 51.7875, 30.916666666666693 ], [ 51.78333333333336, 30.916666666666693 ], [ 51.782766045464442, 30.914456176757838 ], [ 51.774432712131109, 30.905103895399332 ], [ 51.775977240668432, 30.90081854926218 ], [ 51.781377156575552, 30.899432712131102 ], [ 51.789456176757838, 30.892233954535616 ], [ 51.798043823242217, 30.891099378797769 ], [ 51.801956176757841, 30.88806728786895 ], [ 51.807482571072079, 30.886649237738741 ], [ 51.809220716688401, 30.879875013563392 ], [ 51.818877156575553, 30.87859937879777 ], [ 51.822789510091177, 30.87556728786895 ], [ 51.828770616319474, 30.874032253689261 ], [ 51.832766045464439, 30.868877156575547 ], [ 51.834184095594651, 30.863350762261312 ], [ 51.841021050347251, 30.861596340603324 ], [ 51.854733954535618, 30.846821424696206 ], [ 51.853599378797774, 30.843622843424505 ], [ 51.850567287868955, 30.839710489908882 ], [ 51.849149237738743, 30.834184095594644 ], [ 51.843622843424512, 30.832766045464435 ], [ 51.839710489908882, 30.829733954535616 ], [ 51.8375, 30.829166666666691 ], [ 51.837855021158887, 30.822546386718777 ], [ 51.843408881293435, 30.817019992404539 ], [ 51.8625, 30.816666666666691 ], [ 51.863350762261312, 30.813350762261308 ], [ 51.86887715657555, 30.811932712131103 ], [ 51.872789510091174, 30.808900621202284 ], [ 51.877210489908883, 30.807766045464433 ], [ 51.881122843424507, 30.804733954535614 ], [ 51.883333333333361, 30.804166666666692 ], [ 51.882979329427116, 30.789213731553843 ], [ 51.876714409722254, 30.782980007595512 ], [ 51.868408881293433, 30.783686659071204 ], [ 51.864213053385448, 30.787853325737871 ], [ 51.851712714301243, 30.78714497884117 ], [ 51.846186659071208, 30.781591118706622 ], [ 51.845480007595519, 30.776742214626761 ], [ 51.842019992404545, 30.773257785373289 ], [ 51.841313340928849, 30.768408881293428 ], [ 51.832980007595516, 30.760049099392386 ], [ 51.833686659071212, 30.755908881293429 ], [ 51.837146674262179, 30.752424452039953 ], [ 51.8375, 30.75 ], [ 51.837146674262179, 30.743408881293426 ], [ 51.833347913954022, 30.739583333333357 ], [ 51.837853325737875, 30.735046386718775 ], [ 51.837146674262179, 30.726742214626761 ], [ 51.829519992404542, 30.719091118706622 ], [ 51.828808593750033, 30.714209662543428 ], [ 51.823257785373293, 30.708686659071205 ], [ 51.816666666666698, 30.708333333333357 ], [ 51.815895250108539, 30.700771416558183 ], [ 51.808333333333366, 30.7 ], [ 51.8, 30.7 ], [ 51.7875, 30.7 ], [ 51.786649237738743, 30.703315904405407 ], [ 51.781122843424505, 30.704733954535616 ], [ 51.773043823242219, 30.711932712131102 ], [ 51.76445617675784, 30.713067287868949 ], [ 51.760543823242216, 30.716099378797768 ], [ 51.751956176757844, 30.717233954535615 ], [ 51.748043823242213, 30.720266045464435 ], [ 51.7375, 30.72083333333336 ], [ 51.733333333333363, 30.72083333333336 ], [ 51.733686659071211, 30.714242214626761 ], [ 51.741313340928848, 30.706591118706623 ], [ 51.741666666666696, 30.691666666666691 ], [ 51.74109937879777, 30.689456176757837 ], [ 51.738067287868951, 30.685543823242213 ], [ 51.736649237738746, 30.680017428927975 ], [ 51.72956271701392, 30.678198920355928 ], [ 51.725567287868955, 30.67304382324221 ], [ 51.724432712131104, 30.668622843424505 ], [ 51.717233954535615, 30.660543823242211 ], [ 51.716666666666697, 30.658333333333356 ], [ 51.71702168782555, 30.651713053385439 ], [ 51.722575547960098, 30.646186659071205 ], [ 51.727454969618087, 30.645475599500891 ], [ 51.737146674262185, 30.635757785373286 ], [ 51.7375, 30.633333333333358 ], [ 51.74387715657555, 30.632766045464432 ], [ 51.747789510091174, 30.629733954535613 ], [ 51.752210489908883, 30.628599378797766 ], [ 51.756122843424507, 30.625567287868947 ], [ 51.761854383680586, 30.624096340603323 ], [ 51.774432712131109, 30.61054382324221 ], [ 51.775567287868952, 30.606122843424501 ], [ 51.778599378797772, 30.602210489908877 ], [ 51.779733954535622, 30.593622843424502 ], [ 51.782766045464442, 30.589710489908878 ], [ 51.783900621202285, 30.585289510091169 ], [ 51.791099378797774, 30.577210489908879 ], [ 51.792517428927979, 30.571684095594641 ], [ 51.799291653103325, 30.569945949978322 ], [ 51.800567287868951, 30.56028951009117 ], [ 51.80359937879777, 30.556377156575543 ], [ 51.804869588216178, 30.546762424045163 ], [ 51.814456176757844, 30.538067287868948 ], [ 51.820437282986141, 30.536532253689259 ], [ 51.824432712131106, 30.531377156575545 ], [ 51.825, 30.520833333333357 ], [ 51.825617472330762, 30.518673027886308 ], [ 51.82854919433597, 30.514660305447073 ], [ 51.830138481987873, 30.509101698133705 ], [ 51.840931532118084, 30.507530721028669 ], [ 51.842284138997428, 30.493673027886306 ], [ 51.845215861002636, 30.489660305447071 ], [ 51.846450805664091, 30.485339694552973 ], [ 51.849382527669299, 30.481326972113738 ], [ 51.85, 30.479166666666689 ], [ 51.850850762261317, 30.475850762261306 ], [ 51.857624986436662, 30.474112616644987 ], [ 51.858900621202288, 30.464456176757835 ], [ 51.861932712131107, 30.460543823242212 ], [ 51.863067287868951, 30.44778951009117 ], [ 51.867233954535621, 30.442413330078146 ], [ 51.86609937879777, 30.435289510091167 ], [ 51.861932712131107, 30.429913330078147 ], [ 51.863067287868951, 30.422789510091167 ], [ 51.86609937879777, 30.418877156575544 ], [ 51.867233954535621, 30.410289510091168 ], [ 51.87026604546444, 30.406377156575545 ], [ 51.870833333333366, 30.3875 ], [ 51.878267076280409, 30.386838785807313 ], [ 51.879166666666698, 30.383333333333354 ], [ 51.881591118706623, 30.382980007595506 ], [ 51.893408881293432, 30.371186659071203 ], [ 51.895833333333364, 30.370833333333355 ], [ 51.896191406250011, 30.36837632921009 ], [ 51.901742214626751, 30.36285332573787 ], [ 51.906623501247843, 30.362141927083357 ], [ 51.912146674262168, 30.356591118706618 ], [ 51.912853325737863, 30.347575547960091 ], [ 51.916313340928831, 30.344091118706618 ], [ 51.916666666666679, 30.34166666666669 ], [ 51.914456176757845, 30.341099378797765 ], [ 51.910543823242215, 30.338067287868945 ], [ 51.905017428927984, 30.336649237738737 ], [ 51.903599378797772, 30.331122843424502 ], [ 51.899040052625899, 30.325655788845509 ], [ 51.885289510091177, 30.324432712131099 ], [ 51.87304382324222, 30.313067287868947 ], [ 51.867375013563397, 30.311612616644986 ], [ 51.86609937879777, 30.301956176757834 ], [ 51.863067287868951, 30.29804382324221 ], [ 51.8625, 30.279166666666686 ], [ 51.856122843424508, 30.279733954535612 ], [ 51.852210489908884, 30.282766045464431 ], [ 51.847789510091175, 30.283900621202278 ], [ 51.835543823242219, 30.29526604546443 ], [ 51.831122843424509, 30.296400621202277 ], [ 51.827210489908886, 30.299432712131097 ], [ 51.822789510091177, 30.300567287868944 ], [ 51.818877156575553, 30.303599378797763 ], [ 51.814456176757844, 30.30473395453561 ], [ 51.81054382324222, 30.30776604546443 ], [ 51.807586669921903, 30.308900621202277 ], [ 51.80221048990888, 30.30473395453561 ], [ 51.799253336588571, 30.303599378797763 ], [ 51.792634412977463, 30.308729383680578 ], [ 51.790815904405413, 30.315815904405405 ], [ 51.785289510091175, 30.317233954535613 ], [ 51.777078925238747, 30.324550035264778 ], [ 51.755057440863744, 30.303470526801235 ], [ 51.754166666666698, 30.3 ], [ 51.751956176757844, 30.300567287868944 ], [ 51.74387715657555, 30.30776604546443 ], [ 51.739456176757841, 30.308900621202277 ], [ 51.734301079644126, 30.312896050347245 ], [ 51.732766045464437, 30.318877156575542 ], [ 51.721400621202285, 30.331122843424502 ], [ 51.71998257107208, 30.336649237738737 ], [ 51.714456176757842, 30.338067287868945 ], [ 51.685543823242213, 30.366099378797763 ], [ 51.681122843424504, 30.367233954535614 ], [ 51.673043823242217, 30.3744327121311 ], [ 51.667405531141519, 30.375879584418424 ], [ 51.666099378797774, 30.384079996744813 ], [ 51.670364718967043, 30.389583333333356 ], [ 51.667128499348983, 30.393758816189258 ], [ 51.67536587185333, 30.403003607855926 ], [ 51.667517428927979, 30.405017428927973 ], [ 51.666666666666693, 30.408333333333356 ], [ 51.665815904405413, 30.411649237738736 ], [ 51.660289510091175, 30.413067287868945 ], [ 51.650919596354193, 30.421416219075542 ], [ 51.649432712131102, 30.427210489908877 ], [ 51.646400621202282, 30.4311228434245 ], [ 51.645266045464439, 30.43554382324221 ], [ 51.642233954535619, 30.439456176757837 ], [ 51.640815904405407, 30.444982571072071 ], [ 51.635289510091177, 30.44640062120228 ], [ 51.627210489908883, 30.453599378797765 ], [ 51.622789510091174, 30.454733954535612 ], [ 51.617634412977459, 30.458729383680577 ], [ 51.616666666666696, 30.4625 ], [ 51.613161214192736, 30.463399590386306 ], [ 51.6125, 30.470833333333356 ], [ 51.601918538411489, 30.471362982855926 ], [ 51.597907172309057, 30.474611748589432 ], [ 51.589748128255238, 30.467196316189259 ], [ 51.586559380425378, 30.466137017144121 ], [ 51.58016594780819, 30.471315511067729 ], [ 51.575772433810791, 30.469946967230925 ], [ 51.574470350477455, 30.464418538411479 ], [ 51.569887288411486, 30.459091864691864 ], [ 51.564418538411488, 30.457803683810788 ], [ 51.560581461588569, 30.45469631618926 ], [ 51.551918538411485, 30.453637017144118 ], [ 51.548081461588566, 30.450529649522593 ], [ 51.545833333333363, 30.45 ], [ 51.535075547960098, 30.450353325737868 ], [ 51.531591118706622, 30.453813340928843 ], [ 51.529166666666697, 30.454166666666691 ], [ 51.525677151150198, 30.455164252387174 ], [ 51.524322848849856, 30.478169080946202 ], [ 51.517383829752632, 30.48015306260853 ], [ 51.515931532118081, 30.49503072102867 ], [ 51.506173027886312, 30.496450805664086 ], [ 51.502160305447077, 30.499382527669294 ], [ 51.497839694552979, 30.500617472330752 ], [ 51.489660305447075, 30.507715861002627 ], [ 51.485339694552977, 30.508950805664085 ], [ 51.481326972113742, 30.511882527669293 ], [ 51.475, 30.5125 ], [ 51.468408881293428, 30.512853325737872 ], [ 51.460757785373289, 30.520480007595509 ], [ 51.455908881293432, 30.521186659071205 ], [ 51.450358072916693, 30.526709662543425 ], [ 51.45, 30.52916666666669 ], [ 51.443408881293429, 30.529519992404538 ], [ 51.439924452039961, 30.532980007595508 ], [ 51.430908881293426, 30.533686659071204 ], [ 51.427424452039958, 30.537146674262175 ], [ 51.410075547960098, 30.537853325737871 ], [ 51.398257785373289, 30.549646674262178 ], [ 51.389953613281278, 30.55035332573787 ], [ 51.385415988498288, 30.545847235785615 ], [ 51.377424452039953, 30.553813340928844 ], [ 51.375, 30.554166666666688 ], [ 51.374432712131103, 30.556377156575543 ], [ 51.366083780924505, 30.565747070312522 ], [ 51.359184095594642, 30.567517428927975 ], [ 51.357482571072076, 30.574149237738737 ], [ 51.351956176757838, 30.575567287868946 ], [ 51.348043823242215, 30.578599378797765 ], [ 51.343622843424505, 30.579733954535612 ], [ 51.339710489908882, 30.582766045464432 ], [ 51.32695617675784, 30.583900621202282 ], [ 51.318877156575546, 30.591099378797768 ], [ 51.314456176757837, 30.592233954535615 ], [ 51.310543823242213, 30.595266045464435 ], [ 51.306122843424504, 30.596400621202282 ], [ 51.30221048990888, 30.599432712131101 ], [ 51.297789510091171, 30.600567287868948 ], [ 51.289710489908877, 30.607766045464434 ], [ 51.26028951009117, 30.608900621202281 ], [ 51.256377156575546, 30.6119327121311 ], [ 51.254166666666691, 30.6125 ], [ 51.253599378797766, 30.614710489908877 ], [ 51.249603949652801, 30.619865587022595 ], [ 51.242517428927975, 30.621684095594642 ], [ 51.24109937879777, 30.62721048990888 ], [ 51.238067287868951, 30.631122843424503 ], [ 51.2369327121311, 30.635543823242212 ], [ 51.233900621202281, 30.639456176757836 ], [ 51.232766045464437, 30.643877156575545 ], [ 51.228770616319466, 30.64903225368926 ], [ 51.221840074327282, 30.650811089409746 ], [ 51.220266045464435, 30.654913330078148 ], [ 51.224432712131104, 30.660289510091168 ], [ 51.225567287868948, 30.664710489908877 ], [ 51.228599378797767, 30.668622843424505 ], [ 51.229733954535618, 30.671579996744818 ], [ 51.225567287868948, 30.676956176757837 ], [ 51.224432712131104, 30.68971048990888 ], [ 51.221400621202278, 30.693622843424503 ], [ 51.220266045464435, 30.714710489908878 ], [ 51.21627061631947, 30.719865587022593 ], [ 51.210289510091172, 30.721400621202282 ], [ 51.202210489908879, 30.728599378797767 ], [ 51.19778951009117, 30.729733954535615 ], [ 51.180062188042562, 30.746510484483533 ], [ 51.178315904405409, 30.753315904405408 ], [ 51.175, 30.754166666666691 ], [ 51.174646674262178, 30.756591118706623 ], [ 51.171186659071203, 30.760075547960096 ], [ 51.170480007595508, 30.764924452039956 ], [ 51.167019992404541, 30.768408881293428 ], [ 51.166313340928845, 30.773257785373289 ], [ 51.158686659071208, 30.780908881293428 ], [ 51.157980007595512, 30.785757785373288 ], [ 51.152457004123285, 30.791308593750024 ], [ 51.147575547960095, 30.792019992404541 ], [ 51.144091118706619, 30.795480007595511 ], [ 51.1375, 30.795833333333359 ], [ 51.137146674262176, 30.798257785373288 ], [ 51.133686659071202, 30.80174221462676 ], [ 51.133333333333354, 30.808333333333358 ], [ 51.130908881293429, 30.808686659071206 ], [ 51.12535807291669, 30.814209662543426 ], [ 51.124646674262173, 30.819091118706623 ], [ 51.119123670789953, 30.824641927083359 ], [ 51.114242214626756, 30.825353325737872 ], [ 51.106591118706618, 30.832980007595513 ], [ 51.104166666666693, 30.833333333333357 ], [ 51.103813340928845, 30.839924452039956 ], [ 51.100353325737871, 30.843408881293428 ], [ 51.1, 30.84583333333336 ], [ 51.102424452039955, 30.846186659071208 ], [ 51.107977294921902, 30.851712036132838 ], [ 51.108686659071203, 30.860049099392388 ], [ 51.100353325737871, 30.86840888129343 ], [ 51.099646674262175, 30.881591118706623 ], [ 51.096186659071208, 30.885075547960096 ], [ 51.095480007595512, 30.901713053385443 ], [ 51.099646674262175, 30.905908881293428 ], [ 51.1, 30.90833333333336 ], [ 51.106377156575547, 30.908900621202282 ], [ 51.111753336588563, 30.913067287868948 ], [ 51.116489325629367, 30.911250135633708 ], [ 51.120266045464433, 30.906377156575548 ], [ 51.121970621744815, 30.899735514322941 ], [ 51.128420003255229, 30.904733954535615 ], [ 51.139710489908879, 30.903599378797768 ], [ 51.147789510091172, 30.896400621202282 ], [ 51.15, 30.895833333333361 ], [ 51.152424452039952, 30.895480007595513 ], [ 51.156620279947944, 30.891313340928846 ], [ 51.160757785373285, 30.892019992404538 ], [ 51.164242214626761, 30.895480007595513 ], [ 51.166666666666693, 30.895833333333361 ], [ 51.166313340928845, 30.906591118706622 ], [ 51.162853325737871, 30.910075547960094 ], [ 51.162146674262175, 30.914924452039955 ], [ 51.154519992404538, 30.922575547960097 ], [ 51.153813340928842, 30.927424452039958 ], [ 51.150353325737868, 30.93090888129343 ], [ 51.149646674262179, 30.935757785373291 ], [ 51.137853325737872, 30.947575547960096 ], [ 51.1375, 30.975 ], [ 51.13528951009117, 30.975567287868952 ], [ 51.129870944552977, 30.980086263020858 ], [ 51.128599378797766, 30.98971048990888 ], [ 51.116021050347243, 31.003263007269993 ], [ 51.110289510091171, 31.004733954535617 ], [ 51.106377156575547, 31.007766045464436 ], [ 51.101956176757838, 31.008900621202283 ], [ 51.092586263020856, 31.017249552408881 ], [ 51.091099378797765, 31.023043823242215 ], [ 51.088067287868945, 31.026956176757839 ], [ 51.08664923773874, 31.032482571072077 ], [ 51.083333333333357, 31.03333333333336 ], [ 51.083333333333357, 31.041666666666693 ], [ 51.080908881293425, 31.042019992404541 ], [ 51.069091118706623, 31.053813340928848 ], [ 51.064242214626759, 31.05451999240454 ], [ 51.023257785373289, 31.095480007595512 ], [ 51.018408881293425, 31.096186659071208 ], [ 51.004524400499157, 31.110045708550373 ], [ 51.003813340928843, 31.114924452039958 ], [ 51.000353325737869, 31.11840888129343 ], [ 50.999646674262173, 31.123257785373291 ], [ 50.967019992404538, 31.155908881293431 ], [ 50.96666666666669, 31.15833333333336 ], [ 50.960289510091165, 31.157766045464438 ], [ 50.956377156575542, 31.154733954535619 ], [ 50.951214938693596, 31.153599378797772 ], [ 50.949149237738737, 31.161649068196642 ], [ 50.9436228434245, 31.163067287868952 ], [ 50.939710489908876, 31.166099378797771 ], [ 50.935289510091167, 31.167233954535618 ], [ 50.931377156575543, 31.170266045464437 ], [ 50.925850762261305, 31.171684265136747 ], [ 50.924090915256102, 31.178543090820341 ], [ 50.9125, 31.179166666666696 ], [ 50.91160040961374, 31.182672119140655 ], [ 50.90416666666669, 31.183333333333362 ], [ 50.903808593750021, 31.180876498752198 ], [ 50.898257785373289, 31.175353325737877 ], [ 50.891666666666687, 31.175 ], [ 50.891313340928839, 31.168408881293431 ], [ 50.887146674262176, 31.164212883843344 ], [ 50.887853325737872, 31.155908881293431 ], [ 50.891313340928839, 31.152424452039959 ], [ 50.891666666666687, 31.15 ], [ 50.888350762261304, 31.149149237738744 ], [ 50.886932712131099, 31.143622843424506 ], [ 50.883155992296025, 31.138749864366346 ], [ 50.878420003255229, 31.136932712131106 ], [ 50.873043823242213, 31.141099378797772 ], [ 50.864456176757834, 31.142233954535619 ], [ 50.85637715657554, 31.149432712131105 ], [ 50.851956176757831, 31.150567287868952 ], [ 50.848043823242207, 31.153599378797772 ], [ 50.843622843424498, 31.154733954535619 ], [ 50.835543823242212, 31.161932712131104 ], [ 50.831122843424502, 31.163067287868952 ], [ 50.823043823242209, 31.170266045464437 ], [ 50.814456176757837, 31.171400621202284 ], [ 50.806377156575543, 31.17859937879777 ], [ 50.801956176757834, 31.179733954535617 ], [ 50.79804382324221, 31.182766045464437 ], [ 50.795833333333356, 31.183333333333362 ], [ 50.79547559950089, 31.180878872341609 ], [ 50.781591118706615, 31.167019992404541 ], [ 50.776709832085523, 31.166308593750028 ], [ 50.770847574869812, 31.160417005750897 ], [ 50.774646674262172, 31.156591118706626 ], [ 50.775353325737868, 31.151742214626765 ], [ 50.791313340928838, 31.135757785373293 ], [ 50.791666666666686, 31.125 ], [ 50.780075920952711, 31.125623575846383 ], [ 50.77916666666669, 31.129166666666695 ], [ 50.770833333333357, 31.129166666666695 ], [ 50.769933742947067, 31.132672119140654 ], [ 50.7625, 31.133333333333361 ], [ 50.761649068196633, 31.136649237738744 ], [ 50.7561228434245, 31.138067287868953 ], [ 50.752210489908876, 31.141099378797772 ], [ 50.747789510091167, 31.142233954535619 ], [ 50.739710489908873, 31.149432712131105 ], [ 50.735289510091164, 31.150567287868952 ], [ 50.705051676432312, 31.179884507921034 ], [ 50.703599378797762, 31.185543823242217 ], [ 50.683900621202277, 31.206122843424509 ], [ 50.682766045464433, 31.210543823242215 ], [ 50.674417114257835, 31.219913567437096 ], [ 50.668622843424501, 31.221400621202285 ], [ 50.664710489908877, 31.224432712131104 ], [ 50.660289510091168, 31.225567287868952 ], [ 50.656377156575545, 31.228599378797771 ], [ 50.651956176757835, 31.229733954535618 ], [ 50.648043823242205, 31.232766045464437 ], [ 50.642517598470072, 31.234184265136747 ], [ 50.641099378797762, 31.239710489908884 ], [ 50.624064805772591, 31.257631089952287 ], [ 50.614456176757834, 31.258900621202287 ], [ 50.60637715657554, 31.266099378797772 ], [ 50.601956176757831, 31.267233954535619 ], [ 50.593877156575537, 31.274432712131105 ], [ 50.589456176757835, 31.275567287868952 ], [ 50.581258816189255, 31.282871500651069 ], [ 50.577210489908872, 31.279733954535619 ], [ 50.572789510091162, 31.278599378797772 ], [ 50.564710489908876, 31.271400621202286 ], [ 50.558333333333351, 31.270833333333364 ], [ 50.557744344075537, 31.299081929524768 ], [ 50.551956176757834, 31.300567287868951 ], [ 50.54387715657554, 31.30776604546444 ], [ 50.539456176757831, 31.308900621202287 ], [ 50.535543823242207, 31.311932712131107 ], [ 50.531122843424498, 31.313067287868954 ], [ 50.523043823242205, 31.320266045464439 ], [ 50.518622843424495, 31.321400621202287 ], [ 50.514710489908872, 31.324432712131106 ], [ 50.510289510091162, 31.325567287868953 ], [ 50.502210489908876, 31.332766045464439 ], [ 50.497789510091167, 31.333900621202286 ], [ 50.480062188042552, 31.350677151150204 ], [ 50.479166666666686, 31.354166666666696 ], [ 50.479166666666686, 31.358333333333363 ], [ 50.478315734863301, 31.361649068196645 ], [ 50.471684265136737, 31.363350931803414 ], [ 50.469982401529968, 31.369982401529978 ], [ 50.464456176757828, 31.371400621202287 ], [ 50.460543823242205, 31.374432712131107 ], [ 50.45517340766061, 31.37581091986765 ], [ 50.453599378797762, 31.379913330078153 ], [ 50.457864549424933, 31.385416666666696 ], [ 50.453770785861565, 31.390698920355934 ], [ 50.447789510091162, 31.392233954535619 ], [ 50.434035746256527, 31.40509982638892 ], [ 50.432766045464426, 31.414710489908884 ], [ 50.428770785861566, 31.419865587022599 ], [ 50.422789510091164, 31.421400621202288 ], [ 50.41887715657554, 31.424432712131107 ], [ 50.409387715657573, 31.42568647596574 ], [ 50.407766045464427, 31.429913330078154 ], [ 50.412895880805138, 31.436532253689265 ], [ 50.41887715657554, 31.438067287868954 ], [ 50.424032253689255, 31.442062547471817 ], [ 50.425, 31.445833333333365 ], [ 50.42168426513674, 31.446684265136749 ], [ 50.42026604546443, 31.452210489908886 ], [ 50.415747239854618, 31.457629055447079 ], [ 50.406122843424498, 31.458900621202286 ], [ 50.402210489908875, 31.461932712131109 ], [ 50.382586669921892, 31.463067287868952 ], [ 50.375967746310785, 31.457937452528242 ], [ 50.374086676703577, 31.450607469346817 ], [ 50.358333333333348, 31.45 ], [ 50.358900621202274, 31.452210489908886 ], [ 50.361932712131093, 31.456122843424509 ], [ 50.363067287868944, 31.459344991048209 ], [ 50.346400621202278, 31.476956176757842 ], [ 50.345124816894547, 31.486612616644997 ], [ 50.339456176757828, 31.488067287868954 ], [ 50.335543823242205, 31.491099378797774 ], [ 50.326956176757832, 31.492233954535621 ], [ 50.323043823242202, 31.49526604546444 ], [ 50.316666666666684, 31.495833333333366 ], [ 50.3125, 31.495833333333366 ], [ 50.304166666666681, 31.495833333333366 ], [ 50.303255716959654, 31.499382866753503 ], [ 50.278420003255228, 31.500567287868954 ], [ 50.273043823242205, 31.496400621202287 ], [ 50.27083333333335, 31.495833333333366 ], [ 50.256122843424492, 31.49526604546444 ], [ 50.248043823242206, 31.488067287868954 ], [ 50.242517598470066, 31.486649068196645 ], [ 50.241099378797763, 31.481122843424508 ], [ 50.238067287868944, 31.477210489908884 ], [ 50.236591593424492, 31.471460300021732 ], [ 50.215655008951842, 31.470266045464442 ], [ 50.196728854709221, 31.488177151150204 ], [ 50.195833333333347, 31.491666666666696 ], [ 50.18945617675783, 31.492233954535621 ], [ 50.181377156575536, 31.499432712131107 ], [ 50.175850931803403, 31.500850931803416 ], [ 50.174149068196634, 31.507482401529977 ], [ 50.170833333333348, 31.508333333333365 ], [ 50.17021569146052, 31.518826802571645 ], [ 50.167284308539514, 31.522839864095083 ], [ 50.16604902479385, 31.543826802571644 ], [ 50.163117641872844, 31.547839864095081 ], [ 50.161882358127187, 31.565298800998296 ], [ 50.169746907552103, 31.567547437879806 ], [ 50.171450975206177, 31.571639675564267 ], [ 50.157729932996979, 31.586678229437965 ], [ 50.146568467881963, 31.588302612304719 ], [ 50.145215691460521, 31.602160135904981 ], [ 50.142284308539516, 31.606173197428419 ], [ 50.14166666666668, 31.616666666666699 ], [ 50.139456176757825, 31.617233954535621 ], [ 50.11755727132163, 31.638196139865485 ], [ 50.116099378797756, 31.643877156575552 ], [ 50.113067287868937, 31.647789510091179 ], [ 50.111932712131093, 31.652210489908885 ], [ 50.10741390652128, 31.657629055447082 ], [ 50.097789510091161, 31.658900621202289 ], [ 50.093877156575537, 31.661932712131108 ], [ 50.088350931803404, 31.663350931803418 ], [ 50.086932712131095, 31.668877156575554 ], [ 50.082937452528228, 31.674032253689269 ], [ 50.07916666666668, 31.675 ], [ 50.076742214626755, 31.674646674262185 ], [ 50.073257785373279, 31.671186659071214 ], [ 50.064242214626752, 31.670480007595518 ], [ 50.060757785373276, 31.667019992404548 ], [ 50.058333333333351, 31.6666666666667 ], [ 50.056122843424511, 31.666099378797774 ], [ 50.052083333333364, 31.662968783908454 ], [ 50.048043823242217, 31.666099378797774 ], [ 50.032586669921905, 31.667233954535622 ], [ 50.027210489908882, 31.663067287868955 ], [ 50.011562771267393, 31.661932712131108 ], [ 50.002210489908883, 31.670266045464441 ], [ 49.997789510091174, 31.671400621202288 ], [ 49.99387715657555, 31.674432712131107 ], [ 49.986511908637183, 31.675567287868954 ], [ 49.973043823242222, 31.663067287868955 ], [ 49.949253336588569, 31.661932712131108 ], [ 49.943877156575553, 31.666099378797774 ], [ 49.938714938693607, 31.667233954535622 ], [ 49.936612616644993, 31.659041849772166 ], [ 49.926956176757841, 31.657766045464442 ], [ 49.923043823242217, 31.654733954535622 ], [ 49.901956176757842, 31.653599378797775 ], [ 49.875887383355064, 31.628457811143694 ], [ 49.874432712131103, 31.622789510091177 ], [ 49.870437282986138, 31.617634412977463 ], [ 49.866666666666696, 31.616666666666699 ], [ 49.86609937879777, 31.618877156575554 ], [ 49.862103949652806, 31.624032253689268 ], [ 49.856122843424508, 31.625567287868954 ], [ 49.843877156575552, 31.636932712131109 ], [ 49.834220716688399, 31.638208516438834 ], [ 49.832482571072077, 31.64498240152998 ], [ 49.829166666666694, 31.645833333333364 ], [ 49.818408881293429, 31.645480007595516 ], [ 49.814924452039961, 31.642019992404546 ], [ 49.810075547960096, 31.641313340928853 ], [ 49.806591118706628, 31.637853325737879 ], [ 49.801742214626763, 31.637146674262183 ], [ 49.798257785373295, 31.633686659071213 ], [ 49.789952256944474, 31.632980007595517 ], [ 49.783691406250028, 31.639209832085534 ], [ 49.782980007595512, 31.64409111870663 ], [ 49.752451578776068, 31.674644639756977 ], [ 49.743408881293433, 31.675353325737881 ], [ 49.739924452039958, 31.678813340928851 ], [ 49.735075547960101, 31.679519992404547 ], [ 49.729524739583361, 31.685043165418868 ], [ 49.728813340928845, 31.689924452039964 ], [ 49.723290337456625, 31.6954752604167 ], [ 49.72083333333336, 31.695833333333365 ], [ 49.718408881293428, 31.695480007595517 ], [ 49.714924452039959, 31.692019992404546 ], [ 49.7125, 31.691666666666698 ], [ 49.705066257052977, 31.691005452473991 ], [ 49.704166666666694, 31.6875 ], [ 49.704166666666694, 31.683333333333366 ], [ 49.706620958116346, 31.682975599500899 ], [ 49.720480007595512, 31.669091118706628 ], [ 49.721186659071208, 31.664242214626768 ], [ 49.724646674262182, 31.660757785373296 ], [ 49.725357733832496, 31.655878194173209 ], [ 49.735075547960101, 31.646186659071212 ], [ 49.739957004123291, 31.645475260416699 ], [ 49.745480007595518, 31.639924452039963 ], [ 49.746186659071206, 31.635075547960103 ], [ 49.753813340928851, 31.627424452039961 ], [ 49.754519992404539, 31.614242214626767 ], [ 49.757980007595513, 31.610757785373295 ], [ 49.758686659071209, 31.605908881293434 ], [ 49.762146674262183, 31.602424452039962 ], [ 49.762853325737879, 31.589242214626768 ], [ 49.766313340928846, 31.585757785373296 ], [ 49.766666666666694, 31.583333333333364 ], [ 49.763350762261311, 31.58248240152998 ], [ 49.761932712131106, 31.576956176757843 ], [ 49.758900621202287, 31.573043823242219 ], [ 49.757766045464436, 31.56862284342451 ], [ 49.733900621202288, 31.543877156575551 ], [ 49.732766045464437, 31.539456176757845 ], [ 49.729733954535618, 31.535543823242218 ], [ 49.728458319769992, 31.525887383355066 ], [ 49.722789510091175, 31.524432712131109 ], [ 49.718877156575552, 31.521400621202289 ], [ 49.714456176757842, 31.520266045464439 ], [ 49.70508626302086, 31.511917114257844 ], [ 49.703599378797769, 31.50612284342451 ], [ 49.699107530381973, 31.500736660427549 ], [ 49.690920003255236, 31.499432712131107 ], [ 49.685543823242213, 31.503599378797773 ], [ 49.683333333333358, 31.504166666666698 ], [ 49.682980007595518, 31.501742214626766 ], [ 49.679519992404543, 31.498257785373294 ], [ 49.679166666666696, 31.491666666666696 ], [ 49.679166666666696, 31.483333333333363 ], [ 49.683900621202284, 31.482118394639787 ], [ 49.68276604546444, 31.468622843424509 ], [ 49.679733954535621, 31.464710489908885 ], [ 49.67859937879777, 31.456122843424509 ], [ 49.675567287868951, 31.452210489908886 ], [ 49.674432712131107, 31.447789510091177 ], [ 49.661932712131104, 31.434321424696211 ], [ 49.663067287868955, 31.422789510091178 ], [ 49.666099378797774, 31.418877156575551 ], [ 49.666666666666693, 31.4125 ], [ 49.665560234917564, 31.408630032009579 ], [ 49.656326972113746, 31.400617641872859 ], [ 49.645565795898463, 31.399051411946644 ], [ 49.649382527669296, 31.393826802571645 ], [ 49.650617472330758, 31.38533986409508 ], [ 49.667284138997424, 31.36750505235463 ], [ 49.666049194335969, 31.356173197428415 ], [ 49.654784138997421, 31.343826802571645 ], [ 49.654166666666697, 31.341666666666697 ], [ 49.654733954535615, 31.339456176757842 ], [ 49.657766045464442, 31.335543823242219 ], [ 49.659184095594647, 31.330017598470082 ], [ 49.666021050347254, 31.328263176812094 ], [ 49.67859937879777, 31.314710489908883 ], [ 49.680134412977459, 31.308729214138484 ], [ 49.685289510091174, 31.304733954535621 ], [ 49.691666666666698, 31.304166666666696 ], [ 49.698257785373293, 31.303813340928848 ], [ 49.705908881293432, 31.296186659071211 ], [ 49.708333333333364, 31.295833333333363 ], [ 49.707597859700549, 31.288299899631106 ], [ 49.70216030544708, 31.283950975206192 ], [ 49.692460801866346, 31.282539198133708 ], [ 49.690898301866348, 31.271804979112442 ], [ 49.685339694552979, 31.270215691460532 ], [ 49.677160305447075, 31.26311764187286 ], [ 49.625, 31.2625 ], [ 49.624100409613746, 31.258994547526072 ], [ 49.616666666666696, 31.258333333333361 ], [ 49.614456176757841, 31.257766045464439 ], [ 49.610543823242217, 31.25473395453562 ], [ 49.600887383355065, 31.253458150227893 ], [ 49.599432712131104, 31.247789510091174 ], [ 49.594913736979194, 31.242370944552981 ], [ 49.585289510091172, 31.24109937879777 ], [ 49.577210489908879, 31.233900621202284 ], [ 49.574253336588569, 31.232766045464437 ], [ 49.56875, 31.237031216091609 ], [ 49.564710489908883, 31.233900621202284 ], [ 49.5625, 31.233333333333363 ], [ 49.562142266167562, 31.230878872341609 ], [ 49.548257785373295, 31.217019992404541 ], [ 49.543408881293431, 31.216313340928849 ], [ 49.539924452039955, 31.212853325737875 ], [ 49.53333333333336, 31.2125 ], [ 49.532672119140649, 31.20506625705298 ], [ 49.525850762261314, 31.20331573486331 ], [ 49.524432712131102, 31.197789510091173 ], [ 49.504733954535617, 31.177210489908884 ], [ 49.503599378797773, 31.172789510091174 ], [ 49.492233954535614, 31.160543823242215 ], [ 49.49109937879777, 31.156122843424509 ], [ 49.488067287868951, 31.152210489908882 ], [ 49.486532253689262, 31.146229383680584 ], [ 49.481377156575547, 31.142233954535619 ], [ 49.479166666666693, 31.141666666666694 ], [ 49.47083333333336, 31.141666666666694 ], [ 49.467517428927977, 31.142517428927981 ], [ 49.466666666666697, 31.145833333333361 ], [ 49.464242214626765, 31.145480007595513 ], [ 49.460757785373289, 31.142019992404542 ], [ 49.455908881293432, 31.141313340928846 ], [ 49.450358072916693, 31.135790337456626 ], [ 49.449646674262176, 31.130908881293429 ], [ 49.446186659071209, 31.127424452039957 ], [ 49.445833333333361, 31.125 ], [ 49.443622843424507, 31.124432712131103 ], [ 49.435543823242213, 31.117233954535617 ], [ 49.431122843424504, 31.11609937879777 ], [ 49.42721048990888, 31.113067287868951 ], [ 49.376956176757837, 31.111932712131104 ], [ 49.355057440863739, 31.090970526801243 ], [ 49.353315904405406, 31.084184095594644 ], [ 49.35, 31.083333333333361 ], [ 49.343408881293428, 31.083686659071208 ], [ 49.339924452039959, 31.087146674262179 ], [ 49.335786946614611, 31.087853325737875 ], [ 49.331591118706626, 31.083686659071208 ], [ 49.323286946614608, 31.082980007595513 ], [ 49.319091118706623, 31.087146674262179 ], [ 49.316666666666691, 31.0875 ], [ 49.316666666666691, 31.083333333333361 ], [ 49.314418538411481, 31.082803683810791 ], [ 49.298081461588566, 31.067196316189264 ], [ 49.278226047092041, 31.066137017144126 ], [ 49.273081461588568, 31.070303683810792 ], [ 49.268585205078153, 31.071362982855931 ], [ 49.26349928114152, 31.075482177734401 ], [ 49.258905707465303, 31.07405124240454 ], [ 49.257803683810792, 31.049059380425376 ], [ 49.262111748589433, 31.04374050564239 ], [ 49.254696316189261, 31.035581461588571 ], [ 49.254166666666691, 31.0125 ], [ 49.251956176757837, 31.011932712131102 ], [ 49.248043823242213, 31.008900621202283 ], [ 49.24237501356339, 31.007445949978326 ], [ 49.24109937879777, 30.997789510091174 ], [ 49.237103949652806, 30.992634412977459 ], [ 49.231122843424501, 30.99109937879777 ], [ 49.218877156575545, 30.979733954535618 ], [ 49.214456176757835, 30.978599378797771 ], [ 49.210543823242212, 30.975567287868952 ], [ 49.205017428927974, 30.974149237738743 ], [ 49.203599378797769, 30.968622843424505 ], [ 49.19640062120228, 30.960543823242215 ], [ 49.195266045464436, 30.956122843424506 ], [ 49.186493937174504, 30.946451822916693 ], [ 49.175, 30.945833333333361 ], [ 49.174382527669295, 30.939506361219646 ], [ 49.171450805664087, 30.935493638780407 ], [ 49.169906955295161, 30.930093044704886 ], [ 49.162860446506102, 30.928078545464437 ], [ 49.150617472330751, 30.914660305447075 ], [ 49.14919297960072, 30.904872300889782 ], [ 49.130160183376759, 30.903474595811659 ], [ 49.128008015950542, 30.895947265625026 ], [ 49.122993638780407, 30.892284138997422 ], [ 49.110339694552977, 30.891049194335963 ], [ 49.106326972113742, 30.888117472330755 ], [ 49.102006361219644, 30.886882527669297 ], [ 49.089591810438392, 30.875555419921902 ], [ 49.084694417317735, 30.879132758246556 ], [ 49.079038831922766, 30.87206115722659 ], [ 49.083333333333357, 30.870833333333358 ], [ 49.082766045464432, 30.868622843424504 ], [ 49.07556728786895, 30.860543823242214 ], [ 49.074149237738737, 30.855017428927976 ], [ 49.0686228434245, 30.853599378797767 ], [ 49.05221048990888, 30.838067287868949 ], [ 49.025, 30.8375 ], [ 49.022789510091172, 30.836932712131102 ], [ 49.018877156575542, 30.833900621202282 ], [ 49.01028951009117, 30.832766045464435 ], [ 49.002210489908876, 30.82556728786895 ], [ 48.997789510091167, 30.824432712131102 ], [ 48.98971048990888, 30.817233954535617 ], [ 48.984184095594642, 30.815815904405408 ], [ 48.98276604546443, 30.81028951009117 ], [ 48.978770616319466, 30.805134412977456 ], [ 48.975, 30.804166666666692 ], [ 48.970833333333353, 30.804166666666692 ], [ 48.947575547960092, 30.80451999240454 ], [ 48.944091118706623, 30.807980007595511 ], [ 48.939953613281276, 30.808686659071206 ], [ 48.935757785373283, 30.80451999240454 ], [ 48.931620279947936, 30.803813340928844 ], [ 48.927424452039951, 30.807980007595511 ], [ 48.918408881293423, 30.808686659071206 ], [ 48.914924452039955, 30.812146674262177 ], [ 48.898286946614604, 30.812853325737873 ], [ 48.893749660915823, 30.808347574869817 ], [ 48.887858072916686, 30.814209662543426 ], [ 48.8875, 30.816666666666691 ], [ 48.877006361219642, 30.817284138997422 ], [ 48.8729936387804, 30.82021586100263 ], [ 48.869995117187521, 30.821450805664089 ], [ 48.852092827690996, 30.804721408420164 ], [ 48.847993638780402, 30.807715861002631 ], [ 48.845364040798636, 30.80895080566409 ], [ 48.839660135904971, 30.80478413899742 ], [ 48.8370308770074, 30.803549194335965 ], [ 48.83011525472007, 30.808600870768256 ], [ 48.828549024793858, 30.797839694552977 ], [ 48.824886067708356, 30.792825317382839 ], [ 48.81867319742841, 30.791049194335962 ], [ 48.814660135904973, 30.788117472330754 ], [ 48.8125, 30.7875 ], [ 48.810075547960089, 30.787853325737871 ], [ 48.802424452039951, 30.795480007595511 ], [ 48.791666666666686, 30.795833333333359 ], [ 48.789242214626761, 30.795480007595511 ], [ 48.779524400499156, 30.785788302951413 ], [ 48.77916666666669, 30.78333333333336 ], [ 48.779519992404538, 30.780908881293428 ], [ 48.783686659071201, 30.776713053385443 ], [ 48.782977464463997, 30.768378702799502 ], [ 48.777424452039952, 30.762853325737872 ], [ 48.768408881293425, 30.762146674262176 ], [ 48.764924452039949, 30.758686659071206 ], [ 48.760075547960092, 30.75798000759551 ], [ 48.756591118706616, 30.754519992404539 ], [ 48.75, 30.754166666666691 ], [ 48.749646674262173, 30.751742214626759 ], [ 48.745480007595503, 30.747546386718774 ], [ 48.746186659071199, 30.743408881293426 ], [ 48.749646674262173, 30.739924452039954 ], [ 48.750353325737869, 30.735075547960093 ], [ 48.754519992404532, 30.730879720052108 ], [ 48.753813340928843, 30.714242214626761 ], [ 48.750353325737869, 30.710757785373289 ], [ 48.749646674262173, 30.705908881293428 ], [ 48.746186659071199, 30.702424452039956 ], [ 48.745833333333351, 30.695833333333358 ], [ 48.734142896864171, 30.696521335177977 ], [ 48.732543945312521, 30.707506985134572 ], [ 48.724127197265645, 30.708950805664088 ], [ 48.711882358127191, 30.697201199001761 ], [ 48.71666666666669, 30.695833333333358 ], [ 48.71666666666669, 30.691666666666691 ], [ 48.716313340928842, 30.689242214626759 ], [ 48.712853325737868, 30.685757785373287 ], [ 48.7125, 30.658333333333356 ], [ 48.681122843424497, 30.657766045464435 ], [ 48.67304382324221, 30.650567287868949 ], [ 48.668622843424501, 30.649432712131102 ], [ 48.659036254882835, 30.640737575954887 ], [ 48.657766045464427, 30.631122843424503 ], [ 48.650567287868945, 30.623043823242213 ], [ 48.649432712131095, 30.618622843424504 ], [ 48.638067287868942, 30.606377156575544 ], [ 48.636600409613735, 30.600661214192733 ], [ 48.629166666666684, 30.6 ], [ 48.628549024793855, 30.597839694552974 ], [ 48.62145097520618, 30.589660305447072 ], [ 48.619465467664952, 30.582715861002626 ], [ 48.602006530761741, 30.583950805664085 ], [ 48.597916666666684, 30.586938476562523 ], [ 48.593826802571634, 30.583950805664085 ], [ 48.588426378038214, 30.582406955295163 ], [ 48.586573621961826, 30.575926378038218 ], [ 48.581173197428406, 30.574382527669293 ], [ 48.575469122992644, 30.570215861002627 ], [ 48.572839864095073, 30.571450805664085 ], [ 48.568027750651062, 30.574966091579885 ], [ 48.56311764187285, 30.56882697211374 ], [ 48.561551411946631, 30.558065795898461 ], [ 48.55625, 30.561938476562524 ], [ 48.55216013590497, 30.558950805664086 ], [ 48.54675971137155, 30.557406955295164 ], [ 48.544847106933616, 30.55071716308596 ], [ 48.5375, 30.55 ], [ 48.526956176757835, 30.5494327121311 ], [ 48.521801079644113, 30.545437282986136 ], [ 48.520266045464432, 30.539456176757835 ], [ 48.507355244954447, 30.525654432508702 ], [ 48.492566257052971, 30.524338785807316 ], [ 48.491666666666688, 30.520833333333357 ], [ 48.490895250108522, 30.513271416558183 ], [ 48.476030137803839, 30.511755032009571 ], [ 48.475, 30.508333333333358 ], [ 48.466666666666683, 30.508333333333358 ], [ 48.45833333333335, 30.508333333333358 ], [ 48.45833333333335, 30.5 ], [ 48.457482401529965, 30.496684095594642 ], [ 48.454166666666687, 30.495833333333355 ], [ 48.447575547960085, 30.495480007595511 ], [ 48.439924452039946, 30.48785332573787 ], [ 48.435075547960089, 30.487146674262174 ], [ 48.42952473958335, 30.481623670789954 ], [ 48.429166666666688, 30.479166666666689 ], [ 48.421732923719638, 30.478505452473982 ], [ 48.419924079047327, 30.471456909179711 ], [ 48.396742587619379, 30.470209757487002 ], [ 48.394982401529965, 30.463350762261307 ], [ 48.388208516438823, 30.461612616644988 ], [ 48.386932712131092, 30.451956176757836 ], [ 48.3781936645508, 30.442321438259572 ], [ 48.364456176757827, 30.441099378797766 ], [ 48.360543823242203, 30.438067287868947 ], [ 48.351956176757831, 30.4369327121311 ], [ 48.348043823242207, 30.43390062120228 ], [ 48.341666666666683, 30.433333333333355 ], [ 48.339242214626751, 30.432980007595507 ], [ 48.335757785373282, 30.429519992404536 ], [ 48.325, 30.429166666666688 ], [ 48.321684265136739, 30.428315904405405 ], [ 48.320833333333354, 30.425 ], [ 48.318408881293422, 30.424646674262174 ], [ 48.314924452039946, 30.421186659071203 ], [ 48.310075547960089, 30.420480007595508 ], [ 48.30625, 30.41668124728735 ], [ 48.302424452039951, 30.420480007595508 ], [ 48.3, 30.420833333333356 ], [ 48.296745300292983, 30.420066663954014 ], [ 48.295303853352884, 30.415726047092036 ], [ 48.299470520019547, 30.410581461588563 ], [ 48.3, 30.408333333333356 ], [ 48.299073621961824, 30.405093044704884 ], [ 48.291963365342902, 30.403060234917557 ], [ 48.283950975206182, 30.393826972113736 ], [ 48.282530721028664, 30.384068467881967 ], [ 48.268673197428406, 30.382715861002627 ], [ 48.256326802571628, 30.371450805664082 ], [ 48.254166666666684, 30.370833333333355 ], [ 48.25, 30.370833333333355 ], [ 48.247575547960089, 30.370480007595507 ], [ 48.24202473958335, 30.364957004123287 ], [ 48.241666666666681, 30.3625 ], [ 48.240815734863297, 30.359184095594639 ], [ 48.2375, 30.358333333333356 ], [ 48.238637118869377, 30.353902180989603 ], [ 48.245086669921889, 30.358900621202277 ], [ 48.248043823242206, 30.35776604546443 ], [ 48.25195617675783, 30.354733954535611 ], [ 48.264710489908872, 30.353599378797764 ], [ 48.268622843424495, 30.350567287868945 ], [ 48.273043823242205, 30.349432712131097 ], [ 48.276956176757828, 30.346400621202278 ], [ 48.281377156575537, 30.345266045464431 ], [ 48.293622843424494, 30.333900621202279 ], [ 48.299149068196634, 30.33248257107207 ], [ 48.3, 30.329166666666687 ], [ 48.303436787923197, 30.328284708658877 ], [ 48.341099378797757, 30.289710489908874 ], [ 48.342634412977446, 30.283729383680576 ], [ 48.347789510091161, 30.279733954535612 ], [ 48.35221048990887, 30.278599378797765 ], [ 48.368622843424497, 30.263067287868946 ], [ 48.37414906819663, 30.261649237738737 ], [ 48.375850931803406, 30.255017428927971 ], [ 48.381377156575539, 30.253599378797762 ], [ 48.385289510091162, 30.250567287868943 ], [ 48.3875, 30.25 ], [ 48.388467746310781, 30.246229383680575 ], [ 48.393622843424495, 30.24223395453561 ], [ 48.398043823242205, 30.241099378797763 ], [ 48.406122843424498, 30.233900621202277 ], [ 48.411649068196631, 30.232482571072069 ], [ 48.413067287868941, 30.226956176757835 ], [ 48.42026604546443, 30.218877156575541 ], [ 48.421400621202274, 30.210289510091165 ], [ 48.428599378797763, 30.202210489908875 ], [ 48.429733954535607, 30.197789510091166 ], [ 48.432766045464426, 30.193877156575542 ], [ 48.433900621202277, 30.185289510091167 ], [ 48.436932712131096, 30.181377156575543 ], [ 48.43806728786894, 30.164456176757831 ], [ 48.441099378797759, 30.160543823242207 ], [ 48.441666666666684, 30.158333333333353 ], [ 48.444091118706616, 30.157980007595505 ], [ 48.447575547960085, 30.154519992404534 ], [ 48.45833333333335, 30.154166666666686 ], [ 48.458994547526061, 30.14673292371964 ], [ 48.466029018825971, 30.144927639431444 ], [ 48.467233954535608, 30.126956176757833 ], [ 48.470266045464427, 30.123043823242206 ], [ 48.471684265136737, 30.117517428927972 ], [ 48.475, 30.116666666666685 ], [ 48.486488003200975, 30.11604851616757 ], [ 48.499432712131096, 30.102210489908892 ], [ 48.500909254286043, 30.096456909179722 ], [ 48.5125, 30.095833333333371 ], [ 48.511532253689253, 30.092062547471823 ], [ 48.506377156575539, 30.088067287868959 ], [ 48.496752760145419, 30.086795722113752 ], [ 48.492233954535607, 30.081377156575556 ], [ 48.490779283311653, 30.075708516438837 ], [ 48.480099826388908, 30.07429758707686 ], [ 48.466099378797765, 30.059330919053856 ], [ 48.467233954535608, 30.047789510091182 ], [ 48.470266045464427, 30.043877156575554 ], [ 48.471400621202278, 30.022789510091179 ], [ 48.474432712131097, 30.018877156575556 ], [ 48.475, 30.016666666666701 ], [ 48.474646674262175, 30.014242214626773 ], [ 48.467019992404531, 30.006591118706631 ], [ 48.466313340928835, 30.00174221462677 ], [ 48.462853325737868, 29.998257785373298 ], [ 48.4625, 29.995833333333369 ], [ 48.4625, 29.991666666666703 ], [ 48.45833333333335, 29.991666666666703 ], [ 48.457980007595502, 29.994091118706631 ], [ 48.452098931206613, 30.000001695421041 ], [ 48.446189032660612, 29.994121127658456 ], [ 48.445480007595506, 29.985075547960104 ], [ 48.437853325737862, 29.977424452039966 ], [ 48.4375, 29.975 ], [ 48.439924452039946, 29.975353325737881 ], [ 48.455908881293425, 29.991313340928855 ], [ 48.45833333333335, 29.991666666666703 ], [ 48.457980007595502, 29.989242214626771 ], [ 48.442019992404532, 29.973257785373299 ], [ 48.441666666666684, 29.970833333333367 ], [ 48.441313340928836, 29.968408881293438 ], [ 48.437853325737862, 29.964924452039966 ], [ 48.437142266167555, 29.960044860839879 ], [ 48.426715935601145, 29.949646674262187 ], [ 48.422575547960086, 29.950353325737883 ], [ 48.418379550510004, 29.954519992404549 ], [ 48.414242214626753, 29.953813340928853 ], [ 48.410046217176671, 29.949646674262187 ], [ 48.397575547960088, 29.950353325737883 ], [ 48.393379550509998, 29.954519992404549 ], [ 48.389242214626755, 29.953813340928853 ], [ 48.385400729709218, 29.949998643663228 ], [ 48.379519992404532, 29.955908881293439 ], [ 48.378813340928836, 29.9607577853733 ], [ 48.375353325737862, 29.964242214626772 ], [ 48.374646674262173, 29.973257785373299 ], [ 48.370480007595503, 29.977453782823385 ], [ 48.371186659071199, 29.989924452039965 ], [ 48.375353325737862, 29.994120449490051 ], [ 48.374646674262173, 30.002424452039964 ], [ 48.371186659071199, 30.005908881293436 ], [ 48.370833333333351, 30.0125 ], [ 48.351956176757831, 30.011932712131095 ], [ 48.348043823242207, 30.008900621202276 ], [ 48.339456176757828, 30.007766045464429 ], [ 48.331377156575542, 30.000567287868943 ], [ 48.320086669921892, 29.999432712131096 ], [ 48.314710489908869, 30.003599378797762 ], [ 48.310289510091167, 30.00473395453561 ], [ 48.300919765896282, 30.013082885742207 ], [ 48.299432712131093, 30.018877156575542 ], [ 48.295655992296027, 30.023750135633698 ], [ 48.290920003255223, 30.025567287868942 ], [ 48.285543823242207, 30.021400621202275 ], [ 48.282586669921891, 30.020266045464428 ], [ 48.275967746310783, 30.02539605034724 ], [ 48.274112616644985, 30.032624986436652 ], [ 48.264456176757832, 30.033900621202275 ], [ 48.256377156575539, 30.04109937879776 ], [ 48.246720716688387, 30.042375013563387 ], [ 48.245833333333351, 30.045833333333352 ], [ 48.2436731974284, 30.046450805664083 ], [ 48.239660135904963, 30.049382527669291 ], [ 48.235339864095067, 30.05061747233075 ], [ 48.23132680257163, 30.053549194335957 ], [ 48.221568467881958, 30.054969278971374 ], [ 48.220215691460517, 30.068826972113733 ], [ 48.216490512424059, 30.073926459418423 ], [ 48.209701199001756, 30.075617472330748 ], [ 48.207120768229181, 30.066592068142381 ], [ 48.202160135904961, 30.070215861002623 ], [ 48.2, 30.070833333333354 ], [ 48.2, 30.075 ], [ 48.203505452473976, 30.075899590386303 ], [ 48.204733954535605, 30.089710489908875 ], [ 48.212038167317722, 30.097907850477451 ], [ 48.208802117241767, 30.102083333333354 ], [ 48.212038167317722, 30.106258816189257 ], [ 48.203583780924497, 30.115747070312519 ], [ 48.196541849772153, 30.11755405002172 ], [ 48.195266045464429, 30.127210489908876 ], [ 48.18806728786894, 30.135289510091166 ], [ 48.1875, 30.141666666666687 ], [ 48.18533986409507, 30.142284138997415 ], [ 48.181326802571633, 30.145215861002626 ], [ 48.172839864095067, 30.146450805664081 ], [ 48.16875, 30.149438476562519 ], [ 48.163448588053399, 30.145565795898456 ], [ 48.161882358127187, 30.156326972113735 ], [ 48.154784308539512, 30.164506361219637 ], [ 48.153549024793854, 30.168826972113735 ], [ 48.144433254665813, 30.179104275173632 ], [ 48.139660135904961, 30.17561747233075 ], [ 48.137030877007398, 30.174382527669291 ], [ 48.131326802571628, 30.178549194335957 ], [ 48.121804979112426, 30.179935031467036 ], [ 48.120215691460523, 30.1854936387804 ], [ 48.116335550944029, 30.190805053710957 ], [ 48.106173197428404, 30.192284138997415 ], [ 48.102160135904967, 30.195215861002623 ], [ 48.097839864095064, 30.196450805664082 ], [ 48.093826802571627, 30.199382527669293 ], [ 48.085339864095069, 30.200617472330748 ], [ 48.080202229817722, 30.204370456271722 ], [ 48.078549024793851, 30.211500379774325 ], [ 48.090742323133696, 30.213275146484396 ], [ 48.092284308539512, 30.21946546766495 ], [ 48.085339864095069, 30.221450805664084 ], [ 48.081326802571631, 30.224382527669292 ], [ 48.072839864095066, 30.22561747233075 ], [ 48.064660135904965, 30.232715861002625 ], [ 48.0561731974284, 30.233950805664083 ], [ 48.051158820258259, 30.237613932291687 ], [ 48.049382358127183, 30.243826972113737 ], [ 48.046450975206177, 30.247839694552972 ], [ 48.04521569146052, 30.25216030544707 ], [ 48.042225646972675, 30.256253390842033 ], [ 48.046633232964425, 30.261764526367209 ], [ 48.054166666666681, 30.2625 ], [ 48.053813340928833, 30.264924452039953 ], [ 48.050353325737859, 30.268408881293425 ], [ 48.05, 30.270833333333353 ], [ 48.050354173448369, 30.281619940863735 ], [ 48.055908881293419, 30.287146674262175 ], [ 48.060757785373276, 30.287853325737867 ], [ 48.068408881293415, 30.295480007595508 ], [ 48.070833333333347, 30.295833333333356 ], [ 48.070215691460518, 30.297993638780405 ], [ 48.05895097520618, 30.310339694552972 ], [ 48.057715691460515, 30.32716030544707 ], [ 48.05478430853951, 30.331173027886308 ], [ 48.053549024793853, 30.337969292534744 ], [ 48.058407931857651, 30.344620768229188 ], [ 48.052006530761737, 30.346450805664084 ], [ 48.04382680257163, 30.353549194335958 ], [ 48.034068467881958, 30.354969278971375 ], [ 48.033333333333367, 30.3625 ], [ 48.032766045464427, 30.364710489908877 ], [ 48.029733954535608, 30.3686228434245 ], [ 48.028599378797757, 30.381377156575542 ], [ 48.025567287868938, 30.38528951009117 ], [ 48.024432712131095, 30.392413330078146 ], [ 48.028599378797757, 30.397789510091169 ], [ 48.030017598470067, 30.403315904405403 ], [ 48.036649068196631, 30.405017428927973 ], [ 48.0375, 30.408333333333356 ], [ 48.0368119981554, 30.420023939344642 ], [ 48.027006530761732, 30.421450805664087 ], [ 48.022993469238294, 30.424382527669295 ], [ 48.018673197428399, 30.42561747233075 ], [ 48.014660135904961, 30.428549194335961 ], [ 48.008333333333361, 30.429166666666688 ], [ 48.004827880859388, 30.430066257052975 ], [ 48.004166666666698, 30.4375 ], [ 48.003315734863293, 30.440815904405405 ], [ 48.0, 30.441666666666688 ], [ 47.992566257052964, 30.441005452473981 ], [ 47.991666666666696, 30.4375 ], [ 47.99074944390194, 30.433926052517382 ], [ 47.966666666666697, 30.433333333333355 ], [ 47.96581590440541, 30.436649237738738 ], [ 47.9625, 30.4375 ], [ 47.91344299316409, 30.43809238009985 ], [ 47.911591593424511, 30.445109727647591 ], [ 47.901968722873292, 30.446413167317729 ], [ 47.898031277126769, 30.449420166015649 ], [ 47.889468722873296, 30.450579833984399 ], [ 47.885531277126766, 30.453586832682316 ], [ 47.876968722873293, 30.454746500651066 ], [ 47.868864610460101, 30.461920166015648 ], [ 47.864468722873291, 30.463079833984398 ], [ 47.856364610460098, 30.470253499348981 ], [ 47.851968722873295, 30.471413167317731 ], [ 47.839697943793432, 30.482753499348981 ], [ 47.835302056206629, 30.483913167317731 ], [ 47.831364610460099, 30.486920166015647 ], [ 47.826968722873296, 30.488079833984397 ], [ 47.821846856011312, 30.491991170247417 ], [ 47.819618733723985, 30.500437757704017 ], [ 47.813234795464439, 30.499176364474849 ], [ 47.811920166015653, 30.489468722873287 ], [ 47.80800882975263, 30.484346856011307 ], [ 47.804166666666696, 30.483333333333356 ], [ 47.803446451822943, 30.471602037217906 ], [ 47.79375542534725, 30.463102213541688 ], [ 47.789578586154541, 30.46606377495662 ], [ 47.781301540798637, 30.45897623697919 ], [ 47.77703179253475, 30.457690429687524 ], [ 47.772968207465304, 30.454809570312523 ], [ 47.766816541883706, 30.452957153320334 ], [ 47.757690429687528, 30.442300415039085 ], [ 47.758976236979194, 30.435365125868078 ], [ 47.762750244140655, 30.430042182074676 ], [ 47.747865125868081, 30.428523763020856 ], [ 47.743801540798643, 30.425642903645855 ], [ 47.741666666666696, 30.425 ], [ 47.740452067057319, 30.42960442437068 ], [ 47.733975219726588, 30.428324720594642 ], [ 47.732753499348988, 30.406135389539951 ], [ 47.728290812174507, 30.400728013780405 ], [ 47.718635389539962, 30.399420166015648 ], [ 47.710531277126762, 30.392246500651062 ], [ 47.701968722873289, 30.391086832682312 ], [ 47.698031277126766, 30.388079833984396 ], [ 47.689468722873293, 30.386920166015646 ], [ 47.685531277126763, 30.383913167317729 ], [ 47.681135389539961, 30.382753499348979 ], [ 47.677197943793431, 30.379746500651063 ], [ 47.6625, 30.379166666666688 ], [ 47.662146674262182, 30.376742214626759 ], [ 47.658686659071208, 30.373257785373287 ], [ 47.65833333333336, 30.358333333333356 ], [ 47.647789510091172, 30.35776604546443 ], [ 47.642634412977458, 30.353770616319466 ], [ 47.641099378797769, 30.347789510091168 ], [ 47.636580403645858, 30.342370944552972 ], [ 47.626956176757844, 30.341099378797765 ], [ 47.623043823242213, 30.338067287868945 ], [ 47.617517428927982, 30.336649237738737 ], [ 47.61609937879777, 30.331122843424502 ], [ 47.613067287868951, 30.327210489908875 ], [ 47.611932712131107, 30.322789510091166 ], [ 47.608900621202288, 30.318877156575542 ], [ 47.607766045464437, 30.310289510091167 ], [ 47.603770616319473, 30.305134412977452 ], [ 47.6, 30.304166666666688 ], [ 47.593622843424505, 30.303599378797763 ], [ 47.585543823242219, 30.296400621202277 ], [ 47.580017428927981, 30.294982571072069 ], [ 47.578599378797769, 30.289456176757835 ], [ 47.570250447591171, 30.280086263020856 ], [ 47.564456176757837, 30.278599378797765 ], [ 47.560543823242213, 30.275567287868945 ], [ 47.556122843424504, 30.274432712131098 ], [ 47.548043823242217, 30.267233954535612 ], [ 47.543622843424508, 30.266099378797765 ], [ 47.539710489908884, 30.263067287868946 ], [ 47.526956176757842, 30.261932712131099 ], [ 47.518877156575549, 30.25473395453561 ], [ 47.51445617675784, 30.253599378797762 ], [ 47.510543823242216, 30.250567287868943 ], [ 47.501956176757837, 30.249432712131096 ], [ 47.498043823242213, 30.246400621202277 ], [ 47.492517428927975, 30.244982571072068 ], [ 47.49109937879777, 30.239456176757834 ], [ 47.487278238932319, 30.234525892469637 ], [ 47.482396104600724, 30.23276604546443 ], [ 47.473043823242215, 30.241099378797763 ], [ 47.47083333333336, 30.241666666666688 ], [ 47.468622843424505, 30.241099378797763 ], [ 47.463467746310791, 30.237103949652798 ], [ 47.46164923773874, 30.230017428927972 ], [ 47.456122843424509, 30.228599378797764 ], [ 47.446752929687527, 30.220250447591166 ], [ 47.445266045464436, 30.214456176757832 ], [ 47.436917114257838, 30.205086263020853 ], [ 47.431122843424504, 30.203599378797762 ], [ 47.417570326063398, 30.191021050347242 ], [ 47.415815904405406, 30.184184095594638 ], [ 47.4125, 30.183333333333355 ], [ 47.411780124240479, 30.171609836154534 ], [ 47.40416666666669, 30.170833333333352 ], [ 47.401956176757835, 30.17026604546443 ], [ 47.393877156575549, 30.163067287868945 ], [ 47.38528951009117, 30.161932712131097 ], [ 47.381377156575546, 30.158900621202278 ], [ 47.360289510091171, 30.157766045464431 ], [ 47.356377156575547, 30.154733954535612 ], [ 47.351956176757838, 30.153599378797765 ], [ 47.343877156575545, 30.146400621202275 ], [ 47.339456176757835, 30.145266045464432 ], [ 47.327210489908879, 30.133900621202276 ], [ 47.317554050021727, 30.132624986436653 ], [ 47.316099378797766, 30.126956176757833 ], [ 47.292233954535618, 30.102210489908874 ], [ 47.291099378797767, 30.097789510091165 ], [ 47.288067287868948, 30.093877156575541 ], [ 47.286932712131104, 30.085289510091165 ], [ 47.271400621202282, 30.068877156575539 ], [ 47.270833333333357, 30.066666666666684 ], [ 47.268622843424502, 30.066099378797762 ], [ 47.264710489908879, 30.063067287868943 ], [ 47.256122843424507, 30.061932712131096 ], [ 47.252210489908876, 30.058900621202277 ], [ 47.226214938693602, 30.05776604546443 ], [ 47.224432712131104, 30.064710489908872 ], [ 47.221400621202278, 30.0686228434245 ], [ 47.22083333333336, 30.070833333333354 ], [ 47.210075547960095, 30.071186659071198 ], [ 47.206248982747418, 30.074986436631963 ], [ 47.189924452039953, 30.058686659071199 ], [ 47.185075547960096, 30.057980007595503 ], [ 47.181591118706621, 30.054519992404533 ], [ 47.176742214626763, 30.053813340928841 ], [ 47.171191406250024, 30.048290337456617 ], [ 47.170480007595508, 30.043408881293423 ], [ 47.167019992404541, 30.039924452039948 ], [ 47.166313340928845, 30.030908881293421 ], [ 47.160790337456618, 30.025358072916685 ], [ 47.15833333333336, 30.025 ], [ 47.157766045464435, 30.018622843424499 ], [ 47.154733954535615, 30.014710489908872 ], [ 47.153198920355926, 30.008729383680574 ], [ 47.148043823242212, 30.00473395453561 ], [ 47.143622843424502, 30.003599378797762 ], [ 47.139710489908879, 30.000567287868943 ], [ 47.134184095594641, 29.999149237738735 ], [ 47.133333333333354, 29.995833333333351 ], [ 47.132766045464436, 29.993622843424514 ], [ 47.129733954535617, 29.989710489908887 ], [ 47.128599378797766, 29.985289510091182 ], [ 47.121400621202284, 29.977210489908888 ], [ 47.119865587022595, 29.971229214138489 ], [ 47.11471048990888, 29.967233954535626 ], [ 47.109041680230057, 29.965779283311665 ], [ 47.10776604546443, 29.956122843424513 ], [ 47.104733954535611, 29.952210489908889 ], [ 47.103599378797767, 29.94778951009118 ], [ 47.100567287868948, 29.943877156575557 ], [ 47.099432712131097, 29.939456176757847 ], [ 47.096400621202278, 29.93554382324222 ], [ 47.095266045464435, 29.926956176757848 ], [ 47.092233954535615, 29.923043823242221 ], [ 47.091099378797765, 29.914456176757845 ], [ 47.088067287868945, 29.910543823242222 ], [ 47.086612616644992, 29.904875183105503 ], [ 47.076956176757832, 29.903599378797779 ], [ 47.068877156575546, 29.896400621202289 ], [ 47.062896050347248, 29.894865587022604 ], [ 47.058900621202284, 29.889710489908889 ], [ 47.058333333333358, 29.875 ], [ 47.057766045464433, 29.872789510091181 ], [ 47.054733954535614, 29.868877156575554 ], [ 47.053315904405409, 29.863350931803421 ], [ 47.047789510091171, 29.861932712131111 ], [ 47.031377156575545, 29.846400621202292 ], [ 47.021762424045164, 29.845130411783888 ], [ 47.01306728786895, 29.835543823242222 ], [ 47.0125, 29.833333333333368 ], [ 47.012853325737872, 29.826742214626769 ], [ 47.016313340928839, 29.823257785373297 ], [ 47.017019992404535, 29.805908881293437 ], [ 47.0208187527127, 29.802083333333368 ], [ 47.016681247287352, 29.797916666666701 ], [ 47.020819430881097, 29.79374932183163 ], [ 47.012853325737872, 29.785757785373296 ], [ 47.012146674262176, 29.776742214626768 ], [ 47.008686659071202, 29.773257785373296 ], [ 47.007980007595506, 29.768408881293436 ], [ 47.004519992404539, 29.764924452039963 ], [ 47.004166666666691, 29.75 ], [ 46.981122843424501, 29.74943271213111 ], [ 46.977210489908877, 29.746400621202291 ], [ 46.974253336588561, 29.745266045464444 ], [ 46.968877156575545, 29.74943271213111 ], [ 46.949253336588562, 29.750567287868957 ], [ 46.943877156575546, 29.746400621202291 ], [ 46.931122843424504, 29.745266045464444 ], [ 46.92304382324221, 29.738067287868958 ], [ 46.917327880859396, 29.736600409613747 ], [ 46.916666666666686, 29.7291666666667 ], [ 46.91335076226131, 29.728315734863315 ], [ 46.911932712131097, 29.722789510091179 ], [ 46.904733954535615, 29.714710489908885 ], [ 46.903599378797765, 29.710289510091179 ], [ 46.900567287868945, 29.706377156575552 ], [ 46.899432712131102, 29.701956176757847 ], [ 46.882656182183183, 29.684228854709232 ], [ 46.879166666666691, 29.683333333333366 ], [ 46.879166666666691, 29.679166666666699 ], [ 46.875850762261308, 29.678315734863315 ], [ 46.874432712131096, 29.672789510091178 ], [ 46.870437282986131, 29.667634412977463 ], [ 46.864456176757834, 29.666099378797774 ], [ 46.859037611219641, 29.661580573187965 ], [ 46.85776604546443, 29.651956176757846 ], [ 46.853770616319466, 29.646801079644128 ], [ 46.847789510091168, 29.645266045464442 ], [ 46.829820760091167, 29.62818569607208 ], [ 46.828599378797762, 29.614456176757844 ], [ 46.819904073079449, 29.604869588216179 ], [ 46.810289510091167, 29.603599378797774 ], [ 46.802210489908873, 29.596400621202289 ], [ 46.8, 29.595833333333363 ], [ 46.800353325737866, 29.593408881293435 ], [ 46.804152086046031, 29.589583333333366 ], [ 46.800353325737866, 29.585757785373296 ], [ 46.799646674262178, 29.576742214626769 ], [ 46.796186659071203, 29.573257785373293 ], [ 46.795480007595508, 29.568408881293433 ], [ 46.79168124728735, 29.564583333333363 ], [ 46.795818752712698, 29.560416666666697 ], [ 46.792019992404533, 29.556591118706628 ], [ 46.791666666666686, 29.554166666666699 ], [ 46.791099378797767, 29.551956176757844 ], [ 46.775567287868945, 29.535543823242218 ], [ 46.774149068196635, 29.530017598470081 ], [ 46.767375183105493, 29.528279283311662 ], [ 46.765962388780402, 29.517586093478762 ], [ 46.760543823242209, 29.513067287868953 ], [ 46.755017598470076, 29.511649068196647 ], [ 46.753599378797766, 29.50612284342451 ], [ 46.746400621202277, 29.49804382324222 ], [ 46.744913567437088, 29.492249552408886 ], [ 46.73554382324221, 29.483900621202288 ], [ 46.72979024251304, 29.482424079047341 ], [ 46.729166666666686, 29.470833333333363 ], [ 46.725850931803407, 29.469982401529979 ], [ 46.725, 29.466666666666697 ], [ 46.718622843424498, 29.466099378797772 ], [ 46.714710489908875, 29.463067287868952 ], [ 46.710289510091165, 29.461932712131109 ], [ 46.700040181477888, 29.452636210123728 ], [ 46.703599378797762, 29.448043823242216 ], [ 46.704733954535612, 29.445086669921906 ], [ 46.699604119194902, 29.438467746310796 ], [ 46.6936228434245, 29.436932712131107 ], [ 46.685425482855926, 29.42962849934899 ], [ 46.681377156575543, 29.43276604546444 ], [ 46.669896104600717, 29.433900621202287 ], [ 46.660543823242207, 29.425567287868954 ], [ 46.656122843424498, 29.424432712131107 ], [ 46.652210489908875, 29.421400621202288 ], [ 46.647789510091165, 29.420266045464441 ], [ 46.639710489908872, 29.413067287868955 ], [ 46.63528951009117, 29.411932712131108 ], [ 46.62987094455297, 29.407413906521299 ], [ 46.628458150227885, 29.396720716688399 ], [ 46.622789510091167, 29.395266045464439 ], [ 46.618877156575543, 29.392233954535619 ], [ 46.614456176757834, 29.391099378797772 ], [ 46.61054382324221, 29.388067287868953 ], [ 46.60501759847007, 29.386649068196643 ], [ 46.604166666666686, 29.383333333333361 ], [ 46.600850931803407, 29.382482401529977 ], [ 46.6, 29.379166666666698 ], [ 46.596684265136737, 29.37831573486331 ], [ 46.595266045464427, 29.372789510091174 ], [ 46.590706888834653, 29.367322625054282 ], [ 46.58333333333335, 29.366666666666696 ], [ 46.571642896864169, 29.36597866482208 ], [ 46.570065138075108, 29.355138312445774 ], [ 46.563426378038216, 29.353240288628502 ], [ 46.561882358127193, 29.347839864095082 ], [ 46.55895097520618, 29.343826802571645 ], [ 46.557715691460523, 29.339506530761749 ], [ 46.553311326768686, 29.333999464246993 ], [ 46.5375, 29.333333333333364 ], [ 46.535075547960091, 29.333686659071212 ], [ 46.531591118706615, 29.337146674262183 ], [ 46.519120449490039, 29.337853325737875 ], [ 46.514924452039949, 29.333686659071212 ], [ 46.5125, 29.333333333333364 ], [ 46.510075547960085, 29.332980007595516 ], [ 46.506591118706616, 29.329519992404542 ], [ 46.497575547960089, 29.32881334092885 ], [ 46.494091118706613, 29.325353325737876 ], [ 46.491666666666688, 29.325 ], [ 46.489456176757834, 29.324432712131106 ], [ 46.484301079644119, 29.320437452528243 ], [ 46.482482401529964, 29.313350931803413 ], [ 46.475850931803407, 29.311649068196644 ], [ 46.474432712131097, 29.306122843424507 ], [ 46.47043745252823, 29.300967746310793 ], [ 46.464456176757828, 29.299432712131107 ], [ 46.454804992675797, 29.290678744845948 ], [ 46.453599378797762, 29.274253336588572 ], [ 46.457871500651059, 29.268741183810793 ], [ 46.450567287868942, 29.260543823242216 ], [ 46.449432712131092, 29.239456176757841 ], [ 46.43806728786894, 29.227210489908884 ], [ 46.43664906819663, 29.221684265136748 ], [ 46.433333333333351, 29.220833333333363 ], [ 46.433900621202277, 29.206122843424509 ], [ 46.441099378797759, 29.198043823242216 ], [ 46.44237518310549, 29.188387383355064 ], [ 46.445833333333354, 29.1875 ], [ 46.445266045464429, 29.181122843424507 ], [ 46.44223395453561, 29.177210489908884 ], [ 46.441099378797759, 29.172789510091174 ], [ 46.43806728786894, 29.168877156575547 ], [ 46.436932712131096, 29.160289510091175 ], [ 46.433900621202277, 29.156377156575548 ], [ 46.432766045464426, 29.151956176757842 ], [ 46.421400621202274, 29.139710489908882 ], [ 46.42026604546443, 29.131122843424507 ], [ 46.417233954535611, 29.127210489908883 ], [ 46.41609937879776, 29.122789510091174 ], [ 46.413067287868941, 29.11887715657555 ], [ 46.411649068196631, 29.113350762261312 ], [ 46.406122843424498, 29.111932712131104 ], [ 46.398043823242205, 29.104733954535618 ], [ 46.39231245252823, 29.103263007269994 ], [ 46.37973395453561, 29.089710489908882 ], [ 46.378462388780399, 29.08008626302086 ], [ 46.373043823242206, 29.07556728786895 ], [ 46.358333333333348, 29.075 ], [ 46.35742916531035, 29.078523084852456 ], [ 46.340729437934044, 29.079733954535619 ], [ 46.33008643256295, 29.070250447591174 ], [ 46.328599378797762, 29.06445617675784 ], [ 46.324040222167987, 29.058989122178847 ], [ 46.310289510091167, 29.057766045464437 ], [ 46.305134412977445, 29.053770616319472 ], [ 46.303315734863297, 29.046684095594646 ], [ 46.297789510091164, 29.045266045464437 ], [ 46.29387715657554, 29.042233954535618 ], [ 46.2875, 29.041666666666693 ], [ 46.272789510091165, 29.041099378797771 ], [ 46.264710489908872, 29.033900621202285 ], [ 46.260289510091162, 29.032766045464438 ], [ 46.255134412977448, 29.02877061631947 ], [ 46.253599378797759, 29.022789510091172 ], [ 46.25056728786894, 29.018877156575549 ], [ 46.249432712131096, 29.006122843424507 ], [ 46.245437452528229, 29.000967746310792 ], [ 46.239456176757827, 28.999432712131103 ], [ 46.235543823242203, 28.996400621202284 ], [ 46.226956176757831, 28.995266045464437 ], [ 46.217586432562953, 28.986917114257839 ], [ 46.215815734863298, 28.980017428927979 ], [ 46.209184265136734, 28.978315904405409 ], [ 46.207766045464425, 28.972789510091172 ], [ 46.204733954535605, 28.968877156575548 ], [ 46.203599378797762, 28.964456176757839 ], [ 46.200567287868942, 28.960543823242215 ], [ 46.199291483561211, 28.95088738335506 ], [ 46.192517598470069, 28.949149237738741 ], [ 46.191099378797759, 28.943622843424507 ], [ 46.18806728786894, 28.93971048990888 ], [ 46.1875, 28.9375 ], [ 46.176956176757827, 28.936932712131103 ], [ 46.171801079644112, 28.932937282986138 ], [ 46.170266045464423, 28.926956176757837 ], [ 46.165747239854618, 28.921537611219645 ], [ 46.155054050021718, 28.920124986436658 ], [ 46.153599378797757, 28.914456176757838 ], [ 46.148504299587692, 28.908346557617215 ], [ 46.142634412977444, 28.91289605034725 ], [ 46.14166666666668, 28.916666666666693 ], [ 46.134232923719637, 28.916005452473986 ], [ 46.132766045464429, 28.910289510091172 ], [ 46.103448825412343, 28.880051676432316 ], [ 46.097789510091161, 28.87859937879777 ], [ 46.088419765896283, 28.870250447591172 ], [ 46.086932712131095, 28.864456176757837 ], [ 46.083900621202275, 28.860543823242214 ], [ 46.082482401529965, 28.855017428927976 ], [ 46.076956176757825, 28.853599378797767 ], [ 46.071801079644111, 28.849603949652803 ], [ 46.069982401529963, 28.842517428927977 ], [ 46.066666666666684, 28.841666666666693 ], [ 46.06445617675783, 28.841099378797768 ], [ 46.059301079644115, 28.837103949652803 ], [ 46.057766045464426, 28.831122843424506 ], [ 46.054733954535607, 28.827210489908879 ], [ 46.053599378797756, 28.818622843424503 ], [ 46.046400621202274, 28.810543823242213 ], [ 46.044945949978313, 28.804875013563393 ], [ 46.035289510091161, 28.80359937879777 ], [ 46.030134412977446, 28.799603949652802 ], [ 46.028599378797757, 28.793622843424505 ], [ 46.021400621202275, 28.785543823242215 ], [ 46.020266045464425, 28.782586669921901 ], [ 46.024531216091596, 28.777083333333358 ], [ 46.021400621202275, 28.773043823242212 ], [ 46.02083333333335, 28.770833333333357 ], [ 46.017375183105486, 28.769945949978322 ], [ 46.016099378797762, 28.76028951009117 ], [ 46.013067287868935, 28.756377156575546 ], [ 46.011586676703573, 28.750607638888916 ], [ 45.995833333333351, 28.75 ], [ 45.995172119140641, 28.742566257052978 ], [ 45.987895880805134, 28.740698920355928 ], [ 45.983900621202274, 28.73554382324221 ], [ 45.982766045464423, 28.726956176757838 ], [ 45.975567287868941, 28.718877156575545 ], [ 45.97443271213109, 28.706122843424502 ], [ 45.971400621202271, 28.702210489908879 ], [ 45.970266045464427, 28.68528951009117 ], [ 45.967233954535608, 28.681377156575547 ], [ 45.966666666666683, 28.65416666666669 ], [ 45.95833333333335, 28.65416666666669 ], [ 45.955017598470064, 28.653315904405407 ], [ 45.95416666666668, 28.65 ], [ 45.955017598470064, 28.646684095594644 ], [ 45.95833333333335, 28.645833333333357 ], [ 45.957365587022586, 28.642062717013914 ], [ 45.952210489908872, 28.63806728786895 ], [ 45.946684265136732, 28.636649237738737 ], [ 45.944982401529963, 28.630017428927975 ], [ 45.937895880805137, 28.628198920355928 ], [ 45.93390062120227, 28.623043823242213 ], [ 45.932445949978316, 28.617375013563393 ], [ 45.921720716688384, 28.615958319769987 ], [ 45.920266045464423, 28.610289510091171 ], [ 45.917233954535604, 28.606377156575544 ], [ 45.916005452473975, 28.592566257052976 ], [ 45.9125, 28.59166666666669 ], [ 45.889242214626769, 28.592019992404538 ], [ 45.885757785373293, 28.595480007595508 ], [ 45.879166666666698, 28.595833333333356 ], [ 45.876742214626766, 28.595480007595508 ], [ 45.873257785373291, 28.592019992404538 ], [ 45.870833333333366, 28.59166666666669 ], [ 45.869906955295171, 28.594906955295162 ], [ 45.864506361219647, 28.596450805664087 ], [ 45.859194946289094, 28.600330946180581 ], [ 45.857539198133708, 28.611705864800371 ], [ 45.847839694552981, 28.613117472330753 ], [ 45.842528279622428, 28.616997612847246 ], [ 45.841049194335966, 28.627160305447074 ], [ 45.837169053819473, 28.632471720377627 ], [ 45.825753445095515, 28.634133232964434 ], [ 45.8243825276693, 28.646302625868081 ], [ 45.82854919433597, 28.652006361219641 ], [ 45.829166666666694, 28.6625 ], [ 45.817575751410622, 28.661876424153668 ], [ 45.815779283311663, 28.654875013563391 ], [ 45.806122843424511, 28.653599378797768 ], [ 45.80221048990888, 28.650567287868949 ], [ 45.797789510091178, 28.649432712131102 ], [ 45.789710489908884, 28.642233954535612 ], [ 45.785289510091175, 28.641099378797769 ], [ 45.781377156575552, 28.63806728786895 ], [ 45.775850762261314, 28.636649237738737 ], [ 45.774432712131109, 28.631122843424503 ], [ 45.767233954535619, 28.623043823242213 ], [ 45.765815904405414, 28.617517428927975 ], [ 45.759041680230062, 28.615779283311657 ], [ 45.757766045464436, 28.606122843424501 ], [ 45.753770616319471, 28.600967746310786 ], [ 45.75, 28.6 ], [ 45.750353325737876, 28.597575547960094 ], [ 45.753813340928851, 28.594091118706622 ], [ 45.754519992404539, 28.568408881293426 ], [ 45.758686659071209, 28.564213053385441 ], [ 45.757980007595513, 28.543408881293427 ], [ 45.754519992404539, 28.539924452039955 ], [ 45.753813340928851, 28.526742214626758 ], [ 45.750353325737876, 28.523257785373286 ], [ 45.749646674262181, 28.518408881293425 ], [ 45.746186659071206, 28.514924452039953 ], [ 45.745833333333366, 28.5125 ], [ 45.738399590386315, 28.511838785807313 ], [ 45.736932712131107, 28.506122843424503 ], [ 45.733900621202288, 28.502210489908876 ], [ 45.732766045464437, 28.497789510091167 ], [ 45.728770616319473, 28.492634412977452 ], [ 45.725, 28.491666666666688 ] ] ] ] } }
]
}
