{
"type": "FeatureCollection",
"name": "Yangtze_4030009880",
"crs": { "type": "name", "properties": { "name": "urn:ogc:def:crs:OGC:1.3:CRS84" } },
"features": [
{ "type": "Feature", "properties": { "HYBAS_ID": 4030009880, "NEXT_DOWN": 0, "NEXT_SINK": 4030009880, "MAIN_BAS": 4030009880, "DIST_SINK": 0.0, "DIST_MAIN": 0.0, "SUB_AREA": 1924624.7, "UP_AREA": 1924624.7, "PFAF_ID": 434, "ENDO": 0, "COAST": 0, "ORDER": 1, "SORT": 8 }, "geometry": { "type": "MultiPolygon", "coordinates": [ [ [ [ 112.383333333333354, 25.154166666666693 ], [ 112.383333333333354, 25.1625 ], [ 112.387711249457496, 25.163751729329455 ], [ 112.374639723036054, 25.178078375922336 ], [ 112.367383829752626, 25.180152893066435 ], [ 112.365931532118083, 25.195030721028672 ], [ 112.356173197428404, 25.19645097520619 ], [ 112.352074856228327, 25.199444749620255 ], [ 112.339660135904978, 25.188117641872857 ], [ 112.328697543674068, 25.1868823581272 ], [ 112.322993469238313, 25.191049024793866 ], [ 112.30933295355905, 25.192284308539524 ], [ 112.30771569146053, 25.181173197428414 ], [ 112.304784308539524, 25.177160135904977 ], [ 112.303549024793867, 25.172839864095081 ], [ 112.300617641872861, 25.168826802571644 ], [ 112.29923180474178, 25.159304979112441 ], [ 112.295833333333363, 25.15833333333336 ], [ 112.29526604546443, 25.160543823242215 ], [ 112.290706888834663, 25.166010708279106 ], [ 112.276956176757835, 25.167233954535618 ], [ 112.273043823242205, 25.170266045464437 ], [ 112.250909254286043, 25.171456909179717 ], [ 112.249432712131096, 25.177210489908884 ], [ 112.246400621202284, 25.181122843424507 ], [ 112.245833333333351, 25.1875 ], [ 112.231122843424501, 25.188067287868954 ], [ 112.227210489908884, 25.191099378797773 ], [ 112.221684265136744, 25.192517598470079 ], [ 112.219982401529975, 25.199149068196643 ], [ 112.216666666666697, 25.2 ], [ 112.215815734863298, 25.20331573486331 ], [ 112.2125, 25.204166666666694 ], [ 112.209184265136741, 25.20331573486331 ], [ 112.207482401529973, 25.196684265136746 ], [ 112.201956176757832, 25.195266045464439 ], [ 112.198043823242216, 25.19223395453562 ], [ 112.18945617675783, 25.191099378797773 ], [ 112.183989291720948, 25.186540222167999 ], [ 112.183333333333351, 25.179166666666696 ], [ 112.182766045464433, 25.168622843424508 ], [ 112.179733954535607, 25.164710489908881 ], [ 112.178458150227883, 25.155054050021729 ], [ 112.175, 25.154166666666693 ], [ 112.174646674262178, 25.143408881293432 ], [ 112.171186659071211, 25.13992445203996 ], [ 112.170480007595515, 25.135075547960099 ], [ 112.167019992404533, 25.131591118706623 ], [ 112.166313340928838, 25.105908881293431 ], [ 112.162853325737871, 25.102424452039958 ], [ 112.1625, 25.091666666666693 ], [ 112.162146674262175, 25.089242214626765 ], [ 112.158686659071208, 25.085757785373293 ], [ 112.157980007595512, 25.080908881293432 ], [ 112.154519992404531, 25.077424452039956 ], [ 112.153813340928849, 25.072575547960096 ], [ 112.142019992404542, 25.060757785373291 ], [ 112.141666666666694, 25.054166666666696 ], [ 112.139506530761736, 25.053549194335965 ], [ 112.134492153591609, 25.049886067708361 ], [ 112.132715691460533, 25.043673027886314 ], [ 112.129784308539513, 25.039660305447075 ], [ 112.128549024793855, 25.035339694552977 ], [ 112.12561764187285, 25.031326972113742 ], [ 112.124382358127193, 25.024193657769125 ], [ 112.136882358127195, 25.01049363878041 ], [ 112.138117641872853, 25.003429836697077 ], [ 112.128631591796903, 24.9924984402127 ], [ 112.117372300889784, 24.990859646267388 ], [ 112.116049024793853, 24.972839694552977 ], [ 112.113117641872847, 24.968826972113742 ], [ 112.11188235812719, 24.955166286892386 ], [ 112.12299346923831, 24.953549194335963 ], [ 112.13117319742841, 24.946450805664089 ], [ 112.135493469238298, 24.94521586100263 ], [ 112.139506530761736, 24.942284138997422 ], [ 112.147993469238301, 24.941049194335964 ], [ 112.160339864095079, 24.929784138997423 ], [ 112.170833333333363, 24.929166666666692 ], [ 112.170480007595515, 24.914242214626761 ], [ 112.162853325737871, 24.906591118706622 ], [ 112.1625, 24.8875 ], [ 112.162146674262175, 24.876742214626763 ], [ 112.158347913954017, 24.872916666666693 ], [ 112.162853325737871, 24.868379720052108 ], [ 112.162146674262175, 24.864242214626763 ], [ 112.158686659071208, 24.860757785373288 ], [ 112.157980007595512, 24.851742214626761 ], [ 112.150353325737868, 24.844091118706622 ], [ 112.149646674262172, 24.839242214626761 ], [ 112.146186659071205, 24.835757785373289 ], [ 112.145480007595509, 24.822575547960096 ], [ 112.142019992404542, 24.819091118706623 ], [ 112.141666666666694, 24.8125 ], [ 112.14081573486331, 24.809184095594645 ], [ 112.1375, 24.808333333333358 ], [ 112.13806728786895, 24.801956176757837 ], [ 112.141099378797762, 24.798043823242214 ], [ 112.142634412977458, 24.792062717013913 ], [ 112.147789510091172, 24.788067287868948 ], [ 112.157445949978325, 24.786791653103325 ], [ 112.15833333333336, 24.78333333333336 ], [ 112.15833333333336, 24.77916666666669 ], [ 112.157766045464427, 24.776956176757839 ], [ 112.142233954535612, 24.760543823242212 ], [ 112.141099378797762, 24.751956176757837 ], [ 112.12973395453561, 24.73971048990888 ], [ 112.128315734863307, 24.734184095594642 ], [ 112.122789510091167, 24.732766045464434 ], [ 112.114710489908873, 24.725567287868948 ], [ 112.091666666666683, 24.725 ], [ 112.088350931803404, 24.72414923773874 ], [ 112.0875, 24.72083333333336 ], [ 112.076742214626762, 24.721186659071204 ], [ 112.073257785373286, 24.724646674262178 ], [ 112.068408881293422, 24.725353325737871 ], [ 112.06458333333336, 24.729152086046032 ], [ 112.060757785373283, 24.725353325737871 ], [ 112.058333333333351, 24.725 ], [ 112.057766045464433, 24.727210489908877 ], [ 112.050567287868944, 24.735289510091171 ], [ 112.049090745713997, 24.741043090820337 ], [ 112.0375, 24.741666666666692 ], [ 112.037146674262175, 24.744091118706621 ], [ 112.031265936957482, 24.750001356336831 ], [ 112.027424452039952, 24.746186659071206 ], [ 112.014950052897163, 24.745480007595511 ], [ 112.000354682074672, 24.760048421223985 ], [ 112.0, 24.766666666666691 ], [ 111.968622843424498, 24.767233954535616 ], [ 111.956377156575542, 24.778599378797768 ], [ 111.949253336588569, 24.779733954535615 ], [ 111.943877156575539, 24.775567287868949 ], [ 111.938350931803413, 24.77414923773874 ], [ 111.93664906819663, 24.767517428927977 ], [ 111.931122843424504, 24.766099378797769 ], [ 111.927210489908873, 24.76306728786895 ], [ 111.924062771267387, 24.761932712131102 ], [ 111.91471048990887, 24.770266045464435 ], [ 111.886562771267378, 24.771400621202282 ], [ 111.877210489908876, 24.76306728786895 ], [ 111.875, 24.7625 ], [ 111.875, 24.766666666666691 ], [ 111.872575547960096, 24.767019992404538 ], [ 111.867020840115032, 24.772546725802975 ], [ 111.866666666666703, 24.78333333333336 ], [ 111.843622843424512, 24.783900621202282 ], [ 111.839710489908896, 24.786932712131101 ], [ 111.825899590386328, 24.788161214192733 ], [ 111.825, 24.791666666666693 ], [ 111.822789510091184, 24.791099378797767 ], [ 111.817634412977469, 24.787103949652803 ], [ 111.815767076280423, 24.779827880859401 ], [ 111.808333333333366, 24.77916666666669 ], [ 111.801742214626771, 24.779519992404538 ], [ 111.798257785373295, 24.782980007595512 ], [ 111.793408881293445, 24.783686659071204 ], [ 111.789924452039969, 24.787146674262178 ], [ 111.783333333333374, 24.7875 ], [ 111.782766045464442, 24.793877156575547 ], [ 111.775567287868967, 24.801956176757837 ], [ 111.774432712131116, 24.810543823242213 ], [ 111.771301947699683, 24.81458333333336 ], [ 111.774432712131116, 24.818622843424503 ], [ 111.775567287868967, 24.832118394639782 ], [ 111.767517428927988, 24.834184095594644 ], [ 111.766666666666708, 24.8375 ], [ 111.766666666666708, 24.841666666666693 ], [ 111.756198459201428, 24.841023763020857 ], [ 111.752134874131983, 24.83814290364586 ], [ 111.735365125868086, 24.836857096354194 ], [ 111.727134874131977, 24.829809570312527 ], [ 111.721578301323817, 24.828136528862874 ], [ 111.720052761501776, 24.813181220160615 ], [ 111.675780571831638, 24.811818779839435 ], [ 111.6743570963542, 24.797865125868082 ], [ 111.671476236979203, 24.793801540798636 ], [ 111.670190429687537, 24.781198459201413 ], [ 111.66730957031254, 24.777134874131971 ], [ 111.666023763020874, 24.77286512586808 ], [ 111.662280612521741, 24.767585584852455 ], [ 111.64982333713111, 24.765687391493081 ], [ 111.653523763020871, 24.760468207465301 ], [ 111.654809570312537, 24.758011542426239 ], [ 111.650642903645874, 24.752134874131968 ], [ 111.649357096354208, 24.739531792534748 ], [ 111.641516791449689, 24.730376180013046 ], [ 111.6375, 24.729166666666693 ], [ 111.637853325737879, 24.714242214626761 ], [ 111.642019992404556, 24.710046386718773 ], [ 111.64131334092886, 24.705908881293428 ], [ 111.637853325737879, 24.702424452039956 ], [ 111.6375, 24.695833333333358 ], [ 111.636285061306452, 24.691099378797766 ], [ 111.622789510091181, 24.692233954535613 ], [ 111.61887715657555, 24.695266045464436 ], [ 111.610289510091178, 24.69640062120228 ], [ 111.606377156575562, 24.699432712131102 ], [ 111.597789510091175, 24.70056728786895 ], [ 111.593877156575559, 24.703599378797769 ], [ 111.591666666666697, 24.704166666666691 ], [ 111.588208346896735, 24.703279283311655 ], [ 111.586791653103333, 24.692554050021727 ], [ 111.579875013563409, 24.690779283311656 ], [ 111.578599378797776, 24.681122843424504 ], [ 111.575567287868964, 24.67721048990888 ], [ 111.574432712131113, 24.672789510091171 ], [ 111.571400621202287, 24.668877156575544 ], [ 111.570833333333368, 24.65 ], [ 111.564242214626773, 24.649646674262176 ], [ 111.560757785373298, 24.646186659071205 ], [ 111.55662027994795, 24.645480007595509 ], [ 111.552424452039958, 24.649646674262176 ], [ 111.539950900607678, 24.650353325737871 ], [ 111.531591118706629, 24.642019992404538 ], [ 111.523286946614618, 24.641313340928843 ], [ 111.519091118706626, 24.645480007595509 ], [ 111.516666666666694, 24.645833333333357 ], [ 111.51631334092886, 24.648257785373289 ], [ 111.512853325737879, 24.651742214626761 ], [ 111.5125, 24.65416666666669 ], [ 111.5125, 24.658333333333356 ], [ 111.514710489908893, 24.658900621202282 ], [ 111.519583468967042, 24.662677341037352 ], [ 111.521400621202289, 24.667413330078148 ], [ 111.517233954535627, 24.672789510091171 ], [ 111.516099378797776, 24.696579996744816 ], [ 111.520364718967045, 24.702083333333359 ], [ 111.517233954535627, 24.706122843424502 ], [ 111.516099378797776, 24.710543823242212 ], [ 111.513067287868964, 24.714456176757835 ], [ 111.511932712131113, 24.725746663411485 ], [ 111.516204833984403, 24.731258816189261 ], [ 111.507750447591178, 24.740747070312526 ], [ 111.500708346896729, 24.742554050021727 ], [ 111.499291653103327, 24.753279283311656 ], [ 111.492375013563404, 24.755054050021727 ], [ 111.49109937879777, 24.764710489908879 ], [ 111.488067287868958, 24.768622843424502 ], [ 111.486932712131107, 24.782118394639781 ], [ 111.496097819010444, 24.784470621744816 ], [ 111.492233954535621, 24.789456176757838 ], [ 111.491666666666703, 24.8 ], [ 111.491086832682328, 24.802197943793427 ], [ 111.488079833984415, 24.806135389539957 ], [ 111.48676995171445, 24.815805731879365 ], [ 111.480418904622425, 24.817246500651066 ], [ 111.47834201388892, 24.809374321831623 ], [ 111.474320814344651, 24.807753499348983 ], [ 111.467680189344648, 24.812824503580753 ], [ 111.466086832682322, 24.818864610460096 ], [ 111.463079833984409, 24.822802056206623 ], [ 111.461920166015659, 24.83401251898874 ], [ 111.466086832682322, 24.839468722873288 ], [ 111.467246500651072, 24.842345852322076 ], [ 111.463079833984409, 24.847802056206621 ], [ 111.461824544270868, 24.861579047309053 ], [ 111.454878743489616, 24.86341145833336 ], [ 111.453586832682319, 24.873747762044296 ], [ 111.461851671006983, 24.875928073459228 ], [ 111.463079833984409, 24.894581095377632 ], [ 111.456135389539966, 24.896413167317736 ], [ 111.452197943793436, 24.899420166015652 ], [ 111.446703084309931, 24.90086975097659 ], [ 111.445253499348993, 24.906364610460095 ], [ 111.442246500651081, 24.910302056206625 ], [ 111.441086832682331, 24.917345852322075 ], [ 111.445943535698817, 24.923705715603326 ], [ 111.444987657335105, 24.928542412651936 ], [ 111.429166666666703, 24.929166666666692 ], [ 111.426742214626771, 24.92951999240454 ], [ 111.421189032660621, 24.935045369466174 ], [ 111.420480007595515, 24.944091118706623 ], [ 111.414957004123295, 24.949641927083359 ], [ 111.4125, 24.95 ], [ 111.413117472330768, 24.956326972113743 ], [ 111.416049194335969, 24.960339694552978 ], [ 111.417284138997431, 24.972993638780409 ], [ 111.420215861002632, 24.977006361219644 ], [ 111.421450805664094, 24.981326972113742 ], [ 111.429701741536491, 24.990834893120685 ], [ 111.440872531467051, 24.992460801866347 ], [ 111.442469278971387, 25.003431532118082 ], [ 111.457483927408887, 25.004897393120686 ], [ 111.458950805664102, 25.012969292534748 ], [ 111.454784138997425, 25.018673027886312 ], [ 111.453549194335977, 25.025469292534748 ], [ 111.45771586100264, 25.031173027886311 ], [ 111.458333333333371, 25.0375 ], [ 111.455908881293439, 25.037853325737874 ], [ 111.452424452039963, 25.041313340928845 ], [ 111.447575547960099, 25.042019992404541 ], [ 111.441665310329896, 25.047900729709227 ], [ 111.445480007595521, 25.051742214626763 ], [ 111.446186659071216, 25.064924452039957 ], [ 111.466313340928849, 25.085075547960098 ], [ 111.466666666666697, 25.091666666666693 ], [ 111.464456176757849, 25.092233954535619 ], [ 111.460543823242219, 25.095266045464438 ], [ 111.453902180989616, 25.09697062174482 ], [ 111.458729383680591, 25.103198920355929 ], [ 111.465815904405417, 25.105017428927979 ], [ 111.466666666666697, 25.108333333333363 ], [ 111.468877156575559, 25.108900621202284 ], [ 111.471400621202292, 25.11128506130645 ], [ 111.464456176757849, 25.113067287868951 ], [ 111.458989122178849, 25.117626614040827 ], [ 111.458333333333371, 25.125 ], [ 111.455908881293439, 25.124646674262181 ], [ 111.452424452039963, 25.12118665907121 ], [ 111.443408881293436, 25.120480007595514 ], [ 111.433688693576428, 25.110786268446208 ], [ 111.432980007595518, 25.101742214626764 ], [ 111.419120958116352, 25.087857733832493 ], [ 111.4166666666667, 25.0875 ], [ 111.416099378797782, 25.093877156575548 ], [ 111.412103949652817, 25.099032253689263 ], [ 111.406122843424512, 25.100567287868952 ], [ 111.402210489908882, 25.103599378797771 ], [ 111.385289510091184, 25.104733954535618 ], [ 111.380303955078162, 25.108597819010445 ], [ 111.378029378255235, 25.099735514322944 ], [ 111.373043823242227, 25.103599378797771 ], [ 111.370086669921903, 25.104733954535618 ], [ 111.364710489908887, 25.100567287868952 ], [ 111.332586669921909, 25.099432712131104 ], [ 111.327210489908893, 25.103599378797771 ], [ 111.322789510091184, 25.104733954535618 ], [ 111.318877156575553, 25.107766045464437 ], [ 111.306122843424518, 25.108900621202284 ], [ 111.302210489908887, 25.111932712131104 ], [ 111.297789510091178, 25.113067287868951 ], [ 111.289710489908884, 25.120266045464437 ], [ 111.2875, 25.120833333333362 ], [ 111.287853325737885, 25.148257785373293 ], [ 111.291313340928852, 25.151742214626765 ], [ 111.292019992404548, 25.156591118706626 ], [ 111.295480007595515, 25.160075547960098 ], [ 111.295833333333363, 25.166666666666696 ], [ 111.29493374294708, 25.170172119140652 ], [ 111.2875, 25.170833333333363 ], [ 111.272865125868094, 25.170190599229628 ], [ 111.26875, 25.167272779676679 ], [ 111.264634874131971, 25.170190599229628 ], [ 111.251030137803852, 25.171578301323812 ], [ 111.249357096354203, 25.177135043674074 ], [ 111.244539388020868, 25.183286878797773 ], [ 111.23963487413198, 25.179809400770427 ], [ 111.232699584960969, 25.17852393256296 ], [ 111.222042846679713, 25.187649875217041 ], [ 111.220190429687534, 25.19380171034074 ], [ 111.217309570312537, 25.197864956325983 ], [ 111.216023763020871, 25.206301710340739 ], [ 111.21314290364586, 25.210364956325982 ], [ 111.211728583441868, 25.224228583441867 ], [ 111.204166666666694, 25.225 ], [ 111.201742214626762, 25.225353325737878 ], [ 111.198257785373301, 25.228813340928848 ], [ 111.194120279947953, 25.229519992404541 ], [ 111.18958333333336, 25.225014580620687 ], [ 111.185416666666697, 25.229152086046035 ], [ 111.181591118706635, 25.225353325737878 ], [ 111.173284233941004, 25.224646674262182 ], [ 111.164924452039969, 25.232980007595515 ], [ 111.148286946614618, 25.233686659071211 ], [ 111.144091118706626, 25.229519992404541 ], [ 111.139953613281278, 25.228813340928848 ], [ 111.135757785373301, 25.232980007595515 ], [ 111.114953613281287, 25.233686659071211 ], [ 111.110757785373295, 25.229519992404541 ], [ 111.108333333333363, 25.229166666666696 ], [ 111.108686659071211, 25.231591118706625 ], [ 111.112146674262178, 25.235075547960097 ], [ 111.112853325737873, 25.239212883843344 ], [ 111.108686659071211, 25.243408881293433 ], [ 111.107980007595515, 25.252424452039961 ], [ 111.104181247287357, 25.25625 ], [ 111.107980007595515, 25.260075547960099 ], [ 111.108686659071211, 25.268379550510012 ], [ 111.104519992404548, 25.272575547960098 ], [ 111.1041666666667, 25.279166666666697 ], [ 111.105017428927979, 25.282482401529975 ], [ 111.108333333333363, 25.283333333333363 ], [ 111.111649237738746, 25.284184265136748 ], [ 111.1125, 25.2875 ], [ 111.1125, 25.291666666666696 ], [ 111.105908881293431, 25.291313340928848 ], [ 111.102424452039955, 25.287853325737878 ], [ 111.09583333333336, 25.2875 ], [ 111.09498257107208, 25.284184265136748 ], [ 111.087896050347254, 25.2823655870226 ], [ 111.083900621202289, 25.277210489908882 ], [ 111.082365587022593, 25.271229214138483 ], [ 111.077083333333363, 25.267135450575115 ], [ 111.071579996744816, 25.271400621202286 ], [ 111.068622843424507, 25.270266045464439 ], [ 111.06471048990889, 25.267233954535619 ], [ 111.056122843424504, 25.266099378797772 ], [ 111.052210489908887, 25.263067287868953 ], [ 111.039456176757838, 25.261932712131106 ], [ 111.035543823242222, 25.258900621202287 ], [ 111.021732923719654, 25.257672119140654 ], [ 111.019865587022593, 25.250395880805151 ], [ 111.014710489908879, 25.246400621202284 ], [ 111.001956176757844, 25.24526604546444 ], [ 110.998043823242213, 25.242233954535621 ], [ 110.985289510091178, 25.24109937879777 ], [ 110.979913330078148, 25.236932712131104 ], [ 110.963403998480928, 25.23814442952477 ], [ 110.9625, 25.241666666666696 ], [ 110.960075547960102, 25.241313340928848 ], [ 110.956591118706626, 25.237853325737877 ], [ 110.948286946614616, 25.237146674262181 ], [ 110.944091118706623, 25.241313340928848 ], [ 110.910786946614607, 25.242019992404543 ], [ 110.906591118706629, 25.237853325737877 ], [ 110.904166666666697, 25.2375 ], [ 110.881122843424507, 25.236932712131104 ], [ 110.87721048990889, 25.233900621202284 ], [ 110.868622843424504, 25.232766045464437 ], [ 110.850895521375904, 25.215989515516522 ], [ 110.849149237738743, 25.209184265136749 ], [ 110.84583333333336, 25.208333333333361 ], [ 110.845480007595512, 25.197575547960099 ], [ 110.833686659071205, 25.185757785373291 ], [ 110.832980007595509, 25.18090888129343 ], [ 110.829519992404542, 25.177424452039958 ], [ 110.828813340928846, 25.172575547960097 ], [ 110.821186659071202, 25.164924452039958 ], [ 110.820480007595521, 25.160075547960098 ], [ 110.817019992404539, 25.156591118706626 ], [ 110.816666666666691, 25.154166666666693 ], [ 110.808333333333366, 25.154166666666693 ], [ 110.804166666666688, 25.154166666666693 ], [ 110.803029547797337, 25.158597988552547 ], [ 110.79804382324221, 25.154733954535619 ], [ 110.790920003255238, 25.153599378797772 ], [ 110.785543823242222, 25.157766045464438 ], [ 110.781122843424512, 25.158900621202285 ], [ 110.777210489908882, 25.161932712131104 ], [ 110.772789510091172, 25.163067287868952 ], [ 110.767634412977458, 25.167062547471815 ], [ 110.766099378797776, 25.173043823242217 ], [ 110.762104119194902, 25.178198920355932 ], [ 110.756122843424507, 25.179733954535617 ], [ 110.752210489908876, 25.182766045464437 ], [ 110.74668426513675, 25.184184265136746 ], [ 110.74494594997833, 25.190958150227893 ], [ 110.735289510091178, 25.19223395453562 ], [ 110.730134412977463, 25.196229214138484 ], [ 110.7291666666667, 25.2 ], [ 110.728599378797767, 25.214710489908882 ], [ 110.721295166015651, 25.222907850477458 ], [ 110.724432712131104, 25.226956176757842 ], [ 110.725708516438829, 25.236612616644994 ], [ 110.731377156575547, 25.238067287868951 ], [ 110.735289510091178, 25.24109937879777 ], [ 110.739710489908887, 25.242233954535621 ], [ 110.745017835829017, 25.246660020616346 ], [ 110.746400621202284, 25.252951727973119 ], [ 110.741666666666688, 25.254166666666695 ], [ 110.741005452473985, 25.261600409613745 ], [ 110.733068678114179, 25.263637118869386 ], [ 110.736932712131107, 25.268622843424509 ], [ 110.738208516438831, 25.278279283311662 ], [ 110.744826592339436, 25.279977586534319 ], [ 110.746400621202284, 25.284079996744822 ], [ 110.742233954535621, 25.289456176757842 ], [ 110.741666666666688, 25.3 ], [ 110.74109937879777, 25.30637715657555 ], [ 110.736580573187965, 25.311795722113743 ], [ 110.725887383355058, 25.313208516438831 ], [ 110.724432712131104, 25.318877156575549 ], [ 110.719913906521299, 25.324295722113746 ], [ 110.710289510091172, 25.325567287868953 ], [ 110.706377156575542, 25.328599378797772 ], [ 110.704166666666694, 25.329166666666694 ], [ 110.693408881293436, 25.32881334092885 ], [ 110.689924452039961, 25.325353325737876 ], [ 110.685075547960096, 25.324646674262183 ], [ 110.681591118706621, 25.321186659071209 ], [ 110.668408881293431, 25.320480007595517 ], [ 110.664924452039955, 25.317019992404543 ], [ 110.652453782823372, 25.316313340928851 ], [ 110.648257785373289, 25.320480007595517 ], [ 110.641666666666694, 25.320833333333361 ], [ 110.64228430853953, 25.310339864095081 ], [ 110.646450975206193, 25.304635789659319 ], [ 110.645215691460535, 25.302006530761748 ], [ 110.62561764187285, 25.281326802571645 ], [ 110.624382358127193, 25.277006530761749 ], [ 110.621450975206187, 25.272993469238312 ], [ 110.619465467664952, 25.266049024793865 ], [ 110.600807359483539, 25.267369079589873 ], [ 110.599231804741777, 25.278195020887615 ], [ 110.592593044704884, 25.280093044704891 ], [ 110.590298800998283, 25.288117641872859 ], [ 110.585339864095076, 25.286882358127201 ], [ 110.58125, 25.283894856770864 ], [ 110.577160135904975, 25.286882358127201 ], [ 110.558333333333366, 25.2875 ], [ 110.557766045464433, 25.289710489908884 ], [ 110.554733954535621, 25.293622843424508 ], [ 110.55359937879777, 25.311285061306453 ], [ 110.56190151638458, 25.31341569688588 ], [ 110.5625, 25.333333333333364 ], [ 110.562853325737876, 25.335757785373293 ], [ 110.566313340928843, 25.339242214626765 ], [ 110.566666666666691, 25.341666666666697 ], [ 110.56998240152997, 25.342517598470081 ], [ 110.571400621202287, 25.348043823242218 ], [ 110.575201416015645, 25.352947998046904 ], [ 110.574143303765211, 25.357668219672338 ], [ 110.566666666666691, 25.358333333333363 ], [ 110.5625, 25.358333333333363 ], [ 110.561649068196644, 25.361649068196645 ], [ 110.558333333333366, 25.3625 ], [ 110.557482401529981, 25.365815734863311 ], [ 110.554166666666688, 25.366666666666696 ], [ 110.554166666666688, 25.383333333333361 ], [ 110.543408881293431, 25.383686659071209 ], [ 110.539583333333354, 25.38748541937937 ], [ 110.535757785373292, 25.383686659071209 ], [ 110.527453782823372, 25.382980007595517 ], [ 110.523257785373289, 25.387146674262183 ], [ 110.516666666666694, 25.3875 ], [ 110.516068183051246, 25.407417636447512 ], [ 110.508956909179716, 25.409242587619389 ], [ 110.507766045464436, 25.43137715657555 ], [ 110.500454033745683, 25.439583333333363 ], [ 110.507766045464436, 25.447789510091177 ], [ 110.508900621202287, 25.456377156575552 ], [ 110.5120312160916, 25.460416666666696 ], [ 110.508900621202287, 25.464456176757842 ], [ 110.507766045464436, 25.467413330078156 ], [ 110.511932712131099, 25.472789510091175 ], [ 110.51306728786895, 25.477210489908884 ], [ 110.524432712131102, 25.489456176757844 ], [ 110.525567287868952, 25.49387715657555 ], [ 110.528599378797765, 25.497789510091177 ], [ 110.529733954535615, 25.500746663411491 ], [ 110.525567287868952, 25.50612284342451 ], [ 110.525, 25.520833333333364 ], [ 110.531591118706629, 25.521186659071212 ], [ 110.535075547960091, 25.524646674262183 ], [ 110.5375, 25.525 ], [ 110.544091118706618, 25.524646674262183 ], [ 110.552451070149772, 25.51631334092885 ], [ 110.569091118706623, 25.517019992404546 ], [ 110.572575547960099, 25.520480007595516 ], [ 110.575, 25.520833333333364 ], [ 110.615746731228327, 25.52025129530168 ], [ 110.616666666666688, 25.516666666666698 ], [ 110.616666666666688, 25.5125 ], [ 110.623043823242213, 25.513067287868953 ], [ 110.631122843424507, 25.520266045464439 ], [ 110.644933742947075, 25.521494547526071 ], [ 110.646684265136741, 25.528315734863313 ], [ 110.652210489908882, 25.529733954535622 ], [ 110.660289510091175, 25.536932712131108 ], [ 110.664710489908884, 25.538067287868955 ], [ 110.668622843424501, 25.541099378797774 ], [ 110.67399325900611, 25.542477586534318 ], [ 110.675567287868944, 25.546579996744825 ], [ 110.671400621202281, 25.551956176757844 ], [ 110.670833333333363, 25.558333333333366 ], [ 110.667327880859403, 25.559232923719648 ], [ 110.666099378797767, 25.573043823242219 ], [ 110.663067287868955, 25.576956176757843 ], [ 110.661932712131104, 25.580103895399336 ], [ 110.67026604546443, 25.589456176757842 ], [ 110.671400621202281, 25.592413330078156 ], [ 110.667233954535618, 25.597789510091179 ], [ 110.666099378797767, 25.610543823242217 ], [ 110.663067287868955, 25.614456176757844 ], [ 110.661932712131104, 25.627210489908887 ], [ 110.654733954535615, 25.635289510091177 ], [ 110.653599378797765, 25.652210489908885 ], [ 110.650567287868952, 25.656122843424512 ], [ 110.649090745714005, 25.661876424153679 ], [ 110.626956176757844, 25.663067287868955 ], [ 110.623043823242213, 25.666099378797774 ], [ 110.620833333333366, 25.6666666666667 ], [ 110.621400621202284, 25.673043823242221 ], [ 110.62443271213111, 25.676956176757844 ], [ 110.625850931803413, 25.682482401529981 ], [ 110.631377156575553, 25.683900621202291 ], [ 110.639456176757847, 25.691099378797777 ], [ 110.645250447591167, 25.692586432562965 ], [ 110.653599378797765, 25.701956176757847 ], [ 110.654733954535615, 25.710543823242219 ], [ 110.657864549424943, 25.714583333333366 ], [ 110.654635450575114, 25.71875 ], [ 110.657766045464442, 25.722789510091179 ], [ 110.659184265136744, 25.728315734863315 ], [ 110.6625, 25.7291666666667 ], [ 110.661932712131104, 25.739710489908887 ], [ 110.658900621202278, 25.743622843424511 ], [ 110.657766045464442, 25.74804382324222 ], [ 110.654733954535615, 25.751956176757844 ], [ 110.653599378797765, 25.760543823242219 ], [ 110.646400621202289, 25.768622843424513 ], [ 110.645266045464439, 25.773043823242219 ], [ 110.632766045464436, 25.786511908637188 ], [ 110.633900621202287, 25.789710489908888 ], [ 110.636932712131099, 25.793622843424512 ], [ 110.638350931803416, 25.799149068196648 ], [ 110.641666666666694, 25.8 ], [ 110.641313340928846, 25.802424452039965 ], [ 110.637853325737879, 25.805908881293437 ], [ 110.637146674262183, 25.810757785373298 ], [ 110.633686659071202, 25.81424221462677 ], [ 110.633333333333354, 25.816666666666698 ], [ 110.633333333333354, 25.825 ], [ 110.622575547960096, 25.824646674262187 ], [ 110.619091118706621, 25.821186659071213 ], [ 110.6041666666667, 25.820833333333368 ], [ 110.603813340928852, 25.823257785373297 ], [ 110.600353325737871, 25.826742214626769 ], [ 110.599646674262175, 25.83159111870663 ], [ 110.59412112765844, 25.837144300672776 ], [ 110.585075547960102, 25.837853325737882 ], [ 110.581591118706626, 25.841313340928853 ], [ 110.569117736816438, 25.842019992404548 ], [ 110.560757785373283, 25.833686659071216 ], [ 110.55, 25.833333333333368 ], [ 110.549139234754804, 25.836344061957497 ], [ 110.545364210340736, 25.838117641872863 ], [ 110.538425191243519, 25.833048841688402 ], [ 110.529904513888908, 25.834108818901942 ], [ 110.528431532118077, 25.849197387695348 ], [ 110.517638312445769, 25.850768195258279 ], [ 110.515740288628493, 25.857406955295172 ], [ 110.510339864095073, 25.858950975206199 ], [ 110.488573371039521, 25.879578993055588 ], [ 110.48688235812719, 25.885493469238316 ], [ 110.483950975206184, 25.889506530761754 ], [ 110.482715691460527, 25.893826802571649 ], [ 110.479052734375031, 25.898841179741787 ], [ 110.472839864095079, 25.900617641872863 ], [ 110.467825486924937, 25.904280598958366 ], [ 110.466049024793861, 25.910493469238315 ], [ 110.463117641872856, 25.914506530761752 ], [ 110.4625, 25.9166666666667 ], [ 110.466666666666697, 25.9166666666667 ], [ 110.481591118706618, 25.917019992404548 ], [ 110.487145996093773, 25.922547064887187 ], [ 110.4875, 25.9375 ], [ 110.499009535047776, 25.938119167751772 ], [ 110.503599378797773, 25.943622843424514 ], [ 110.504875183105497, 25.953279283311666 ], [ 110.511791483561225, 25.955054050021737 ], [ 110.513208516438823, 25.965779283311665 ], [ 110.516666666666694, 25.966666666666701 ], [ 110.517233954535612, 25.968877156575555 ], [ 110.521229214138486, 25.97403225368927 ], [ 110.528505452473979, 25.975899590386319 ], [ 110.529166666666697, 25.983333333333352 ], [ 110.528813340928849, 26.019091118706616 ], [ 110.525353325737868, 26.022575547960088 ], [ 110.525, 26.025 ], [ 110.528489515516526, 26.025895521375887 ], [ 110.54526604546443, 26.043622843424497 ], [ 110.546400621202281, 26.048043823242207 ], [ 110.549432712131107, 26.05195617675783 ], [ 110.550567287868944, 26.060543823242206 ], [ 110.557766045464433, 26.0686228434245 ], [ 110.55918426513675, 26.074149237738734 ], [ 110.5625, 26.075 ], [ 110.5625, 26.0875 ], [ 110.551742214626756, 26.087853325737868 ], [ 110.546191406250031, 26.093376329210088 ], [ 110.545833333333363, 26.095833333333353 ], [ 110.54526604546443, 26.098043823242207 ], [ 110.536917114257832, 26.107413736979186 ], [ 110.529875183105489, 26.109220716688387 ], [ 110.528599378797765, 26.11887715657554 ], [ 110.524604119194905, 26.124032253689258 ], [ 110.516402011447511, 26.126137288411478 ], [ 110.520266045464439, 26.1311228434245 ], [ 110.521400621202289, 26.150746663411478 ], [ 110.516270785861565, 26.157365587022589 ], [ 110.51028951009117, 26.158900621202278 ], [ 110.496736823187959, 26.171478949652798 ], [ 110.495833333333366, 26.175 ], [ 110.489242214626756, 26.175353325737866 ], [ 110.485757785373295, 26.178813340928841 ], [ 110.483333333333363, 26.179166666666688 ], [ 110.482562594943602, 26.182438829210088 ], [ 110.478083631727458, 26.183862982855924 ], [ 110.468914964464005, 26.175529649522588 ], [ 110.458333333333357, 26.175 ], [ 110.457482401529973, 26.171684095594639 ], [ 110.450850931803416, 26.169982571072069 ], [ 110.449149068196647, 26.163350762261306 ], [ 110.443622843424507, 26.161932712131097 ], [ 110.435543823242213, 26.154733954535612 ], [ 110.431122843424504, 26.153599378797765 ], [ 110.427210489908873, 26.150567287868945 ], [ 110.425, 26.15 ], [ 110.424646674262178, 26.147575547960088 ], [ 110.421186659071211, 26.144091118706619 ], [ 110.420480007595515, 26.135075547960088 ], [ 110.417019992404533, 26.131591118706616 ], [ 110.416666666666686, 26.125 ], [ 110.405908881293428, 26.124646674262173 ], [ 110.398257785373289, 26.117019992404533 ], [ 110.393408881293425, 26.116313340928841 ], [ 110.385757785373286, 26.1086866590712 ], [ 110.380908881293422, 26.107980007595508 ], [ 110.367024400499162, 26.094120958116338 ], [ 110.366666666666688, 26.091666666666686 ], [ 110.364242214626756, 26.091313340928856 ], [ 110.360757785373295, 26.087853325737882 ], [ 110.354166666666686, 26.0875 ], [ 110.341666666666697, 26.0875 ], [ 110.341313340928849, 26.094091118706633 ], [ 110.335790167914524, 26.099641927083368 ], [ 110.333333333333357, 26.1 ], [ 110.331122843424509, 26.099432712131112 ], [ 110.327210489908879, 26.096400621202292 ], [ 110.324253336588569, 26.095266045464445 ], [ 110.318877156575539, 26.099432712131112 ], [ 110.293622843424501, 26.100567287868959 ], [ 110.289710489908884, 26.103599378797778 ], [ 110.276956176757835, 26.104733954535625 ], [ 110.263662041558177, 26.117072380913665 ], [ 110.261932712131099, 26.121579996744828 ], [ 110.266197882758277, 26.127083333333371 ], [ 110.26306728786895, 26.131122843424514 ], [ 110.261932712131099, 26.139710489908889 ], [ 110.249354214138478, 26.153263176812104 ], [ 110.242517598470073, 26.155017598470089 ], [ 110.24109937879777, 26.160543823242225 ], [ 110.232750447591172, 26.169913567437103 ], [ 110.229166666666686, 26.17083333333337 ], [ 110.229166666666686, 26.183333333333355 ], [ 110.225850931803407, 26.182482401529985 ], [ 110.224432712131104, 26.176956176757848 ], [ 110.207656182183186, 26.159228854709237 ], [ 110.204166666666694, 26.158333333333353 ], [ 110.193408881293422, 26.158686659071201 ], [ 110.189924452039961, 26.162146674262175 ], [ 110.166666666666686, 26.1625 ], [ 110.1625, 26.1625 ], [ 110.161590745713994, 26.166043090820331 ], [ 110.15, 26.166666666666686 ], [ 110.141666666666694, 26.166666666666686 ], [ 110.141313340928846, 26.177424452039968 ], [ 110.137853325737865, 26.180908881293441 ], [ 110.137146674262169, 26.185757785373301 ], [ 110.131623501247859, 26.191308593750037 ], [ 110.129166666666691, 26.191666666666688 ], [ 110.128808593750023, 26.189209832085538 ], [ 110.123257785373283, 26.183686659071217 ], [ 110.120833333333351, 26.183333333333369 ], [ 110.1125, 26.183333333333369 ], [ 110.112146674262178, 26.185757785373283 ], [ 110.106623501247853, 26.191308593750019 ], [ 110.101742214626753, 26.192019992404536 ], [ 110.098257785373292, 26.195480007595506 ], [ 110.095833333333374, 26.195833333333354 ], [ 110.095209757486998, 26.20742424858943 ], [ 110.091666666666711, 26.208333333333353 ], [ 110.090815734863298, 26.211649237738737 ], [ 110.085289510091172, 26.213067287868945 ], [ 110.081377156575542, 26.216099378797765 ], [ 110.076956176757832, 26.217233954535612 ], [ 110.073043823242216, 26.220266045464431 ], [ 110.067375183105497, 26.221720716688388 ], [ 110.065958150227885, 26.23244594997832 ], [ 110.05897098117407, 26.234239027235265 ], [ 110.057766045464433, 26.252210489908876 ], [ 110.054733954535607, 26.2561228434245 ], [ 110.05359937879777, 26.273043823242208 ], [ 110.049040222167989, 26.278510877821201 ], [ 110.0416666666667, 26.279166666666686 ], [ 110.040779283311664, 26.275708346896721 ], [ 110.031122843424512, 26.274432712131098 ], [ 110.027210489908896, 26.271400621202279 ], [ 110.022789510091187, 26.270266045464432 ], [ 110.018877156575556, 26.267233954535612 ], [ 110.013350762261325, 26.265815904405404 ], [ 110.011596340603333, 26.2589789496528 ], [ 109.998043823242227, 26.246400621202277 ], [ 109.992312282986148, 26.244929673936653 ], [ 109.979733954535632, 26.23137715657554 ], [ 109.97831590440542, 26.225850762261306 ], [ 109.975, 26.225 ], [ 109.974432712131119, 26.218622843424498 ], [ 109.967233954535629, 26.210543823242208 ], [ 109.966099378797779, 26.206122843424499 ], [ 109.958900621202289, 26.198043823242209 ], [ 109.957482571072092, 26.192517428927971 ], [ 109.950850762261325, 26.190815904405401 ], [ 109.949149237738752, 26.184184095594638 ], [ 109.942062717013926, 26.182365587022588 ], [ 109.938067287868961, 26.177210489908873 ], [ 109.93659634060333, 26.171478949652798 ], [ 109.923043823242224, 26.158900621202278 ], [ 109.91724955240889, 26.157413736979187 ], [ 109.908900621202292, 26.148043823242208 ], [ 109.907766045464442, 26.143622843424499 ], [ 109.904733954535629, 26.139710489908875 ], [ 109.903599378797779, 26.126956176757833 ], [ 109.900567287868967, 26.123043823242206 ], [ 109.899432712131116, 26.1186228434245 ], [ 109.896400621202289, 26.114710489908873 ], [ 109.895833333333371, 26.1125 ], [ 109.896186659071219, 26.11007554796009 ], [ 109.899646674262186, 26.106591118706618 ], [ 109.9, 26.104166666666686 ], [ 109.899149237738754, 26.100850931803421 ], [ 109.892327880859412, 26.099100409613751 ], [ 109.891666666666708, 26.091666666666686 ], [ 109.89131334092886, 26.089242214626772 ], [ 109.887853325737879, 26.0857577853733 ], [ 109.887146674262183, 26.060075547960103 ], [ 109.883686659071216, 26.056591118706631 ], [ 109.882980007595521, 26.051742214626771 ], [ 109.871186659071213, 26.039924452039966 ], [ 109.870833333333366, 26.033333333333367 ], [ 109.855080159505249, 26.033940802680156 ], [ 109.8541666666667, 26.0375 ], [ 109.853366427951428, 26.050268046061234 ], [ 109.847912936740485, 26.046458774142831 ], [ 109.839622328016532, 26.053511216905417 ], [ 109.837254163954029, 26.054822116427985 ], [ 109.831288994683192, 26.050655449761319 ], [ 109.814544338650208, 26.04934455023875 ], [ 109.79706895616323, 26.033167690700989 ], [ 109.794850328233537, 26.02598300509986 ], [ 109.7916666666667, 26.025 ], [ 109.791313340928852, 26.022575547960106 ], [ 109.787853325737885, 26.019091118706633 ], [ 109.787146674262189, 26.014242214626773 ], [ 109.783686659071222, 26.010757785373301 ], [ 109.782978312174521, 25.997546217176684 ], [ 109.777424452039966, 25.992019992404551 ], [ 109.772575547960102, 25.991313340928855 ], [ 109.769091118706626, 25.987853325737881 ], [ 109.758333333333368, 25.9875 ], [ 109.758333333333368, 25.991666666666703 ], [ 109.755908881293436, 25.992019992404551 ], [ 109.752424452039961, 25.995480007595521 ], [ 109.743408881293433, 25.996186659071213 ], [ 109.731591118706632, 26.007980007595521 ], [ 109.723285590277811, 26.008686659071216 ], [ 109.716665310329901, 26.002099270290834 ], [ 109.720480007595526, 25.998257785373298 ], [ 109.721186659071222, 25.994118923611147 ], [ 109.714953274197086, 25.987854173448387 ], [ 109.704166666666708, 25.9875 ], [ 109.703549194335977, 25.99382680257165 ], [ 109.695536634657159, 26.003060234917569 ], [ 109.689506361219657, 26.004784308539531 ], [ 109.679998440212714, 26.013035074869826 ], [ 109.678218248155417, 26.02526736789283 ], [ 109.672993638780412, 26.0214509752062 ], [ 109.660339694552988, 26.020215691460539 ], [ 109.656243557400202, 26.01722327338328 ], [ 109.64747043185767, 26.024836052788665 ], [ 109.64521586100264, 26.029635789659324 ], [ 109.649382527669303, 26.035339864095086 ], [ 109.65, 26.05 ], [ 109.653315904405417, 26.050850931803421 ], [ 109.654166666666697, 26.054166666666703 ], [ 109.651742214626765, 26.054519992404551 ], [ 109.648257785373303, 26.057980007595521 ], [ 109.631620279947953, 26.058686659071217 ], [ 109.627424452039961, 26.054519992404551 ], [ 109.62257554796011, 26.053813340928855 ], [ 109.619091118706635, 26.050353325737884 ], [ 109.614242214626771, 26.049646674262188 ], [ 109.608691406250031, 26.044123501247864 ], [ 109.608333333333363, 26.041666666666686 ], [ 109.607482571072083, 26.038350931803421 ], [ 109.600396050347257, 26.03653225368927 ], [ 109.596400621202292, 26.031377156575555 ], [ 109.595833333333374, 26.029166666666701 ], [ 109.593408881293442, 26.028813340928856 ], [ 109.589924452039966, 26.025353325737882 ], [ 109.583333333333371, 26.025 ], [ 109.580908881293439, 26.024646674262186 ], [ 109.5753580729167, 26.019123501247865 ], [ 109.574646674262183, 26.014242214626773 ], [ 109.56495225694448, 26.004521518283454 ], [ 109.558333333333366, 26.004166666666702 ], [ 109.556122843424518, 26.004733954535624 ], [ 109.552210489908887, 26.007766045464443 ], [ 109.540920003255238, 26.00890062120229 ], [ 109.535543823242222, 26.004733954535624 ], [ 109.51371493869361, 26.003599378797777 ], [ 109.511932712131113, 26.010543823242223 ], [ 109.508900621202287, 26.014456176757847 ], [ 109.50776604546445, 26.023043823242222 ], [ 109.498993937174518, 26.032715013292137 ], [ 109.4875, 26.033333333333367 ], [ 109.486362711588569, 26.03776465521922 ], [ 109.481377156575562, 26.033900621202292 ], [ 109.475, 26.033333333333353 ], [ 109.474645996093784, 26.018382093641527 ], [ 109.464924452039966, 26.008686659071216 ], [ 109.460075547960102, 26.007980007595521 ], [ 109.444091118706638, 25.992019992404551 ], [ 109.439242214626773, 25.991313340928855 ], [ 109.435757785373298, 25.987853325737881 ], [ 109.430879380967909, 25.987142435709671 ], [ 109.412853325737885, 25.969091118706633 ], [ 109.4125, 25.966666666666701 ], [ 109.404166666666697, 25.966666666666701 ], [ 109.403029378255241, 25.97109798855255 ], [ 109.397907850477466, 25.967128499348995 ], [ 109.389710489908893, 25.974432712131112 ], [ 109.371739027235279, 25.975637647840745 ], [ 109.369982571072086, 25.982482401529982 ], [ 109.363506740993955, 25.984144253200988 ], [ 109.361932712131107, 25.988246663411495 ], [ 109.36609937879777, 25.993622843424514 ], [ 109.367233954535621, 26.000937228732674 ], [ 109.357750447591172, 26.011580234103768 ], [ 109.351956176757852, 26.01306728786896 ], [ 109.348043823242222, 26.016099378797779 ], [ 109.34583333333336, 26.016666666666701 ], [ 109.339242214626765, 26.017019992404549 ], [ 109.335757785373303, 26.02048000759552 ], [ 109.333333333333371, 26.020833333333353 ], [ 109.326742214626762, 26.02048000759552 ], [ 109.319091118706623, 26.012853325737883 ], [ 109.301742214626771, 26.012146674262187 ], [ 109.298257785373295, 26.008686659071216 ], [ 109.285075547960105, 26.007980007595521 ], [ 109.281591118706629, 26.00451999240455 ], [ 109.279166666666697, 26.004166666666702 ], [ 109.278813340928849, 26.006591118706631 ], [ 109.273287963867219, 26.012144300672777 ], [ 109.264242214626762, 26.012853325737883 ], [ 109.260757785373301, 26.016313340928853 ], [ 109.254166666666706, 26.016666666666701 ], [ 109.251742214626773, 26.017019992404549 ], [ 109.248257785373298, 26.02048000759552 ], [ 109.245833333333366, 26.020833333333353 ], [ 109.245475260416697, 26.018376498752204 ], [ 109.239924452039958, 26.012853325737883 ], [ 109.2375, 26.0125 ], [ 109.226742214626768, 26.012853325737883 ], [ 109.223257785373292, 26.016313340928853 ], [ 109.216666666666697, 26.016666666666701 ], [ 109.214242214626765, 26.017019992404549 ], [ 109.206591118706626, 26.024646674262186 ], [ 109.2, 26.025 ], [ 109.197789510091184, 26.024432712131112 ], [ 109.193877156575553, 26.021400621202293 ], [ 109.18656277126739, 26.020266045464446 ], [ 109.177210489908887, 26.028599378797779 ], [ 109.149062771267396, 26.029733954535626 ], [ 109.139710489908879, 26.021400621202293 ], [ 109.125899590386311, 26.020172119140661 ], [ 109.12443271213111, 26.014456176757847 ], [ 109.119940863715314, 26.009069993760885 ], [ 109.111753336588578, 26.007766045464443 ], [ 109.106377156575547, 26.011932712131113 ], [ 109.093622843424512, 26.01306728786896 ], [ 109.089710489908882, 26.016099378797779 ], [ 109.082586669921909, 26.017233954535627 ], [ 109.077210489908879, 26.01306728786896 ], [ 109.075, 26.0125 ], [ 109.054166666666703, 26.0125 ], [ 109.050396050347246, 26.013467746310798 ], [ 109.045568847656284, 26.019696214464012 ], [ 109.05, 26.020833333333368 ], [ 109.049646674262178, 26.031591118706633 ], [ 109.046186659071211, 26.035075547960105 ], [ 109.045480007595515, 26.051715596516964 ], [ 109.053813340928855, 26.060075547960103 ], [ 109.054519992404551, 26.064924452039968 ], [ 109.066313340928843, 26.076742214626773 ], [ 109.066666666666691, 26.079166666666701 ], [ 109.067019992404539, 26.081591118706633 ], [ 109.070480007595521, 26.085075547960106 ], [ 109.071186659071216, 26.089212883843352 ], [ 109.067019992404539, 26.093408881293438 ], [ 109.066313340928843, 26.098257785373299 ], [ 109.062853325737876, 26.101742214626771 ], [ 109.0625, 26.116666666666685 ], [ 109.060289510091181, 26.116099378797777 ], [ 109.05637715657555, 26.113067287868958 ], [ 109.039456176757838, 26.111932712131111 ], [ 109.035543823242222, 26.108900621202292 ], [ 109.018622843424509, 26.107766045464444 ], [ 109.009496392144129, 26.099634128146736 ], [ 109.008333333333368, 26.104166666666686 ], [ 109.008686659071216, 26.12742445203995 ], [ 109.012146674262183, 26.130908881293422 ], [ 109.012853325737879, 26.139213053385436 ], [ 109.008347235785621, 26.143750678168423 ], [ 109.016313340928846, 26.151742214626758 ], [ 109.017019992404542, 26.160757785373285 ], [ 109.020480007595523, 26.164242214626757 ], [ 109.020833333333357, 26.166666666666686 ], [ 109.019982571072077, 26.169982571072069 ], [ 109.014456176757847, 26.171400621202277 ], [ 109.010543823242216, 26.174432712131097 ], [ 109.006122843424507, 26.175567287868944 ], [ 109.000967746310792, 26.179562717013908 ], [ 109.0, 26.183333333333355 ], [ 108.997789510091181, 26.183900621202277 ], [ 108.99387715657555, 26.186932712131096 ], [ 108.990920003255241, 26.188067287868943 ], [ 108.98554382324221, 26.183900621202277 ], [ 108.976956176757838, 26.18276604546443 ], [ 108.964710489908882, 26.171400621202277 ], [ 108.956122843424509, 26.17026604546443 ], [ 108.948043823242216, 26.163067287868945 ], [ 108.935289510091181, 26.161932712131097 ], [ 108.93137715657555, 26.158900621202278 ], [ 108.910289510091175, 26.157766045464431 ], [ 108.902210489908882, 26.150567287868945 ], [ 108.889456176757847, 26.149432712131095 ], [ 108.884301079644132, 26.14543728298613 ], [ 108.882424248589444, 26.138123575846375 ], [ 108.870833333333366, 26.1375 ], [ 108.870209757487004, 26.149090915256096 ], [ 108.863350762261319, 26.150850762261307 ], [ 108.8625, 26.154166666666686 ], [ 108.8625, 26.1625 ], [ 108.860289510091178, 26.161932712131097 ], [ 108.848043823242222, 26.150567287868945 ], [ 108.835289510091172, 26.149432712131095 ], [ 108.831377156575556, 26.146400621202275 ], [ 108.824253336588569, 26.145266045464432 ], [ 108.817634412977455, 26.150396050347243 ], [ 108.816099378797773, 26.156377156575541 ], [ 108.813067287868947, 26.160289510091165 ], [ 108.811649068196644, 26.165815904405402 ], [ 108.806122843424504, 26.167233954535611 ], [ 108.802210489908887, 26.17026604546443 ], [ 108.781122843424512, 26.171400621202277 ], [ 108.777210489908882, 26.174432712131097 ], [ 108.775, 26.175 ], [ 108.774641927083366, 26.172542995876757 ], [ 108.769091118706626, 26.167019992404533 ], [ 108.7625, 26.166666666666686 ], [ 108.758333333333354, 26.166666666666686 ], [ 108.757598198784748, 26.174197387695333 ], [ 108.747839864095084, 26.17561747233075 ], [ 108.743826802571647, 26.178549194335957 ], [ 108.739506530761744, 26.179784138997416 ], [ 108.735493469238307, 26.182715861002624 ], [ 108.733333333333363, 26.183333333333355 ], [ 108.733686659071211, 26.185757785373283 ], [ 108.741313340928841, 26.193408881293422 ], [ 108.741666666666688, 26.204166666666687 ], [ 108.73835093180341, 26.205017428927974 ], [ 108.736649068196641, 26.211649237738737 ], [ 108.730017598470084, 26.213350762261307 ], [ 108.728267076280403, 26.220172119140646 ], [ 108.713399590386317, 26.221494547526063 ], [ 108.711932712131102, 26.227210489908874 ], [ 108.70056728786895, 26.239456176757834 ], [ 108.699432712131099, 26.242603895399327 ], [ 108.707766045464439, 26.251956176757833 ], [ 108.708333333333357, 26.266666666666687 ], [ 108.710493469238315, 26.267284138997418 ], [ 108.727006530761741, 26.282715861002625 ], [ 108.73966013590497, 26.283950805664084 ], [ 108.747839864095084, 26.291049194335958 ], [ 108.758002217610709, 26.292528279622417 ], [ 108.763117641872853, 26.299530707465298 ], [ 108.761882358127195, 26.310493638780404 ], [ 108.75895097520619, 26.314506361219639 ], [ 108.757715691460533, 26.32716030544707 ], [ 108.75354902479387, 26.332864040798633 ], [ 108.755061679416258, 26.341186523437521 ], [ 108.76450653076175, 26.349382527669292 ], [ 108.770065138075111, 26.350971815321202 ], [ 108.771627468533012, 26.361705864800371 ], [ 108.781326802571641, 26.36311747233075 ], [ 108.785339864095079, 26.366049194335957 ], [ 108.7875, 26.366666666666688 ], [ 108.787853325737871, 26.373257785373287 ], [ 108.793376498752195, 26.378808593750023 ], [ 108.798257785373295, 26.379519992404536 ], [ 108.803808593750034, 26.385042995876759 ], [ 108.804166666666688, 26.3875 ], [ 108.80359937879777, 26.389710489908875 ], [ 108.795250447591172, 26.399080403645854 ], [ 108.789456176757838, 26.400567287868945 ], [ 108.781377156575545, 26.407766045464431 ], [ 108.775850931803419, 26.40918409559464 ], [ 108.774432712131102, 26.414710489908877 ], [ 108.767233954535612, 26.422789510091167 ], [ 108.766099378797776, 26.425746663411481 ], [ 108.770266045464439, 26.4311228434245 ], [ 108.770833333333357, 26.4375 ], [ 108.770833333333357, 26.454166666666691 ], [ 108.768408881293425, 26.454519992404535 ], [ 108.764924452039963, 26.457980007595509 ], [ 108.7625, 26.458333333333357 ], [ 108.761932712131099, 26.460543823242212 ], [ 108.756837632921034, 26.466653442382835 ], [ 108.750967746310792, 26.4621039496528 ], [ 108.74943271213111, 26.456122843424502 ], [ 108.746400621202284, 26.452210489908875 ], [ 108.745266045464433, 26.44778951009117 ], [ 108.741270785861573, 26.442634412977455 ], [ 108.735289510091178, 26.441099378797766 ], [ 108.73125, 26.437968614366341 ], [ 108.727083333333354, 26.441198052300368 ], [ 108.723043823242222, 26.438067287868947 ], [ 108.717517598470081, 26.436649237738738 ], [ 108.716099378797765, 26.4311228434245 ], [ 108.712104119194905, 26.425967746310786 ], [ 108.708333333333357, 26.425 ], [ 108.706122843424509, 26.425567287868947 ], [ 108.696488104926246, 26.434306165907142 ], [ 108.695266045464436, 26.448043823242209 ], [ 108.69074723985463, 26.453462388780405 ], [ 108.681122843424504, 26.454733954535612 ], [ 108.67087351481122, 26.464030287000892 ], [ 108.674531216091609, 26.46875 ], [ 108.671400621202281, 26.472789510091168 ], [ 108.669982401529978, 26.478315904405406 ], [ 108.664456176757838, 26.479733954535611 ], [ 108.660543823242222, 26.482766045464434 ], [ 108.65833333333336, 26.483333333333356 ], [ 108.657433742947077, 26.486838785807315 ], [ 108.65, 26.4875 ], [ 108.645833333333357, 26.4875 ], [ 108.643408881293425, 26.487146674262174 ], [ 108.639924452039963, 26.483686659071203 ], [ 108.6375, 26.483333333333356 ], [ 108.636932712131099, 26.476956176757835 ], [ 108.633900621202287, 26.473043823242211 ], [ 108.632709757487007, 26.450909084743945 ], [ 108.625395880805144, 26.449032253689257 ], [ 108.621400621202284, 26.443877156575542 ], [ 108.620266045464433, 26.439456176757837 ], [ 108.617233954535621, 26.43554382324221 ], [ 108.615698920355925, 26.429562717013912 ], [ 108.61054382324221, 26.425567287868947 ], [ 108.604749552408876, 26.424080403645856 ], [ 108.596295166015651, 26.414592149522591 ], [ 108.599432712131104, 26.410543823242211 ], [ 108.600567287868955, 26.406122843424502 ], [ 108.603599378797767, 26.402210489908875 ], [ 108.604733954535618, 26.397789510091169 ], [ 108.608900621202281, 26.392413330078146 ], [ 108.607596672905842, 26.384225802951413 ], [ 108.602210489908884, 26.379733954535613 ], [ 108.597789510091175, 26.378599378797766 ], [ 108.593877156575545, 26.375567287868947 ], [ 108.587895880805149, 26.374032253689258 ], [ 108.583900621202289, 26.368877156575543 ], [ 108.582766045464439, 26.364456176757834 ], [ 108.575461832682322, 26.356258816189257 ], [ 108.578599378797776, 26.352210489908877 ], [ 108.579762098524327, 26.309249877929709 ], [ 108.583333333333357, 26.308333333333355 ], [ 108.582980007595509, 26.301742214626756 ], [ 108.571186659071202, 26.289924452039951 ], [ 108.570833333333354, 26.2875 ], [ 108.560364956325984, 26.286857096354186 ], [ 108.555428229437965, 26.28335673014325 ], [ 108.552916802300373, 26.275015258789082 ], [ 108.547968377007408, 26.278523763020853 ], [ 108.539531622992655, 26.279809570312523 ], [ 108.535468377007405, 26.28269042968752 ], [ 108.530130852593345, 26.284297688802106 ], [ 108.528152465820341, 26.290868801540821 ], [ 108.517493184407584, 26.292493014865471 ], [ 108.516023932562959, 26.302134874131966 ], [ 108.51120605468752, 26.308286878797766 ], [ 108.506301710340736, 26.304809570312521 ], [ 108.502031622992646, 26.303523763020856 ], [ 108.493801710340733, 26.296476236979188 ], [ 108.485364956325981, 26.295190429687523 ], [ 108.480042182074683, 26.291416422526062 ], [ 108.478523932562965, 26.306301540798632 ], [ 108.475023566352021, 26.311238267686655 ], [ 108.47083333333336, 26.3125 ], [ 108.466666666666697, 26.3125 ], [ 108.460289510091172, 26.311932712131096 ], [ 108.456377156575542, 26.308900621202277 ], [ 108.44672071668839, 26.307624986436654 ], [ 108.44492407904734, 26.300623575846377 ], [ 108.422789510091178, 26.299432712131097 ], [ 108.414710489908884, 26.292233954535611 ], [ 108.406122843424498, 26.291099378797764 ], [ 108.400967746310783, 26.287103949652799 ], [ 108.399432712131102, 26.281122843424502 ], [ 108.391083780924504, 26.271752929687523 ], [ 108.38528951009117, 26.270266045464432 ], [ 108.381377156575553, 26.267233954535612 ], [ 108.354166666666686, 26.266666666666687 ], [ 108.353029547797334, 26.271097819010439 ], [ 108.348043823242207, 26.267233954535612 ], [ 108.34583333333336, 26.266666666666687 ], [ 108.342517598470081, 26.267517428927974 ], [ 108.340751308865038, 26.274400160047765 ], [ 108.303420003255226, 26.275567287868945 ], [ 108.29804382324221, 26.271400621202279 ], [ 108.295833333333363, 26.270833333333353 ], [ 108.29526604546443, 26.268622843424499 ], [ 108.292233954535618, 26.264710489908875 ], [ 108.290815734863301, 26.259184095594641 ], [ 108.283729214138475, 26.257365587022591 ], [ 108.279733954535615, 26.252210489908876 ], [ 108.279166666666697, 26.25 ], [ 108.275, 26.25 ], [ 108.263497755262605, 26.250677151150196 ], [ 108.261882358127195, 26.256326972113737 ], [ 108.25895097520619, 26.260339694552972 ], [ 108.257715691460533, 26.262969292534741 ], [ 108.261945427788646, 26.26875949435766 ], [ 108.245195685492646, 26.286683146158875 ], [ 108.234027608235706, 26.288308715820335 ], [ 108.232715691460527, 26.308802625868076 ], [ 108.23688235812719, 26.314506361219639 ], [ 108.238117641872847, 26.317434014214431 ], [ 108.228319634331626, 26.32848069932728 ], [ 108.216666666666697, 26.329166666666687 ], [ 108.214456176757835, 26.328599378797765 ], [ 108.206377156575542, 26.32140062120228 ], [ 108.193622843424507, 26.320266045464432 ], [ 108.189710489908876, 26.317233954535613 ], [ 108.181122843424504, 26.316099378797766 ], [ 108.17304382324221, 26.308900621202277 ], [ 108.16751759847007, 26.307482571072072 ], [ 108.166666666666686, 26.304166666666688 ], [ 108.164242214626753, 26.304519992404536 ], [ 108.152424452039952, 26.31631334092884 ], [ 108.11912044949004, 26.317019992404536 ], [ 108.114924452039958, 26.312853325737869 ], [ 108.101742214626753, 26.312146674262173 ], [ 108.092024400499156, 26.302454969618076 ], [ 108.091313340928849, 26.29757554796009 ], [ 108.081621805826842, 26.287857733832485 ], [ 108.079166666666694, 26.2875 ], [ 108.078599378797762, 26.289710489908874 ], [ 108.074080573187956, 26.29512905544707 ], [ 108.06445617675783, 26.296400621202277 ], [ 108.059037611219637, 26.300919596354188 ], [ 108.057766045464433, 26.31054382324221 ], [ 108.053206888834652, 26.316010877821203 ], [ 108.039456176757838, 26.317233954535613 ], [ 108.034301079644123, 26.321229383680578 ], [ 108.032482401529975, 26.328315904405404 ], [ 108.025850931803404, 26.330017428927974 ], [ 108.024432712131102, 26.335543823242208 ], [ 108.021400621202275, 26.339456176757835 ], [ 108.020833333333357, 26.34166666666669 ], [ 107.997789510091167, 26.341099378797765 ], [ 107.99280378553604, 26.337235514322938 ], [ 107.991666666666688, 26.34166666666669 ], [ 107.990895250108522, 26.349228583441864 ], [ 107.977031622992641, 26.350642903645856 ], [ 107.972968377007405, 26.353523763020856 ], [ 107.968698289659315, 26.354809570312522 ], [ 107.964635043674065, 26.357690429687523 ], [ 107.9625, 26.358333333333356 ], [ 107.962146674262172, 26.355908881293423 ], [ 107.958686659071205, 26.352424452039951 ], [ 107.957975260416688, 26.347542995876758 ], [ 107.952424452039949, 26.342019992404534 ], [ 107.947545539008274, 26.341308932834224 ], [ 107.933686659071199, 26.327424452039953 ], [ 107.932980007595503, 26.322575547960092 ], [ 107.929519992404536, 26.31909111870662 ], [ 107.92880859375002, 26.314209662543423 ], [ 107.923257785373281, 26.308686659071203 ], [ 107.918376498752195, 26.30797526041669 ], [ 107.912853325737871, 26.302424452039951 ], [ 107.9125, 26.291666666666689 ], [ 107.912146674262175, 26.276742214626758 ], [ 107.908686659071208, 26.273257785373286 ], [ 107.908333333333374, 26.2625 ], [ 107.905093044704898, 26.261573621961826 ], [ 107.90354919433598, 26.256173027886305 ], [ 107.900617472330765, 26.25216030544707 ], [ 107.899382527669303, 26.247839694552972 ], [ 107.896450805664102, 26.243826972113737 ], [ 107.895039198133716, 26.234127468533007 ], [ 107.885339694552982, 26.232715861002625 ], [ 107.880028279622437, 26.228835720486131 ], [ 107.878549194335974, 26.218673027886304 ], [ 107.874200100368967, 26.213235473632832 ], [ 107.860339694552991, 26.211882527669292 ], [ 107.852160305447086, 26.204784138997418 ], [ 107.835339694552985, 26.203549194335956 ], [ 107.831326972113757, 26.200617472330748 ], [ 107.827006361219659, 26.199382527669293 ], [ 107.822993638780417, 26.196450805664082 ], [ 107.813471815321222, 26.195064968533007 ], [ 107.811573621961841, 26.188426378038216 ], [ 107.808333333333366, 26.1875 ], [ 107.788415527343787, 26.186901516384584 ], [ 107.78663804796011, 26.179974365234411 ], [ 107.780381605360276, 26.178599378797781 ], [ 107.778315904405417, 26.186649068196651 ], [ 107.772789510091187, 26.188067287868961 ], [ 107.767322455512186, 26.192626444498735 ], [ 107.766666666666708, 26.2 ], [ 107.766666666666708, 26.204166666666701 ], [ 107.7625, 26.204166666666701 ], [ 107.741666666666703, 26.204166666666687 ], [ 107.741313340928855, 26.197575547960106 ], [ 107.737514580620697, 26.19375 ], [ 107.74165276421445, 26.189582655164966 ], [ 107.733686659071211, 26.181591118706635 ], [ 107.732980007595529, 26.160075547960105 ], [ 107.728813340928852, 26.155879550510019 ], [ 107.729519992404548, 26.151742214626772 ], [ 107.733686659071211, 26.147546217176686 ], [ 107.732980007595529, 26.135075547960106 ], [ 107.729519992404548, 26.131591118706634 ], [ 107.7291666666667, 26.125 ], [ 107.718622843424512, 26.124432712131114 ], [ 107.714710489908896, 26.121400621202291 ], [ 107.710289510091187, 26.120266045464447 ], [ 107.698043823242216, 26.108900621202292 ], [ 107.684232923719648, 26.107672119140659 ], [ 107.682766045464447, 26.101956176757849 ], [ 107.679733954535621, 26.098043823242222 ], [ 107.678599378797784, 26.089456176757849 ], [ 107.67460394965282, 26.084301079644131 ], [ 107.668622843424515, 26.082766045464446 ], [ 107.664583333333368, 26.079635450575122 ], [ 107.660543823242222, 26.082766045464446 ], [ 107.635289510091184, 26.083900621202293 ], [ 107.631236097547784, 26.087042066786061 ], [ 107.606377156575562, 26.063067287868957 ], [ 107.597789510091175, 26.06193271213111 ], [ 107.593877156575559, 26.058900621202291 ], [ 107.5875, 26.058333333333351 ], [ 107.586932712131116, 26.068877156575539 ], [ 107.583900621202289, 26.072789510091166 ], [ 107.582482571072077, 26.0783159044054 ], [ 107.576956176757847, 26.079733954535609 ], [ 107.573043823242216, 26.082766045464428 ], [ 107.566666666666706, 26.083333333333353 ], [ 107.566666666666706, 26.095833333333353 ], [ 107.564456176757844, 26.096400621202278 ], [ 107.560543823242227, 26.099432712131097 ], [ 107.546732923719645, 26.100661214192726 ], [ 107.545266045464444, 26.10637715657554 ], [ 107.54127061631948, 26.111532253689255 ], [ 107.535289510091175, 26.113067287868944 ], [ 107.527210489908882, 26.12026604546443 ], [ 107.522789510091187, 26.121400621202277 ], [ 107.518877156575556, 26.124432712131096 ], [ 107.511753336588569, 26.125567287868943 ], [ 107.50625, 26.121301947699671 ], [ 107.501218668619828, 26.125201416015646 ], [ 107.496498277452289, 26.124143134223111 ], [ 107.495833333333366, 26.116666666666685 ], [ 107.493698459201426, 26.116023763020852 ], [ 107.48963487413198, 26.113142903645851 ], [ 107.472865125868083, 26.111857096354186 ], [ 107.467710367838578, 26.108202446831616 ], [ 107.466023763020871, 26.117300415039082 ], [ 107.475420803493961, 26.12827385796443 ], [ 107.459169175889784, 26.129931301540818 ], [ 107.457690429687531, 26.139634874131964 ], [ 107.454190063476602, 26.144571601019987 ], [ 107.447865125868091, 26.146476236979186 ], [ 107.435468207465306, 26.15769042968752 ], [ 107.416344875759577, 26.158976236979186 ], [ 107.410468207465314, 26.154809570312519 ], [ 107.402031792534757, 26.153523763020853 ], [ 107.397968207465311, 26.150642903645853 ], [ 107.391344875759586, 26.149357096354187 ], [ 107.3854166666667, 26.153560384114602 ], [ 107.381301540798646, 26.150642903645853 ], [ 107.370833333333366, 26.15 ], [ 107.369620768229197, 26.154241265190993 ], [ 107.363361612955757, 26.149669053819466 ], [ 107.361688910590317, 26.13817647298179 ], [ 107.335339694552985, 26.13688252766929 ], [ 107.331326972113743, 26.133950805664082 ], [ 107.325, 26.133333333333354 ], [ 107.318408881293436, 26.133686659071202 ], [ 107.314924452039961, 26.137146674262173 ], [ 107.308333333333366, 26.1375 ], [ 107.308333333333366, 26.141666666666687 ], [ 107.307709757487018, 26.153257581922762 ], [ 107.301956176757841, 26.154733954535612 ], [ 107.298043823242224, 26.157766045464431 ], [ 107.289456176757838, 26.158900621202278 ], [ 107.279897054036496, 26.167571004231792 ], [ 107.278599378797779, 26.175937228732661 ], [ 107.288082885742213, 26.186580403645856 ], [ 107.293877156575547, 26.188067287868943 ], [ 107.30759819878476, 26.200902642144118 ], [ 107.308900621202284, 26.209079996744812 ], [ 107.303770616319483, 26.215698920355923 ], [ 107.297789510091178, 26.217233954535612 ], [ 107.284236992730072, 26.229812282986131 ], [ 107.282766045464442, 26.235543823242207 ], [ 107.278206719292569, 26.2410108778212 ], [ 107.270833333333371, 26.241666666666688 ], [ 107.270833333333371, 26.25 ], [ 107.279166666666697, 26.25 ], [ 107.285757785373292, 26.250353325737869 ], [ 107.293408881293431, 26.257980007595506 ], [ 107.306591118706635, 26.258686659071202 ], [ 107.310786946614613, 26.262853325737868 ], [ 107.331591118706626, 26.262146674262173 ], [ 107.335786946614618, 26.257980007595506 ], [ 107.352424452039969, 26.258686659071202 ], [ 107.355908881293431, 26.262146674262173 ], [ 107.358333333333363, 26.2625 ], [ 107.358333333333363, 26.266666666666687 ], [ 107.357980007595515, 26.277424452039952 ], [ 107.354519992404548, 26.280908881293424 ], [ 107.3541666666667, 26.291666666666689 ], [ 107.351956176757852, 26.292233954535611 ], [ 107.346801079644123, 26.296229383680576 ], [ 107.34498257107208, 26.303315904405402 ], [ 107.338350762261314, 26.305017428927972 ], [ 107.3375, 26.308333333333355 ], [ 107.333333333333371, 26.308333333333355 ], [ 107.331122843424509, 26.308900621202277 ], [ 107.323043823242216, 26.316099378797766 ], [ 107.317405531141532, 26.317546251085091 ], [ 107.316099378797773, 26.325746663411479 ], [ 107.320266045464436, 26.331122843424502 ], [ 107.321400621202287, 26.335543823242208 ], [ 107.324432712131113, 26.339456176757835 ], [ 107.325, 26.345833333333356 ], [ 107.322839694552982, 26.346450805664084 ], [ 107.318826972113754, 26.349382527669292 ], [ 107.314506361219657, 26.35061747233075 ], [ 107.310493638780414, 26.353549194335958 ], [ 107.307864040798648, 26.354784138997417 ], [ 107.302160305447075, 26.35061747233075 ], [ 107.299530707465308, 26.349382527669292 ], [ 107.29375, 26.353605143229188 ], [ 107.289660305447086, 26.35061747233075 ], [ 107.285339694552988, 26.349382527669292 ], [ 107.281326972113746, 26.346450805664084 ], [ 107.275926378038221, 26.344906955295162 ], [ 107.274073621961833, 26.338426378038214 ], [ 107.268673027886322, 26.336882527669292 ], [ 107.26466030544708, 26.333950805664085 ], [ 107.257864040798637, 26.332715861002626 ], [ 107.25208333333336, 26.336938476562523 ], [ 107.247993638780414, 26.333950805664085 ], [ 107.245364040798648, 26.332715861002626 ], [ 107.239660305447075, 26.336882527669292 ], [ 107.220026991102458, 26.338117472330751 ], [ 107.206326972113743, 26.325617472330752 ], [ 107.196805148654548, 26.324231635199673 ], [ 107.194861518012189, 26.317435031467035 ], [ 107.185339694552979, 26.31604919433596 ], [ 107.180325317382838, 26.312386067708353 ], [ 107.178549194335972, 26.306173027886306 ], [ 107.175617472330757, 26.302160305447071 ], [ 107.174382527669309, 26.293673027886307 ], [ 107.166131591796912, 26.28416510687936 ], [ 107.154901801215303, 26.282530721028667 ], [ 107.153449503580759, 26.267653062608527 ], [ 107.15, 26.266666666666687 ], [ 107.149646674262186, 26.264242214626758 ], [ 107.146186659071205, 26.260757785373286 ], [ 107.145480007595523, 26.255908881293422 ], [ 107.142019992404542, 26.25242445203995 ], [ 107.141666666666694, 26.25 ], [ 107.139242214626762, 26.249646674262173 ], [ 107.127084011501765, 26.237513563368076 ], [ 107.123257785373298, 26.241313340928841 ], [ 107.106616550021727, 26.242019992404536 ], [ 107.089924452039966, 26.225353325737867 ], [ 107.080908881293439, 26.224646674262175 ], [ 107.077424452039963, 26.221186659071201 ], [ 107.068408881293436, 26.220480007595505 ], [ 107.058691067165825, 26.210788302951411 ], [ 107.057980007595518, 26.205908881293425 ], [ 107.054519992404551, 26.202424452039949 ], [ 107.053813340928855, 26.193408881293422 ], [ 107.044122653537357, 26.183692084418425 ], [ 107.039952256944474, 26.182980007595507 ], [ 107.033691406250028, 26.189209662543423 ], [ 107.032980007595512, 26.194091118706616 ], [ 107.027457004123292, 26.199641927083356 ], [ 107.022575547960102, 26.200353325737868 ], [ 107.017021009657142, 26.205880059136305 ], [ 107.016666666666694, 26.216666666666686 ], [ 107.016313340928846, 26.227424452039951 ], [ 107.012853325737879, 26.230908881293423 ], [ 107.0125, 26.245833333333355 ], [ 107.005908881293436, 26.246186659071203 ], [ 107.002424452039961, 26.249646674262173 ], [ 106.991666666666703, 26.25 ], [ 106.990698920355939, 26.246229383680575 ], [ 106.98554382324221, 26.24223395453561 ], [ 106.975887383355058, 26.240958319769987 ], [ 106.974086507161488, 26.233940972222243 ], [ 106.958333333333357, 26.233333333333356 ], [ 106.951742214626762, 26.2336866590712 ], [ 106.948257785373301, 26.237146674262174 ], [ 106.945833333333368, 26.2375 ], [ 106.943660481770863, 26.2381049262153 ], [ 106.938258192274333, 26.242110527886304 ], [ 106.92994350857208, 26.240881686740472 ], [ 106.928413221571205, 26.230117119683179 ], [ 106.922827148437534, 26.228561740451411 ], [ 106.902172851562526, 26.208938259548631 ], [ 106.875, 26.208333333333353 ], [ 106.874149237738749, 26.211649237738737 ], [ 106.868622843424504, 26.213067287868945 ], [ 106.864710489908887, 26.216099378797765 ], [ 106.858333333333363, 26.216666666666686 ], [ 106.858333333333363, 26.233333333333356 ], [ 106.865895250108537, 26.234104749891515 ], [ 106.866666666666703, 26.241666666666688 ], [ 106.866666666666703, 26.254166666666688 ], [ 106.866005452473985, 26.261600409613735 ], [ 106.8625, 26.2625 ], [ 106.859184095594642, 26.261649237738737 ], [ 106.85743374294708, 26.254827880859395 ], [ 106.843622843424512, 26.253599378797762 ], [ 106.835543823242219, 26.246400621202277 ], [ 106.833333333333357, 26.245833333333355 ], [ 106.8298751831055, 26.24672071668839 ], [ 106.828599378797776, 26.256377156575542 ], [ 106.824432712131099, 26.261753336588562 ], [ 106.825673760308192, 26.274103461371549 ], [ 106.831377156575556, 26.275567287868945 ], [ 106.839456176757835, 26.282766045464431 ], [ 106.841666666666697, 26.283333333333353 ], [ 106.843877156575545, 26.282766045464431 ], [ 106.849253336588575, 26.278599378797765 ], [ 106.854733954535618, 26.280702039930578 ], [ 106.848043823242222, 26.286932712131097 ], [ 106.842517598470081, 26.288350762261306 ], [ 106.841099378797765, 26.29387715657554 ], [ 106.838067287868952, 26.297789510091167 ], [ 106.836932712131102, 26.302210489908877 ], [ 106.833346557617219, 26.306837632921027 ], [ 106.839456176757835, 26.311932712131096 ], [ 106.843877156575545, 26.313067287868947 ], [ 106.847789510091175, 26.316099378797766 ], [ 106.85, 26.316666666666688 ], [ 106.849382527669306, 26.318826972113737 ], [ 106.842284308539519, 26.327006361219638 ], [ 106.840931532118077, 26.340864054362001 ], [ 106.831173197428413, 26.342284138997417 ], [ 106.825033908420167, 26.347194417317731 ], [ 106.828605143229197, 26.352083333333354 ], [ 106.825617641872853, 26.356173027886307 ], [ 106.824382358127195, 26.371302625868076 ], [ 106.828549024793858, 26.377006361219639 ], [ 106.82978430853953, 26.381326972113737 ], [ 106.846225992838569, 26.398921034071201 ], [ 106.853489515516529, 26.400997585720507 ], [ 106.8541666666667, 26.4125 ], [ 106.853813340928852, 26.414924452039951 ], [ 106.848291354709232, 26.420474243164087 ], [ 106.844120279947944, 26.421186659071203 ], [ 106.839924452039952, 26.417019992404537 ], [ 106.826742214626762, 26.416313340928841 ], [ 106.823257785373286, 26.412853325737871 ], [ 106.819118923611143, 26.412146674262175 ], [ 106.812858072916697, 26.418376329210091 ], [ 106.8125, 26.420833333333356 ], [ 106.810289510091181, 26.421400621202281 ], [ 106.79804382324221, 26.432766045464433 ], [ 106.793622843424501, 26.43390062120228 ], [ 106.789710489908884, 26.4369327121311 ], [ 106.786753336588575, 26.438067287868947 ], [ 106.781377156575545, 26.43390062120228 ], [ 106.775850931803419, 26.432482571072072 ], [ 106.773862881130668, 26.42473551432294 ], [ 106.768877156575542, 26.428599378797767 ], [ 106.7625, 26.429166666666688 ], [ 106.762146674262183, 26.414242214626757 ], [ 106.750353325737876, 26.402424452039952 ], [ 106.75, 26.4 ], [ 106.739506530761744, 26.400617472330751 ], [ 106.735493469238307, 26.403549194335959 ], [ 106.722839864095079, 26.404784138997417 ], [ 106.71875, 26.407771809895856 ], [ 106.714660135904978, 26.404784138997417 ], [ 106.710339864095076, 26.403549194335959 ], [ 106.705325486924934, 26.399886067708355 ], [ 106.703190273708799, 26.392418416341169 ], [ 106.69266628689239, 26.39104919433596 ], [ 106.69104902479387, 26.402160305447069 ], [ 106.68811764187285, 26.406173027886307 ], [ 106.686561245388475, 26.411616346571204 ], [ 106.680534532335102, 26.41311747233075 ], [ 106.678160434299073, 26.404813978407141 ], [ 106.635339864095073, 26.403549194335959 ], [ 106.631243387858106, 26.400556776258703 ], [ 106.62299346923831, 26.407715861002625 ], [ 106.618673197428407, 26.408950805664084 ], [ 106.61466013590497, 26.411882527669292 ], [ 106.591666666666697, 26.4125 ], [ 106.591068183051249, 26.392582194010437 ], [ 106.582766045464439, 26.390451727973112 ], [ 106.583900621202289, 26.3811228434245 ], [ 106.588067287868952, 26.37574666341148 ], [ 106.586932712131102, 26.372789510091167 ], [ 106.583900621202289, 26.368877156575543 ], [ 106.582766045464439, 26.364456176757834 ], [ 106.579733954535612, 26.36054382324221 ], [ 106.578599378797776, 26.356122843424501 ], [ 106.574735344780848, 26.351137288411479 ], [ 106.579166666666694, 26.35 ], [ 106.579519992404542, 26.335075547960091 ], [ 106.587486097547767, 26.327084011501757 ], [ 106.583686659071205, 26.323257785373286 ], [ 106.583333333333357, 26.308333333333355 ], [ 106.581160651312956, 26.307728407118077 ], [ 106.575776163737004, 26.303376600477453 ], [ 106.574228074815565, 26.292486572265645 ], [ 106.566125996907573, 26.291061740451411 ], [ 106.560506015353752, 26.295228407118078 ], [ 106.553625996907584, 26.296438259548633 ], [ 106.548006015353764, 26.292271592881967 ], [ 106.545045810275639, 26.291061740451411 ], [ 106.535506015353761, 26.299395073784744 ], [ 106.52414788140193, 26.3006049262153 ], [ 106.509372965494819, 26.287066650390646 ], [ 106.507728237575975, 26.281160481770854 ], [ 106.50477176242407, 26.277172851562522 ], [ 106.503449842664963, 26.263321940104188 ], [ 106.495045810275627, 26.261895073784743 ], [ 106.485423956977016, 26.270299953884571 ], [ 106.481339348687086, 26.267271592881965 ], [ 106.479166666666686, 26.266666666666687 ], [ 106.471682908799934, 26.265935940212696 ], [ 106.470215691460524, 26.257864040798633 ], [ 106.475267367892826, 26.250948418511307 ], [ 106.464506530761739, 26.24938252766929 ], [ 106.460493469238301, 26.246450805664082 ], [ 106.442512342664955, 26.245130411783876 ], [ 106.44104902479387, 26.236763170030404 ], [ 106.449382358127195, 26.227160305447068 ], [ 106.450617641872853, 26.220364040798632 ], [ 106.44645097520619, 26.214660305447069 ], [ 106.445215691460533, 26.210339694552971 ], [ 106.441552734375023, 26.205325317382833 ], [ 106.435339864095084, 26.203549194335956 ], [ 106.43085530598961, 26.200273301866339 ], [ 106.428549024793867, 26.19536404079863 ], [ 106.43271569146053, 26.18966030544707 ], [ 106.433333333333366, 26.183333333333355 ], [ 106.430908881293433, 26.182980007595507 ], [ 106.427424452039958, 26.179519992404533 ], [ 106.416666666666686, 26.179166666666688 ], [ 106.401918368869389, 26.179696316189258 ], [ 106.398081631130665, 26.182803683810786 ], [ 106.3823925442166, 26.183862982855924 ], [ 106.377248297797337, 26.179696316189258 ], [ 106.36441836886938, 26.178637017144119 ], [ 106.346588812934058, 26.161541069878492 ], [ 106.345062594943599, 26.155061170789949 ], [ 106.340583631727455, 26.153637017144117 ], [ 106.331414964464003, 26.16197035047745 ], [ 106.3125, 26.1625 ], [ 106.3125, 26.166666666666686 ], [ 106.312853325737876, 26.169091118706618 ], [ 106.316313340928843, 26.17257554796009 ], [ 106.317019992404539, 26.177424452039951 ], [ 106.320480007595506, 26.180908881293423 ], [ 106.321186659071202, 26.185757785373283 ], [ 106.324646674262183, 26.189242214626756 ], [ 106.325353325737865, 26.194091118706616 ], [ 106.328813340928846, 26.197575547960088 ], [ 106.329519992404542, 26.202424452039949 ], [ 106.332980007595509, 26.205908881293425 ], [ 106.333333333333357, 26.2125 ], [ 106.326956176757832, 26.213067287868945 ], [ 106.323043823242216, 26.216099378797765 ], [ 106.318622843424507, 26.217233954535612 ], [ 106.314710489908876, 26.220266045464431 ], [ 106.310289510091167, 26.221400621202278 ], [ 106.300919765896296, 26.229749552408876 ], [ 106.299149068196641, 26.236649237738735 ], [ 106.295833333333363, 26.2375 ], [ 106.294618394639784, 26.23276604546443 ], [ 106.285289510091175, 26.233900621202277 ], [ 106.279913330078145, 26.238067287868944 ], [ 106.272789510091172, 26.236932712131097 ], [ 106.268877156575542, 26.233900621202277 ], [ 106.256122843424507, 26.23276604546443 ], [ 106.250746663411476, 26.228599378797764 ], [ 106.24601067437068, 26.230416531033008 ], [ 106.242233954535621, 26.235289510091167 ], [ 106.24045172797311, 26.24223395453561 ], [ 106.238067287868944, 26.239710489908873 ], [ 106.236649068196641, 26.234184095594639 ], [ 106.23001759847007, 26.232482571072069 ], [ 106.228599378797767, 26.226956176757835 ], [ 106.225567287868941, 26.223043823242207 ], [ 106.224432712131104, 26.210289510091165 ], [ 106.221400621202278, 26.206377156575542 ], [ 106.219865587022596, 26.200396050347244 ], [ 106.214710489908882, 26.196400621202276 ], [ 106.210289510091172, 26.195266045464429 ], [ 106.204913330078142, 26.191099378797762 ], [ 106.18945617675783, 26.19223395453561 ], [ 106.184079996744813, 26.196400621202276 ], [ 106.160289510091175, 26.195266045464429 ], [ 106.156377156575545, 26.19223395453561 ], [ 106.151956176757835, 26.191099378797762 ], [ 106.139710489908879, 26.17973395453561 ], [ 106.131122843424507, 26.178599378797763 ], [ 106.123043823242213, 26.171400621202277 ], [ 106.116666666666688, 26.170833333333352 ], [ 106.110289510091164, 26.17026604546443 ], [ 106.105134412977449, 26.166270616319466 ], [ 106.103269788954009, 26.159005398220508 ], [ 106.090729437934044, 26.157766045464431 ], [ 106.081377156575542, 26.166099378797764 ], [ 106.074253336588569, 26.167233954535611 ], [ 106.068877156575539, 26.163067287868945 ], [ 106.058333333333351, 26.1625 ], [ 106.058333333333351, 26.179166666666688 ], [ 106.055908881293419, 26.179519992404533 ], [ 106.050354851616774, 26.185046386718771 ], [ 106.049646674262178, 26.198257785373283 ], [ 106.046186659071196, 26.201742214626755 ], [ 106.045833333333377, 26.229166666666686 ], [ 106.050365871853316, 26.23032972547745 ], [ 106.042233954535618, 26.239456176757834 ], [ 106.041099378797767, 26.243877156575543 ], [ 106.038067287868941, 26.247789510091167 ], [ 106.0375, 26.254166666666688 ], [ 106.036699591742646, 26.266934882269986 ], [ 106.03128899468318, 26.263155449761307 ], [ 106.022877671983522, 26.261844550238735 ], [ 106.014622328016515, 26.254822116427974 ], [ 106.010377671983534, 26.253511216905402 ], [ 106.00625, 26.250627983940994 ], [ 106.000948248969209, 26.254331461588563 ], [ 105.999344550238732, 26.264622328016515 ], [ 105.995924546983531, 26.269518364800369 ], [ 105.989544338650191, 26.27148878309464 ], [ 105.983386739095067, 26.276260715060786 ], [ 105.986874559190554, 26.281253729926235 ], [ 105.979822116427968, 26.289544338650195 ], [ 105.979166666666686, 26.304166666666688 ], [ 105.970833333333374, 26.304166666666688 ], [ 105.964242214626779, 26.303813340928841 ], [ 105.960757785373303, 26.30035332573787 ], [ 105.958333333333371, 26.3 ], [ 105.955908881293439, 26.299646674262174 ], [ 105.948257785373301, 26.292019992404533 ], [ 105.939242214626773, 26.291313340928841 ], [ 105.935757785373298, 26.287853325737867 ], [ 105.930908881293433, 26.287146674262175 ], [ 105.927424452039972, 26.283686659071201 ], [ 105.914242214626768, 26.282980007595508 ], [ 105.906591118706629, 26.275353325737868 ], [ 105.901742214626779, 26.274646674262172 ], [ 105.898257785373303, 26.271186659071201 ], [ 105.891666666666708, 26.270833333333353 ], [ 105.888350762261325, 26.26998257107207 ], [ 105.886588202582502, 26.263114081488737 ], [ 105.860289510091178, 26.261932712131099 ], [ 105.852210489908884, 26.25473395453561 ], [ 105.847789510091189, 26.253599378797762 ], [ 105.843877156575559, 26.250567287868943 ], [ 105.841666666666697, 26.25 ], [ 105.841666666666697, 26.245833333333355 ], [ 105.841313340928849, 26.23507554796009 ], [ 105.837853325737882, 26.231591118706618 ], [ 105.837146674262186, 26.226742214626757 ], [ 105.833686659071219, 26.223257785373285 ], [ 105.832980007595523, 26.205908881293425 ], [ 105.829519992404556, 26.202424452039949 ], [ 105.829166666666708, 26.195833333333354 ], [ 105.814456176757844, 26.195266045464429 ], [ 105.810543823242227, 26.19223395453561 ], [ 105.796732923719659, 26.191005452473981 ], [ 105.794924248589439, 26.183956909179706 ], [ 105.772789510091187, 26.18276604546443 ], [ 105.767634412977472, 26.178770616319465 ], [ 105.766099378797776, 26.172789510091167 ], [ 105.753158230251771, 26.158955552842901 ], [ 105.732586669921915, 26.157766045464431 ], [ 105.727210489908884, 26.161932712131097 ], [ 105.718622843424512, 26.163067287868945 ], [ 105.713467746310798, 26.167062717013909 ], [ 105.711649237738754, 26.174149237738735 ], [ 105.706122843424509, 26.175567287868944 ], [ 105.696752929687534, 26.183916219075542 ], [ 105.69526604546445, 26.189710489908876 ], [ 105.692233954535624, 26.1936228434245 ], [ 105.691099378797773, 26.202210489908875 ], [ 105.688067287868961, 26.206122843424499 ], [ 105.68693271213111, 26.210543823242208 ], [ 105.682937282986146, 26.215698920355923 ], [ 105.676956176757841, 26.217233954535612 ], [ 105.671801079644126, 26.221229383680576 ], [ 105.669945949978327, 26.228458319769985 ], [ 105.659220716688409, 26.22987501356339 ], [ 105.657522243923651, 26.236493259006096 ], [ 105.653420003255249, 26.238067287868944 ], [ 105.648043823242219, 26.233900621202277 ], [ 105.643622843424509, 26.23276604546443 ], [ 105.638467746310795, 26.228770616319466 ], [ 105.636932712131113, 26.222789510091168 ], [ 105.632937282986148, 26.21763441297745 ], [ 105.626956176757844, 26.216099378797765 ], [ 105.623043823242227, 26.213067287868945 ], [ 105.618622843424518, 26.211932712131098 ], [ 105.614710489908887, 26.208900621202279 ], [ 105.610289510091178, 26.207766045464432 ], [ 105.606377156575562, 26.204733954535612 ], [ 105.593622843424512, 26.203599378797762 ], [ 105.588467746310798, 26.199603949652797 ], [ 105.5875, 26.195833333333354 ], [ 105.585289510091187, 26.196400621202276 ], [ 105.581377156575556, 26.199432712131099 ], [ 105.575850762261325, 26.200850762261304 ], [ 105.574432712131113, 26.206377156575542 ], [ 105.563067287868961, 26.218622843424498 ], [ 105.561791653103327, 26.228279283311654 ], [ 105.556122843424518, 26.229733954535611 ], [ 105.552083333333371, 26.232864718967036 ], [ 105.548043823242224, 26.229733954535611 ], [ 105.543622843424515, 26.228599378797764 ], [ 105.539710489908884, 26.225567287868945 ], [ 105.531122843424512, 26.224432712131097 ], [ 105.527210489908882, 26.221400621202278 ], [ 105.520086669921909, 26.220266045464431 ], [ 105.514710489908893, 26.224432712131097 ], [ 105.506122843424507, 26.225567287868945 ], [ 105.498043823242227, 26.23276604546443 ], [ 105.492517428927982, 26.234184095594639 ], [ 105.49109937879777, 26.239710489908873 ], [ 105.488067287868958, 26.2436228434245 ], [ 105.486649237738746, 26.249149237738735 ], [ 105.481122843424515, 26.250567287868943 ], [ 105.475967746310801, 26.254562717013911 ], [ 105.475, 26.258333333333354 ], [ 105.47083333333336, 26.258333333333354 ], [ 105.470222642686664, 26.250936889648457 ], [ 105.465667385525208, 26.249517822265645 ], [ 105.460581461588575, 26.253637017144118 ], [ 105.456085205078153, 26.254696316189257 ], [ 105.452248128255235, 26.257803683810785 ], [ 105.45, 26.258333333333354 ], [ 105.448787434895863, 26.262574598524328 ], [ 105.443826972113754, 26.258950805664085 ], [ 105.435339694552979, 26.257715861002623 ], [ 105.431326972113752, 26.254784138997415 ], [ 105.425807698567738, 26.253206380208354 ], [ 105.424382527669309, 26.245364040798631 ], [ 105.428605143229206, 26.239583333333353 ], [ 105.425617472330757, 26.235493638780405 ], [ 105.424205864800385, 26.225794135199674 ], [ 105.414506361219651, 26.224382527669292 ], [ 105.405273098415833, 26.216369967990474 ], [ 105.404166666666697, 26.2125 ], [ 105.396732923719654, 26.211838785807313 ], [ 105.394953748914958, 26.204905531141513 ], [ 105.386753336588569, 26.203599378797762 ], [ 105.381377156575553, 26.207766045464432 ], [ 105.376956176757844, 26.208900621202279 ], [ 105.373043823242227, 26.211932712131098 ], [ 105.368622843424518, 26.213067287868945 ], [ 105.360543823242224, 26.220266045464431 ], [ 105.351956176757852, 26.221400621202278 ], [ 105.348043823242222, 26.224432712131097 ], [ 105.343622843424512, 26.225567287868945 ], [ 105.339710489908882, 26.228599378797764 ], [ 105.3375, 26.229166666666686 ], [ 105.3375, 26.233333333333356 ], [ 105.331122843424509, 26.233900621202277 ], [ 105.325967746310795, 26.237896050347242 ], [ 105.324432712131113, 26.243877156575543 ], [ 105.321400621202287, 26.247789510091167 ], [ 105.320266045464436, 26.268877156575542 ], [ 105.317233954535624, 26.272789510091165 ], [ 105.316099378797773, 26.277210489908875 ], [ 105.312103949652808, 26.282365587022589 ], [ 105.304875013563404, 26.284220716688388 ], [ 105.30359937879777, 26.29387715657554 ], [ 105.300567287868958, 26.297789510091167 ], [ 105.3, 26.3 ], [ 105.297839694552977, 26.299382527669291 ], [ 105.293826972113749, 26.296450805664083 ], [ 105.289506361219651, 26.295215861002625 ], [ 105.279998440212708, 26.286964925130228 ], [ 105.278188408745692, 26.274528672960091 ], [ 105.263185628255243, 26.288350084092905 ], [ 105.2625, 26.3 ], [ 105.265764363606806, 26.300768703884572 ], [ 105.267196316189271, 26.305184258355055 ], [ 105.261553955078156, 26.311741468641515 ], [ 105.256085205078151, 26.313029649522591 ], [ 105.250635443793442, 26.317718844943599 ], [ 105.249470350477466, 26.327248128255231 ], [ 105.242196316189265, 26.335251871744813 ], [ 105.241137017144126, 26.339748128255231 ], [ 105.233862982855939, 26.347751871744812 ], [ 105.232803683810801, 26.35224812825523 ], [ 105.229696316189262, 26.356085205078145 ], [ 105.228637017144123, 26.364748128255229 ], [ 105.217196316189273, 26.376918538411481 ], [ 105.216666666666697, 26.3875 ], [ 105.197839694552982, 26.388117472330752 ], [ 105.19382697211374, 26.39104919433596 ], [ 105.184127468533021, 26.392460801866342 ], [ 105.182715861002634, 26.402160305447069 ], [ 105.179784138997434, 26.406173027886307 ], [ 105.179166666666703, 26.408333333333356 ], [ 105.178813340928855, 26.414924452039951 ], [ 105.175353325737873, 26.418408881293423 ], [ 105.174646674262178, 26.431591118706621 ], [ 105.171186659071211, 26.435075547960093 ], [ 105.170480007595515, 26.44409111870662 ], [ 105.158686659071208, 26.455908881293425 ], [ 105.157980007595512, 26.464924452039952 ], [ 105.154519992404545, 26.468408881293424 ], [ 105.154166666666697, 26.475 ], [ 105.150708346896735, 26.475887383355058 ], [ 105.149432712131102, 26.48554382324221 ], [ 105.145437282986137, 26.490698920355925 ], [ 105.139456176757847, 26.492233954535614 ], [ 105.129869588216181, 26.500929090711828 ], [ 105.128599378797773, 26.510543823242209 ], [ 105.125567287868961, 26.514456176757836 ], [ 105.12443271213111, 26.518877156575545 ], [ 105.121400621202284, 26.522789510091169 ], [ 105.120833333333366, 26.533333333333356 ], [ 105.120480007595518, 26.535757785373288 ], [ 105.117019992404551, 26.539242214626761 ], [ 105.116313340928855, 26.544091118706621 ], [ 105.108686659071211, 26.55174221462676 ], [ 105.107980007595515, 26.556591118706621 ], [ 105.096186659071208, 26.568408881293426 ], [ 105.09583333333336, 26.570833333333358 ], [ 105.095480007595512, 26.573257785373286 ], [ 105.092019992404545, 26.576742214626758 ], [ 105.091313340928849, 26.581591118706619 ], [ 105.087853325737882, 26.585075547960095 ], [ 105.087146674262186, 26.589924452039956 ], [ 105.077454969618088, 26.599642266167557 ], [ 105.075, 26.6 ], [ 105.063409084743952, 26.599376424153668 ], [ 105.0625, 26.595833333333356 ], [ 105.063104926215303, 26.589493815104191 ], [ 105.066061740451417, 26.585506184895856 ], [ 105.06727159288198, 26.581160481770858 ], [ 105.07022840711808, 26.577172851562523 ], [ 105.071438259548643, 26.568660481770856 ], [ 105.074395073784757, 26.564672851562523 ], [ 105.075604926215306, 26.556160481770856 ], [ 105.083365546332502, 26.54727681477867 ], [ 105.075675455729197, 26.541061740451411 ], [ 105.068660481770863, 26.542271592881967 ], [ 105.059120686848985, 26.5506049262153 ], [ 105.053561740451414, 26.548332722981794 ], [ 105.054771592881977, 26.539493815104191 ], [ 105.05893825954864, 26.53387383355037 ], [ 105.057728407118091, 26.531160481770858 ], [ 105.053561740451414, 26.525540500217037 ], [ 105.054771592881977, 26.514493815104188 ], [ 105.05893825954864, 26.508873833550371 ], [ 105.057495795355933, 26.500671725802974 ], [ 105.045833333333363, 26.5 ], [ 105.0416666666667, 26.5 ], [ 105.039242214626768, 26.500353325737869 ], [ 105.035757785373292, 26.503813340928843 ], [ 105.029166666666697, 26.504166666666691 ], [ 105.028599378797779, 26.506377156575542 ], [ 105.025567287868952, 26.51028951009117 ], [ 105.024432712131102, 26.518877156575545 ], [ 105.021400621202289, 26.522789510091169 ], [ 105.019982571072077, 26.528315904405403 ], [ 105.014456176757847, 26.529733954535615 ], [ 105.010543823242216, 26.532766045464435 ], [ 105.006122843424507, 26.533900621202278 ], [ 105.00221048990889, 26.536932712131101 ], [ 104.991666666666703, 26.5375 ], [ 104.977019246419303, 26.538130357530406 ], [ 104.972980753580757, 26.54103630913631 ], [ 104.970436943901944, 26.542297024197072 ], [ 104.964647420247431, 26.538130357530406 ], [ 104.95618591308596, 26.53686964246964 ], [ 104.952147420247428, 26.53396369086374 ], [ 104.945804172092039, 26.532102118598115 ], [ 104.949369642469648, 26.52714742024742 ], [ 104.950630357530414, 26.509270562065996 ], [ 104.937103610568613, 26.507702975802975 ], [ 104.931314086914085, 26.511869642469641 ], [ 104.922852579752629, 26.513130357530404 ], [ 104.918814086914097, 26.516036309136307 ], [ 104.91035257975264, 26.51729702419707 ], [ 104.906314086914094, 26.520202975802974 ], [ 104.9020192464193, 26.52146369086374 ], [ 104.897980753580754, 26.52436964246964 ], [ 104.89368591308596, 26.525630357530403 ], [ 104.889647420247428, 26.528536309136307 ], [ 104.872852579752632, 26.529797024197073 ], [ 104.868814086914085, 26.532702975802973 ], [ 104.864519246419306, 26.53396369086374 ], [ 104.860480753580759, 26.53686964246964 ], [ 104.856185913085966, 26.538130357530406 ], [ 104.85214742024742, 26.54103630913631 ], [ 104.84785257975264, 26.542297024197072 ], [ 104.843814086914094, 26.545202975802976 ], [ 104.835352410210533, 26.546463690863739 ], [ 104.822980923122856, 26.557702975802975 ], [ 104.814519076877204, 26.558963690863738 ], [ 104.810480923122853, 26.561869642469642 ], [ 104.804166666666688, 26.5625 ], [ 104.8, 26.5625 ], [ 104.799432712131107, 26.564710489908876 ], [ 104.794337632921042, 26.570820109049503 ], [ 104.789710489908884, 26.567233954535613 ], [ 104.778207058376765, 26.566099378797766 ], [ 104.76736958821617, 26.575929090711828 ], [ 104.766099378797776, 26.585543823242212 ], [ 104.762104119194902, 26.590698920355926 ], [ 104.756122843424507, 26.592233954535615 ], [ 104.750967746310792, 26.59622938368058 ], [ 104.74943271213111, 26.602210489908877 ], [ 104.741083780924512, 26.611580403645856 ], [ 104.735289510091178, 26.613067287868947 ], [ 104.723043823242222, 26.6244327121311 ], [ 104.717517598470081, 26.625850762261308 ], [ 104.716666666666697, 26.629166666666691 ], [ 104.7125, 26.629166666666691 ], [ 104.711649068196635, 26.632482571072071 ], [ 104.708333333333357, 26.633333333333358 ], [ 104.705017598470079, 26.634184095594641 ], [ 104.703599378797776, 26.639710489908879 ], [ 104.691020880805155, 26.653263007269988 ], [ 104.68418426513675, 26.655017428927977 ], [ 104.682766045464433, 26.660543823242211 ], [ 104.678770785861573, 26.665698920355926 ], [ 104.672789510091178, 26.667233954535615 ], [ 104.660543823242222, 26.678599378797767 ], [ 104.656122843424512, 26.679733954535614 ], [ 104.650967746310798, 26.683729383680578 ], [ 104.649149068196635, 26.690815904405405 ], [ 104.642517598470079, 26.692517428927975 ], [ 104.64081573486331, 26.699149237738741 ], [ 104.63528951009117, 26.70056728786895 ], [ 104.631377156575553, 26.703599378797769 ], [ 104.626956176757844, 26.704733954535616 ], [ 104.61887715657555, 26.711932712131102 ], [ 104.616666666666688, 26.7125 ], [ 104.614456176757841, 26.713067287868949 ], [ 104.606377156575547, 26.720266045464435 ], [ 104.597789510091175, 26.721400621202282 ], [ 104.584236823187965, 26.733978949652801 ], [ 104.582453579372853, 26.740927802191866 ], [ 104.574253336588569, 26.742233954535614 ], [ 104.568877156575553, 26.738067287868947 ], [ 104.566666666666691, 26.7375 ], [ 104.566666666666691, 26.741666666666692 ], [ 104.55, 26.741666666666692 ], [ 104.547789510091178, 26.742233954535614 ], [ 104.539710489908884, 26.749432712131103 ], [ 104.531122843424498, 26.750567287868947 ], [ 104.521753099229628, 26.758916219075545 ], [ 104.520266045464439, 26.764710489908879 ], [ 104.515702480740046, 26.770182630750892 ], [ 104.501214938693607, 26.771400621202282 ], [ 104.5, 26.766666666666691 ], [ 104.497789510091167, 26.767233954535616 ], [ 104.49387715657555, 26.770266045464435 ], [ 104.48835093180341, 26.771684095594644 ], [ 104.486649068196641, 26.778315904405407 ], [ 104.483333333333363, 26.77916666666669 ], [ 104.460289510091172, 26.779733954535615 ], [ 104.456377156575542, 26.782766045464435 ], [ 104.453420003255232, 26.783900621202282 ], [ 104.448043823242216, 26.779733954535615 ], [ 104.439456176757844, 26.778599378797768 ], [ 104.435543823242213, 26.775567287868949 ], [ 104.428420003255241, 26.774432712131102 ], [ 104.42304382324221, 26.778599378797768 ], [ 104.418622843424501, 26.779733954535615 ], [ 104.414710489908884, 26.782766045464435 ], [ 104.410289510091175, 26.783900621202282 ], [ 104.406377156575545, 26.786932712131101 ], [ 104.397789510091172, 26.788067287868948 ], [ 104.389710489908879, 26.795266045464434 ], [ 104.384184265136739, 26.796684095594642 ], [ 104.38248240152997, 26.803315904405409 ], [ 104.376956176757844, 26.804733954535614 ], [ 104.371801079644115, 26.808729383680582 ], [ 104.370833333333366, 26.8125 ], [ 104.360075547960093, 26.812853325737873 ], [ 104.350357733832496, 26.822545030381971 ], [ 104.35, 26.825 ], [ 104.347789510091175, 26.824432712131102 ], [ 104.33841976589629, 26.816083780924505 ], [ 104.336932712131102, 26.81028951009117 ], [ 104.329733954535612, 26.80221048990888 ], [ 104.328599378797762, 26.797048272026935 ], [ 104.336649068196635, 26.794982571072072 ], [ 104.338067287868952, 26.789456176757838 ], [ 104.341099378797765, 26.785543823242215 ], [ 104.342233954535615, 26.781122843424505 ], [ 104.345266045464427, 26.777210489908878 ], [ 104.346400621202278, 26.774253336588565 ], [ 104.342233954535615, 26.768877156575545 ], [ 104.341666666666697, 26.758333333333358 ], [ 104.330075920952709, 26.758956909179712 ], [ 104.329166666666694, 26.7625 ], [ 104.326742214626762, 26.762146674262176 ], [ 104.32291581895619, 26.758346896701415 ], [ 104.310757785373283, 26.770480007595509 ], [ 104.302453782823378, 26.771186659071205 ], [ 104.298257785373295, 26.767019992404538 ], [ 104.28333333333336, 26.766666666666691 ], [ 104.279883829752634, 26.767653062608531 ], [ 104.278449503580759, 26.78234693739152 ], [ 104.272839864095076, 26.783950805664087 ], [ 104.268826802571638, 26.786882527669295 ], [ 104.263426378038218, 26.788426378038221 ], [ 104.261639234754796, 26.794677395290822 ], [ 104.257864210340742, 26.796450805664087 ], [ 104.252160135904973, 26.79228413899742 ], [ 104.242401801215308, 26.790864054362004 ], [ 104.241049024793867, 26.777006361219645 ], [ 104.232530042860262, 26.767401801215303 ], [ 104.225, 26.766666666666691 ], [ 104.218408881293428, 26.767019992404538 ], [ 104.214924452039952, 26.770480007595509 ], [ 104.210075547960088, 26.771186659071205 ], [ 104.206591118706626, 26.774646674262179 ], [ 104.197575547960099, 26.775353325737871 ], [ 104.194091118706623, 26.778813340928846 ], [ 104.1732871161567, 26.779519992404538 ], [ 104.169091118706618, 26.775353325737871 ], [ 104.1625, 26.775 ], [ 104.1625, 26.791666666666693 ], [ 104.151742214626765, 26.792019992404541 ], [ 104.148257785373289, 26.795480007595511 ], [ 104.135075547960099, 26.796186659071207 ], [ 104.131591118706623, 26.799646674262178 ], [ 104.110784403483095, 26.800353325737873 ], [ 104.102424452039955, 26.792019992404541 ], [ 104.09583333333336, 26.791666666666693 ], [ 104.095266045464427, 26.781122843424505 ], [ 104.086932712131102, 26.771770562065996 ], [ 104.088596937391515, 26.767153252495685 ], [ 104.106122843424501, 26.750567287868947 ], [ 104.11054382324221, 26.749432712131103 ], [ 104.114456176757841, 26.74640062120228 ], [ 104.120209757487004, 26.744924248589435 ], [ 104.121400621202284, 26.722789510091172 ], [ 104.125264655219212, 26.71780395507815 ], [ 104.117062547471818, 26.715698920355926 ], [ 104.113067287868944, 26.710543823242212 ], [ 104.1125, 26.7 ], [ 104.102006530761741, 26.699382527669297 ], [ 104.097993469238304, 26.696450805664085 ], [ 104.092593044704884, 26.694906955295163 ], [ 104.091049024793861, 26.689506361219642 ], [ 104.088499620225718, 26.686882527669294 ], [ 104.086705864800365, 26.699205864800373 ], [ 104.077006530761736, 26.700617472330755 ], [ 104.072993469238298, 26.703549194335963 ], [ 104.064506530761747, 26.704784138997422 ], [ 104.056326802571633, 26.711882527669296 ], [ 104.043673197428404, 26.713117472330755 ], [ 104.039660135904967, 26.716049194335962 ], [ 104.037030877007396, 26.717284138997421 ], [ 104.031326802571641, 26.713117472330755 ], [ 104.025926378038221, 26.711573621961829 ], [ 104.024382358127198, 26.706173027886308 ], [ 104.013117641872853, 26.69382697211374 ], [ 104.01178283691408, 26.680153062608532 ], [ 104.004974365234403, 26.678206380208358 ], [ 104.003549024793855, 26.670364040798635 ], [ 104.007715691460533, 26.664660305447072 ], [ 104.00895097520619, 26.660339694552974 ], [ 104.01193847656252, 26.65625 ], [ 104.00895097520619, 26.652160305447072 ], [ 104.007616170247417, 26.638486395941865 ], [ 104.004166666666691, 26.6375 ], [ 104.003813340928843, 26.639924452039956 ], [ 103.998290167914519, 26.645475260416692 ], [ 103.993408881293419, 26.646186659071205 ], [ 103.981591118706618, 26.657980007595512 ], [ 103.976742214626753, 26.658686659071204 ], [ 103.973257785373292, 26.662146674262178 ], [ 103.97083333333336, 26.6625 ], [ 103.966666666666711, 26.6625 ], [ 103.966086832682308, 26.656135389539955 ], [ 103.961920166015645, 26.650679185655406 ], [ 103.963079833984395, 26.643635389539956 ], [ 103.967246500651058, 26.638179185655407 ], [ 103.966001553005668, 26.621670871310787 ], [ 103.959548102484831, 26.620395575629363 ], [ 103.958333333333371, 26.625 ], [ 103.955908881293425, 26.624646674262177 ], [ 103.952083333333348, 26.620847913954016 ], [ 103.94791632758249, 26.624985758463566 ], [ 103.94202236599395, 26.619121297200543 ], [ 103.941313340928843, 26.610075547960093 ], [ 103.931618245442735, 26.600354342990475 ], [ 103.920833333333348, 26.6 ], [ 103.920480007595501, 26.597575547960094 ], [ 103.916313340928838, 26.593379720052106 ], [ 103.917019992404533, 26.576742214626758 ], [ 103.921186659071196, 26.572546386718773 ], [ 103.920480007595501, 26.560075547960093 ], [ 103.917019992404533, 26.556591118706621 ], [ 103.916666666666686, 26.520833333333357 ], [ 103.915695020887611, 26.517435031467038 ], [ 103.904497782389342, 26.51580505371096 ], [ 103.900617641872856, 26.510493638780403 ], [ 103.899197387695338, 26.500735134548634 ], [ 103.884136623806441, 26.499264865451412 ], [ 103.87561764187285, 26.489660305447071 ], [ 103.874382358127193, 26.47700636121964 ], [ 103.87021569146053, 26.471302625868077 ], [ 103.871450975206187, 26.464506361219641 ], [ 103.87561764187285, 26.458802625868078 ], [ 103.874382358127193, 26.456173027886308 ], [ 103.858950975206184, 26.43966030544707 ], [ 103.857226901584227, 26.433630032009571 ], [ 103.847993469238304, 26.42561747233075 ], [ 103.842593044704884, 26.424073621961828 ], [ 103.841666666666683, 26.420833333333356 ], [ 103.848043823242207, 26.42026604546443 ], [ 103.853420003255223, 26.416099378797764 ], [ 103.864710489908873, 26.417233954535611 ], [ 103.869289991590733, 26.42078314887155 ], [ 103.882766045464436, 26.406377156575545 ], [ 103.884242587619383, 26.400623575846375 ], [ 103.906377156575545, 26.399432712131098 ], [ 103.911753336588561, 26.395266045464432 ], [ 103.918877156575547, 26.396400621202279 ], [ 103.922916666666694, 26.399531385633701 ], [ 103.928420003255226, 26.395266045464432 ], [ 103.944929504394551, 26.396477932400195 ], [ 103.946732923719637, 26.403505452473979 ], [ 103.954166666666694, 26.40416666666669 ], [ 103.954822116427977, 26.402044338650196 ], [ 103.961844550238737, 26.393788994683181 ], [ 103.963289896647154, 26.379920111762175 ], [ 103.983761257595503, 26.37831759982641 ], [ 103.975655449761305, 26.368788994683182 ], [ 103.975, 26.358333333333356 ], [ 103.981377156575547, 26.35776604546443 ], [ 103.985289510091164, 26.354733954535611 ], [ 103.991270785861573, 26.353198920355926 ], [ 103.995266045464433, 26.348043823242207 ], [ 103.996684265136736, 26.342517428927973 ], [ 104.002210489908876, 26.341099378797765 ], [ 104.011562771267378, 26.332766045464432 ], [ 104.018877156575542, 26.333900621202279 ], [ 104.024253336588558, 26.338067287868945 ], [ 104.031377156575545, 26.336932712131098 ], [ 104.036753336588561, 26.332766045464432 ], [ 104.03971048990887, 26.333900621202279 ], [ 104.045086669921901, 26.338067287868945 ], [ 104.049189080132408, 26.336493259006097 ], [ 104.05, 26.333333333333353 ], [ 104.05, 26.329166666666687 ], [ 104.066666666666691, 26.329166666666687 ], [ 104.067517598470076, 26.325850762261307 ], [ 104.070833333333354, 26.325 ], [ 104.071684265136739, 26.321684095594641 ], [ 104.075, 26.320833333333354 ], [ 104.074646674262169, 26.318408881293426 ], [ 104.067019992404539, 26.310757785373283 ], [ 104.066313340928843, 26.305908881293423 ], [ 104.058686659071199, 26.298257785373284 ], [ 104.058333333333351, 26.295833333333356 ], [ 104.056122843424504, 26.29526604546443 ], [ 104.050967746310789, 26.291270616319466 ], [ 104.049432712131093, 26.285289510091168 ], [ 104.046400621202281, 26.281377156575541 ], [ 104.045172119140645, 26.267566257052973 ], [ 104.039456176757838, 26.266099378797765 ], [ 104.027210489908882, 26.25473395453561 ], [ 104.021494547526061, 26.253267076280402 ], [ 104.020833333333357, 26.245833333333355 ], [ 104.014456176757832, 26.24526604546443 ], [ 104.010543823242216, 26.24223395453561 ], [ 104.001214938693593, 26.241099378797763 ], [ 103.999120246039524, 26.249261135525195 ], [ 103.990920003255226, 26.250567287868943 ], [ 103.98554382324221, 26.246400621202277 ], [ 103.981122843424501, 26.24526604546443 ], [ 103.97721048990887, 26.24223395453561 ], [ 103.955075920952709, 26.241043090820334 ], [ 103.953267076280397, 26.233994547526063 ], [ 103.938399590386311, 26.232672119140645 ], [ 103.9375, 26.229166666666686 ], [ 103.94223395453561, 26.22795172797311 ], [ 103.941099378797759, 26.201956176757832 ], [ 103.938067287868947, 26.198043823242209 ], [ 103.9375, 26.195833333333354 ], [ 103.922789510091178, 26.195266045464429 ], [ 103.910543823242222, 26.183900621202277 ], [ 103.906122843424512, 26.18276604546443 ], [ 103.902210489908896, 26.17973395453561 ], [ 103.885289510091184, 26.178599378797763 ], [ 103.881377156575553, 26.175567287868944 ], [ 103.861753336588578, 26.174432712131097 ], [ 103.856377156575562, 26.178599378797763 ], [ 103.853316582573825, 26.17973395453561 ], [ 103.846489122178852, 26.174040052625887 ], [ 103.845266045464442, 26.160289510091165 ], [ 103.840747070312531, 26.154870944552972 ], [ 103.831122843424509, 26.153599378797765 ], [ 103.827210489908893, 26.150567287868945 ], [ 103.805381605360282, 26.149432712131095 ], [ 103.803599378797784, 26.156377156575541 ], [ 103.800567287868958, 26.160289510091165 ], [ 103.799432712131107, 26.16887715657554 ], [ 103.795437282986143, 26.174032253689255 ], [ 103.7916666666667, 26.175 ], [ 103.791099378797782, 26.172789510091167 ], [ 103.788067287868955, 26.16887715657554 ], [ 103.786932712131119, 26.164456176757831 ], [ 103.782766045464442, 26.159079996744811 ], [ 103.783977932400205, 26.142570665147588 ], [ 103.7875, 26.141666666666687 ], [ 103.789710489908884, 26.141099378797762 ], [ 103.793622843424515, 26.138067287868942 ], [ 103.79960394965282, 26.136532253689257 ], [ 103.803706868489627, 26.131238471137173 ], [ 103.79212646484379, 26.118761528862866 ], [ 103.796400621202295, 26.113246663411477 ], [ 103.795266045464444, 26.110289510091164 ], [ 103.792135281033026, 26.10625 ], [ 103.795266045464444, 26.102210489908874 ], [ 103.796742418077287, 26.096456909179707 ], [ 103.808333333333366, 26.095833333333353 ], [ 103.808686659071213, 26.093408881293421 ], [ 103.812146674262195, 26.089924452039952 ], [ 103.81285332573789, 26.085075547960088 ], [ 103.816652086046048, 26.08125 ], [ 103.81285332573789, 26.077424452039949 ], [ 103.812146674262195, 26.072575547960088 ], [ 103.807980007595518, 26.068379720052103 ], [ 103.808686659071213, 26.060075547960089 ], [ 103.812485419379371, 26.05625 ], [ 103.808686659071213, 26.052424452039951 ], [ 103.808333333333366, 26.029166666666701 ], [ 103.813067287868961, 26.027951727973125 ], [ 103.81193271213111, 26.018622843424513 ], [ 103.808900621202298, 26.014710489908889 ], [ 103.807766045464447, 26.006122843424514 ], [ 103.803599378797784, 26.000746663411494 ], [ 103.804733954535621, 25.993622843424514 ], [ 103.807766045464447, 25.989710489908887 ], [ 103.808333333333366, 25.9791666666667 ], [ 103.808333333333366, 25.975 ], [ 103.809052870008713, 25.967459954155849 ], [ 103.81742485894101, 25.966222805447082 ], [ 103.82282714843754, 25.970228237575988 ], [ 103.8313395182292, 25.971438429090746 ], [ 103.835327148437543, 25.974394904242658 ], [ 103.845833333333374, 25.975 ], [ 103.849413892957926, 25.974081081814255 ], [ 103.85, 25.941666666666684 ], [ 103.847575547960105, 25.941313340928854 ], [ 103.841665310329901, 25.935432603624164 ], [ 103.845480007595526, 25.931591118706631 ], [ 103.846186659071222, 25.923287116156718 ], [ 103.842019992404545, 25.919091118706632 ], [ 103.841666666666697, 25.9166666666667 ], [ 103.842309570312537, 25.906198289659322 ], [ 103.8464762369792, 25.900321790907153 ], [ 103.845190429687534, 25.897864956325989 ], [ 103.841023763020871, 25.89198845757382 ], [ 103.842309570312537, 25.88536495632599 ], [ 103.8464762369792, 25.879488457573817 ], [ 103.843845621744833, 25.874461703830328 ], [ 103.839583333333366, 25.871439446343349 ], [ 103.834208848741355, 25.875250244140659 ], [ 103.832690429687531, 25.860364956325988 ], [ 103.821476236979208, 25.847968377007412 ], [ 103.820190429687543, 25.843698289659322 ], [ 103.808976236979206, 25.831301710340746 ], [ 103.808333333333366, 25.825 ], [ 103.804166666666703, 25.825 ], [ 103.80363701714414, 25.822751702202723 ], [ 103.796362982855939, 25.814748297797344 ], [ 103.795074801974863, 25.809279547797342 ], [ 103.789748128255241, 25.804696146647167 ], [ 103.784287516276081, 25.803410000271299 ], [ 103.774470350477472, 25.792766825358107 ], [ 103.77552964952261, 25.789418368869391 ], [ 103.778637017144135, 25.785581631130675 ], [ 103.779696316189273, 25.776918368869392 ], [ 103.783862982855936, 25.771774122450118 ], [ 103.782803683810798, 25.764418368869389 ], [ 103.779562717013931, 25.7604166666667 ], [ 103.783862982855936, 25.755107455783453 ], [ 103.782421196831635, 25.750766499837273 ], [ 103.775946044921909, 25.749241468641525 ], [ 103.771362982855933, 25.743914964464008 ], [ 103.770074801974857, 25.738446214464009 ], [ 103.764748128255249, 25.733862813313834 ], [ 103.754166666666706, 25.733333333333366 ], [ 103.754166666666706, 25.7291666666667 ], [ 103.754519992404553, 25.726742214626768 ], [ 103.758686659071216, 25.722546217176681 ], [ 103.757980007595521, 25.705908881293436 ], [ 103.754519992404553, 25.702424452039963 ], [ 103.754166666666706, 25.7 ], [ 103.752006361219657, 25.699382358127203 ], [ 103.747993638780414, 25.696450975206197 ], [ 103.735339694552991, 25.695215691460536 ], [ 103.727089775933194, 25.688056606716611 ], [ 103.722993638780423, 25.69104902479387 ], [ 103.707596503363746, 25.692284308539527 ], [ 103.697993638780417, 25.683950975206194 ], [ 103.688471815321222, 25.68256513807512 ], [ 103.686882527669312, 25.677006530761751 ], [ 103.683950805664097, 25.672993469238314 ], [ 103.682564968533015, 25.663471645779111 ], [ 103.677006361219654, 25.661882358127201 ], [ 103.668826972113749, 25.654784308539529 ], [ 103.65906846788198, 25.653364054362012 ], [ 103.657715861002643, 25.63950653076175 ], [ 103.654784138997428, 25.635493469238313 ], [ 103.653549194335966, 25.631173197428417 ], [ 103.650617472330765, 25.62716013590498 ], [ 103.649231635199683, 25.617638312445777 ], [ 103.643673027886322, 25.616049024793867 ], [ 103.635493638780417, 25.608950975206195 ], [ 103.630534532335105, 25.607715691460534 ], [ 103.628240288628504, 25.615740288628505 ], [ 103.625, 25.616666666666699 ], [ 103.62431199815542, 25.604976230197515 ], [ 103.614506361219654, 25.603549024793868 ], [ 103.608802625868094, 25.599382358127201 ], [ 103.606173027886314, 25.600617641872862 ], [ 103.601212565104206, 25.604241265191003 ], [ 103.598893568250901, 25.596130032009579 ], [ 103.589660305447083, 25.588117641872863 ], [ 103.581173027886322, 25.586882358127202 ], [ 103.575469292534763, 25.582715691460535 ], [ 103.563481648763059, 25.584066433376769 ], [ 103.5625, 25.5875 ], [ 103.555066257052985, 25.586838785807323 ], [ 103.554166666666703, 25.583333333333364 ], [ 103.55, 25.583333333333364 ], [ 103.55, 25.579166666666698 ], [ 103.55, 25.566666666666698 ], [ 103.552210489908887, 25.566099378797773 ], [ 103.556122843424518, 25.563067287868954 ], [ 103.561649237738749, 25.561649068196644 ], [ 103.563387383355064, 25.554875183105501 ], [ 103.574080403645866, 25.553462388780414 ], [ 103.578701443142393, 25.547921244303417 ], [ 103.575050184461844, 25.543210008409318 ], [ 103.589571465386314, 25.529626125759581 ], [ 103.593622843424512, 25.532766045464442 ], [ 103.608333333333363, 25.533333333333363 ], [ 103.610757785373295, 25.532980007595519 ], [ 103.614953613281287, 25.528813340928849 ], [ 103.635757785373301, 25.529519992404545 ], [ 103.647575547960102, 25.541313340928852 ], [ 103.652424452039966, 25.542019992404544 ], [ 103.655908881293442, 25.545480007595518 ], [ 103.675, 25.545833333333363 ], [ 103.674228583441874, 25.538271416558192 ], [ 103.658622572157157, 25.536679416232669 ], [ 103.654809570312537, 25.531301710340742 ], [ 103.653523763020871, 25.522864956325986 ], [ 103.650642903645874, 25.518801710340743 ], [ 103.649357096354208, 25.514531622992653 ], [ 103.646476236979197, 25.51046837700741 ], [ 103.645190429687531, 25.50619828965932 ], [ 103.642309570312534, 25.502135043674077 ], [ 103.641666666666708, 25.5 ], [ 103.642517428927988, 25.49668426513675 ], [ 103.649603949652814, 25.494865587022602 ], [ 103.653599378797779, 25.489710489908884 ], [ 103.654822455512189, 25.475959777832063 ], [ 103.660289510091175, 25.471400621202289 ], [ 103.670833333333363, 25.470833333333363 ], [ 103.670480007595515, 25.468408881293435 ], [ 103.667019992404548, 25.464924452039959 ], [ 103.666313340928852, 25.460075547960098 ], [ 103.662853325737885, 25.456591118706626 ], [ 103.662146674262189, 25.443408881293433 ], [ 103.658686659071222, 25.439924452039961 ], [ 103.658333333333374, 25.433333333333366 ], [ 103.657618204752637, 25.425839233398467 ], [ 103.65217285156254, 25.421438429090742 ], [ 103.646586778428855, 25.419882880316869 ], [ 103.645228407118097, 25.410327317979629 ], [ 103.64106174045142, 25.404707336425812 ], [ 103.642728678385453, 25.395228237575985 ], [ 103.656339518229203, 25.396438429090743 ], [ 103.661959499783023, 25.40060509575741 ], [ 103.670144992404545, 25.399165344238313 ], [ 103.671438259548651, 25.381160651312964 ], [ 103.674395073784751, 25.377172682020429 ], [ 103.675604926215314, 25.368660651312965 ], [ 103.678561740451428, 25.36467268202043 ], [ 103.680275811089444, 25.358516777886315 ], [ 103.685327148437537, 25.354771762424075 ], [ 103.703304036458363, 25.353480360243086 ], [ 103.707728407118097, 25.348006015353761 ], [ 103.709442477756113, 25.341850111219649 ], [ 103.714493815104206, 25.338105095757406 ], [ 103.724049546983537, 25.336746554904543 ], [ 103.725604926215311, 25.331160651312963 ], [ 103.729771592881974, 25.325540669759143 ], [ 103.728561740451426, 25.310327317979631 ], [ 103.720801120334244, 25.301443311903242 ], [ 103.726993815104208, 25.296438429090742 ], [ 103.7291666666667, 25.295833333333363 ], [ 103.728813340928852, 25.289242214626764 ], [ 103.725353325737885, 25.285757785373292 ], [ 103.725, 25.283333333333363 ], [ 103.724382527669306, 25.281173197428416 ], [ 103.721450805664105, 25.277160135904978 ], [ 103.720215861002643, 25.272839864095083 ], [ 103.713117472330765, 25.264660135904975 ], [ 103.711341349283884, 25.25844726562503 ], [ 103.706326972113757, 25.254784308539527 ], [ 103.702006361219659, 25.253549024793866 ], [ 103.697993638780417, 25.250617641872857 ], [ 103.689506361219657, 25.2493823581272 ], [ 103.685493638780414, 25.246450975206191 ], [ 103.679280598958371, 25.244674513075115 ], [ 103.675617472330771, 25.239660135904977 ], [ 103.674190606011322, 25.229854668511315 ], [ 103.652006361219648, 25.228549024793864 ], [ 103.647916666666703, 25.225561523437527 ], [ 103.643826972113757, 25.228549024793864 ], [ 103.641666666666708, 25.229166666666696 ], [ 103.642019992404556, 25.248257785373294 ], [ 103.649646674262186, 25.255908881293433 ], [ 103.650353325737882, 25.280879550510011 ], [ 103.646186659071219, 25.285075547960098 ], [ 103.645480007595523, 25.289924452039958 ], [ 103.642019992404556, 25.293408881293431 ], [ 103.64131334092886, 25.298257785373295 ], [ 103.635786946614616, 25.303811815049944 ], [ 103.62257554796011, 25.304519992404543 ], [ 103.61875, 25.308318752712701 ], [ 103.614583333333371, 25.304181247287357 ], [ 103.610757785373295, 25.307980007595514 ], [ 103.597575547960105, 25.30868665907121 ], [ 103.585757785373303, 25.320480007595517 ], [ 103.572575547960099, 25.321186659071209 ], [ 103.569091118706638, 25.324646674262183 ], [ 103.566666666666706, 25.325 ], [ 103.565815904405412, 25.32831573486331 ], [ 103.5625, 25.329166666666694 ], [ 103.561882527669312, 25.331326802571645 ], [ 103.558950805664097, 25.335339864095083 ], [ 103.55759819878476, 25.349197387695341 ], [ 103.547839694552991, 25.350617641872859 ], [ 103.543826972113749, 25.353549024793868 ], [ 103.535339694552988, 25.354784308539525 ], [ 103.530325317382847, 25.358447265625031 ], [ 103.529166666666697, 25.3625 ], [ 103.526742214626765, 25.362146674262181 ], [ 103.523257785373303, 25.358686659071211 ], [ 103.520833333333371, 25.358333333333363 ], [ 103.518408881293439, 25.357980007595515 ], [ 103.510757785373301, 25.350353325737878 ], [ 103.506617567274333, 25.349646674262182 ], [ 103.498257785373298, 25.357980007595515 ], [ 103.493408881293433, 25.358686659071211 ], [ 103.489924452039958, 25.362146674262181 ], [ 103.480908881293431, 25.362853325737877 ], [ 103.47291734483511, 25.370819430881106 ], [ 103.469091118706629, 25.367019992404543 ], [ 103.466666666666697, 25.366666666666696 ], [ 103.466049194335966, 25.360339864095081 ], [ 103.463117472330765, 25.356326802571644 ], [ 103.461705864800379, 25.346627468533015 ], [ 103.452006361219645, 25.345215691460531 ], [ 103.443826972113754, 25.338117641872859 ], [ 103.43366427951392, 25.336638556586401 ], [ 103.429784138997434, 25.331326802571645 ], [ 103.428240288628501, 25.325926378038226 ], [ 103.421601698133713, 25.32402835422095 ], [ 103.420215861002632, 25.314506530761747 ], [ 103.417284138997431, 25.31049346923831 ], [ 103.416049194335969, 25.306173197428414 ], [ 103.408950805664091, 25.29799346923831 ], [ 103.407406955295173, 25.292593044704891 ], [ 103.404166666666697, 25.291666666666696 ], [ 103.403813340928849, 25.294091118706625 ], [ 103.398290337456629, 25.299641927083364 ], [ 103.395833333333371, 25.3 ], [ 103.393622843424509, 25.300567287868951 ], [ 103.389710489908893, 25.303599378797774 ], [ 103.385289510091184, 25.304733954535621 ], [ 103.37721048990889, 25.311932712131107 ], [ 103.372789510091181, 25.313067287868954 ], [ 103.364710489908887, 25.320266045464439 ], [ 103.357586669921915, 25.321400621202287 ], [ 103.352210489908884, 25.31723395453562 ], [ 103.331122843424509, 25.316099378797773 ], [ 103.326137288411488, 25.312235344780845 ], [ 103.324149237738752, 25.319982401529977 ], [ 103.317517428927985, 25.321684265136749 ], [ 103.315757581922782, 25.328543090820343 ], [ 103.293622843424515, 25.329733954535619 ], [ 103.288467746310801, 25.333729214138483 ], [ 103.286586507161488, 25.341059197319908 ], [ 103.270833333333371, 25.341666666666697 ], [ 103.270266045464439, 25.339456176757842 ], [ 103.267233954535627, 25.335543823242219 ], [ 103.266099378797776, 25.322789510091177 ], [ 103.26306728786895, 25.318877156575549 ], [ 103.261932712131113, 25.310289510091174 ], [ 103.258900621202287, 25.30637715657555 ], [ 103.257482571072075, 25.300850931803414 ], [ 103.254166666666706, 25.3 ], [ 103.226956176757838, 25.299432712131107 ], [ 103.214710489908882, 25.288067287868952 ], [ 103.201956176757847, 25.286932712131104 ], [ 103.198043823242216, 25.283900621202285 ], [ 103.192375013563407, 25.282445949978328 ], [ 103.191099378797773, 25.272789510091176 ], [ 103.183900621202284, 25.264710489908882 ], [ 103.182766045464447, 25.256122843424507 ], [ 103.178206719292561, 25.250655958387615 ], [ 103.170833333333363, 25.25 ], [ 103.169982571072083, 25.246684265136746 ], [ 103.1666666666667, 25.245833333333362 ], [ 103.166061740451426, 25.239493984646295 ], [ 103.158938259548648, 25.231339348687094 ], [ 103.157224188910618, 25.225183444552979 ], [ 103.152172851562526, 25.221438429090739 ], [ 103.143660481770866, 25.220228237575984 ], [ 103.131339518229197, 25.20893842909074 ], [ 103.1269938151042, 25.207728237575985 ], [ 103.117454020182322, 25.199394904242649 ], [ 103.114493815104197, 25.200605095757407 ], [ 103.110409206814268, 25.203633287217912 ], [ 103.102172851562528, 25.19643842909074 ], [ 103.096016777886319, 25.194724188910619 ], [ 103.091061740451423, 25.188040669759143 ], [ 103.092271592881971, 25.185327317979628 ], [ 103.096438259548648, 25.17970733642581 ], [ 103.095013427734401, 25.171605258517822 ], [ 103.084123399522596, 25.170057169596383 ], [ 103.079771592881968, 25.164672682020427 ], [ 103.07856174045142, 25.151993815104195 ], [ 103.071438259548643, 25.143839518229193 ], [ 103.070833333333368, 25.141666666666694 ], [ 103.070833333333368, 25.129166666666695 ], [ 103.064506361219642, 25.128549194335967 ], [ 103.060493638780414, 25.125617472330756 ], [ 103.046635945638045, 25.124264865451416 ], [ 103.045215861002632, 25.114506361219647 ], [ 103.042284138997431, 25.110493638780412 ], [ 103.041049194335969, 25.102006361219644 ], [ 103.038117472330754, 25.097993638780409 ], [ 103.036882527669306, 25.089506361219645 ], [ 103.029784138997428, 25.081326972113743 ], [ 103.028549194335966, 25.072839694552979 ], [ 103.025617472330765, 25.068826972113744 ], [ 103.024382527669303, 25.056173027886313 ], [ 103.021450805664088, 25.052160305447075 ], [ 103.01990695529517, 25.046759711371553 ], [ 103.016666666666694, 25.045833333333359 ], [ 103.016313340928846, 25.039242214626764 ], [ 103.004519992404539, 25.027424452039959 ], [ 103.003813340928843, 25.022575547960095 ], [ 103.000353325737876, 25.019091118706623 ], [ 102.999646674262181, 25.010075547960096 ], [ 102.992019992404551, 25.002424452039957 ], [ 102.991308932834229, 24.997545708550373 ], [ 102.977424452039955, 24.983686659071207 ], [ 102.968408881293428, 24.982980007595511 ], [ 102.964924452039966, 24.979519992404541 ], [ 102.958333333333357, 24.979166666666693 ], [ 102.958686659071205, 24.976742214626764 ], [ 102.962146674262186, 24.973257785373292 ], [ 102.962853325737882, 24.964242214626761 ], [ 102.966313340928849, 24.960757785373289 ], [ 102.966666666666697, 24.929166666666692 ], [ 102.963350762261314, 24.928315904405409 ], [ 102.961362711588578, 24.920568847656277 ], [ 102.956377156575556, 24.924432712131104 ], [ 102.95, 24.925 ], [ 102.938409084743952, 24.924376424153671 ], [ 102.9375, 24.920833333333359 ], [ 102.946476236979194, 24.919917805989609 ], [ 102.945190429687528, 24.889531792534747 ], [ 102.938142903645868, 24.881301540798638 ], [ 102.936857096354203, 24.860365125868082 ], [ 102.933976236979191, 24.856301540798636 ], [ 102.932123819987012, 24.850149875217038 ], [ 102.922968207465303, 24.842309570312526 ], [ 102.9125, 24.841666666666693 ], [ 102.911932712131104, 24.835289510091172 ], [ 102.907766045464442, 24.829913330078149 ], [ 102.908900621202292, 24.82695617675784 ], [ 102.913067287868955, 24.821579996744816 ], [ 102.911855400933192, 24.805070665147596 ], [ 102.905017428927977, 24.803315904405409 ], [ 102.903599378797779, 24.797789510091171 ], [ 102.900567287868952, 24.793877156575547 ], [ 102.9, 24.791666666666693 ], [ 102.906591118706629, 24.791313340928845 ], [ 102.922575547960093, 24.775353325737871 ], [ 102.929166666666703, 24.775 ], [ 102.929519992404551, 24.772575547960095 ], [ 102.932980007595518, 24.769091118706623 ], [ 102.933333333333366, 24.766666666666691 ], [ 102.929166666666703, 24.766666666666691 ], [ 102.928254869249159, 24.763114081488741 ], [ 102.901956176757835, 24.761932712131102 ], [ 102.898043823242219, 24.758900621202283 ], [ 102.893622843424509, 24.757766045464436 ], [ 102.889710489908879, 24.754733954535617 ], [ 102.881122843424507, 24.753599378797766 ], [ 102.87721048990889, 24.750567287868947 ], [ 102.867595757378496, 24.749297078450546 ], [ 102.858900621202281, 24.73971048990888 ], [ 102.857766045464444, 24.731122843424505 ], [ 102.850461832682328, 24.722925482855928 ], [ 102.853599378797767, 24.718877156575545 ], [ 102.854733954535618, 24.714456176757835 ], [ 102.857873535156273, 24.710405137803843 ], [ 102.846400621202292, 24.698043823242212 ], [ 102.844865587022596, 24.692062717013911 ], [ 102.839710489908882, 24.688067287868947 ], [ 102.835289510091172, 24.6869327121311 ], [ 102.831377156575556, 24.68390062120228 ], [ 102.825, 24.683333333333358 ], [ 102.824432712131099, 24.676956176757837 ], [ 102.821400621202287, 24.67304382324221 ], [ 102.81998240152997, 24.667517428927976 ], [ 102.816666666666691, 24.666666666666693 ], [ 102.817019992404539, 24.655908881293428 ], [ 102.820480007595521, 24.652424452039956 ], [ 102.820833333333368, 24.641666666666691 ], [ 102.818622843424507, 24.641099378797769 ], [ 102.808965216742649, 24.632339477539087 ], [ 102.807695685492646, 24.613405693901932 ], [ 102.800708516438831, 24.61161261664499 ], [ 102.799432712131107, 24.601956176757838 ], [ 102.792128499348991, 24.593758816189258 ], [ 102.795266045464444, 24.589710489908878 ], [ 102.796400621202281, 24.582586669921898 ], [ 102.792233954535618, 24.577210489908879 ], [ 102.791099378797767, 24.568622843424503 ], [ 102.788067287868955, 24.564710489908876 ], [ 102.786932712131104, 24.553420003255233 ], [ 102.791099378797767, 24.54804382324221 ], [ 102.792517598470084, 24.542517428927976 ], [ 102.79804382324221, 24.541099378797767 ], [ 102.801956176757841, 24.538067287868948 ], [ 102.808333333333366, 24.5375 ], [ 102.808686659071213, 24.526742214626758 ], [ 102.816313340928843, 24.519091118706619 ], [ 102.816666666666691, 24.5125 ], [ 102.815815734863307, 24.509184095594641 ], [ 102.8125, 24.508333333333358 ], [ 102.79258236355254, 24.50893181694881 ], [ 102.791099378797767, 24.514710489908879 ], [ 102.786004299587702, 24.520820109049502 ], [ 102.781377156575545, 24.517233954535612 ], [ 102.775708516438826, 24.515779283311655 ], [ 102.774432712131102, 24.506122843424503 ], [ 102.771400621202289, 24.502210489908876 ], [ 102.769982401529973, 24.496684095594642 ], [ 102.764456176757847, 24.495266045464433 ], [ 102.760543823242216, 24.492233954535614 ], [ 102.75, 24.491666666666688 ], [ 102.739456176757841, 24.491099378797767 ], [ 102.73554382324221, 24.488067287868947 ], [ 102.726956176757838, 24.4869327121311 ], [ 102.723043823242222, 24.483900621202281 ], [ 102.710289510091172, 24.482766045464434 ], [ 102.706377156575542, 24.479733954535611 ], [ 102.692566257052974, 24.478505452473982 ], [ 102.691666666666691, 24.475 ], [ 102.6875, 24.475 ], [ 102.68690151638458, 24.494917805989605 ], [ 102.681122843424504, 24.49640062120228 ], [ 102.67304382324221, 24.503599378797766 ], [ 102.668622843424501, 24.504733954535613 ], [ 102.664710489908884, 24.507766045464432 ], [ 102.661753336588575, 24.50890062120228 ], [ 102.656377156575545, 24.504733954535613 ], [ 102.649149915907145, 24.503599378797766 ], [ 102.642403327094215, 24.509225802951413 ], [ 102.641099378797776, 24.517413330078149 ], [ 102.645371500651066, 24.522925482855925 ], [ 102.63806728786895, 24.531122843424502 ], [ 102.636932712131099, 24.546579996744814 ], [ 102.641197882758277, 24.552083333333357 ], [ 102.63806728786895, 24.556122843424504 ], [ 102.6375, 24.558333333333358 ], [ 102.633333333333354, 24.558333333333358 ], [ 102.625899590386311, 24.558994547526066 ], [ 102.625, 24.5625 ], [ 102.620833333333366, 24.5625 ], [ 102.606122843424501, 24.5619327121311 ], [ 102.600967746310786, 24.557937282986135 ], [ 102.599149068196638, 24.550850762261309 ], [ 102.59583333333336, 24.55 ], [ 102.568622843424507, 24.5494327121311 ], [ 102.564710489908876, 24.546400621202281 ], [ 102.547789510091178, 24.545266045464434 ], [ 102.530062188042564, 24.528489515516515 ], [ 102.528253343370253, 24.521440972222244 ], [ 102.5125, 24.520833333333357 ], [ 102.511838785807313, 24.513399590386307 ], [ 102.506122843424507, 24.511932712131099 ], [ 102.502210489908876, 24.50890062120228 ], [ 102.5, 24.508333333333358 ], [ 102.489456176757841, 24.50890062120228 ], [ 102.485416666666694, 24.512031385633705 ], [ 102.48125, 24.508801947699677 ], [ 102.477210489908884, 24.511932712131099 ], [ 102.468622843424498, 24.513067287868946 ], [ 102.464710489908882, 24.516099378797765 ], [ 102.461753336588572, 24.517233954535612 ], [ 102.456377156575542, 24.513067287868946 ], [ 102.451956176757832, 24.511932712131099 ], [ 102.443877156575553, 24.504733954535613 ], [ 102.439456176757844, 24.503599378797766 ], [ 102.43137715657555, 24.49640062120228 ], [ 102.415920003255238, 24.495266045464433 ], [ 102.410543823242207, 24.4994327121311 ], [ 102.388714938693596, 24.500567287868947 ], [ 102.386932712131099, 24.493622843424504 ], [ 102.37973395453561, 24.48554382324221 ], [ 102.378599378797773, 24.481122843424501 ], [ 102.374009535047762, 24.475619167751759 ], [ 102.3625, 24.475 ], [ 102.358333333333363, 24.475 ], [ 102.35776604546443, 24.477210489908877 ], [ 102.354635450575117, 24.48125 ], [ 102.35776604546443, 24.485289510091167 ], [ 102.358900621202281, 24.50093722873266 ], [ 102.350567287868955, 24.51028951009117 ], [ 102.349432712131104, 24.514710489908879 ], [ 102.346400621202278, 24.518622843424502 ], [ 102.344982401529975, 24.52414923773874 ], [ 102.341666666666697, 24.525 ], [ 102.339242214626765, 24.524646674262176 ], [ 102.335757785373289, 24.521186659071205 ], [ 102.330908881293425, 24.520480007595509 ], [ 102.327424452039949, 24.517019992404535 ], [ 102.323287116156706, 24.516313340928843 ], [ 102.319091118706623, 24.520480007595509 ], [ 102.305908881293433, 24.521186659071205 ], [ 102.302424452039958, 24.524646674262176 ], [ 102.293408881293431, 24.525353325737871 ], [ 102.289924452039955, 24.528813340928842 ], [ 102.2875, 24.52916666666669 ], [ 102.287146674262175, 24.531591118706622 ], [ 102.283686659071208, 24.535075547960091 ], [ 102.282980007595512, 24.539924452039955 ], [ 102.279519992404545, 24.543408881293427 ], [ 102.278813340928849, 24.548257785373288 ], [ 102.275353325737868, 24.55174221462676 ], [ 102.275, 24.558333333333358 ], [ 102.281377156575545, 24.55890062120228 ], [ 102.290746900770429, 24.567249552408878 ], [ 102.292233954535618, 24.573043823242212 ], [ 102.29526604546443, 24.576956176757836 ], [ 102.296684265136747, 24.58248257107207 ], [ 102.303315734863304, 24.58418409559464 ], [ 102.304733954535621, 24.589710489908878 ], [ 102.307766045464433, 24.593622843424502 ], [ 102.308900621202284, 24.596770562065995 ], [ 102.300567287868944, 24.606122843424501 ], [ 102.299432712131107, 24.614710489908877 ], [ 102.295437452528233, 24.619865587022595 ], [ 102.291666666666686, 24.620833333333358 ], [ 102.291666666666686, 24.641666666666691 ], [ 102.291313340928838, 24.660757785373288 ], [ 102.287853325737871, 24.664242214626761 ], [ 102.287146674262175, 24.677424452039954 ], [ 102.283686659071208, 24.680908881293426 ], [ 102.28333333333336, 24.6875 ], [ 102.283686659071208, 24.689924452039953 ], [ 102.295480007595515, 24.701742214626762 ], [ 102.296186659071211, 24.710046386718773 ], [ 102.292019992404533, 24.714242214626761 ], [ 102.291313340928838, 24.726713053385442 ], [ 102.295480007595515, 24.730908881293427 ], [ 102.295833333333363, 24.733333333333359 ], [ 102.296186659071211, 24.744091118706621 ], [ 102.299646674262178, 24.747575547960093 ], [ 102.3, 24.758333333333358 ], [ 102.300567287868944, 24.764710489908879 ], [ 102.30359937879777, 24.768622843424502 ], [ 102.304733954535621, 24.777210489908878 ], [ 102.307766045464433, 24.781122843424505 ], [ 102.308900621202284, 24.789710489908877 ], [ 102.320266045464436, 24.801956176757837 ], [ 102.321400621202287, 24.806377156575547 ], [ 102.324432712131099, 24.81028951009117 ], [ 102.32556728786895, 24.81471048990888 ], [ 102.328599378797762, 24.818622843424503 ], [ 102.329733954535612, 24.823043823242212 ], [ 102.336932712131102, 24.831122843424506 ], [ 102.338350931803404, 24.83664923773874 ], [ 102.345172119140656, 24.83839959038631 ], [ 102.346494547526063, 24.853267076280407 ], [ 102.353568183051237, 24.855082194010443 ], [ 102.354166666666686, 24.875 ], [ 102.353549024793864, 24.877160305447074 ], [ 102.342284308539519, 24.889506361219645 ], [ 102.341049024793861, 24.892135959201415 ], [ 102.345215691460524, 24.897839694552978 ], [ 102.346450975206182, 24.910493638780409 ], [ 102.353617350260436, 24.918752034505236 ], [ 102.341306389702709, 24.932245212131104 ], [ 102.334489271375887, 24.934194268120685 ], [ 102.332715691460521, 24.937969292534749 ], [ 102.337767367892823, 24.944884914822076 ], [ 102.32700653076175, 24.946450805664089 ], [ 102.322993469238313, 24.949382527669297 ], [ 102.3125, 24.95 ], [ 102.31214192708336, 24.947542995876763 ], [ 102.306591118706621, 24.942019992404539 ], [ 102.293408881293431, 24.941313340928847 ], [ 102.289924452039955, 24.937853325737873 ], [ 102.285075547960091, 24.937146674262181 ], [ 102.281591118706615, 24.933686659071206 ], [ 102.272575547960088, 24.932980007595511 ], [ 102.269091118706626, 24.92951999240454 ], [ 102.266666666666694, 24.929166666666692 ], [ 102.260075547960099, 24.92951999240454 ], [ 102.256591118706623, 24.932980007595511 ], [ 102.24411892361114, 24.933686659071206 ], [ 102.237858072916694, 24.927457004123291 ], [ 102.237146674262178, 24.922575547960097 ], [ 102.227455139160185, 24.912857733832492 ], [ 102.222575547960091, 24.912146674262178 ], [ 102.219091118706615, 24.908686659071208 ], [ 102.208333333333357, 24.90833333333336 ], [ 102.19782731797963, 24.908938259548638 ], [ 102.188275994194896, 24.91745741102433 ], [ 102.186746554904531, 24.928216213650199 ], [ 102.180074225531712, 24.930074055989611 ], [ 102.178259107801679, 24.93659261067711 ], [ 102.170608520507841, 24.938722737630236 ], [ 102.17963748508032, 24.949059041341172 ], [ 102.178373379177543, 24.957613796658013 ], [ 102.164493984646285, 24.958938259548638 ], [ 102.156339348687084, 24.966061740451416 ], [ 102.133333333333354, 24.966666666666693 ], [ 102.133900621202287, 24.973043823242215 ], [ 102.146479119194908, 24.986596340603324 ], [ 102.153505452473979, 24.988399590386312 ], [ 102.154733954535615, 25.00221048990888 ], [ 102.158729214138475, 25.007365587022598 ], [ 102.164710489908884, 25.008900621202283 ], [ 102.174080234103755, 25.017249552408881 ], [ 102.175567287868944, 25.023043823242215 ], [ 102.17859937879777, 25.026956176757839 ], [ 102.179733954535607, 25.035543823242215 ], [ 102.182766045464433, 25.039456176757838 ], [ 102.183333333333351, 25.045833333333359 ], [ 102.183333333333351, 25.05 ], [ 102.189924452039961, 25.050353325737873 ], [ 102.193408881293422, 25.053813340928848 ], [ 102.195833333333354, 25.054166666666696 ], [ 102.198257785373286, 25.05451999240454 ], [ 102.203808593750026, 25.060042995876763 ], [ 102.204166666666694, 25.0625 ], [ 102.203813340928846, 25.069091118706623 ], [ 102.200353325737865, 25.072575547960096 ], [ 102.199646674262169, 25.08087972005211 ], [ 102.204152086046037, 25.085416666666696 ], [ 102.200353325737865, 25.089242214626765 ], [ 102.199646674262169, 25.097546386718779 ], [ 102.203813340928846, 25.101742214626764 ], [ 102.204519992404542, 25.114924452039958 ], [ 102.207980007595509, 25.11840888129343 ], [ 102.208333333333357, 25.120833333333362 ], [ 102.210757785373289, 25.12118665907121 ], [ 102.214242214626765, 25.124646674262181 ], [ 102.223257785373292, 25.125353325737876 ], [ 102.23297559950089, 25.135045030381974 ], [ 102.233333333333363, 25.1375 ], [ 102.260543823242216, 25.138067287868953 ], [ 102.272789510091172, 25.149432712131105 ], [ 102.278770785861568, 25.150967746310791 ], [ 102.282766045464427, 25.156122843424509 ], [ 102.283900621202278, 25.160543823242215 ], [ 102.291099378797767, 25.168622843424508 ], [ 102.29251759847007, 25.174149068196641 ], [ 102.29804382324221, 25.175567287868951 ], [ 102.301956176757841, 25.17859937879777 ], [ 102.314710489908876, 25.179733954535617 ], [ 102.318622843424507, 25.182766045464437 ], [ 102.324417114257841, 25.184253099229629 ], [ 102.332766045464439, 25.193622843424507 ], [ 102.33423292371964, 25.199338785807321 ], [ 102.341666666666697, 25.2 ], [ 102.342233954535615, 25.214710489908882 ], [ 102.345266045464427, 25.218622843424509 ], [ 102.346494547526063, 25.232433742947077 ], [ 102.353458150227894, 25.234220716688398 ], [ 102.354733954535618, 25.24387715657555 ], [ 102.35776604546443, 25.247789510091174 ], [ 102.358333333333363, 25.25 ], [ 102.354827880859403, 25.250899590386314 ], [ 102.353599378797767, 25.264710489908882 ], [ 102.349604119194908, 25.269865587022597 ], [ 102.342398579915383, 25.271714782714874 ], [ 102.341099378797765, 25.280191887749595 ], [ 102.361932712131107, 25.301956176757841 ], [ 102.3625, 25.325 ], [ 102.366043090820341, 25.325909254286053 ], [ 102.366666666666688, 25.3375 ], [ 102.36335093180341, 25.338350931803415 ], [ 102.3625, 25.341666666666697 ], [ 102.359184265136747, 25.342517598470081 ], [ 102.35776604546443, 25.348043823242218 ], [ 102.350461832682313, 25.356241183810795 ], [ 102.353599378797767, 25.360289510091174 ], [ 102.354733954535618, 25.36887715657555 ], [ 102.361932712131107, 25.376956176757844 ], [ 102.363067287868944, 25.379913330078153 ], [ 102.358900621202281, 25.385289510091177 ], [ 102.35776604546443, 25.398043823242219 ], [ 102.354733954535618, 25.401956176757842 ], [ 102.354166666666686, 25.404166666666697 ], [ 102.347789510091175, 25.404733954535622 ], [ 102.343877156575545, 25.407766045464442 ], [ 102.339456176757835, 25.408900621202285 ], [ 102.335543823242219, 25.411932712131108 ], [ 102.330017598470079, 25.413350931803414 ], [ 102.328599378797762, 25.418877156575551 ], [ 102.321400621202287, 25.426956176757841 ], [ 102.320266045464436, 25.43137715657555 ], [ 102.31723395453561, 25.435289510091177 ], [ 102.316099378797773, 25.452210489908886 ], [ 102.313067287868947, 25.456122843424509 ], [ 102.311932712131096, 25.460543823242219 ], [ 102.296400621202281, 25.476956176757842 ], [ 102.29526604546443, 25.485543823242217 ], [ 102.292233954535618, 25.489456176757844 ], [ 102.291099378797767, 25.49804382324222 ], [ 102.288067287868955, 25.501956176757844 ], [ 102.2875, 25.5125 ], [ 102.28333333333336, 25.5125 ], [ 102.256122843424507, 25.511932712131106 ], [ 102.250967746310792, 25.507937452528243 ], [ 102.249100409613746, 25.500661214192739 ], [ 102.241666666666688, 25.5 ], [ 102.24109937879777, 25.497789510091177 ], [ 102.238067287868944, 25.49387715657555 ], [ 102.236932712131107, 25.489456176757844 ], [ 102.233900621202281, 25.485543823242217 ], [ 102.232672119140645, 25.471732923719649 ], [ 102.229166666666686, 25.470833333333363 ], [ 102.228260294596382, 25.474365234375032 ], [ 102.209548272026936, 25.475567287868955 ], [ 102.207482401529973, 25.467517598470081 ], [ 102.201956176757832, 25.466099378797772 ], [ 102.198043823242216, 25.463067287868952 ], [ 102.193622843424507, 25.461932712131109 ], [ 102.184518093533015, 25.453819953070777 ], [ 102.182766045464433, 25.449253336588573 ], [ 102.186932712131096, 25.443877156575553 ], [ 102.188067287868947, 25.439456176757844 ], [ 102.191099378797773, 25.435543823242217 ], [ 102.19223395453561, 25.426956176757841 ], [ 102.195266045464436, 25.423043823242217 ], [ 102.196400621202287, 25.420086669921904 ], [ 102.19223395453561, 25.414710489908884 ], [ 102.191099378797773, 25.406122843424509 ], [ 102.183900621202284, 25.398043823242219 ], [ 102.182766045464433, 25.372789510091174 ], [ 102.179733954535607, 25.36887715657555 ], [ 102.179166666666688, 25.366666666666696 ], [ 102.150918070475285, 25.367255655924509 ], [ 102.149120246039516, 25.374261305067304 ], [ 102.140920003255232, 25.375567287868954 ], [ 102.135543823242216, 25.371400621202287 ], [ 102.125, 25.370833333333362 ], [ 102.124646674262181, 25.402424452039959 ], [ 102.121186659071199, 25.405908881293435 ], [ 102.120480007595503, 25.430879550510014 ], [ 102.124646674262181, 25.4350755479601 ], [ 102.125, 25.4375 ], [ 102.118622843424504, 25.438067287868954 ], [ 102.114710489908873, 25.441099378797773 ], [ 102.111753336588563, 25.44223395453562 ], [ 102.106377156575547, 25.438067287868954 ], [ 102.093622843424498, 25.436932712131107 ], [ 102.089710489908882, 25.433900621202287 ], [ 102.086753336588558, 25.43276604546444 ], [ 102.081377156575542, 25.436932712131107 ], [ 102.076956176757832, 25.438067287868954 ], [ 102.068877156575539, 25.445266045464439 ], [ 102.060289510091167, 25.446400621202287 ], [ 102.055134412977452, 25.450395880805154 ], [ 102.053279283311653, 25.457624816894562 ], [ 102.042554050021721, 25.459041849772166 ], [ 102.040815734863301, 25.465815734863313 ], [ 102.035289510091161, 25.467233954535622 ], [ 102.031377156575545, 25.470266045464442 ], [ 102.020833333333357, 25.470833333333363 ], [ 102.019869147406709, 25.467630852593345 ], [ 102.013297865125892, 25.465652465820344 ], [ 102.01144968668622, 25.453523932562966 ], [ 101.996573215060792, 25.454931640625031 ], [ 101.995114305284304, 25.47396189371748 ], [ 101.989531622992644, 25.475642734103765 ], [ 101.985468377007408, 25.478523932562965 ], [ 101.983333333333348, 25.479166666666696 ], [ 101.982980007595515, 25.481591118706628 ], [ 101.977453782823375, 25.487145148383277 ], [ 101.97083333333336, 25.4875 ], [ 101.970480007595512, 25.460075547960098 ], [ 101.966313340928835, 25.455879550510012 ], [ 101.967019992404531, 25.447575547960099 ], [ 101.970818752712702, 25.44375 ], [ 101.967019992404531, 25.439924452039961 ], [ 101.966666666666683, 25.420833333333363 ], [ 101.964456176757849, 25.421400621202288 ], [ 101.960543823242219, 25.424432712131107 ], [ 101.957396104600733, 25.425567287868954 ], [ 101.94804382324223, 25.417233954535622 ], [ 101.943622843424521, 25.416099378797774 ], [ 101.938467746310806, 25.412104119194908 ], [ 101.936649237738749, 25.405017598470081 ], [ 101.931122843424518, 25.403599378797772 ], [ 101.927210489908887, 25.400567287868952 ], [ 101.922789510091178, 25.399432712131105 ], [ 101.914710489908884, 25.392233954535619 ], [ 101.9125, 25.391666666666698 ], [ 101.912146674262189, 25.385075547960099 ], [ 101.900353325737882, 25.373257785373294 ], [ 101.899646674262186, 25.368408881293433 ], [ 101.892019992404556, 25.360757785373295 ], [ 101.89131334092886, 25.355908881293431 ], [ 101.887853325737879, 25.352424452039962 ], [ 101.887146674262183, 25.335075547960098 ], [ 101.883686659071216, 25.331591118706626 ], [ 101.883333333333368, 25.325 ], [ 101.883686659071216, 25.318408881293433 ], [ 101.896186659071219, 25.305883110894126 ], [ 101.895480007595523, 25.297575547960101 ], [ 101.892019992404556, 25.294091118706625 ], [ 101.89131334092886, 25.280908881293431 ], [ 101.887853325737879, 25.277424452039959 ], [ 101.887146674262183, 25.272575547960098 ], [ 101.883686659071216, 25.269091118706626 ], [ 101.883333333333368, 25.258333333333361 ], [ 101.876742214626773, 25.257980007595513 ], [ 101.873257785373298, 25.254519992404543 ], [ 101.843408881293442, 25.253813340928847 ], [ 101.839583333333366, 25.250014580620689 ], [ 101.835757785373303, 25.253813340928847 ], [ 101.816666666666706, 25.254166666666695 ], [ 101.813412136501768, 25.253400166829458 ], [ 101.811970350477466, 25.249059210883274 ], [ 101.816270616319485, 25.24375 ], [ 101.813029649522605, 25.239748297797338 ], [ 101.811970350477466, 25.231085035536054 ], [ 101.807387288411491, 25.225758531358537 ], [ 101.804166666666703, 25.225 ], [ 101.804166666666703, 25.216666666666697 ], [ 101.804733954535621, 25.214456176757842 ], [ 101.807766045464447, 25.210543823242215 ], [ 101.808900621202298, 25.193622843424507 ], [ 101.813067287868961, 25.188246663411487 ], [ 101.81193271213111, 25.176956176757841 ], [ 101.804733954535621, 25.168877156575547 ], [ 101.803599378797784, 25.164456176757842 ], [ 101.796295166015668, 25.156258816189265 ], [ 101.800567287868958, 25.150746663411486 ], [ 101.79899325900611, 25.146644422743083 ], [ 101.79206271701392, 25.144865587022597 ], [ 101.788067287868955, 25.139710489908882 ], [ 101.786795722113752, 25.130086263020861 ], [ 101.781377156575559, 25.12556728786895 ], [ 101.776956176757849, 25.124432712131103 ], [ 101.773043823242219, 25.121400621202284 ], [ 101.768622843424509, 25.120266045464437 ], [ 101.764710489908893, 25.117233954535617 ], [ 101.755054050021741, 25.115958319769994 ], [ 101.753599378797773, 25.110289510091174 ], [ 101.750567287868961, 25.106377156575547 ], [ 101.74943271213111, 25.101956176757842 ], [ 101.746400621202298, 25.098043823242215 ], [ 101.744982571072086, 25.09251742892798 ], [ 101.738208346896741, 25.090779283311658 ], [ 101.736932712131107, 25.081122843424506 ], [ 101.733900621202295, 25.077210489908882 ], [ 101.733333333333363, 25.075 ], [ 101.720833333333374, 25.075 ], [ 101.720266045464442, 25.068622843424507 ], [ 101.713067287868967, 25.060543823242213 ], [ 101.711932712131116, 25.051956176757841 ], [ 101.708900621202289, 25.048043823242214 ], [ 101.707482571072092, 25.042517428927979 ], [ 101.700850762261325, 25.040815904405409 ], [ 101.699432712131113, 25.035289510091172 ], [ 101.696400621202287, 25.031377156575548 ], [ 101.695833333333368, 25.020833333333361 ], [ 101.68507554796011, 25.021186659071208 ], [ 101.681591118706635, 25.024646674262179 ], [ 101.673286946614624, 25.025353325737875 ], [ 101.669091118706632, 25.021186659071208 ], [ 101.6666666666667, 25.020833333333361 ], [ 101.656122843424512, 25.020266045464435 ], [ 101.650013224283896, 25.015170966254367 ], [ 101.65443115234379, 25.009470621744818 ], [ 101.646684095594651, 25.007482571072075 ], [ 101.645833333333371, 25.004166666666695 ], [ 101.645303683810795, 24.972751871744819 ], [ 101.642196316189271, 24.968914794921901 ], [ 101.640908135308194, 24.963446044921902 ], [ 101.635581461588572, 24.95886298285593 ], [ 101.630112711588581, 24.957574801974854 ], [ 101.625529649522605, 24.952248128255235 ], [ 101.624470350477466, 24.939418538411484 ], [ 101.621229383680586, 24.935416666666693 ], [ 101.624470350477466, 24.931414794921903 ], [ 101.625529649522605, 24.922751871744818 ], [ 101.629696316189268, 24.917607286241346 ], [ 101.628254530164966, 24.913266669379368 ], [ 101.621779378255241, 24.91174146864152 ], [ 101.617196316189265, 24.906414794921901 ], [ 101.615908135308189, 24.900946044921902 ], [ 101.610581461588581, 24.89636298285593 ], [ 101.6041666666667, 24.895833333333361 ], [ 101.604519992404548, 24.889242214626762 ], [ 101.607980007595515, 24.88575778537329 ], [ 101.608686659071211, 24.880908881293429 ], [ 101.612146674262192, 24.877424452039957 ], [ 101.6125, 24.875 ], [ 101.611932712131107, 24.87278951009117 ], [ 101.596400621202292, 24.856377156575547 ], [ 101.59486558702261, 24.850396050347246 ], [ 101.589710489908896, 24.846400621202282 ], [ 101.584184095594651, 24.844982571072073 ], [ 101.583333333333371, 24.841666666666693 ], [ 101.576742214626776, 24.841313340928846 ], [ 101.573257785373301, 24.837853325737871 ], [ 101.5625, 24.8375 ], [ 101.56193271213111, 24.835289510091172 ], [ 101.558900621202298, 24.831377156575545 ], [ 101.557421535915836, 24.825614081488741 ], [ 101.531122843424512, 24.824432712131102 ], [ 101.527210489908882, 24.821400621202283 ], [ 101.516666666666694, 24.820833333333358 ], [ 101.504859415690134, 24.82157355414499 ], [ 101.504166666666706, 24.84583333333336 ], [ 101.503813340928858, 24.848257785373288 ], [ 101.500353325737876, 24.851742214626761 ], [ 101.5, 24.854166666666693 ], [ 101.499100409613746, 24.857672119140652 ], [ 101.484232923719645, 24.858994547526066 ], [ 101.48243374294708, 24.866005452473985 ], [ 101.475, 24.866666666666692 ], [ 101.474646674262189, 24.88575778537329 ], [ 101.467019992404545, 24.893408881293428 ], [ 101.466666666666697, 24.895833333333361 ], [ 101.466313340928849, 24.898257785373289 ], [ 101.462853325737882, 24.901742214626761 ], [ 101.462146674262186, 24.906591118706622 ], [ 101.454519992404542, 24.914242214626761 ], [ 101.453813340928846, 24.919091118706625 ], [ 101.450353325737879, 24.922575547960097 ], [ 101.449646674262183, 24.927424452039958 ], [ 101.446186659071216, 24.93090888129343 ], [ 101.445480007595521, 24.935757785373291 ], [ 101.442019992404553, 24.939242214626763 ], [ 101.441313340928858, 24.94825778537329 ], [ 101.437853325737876, 24.951742214626762 ], [ 101.437146674262181, 24.956591118706623 ], [ 101.412853325737885, 24.980908881293431 ], [ 101.4125, 24.983333333333359 ], [ 101.41285502115889, 24.989953613281276 ], [ 101.418408881293431, 24.995480007595514 ], [ 101.420833333333363, 24.995833333333358 ], [ 101.420145331488754, 25.007523939344644 ], [ 101.409305148654553, 25.009101698133708 ], [ 101.407715861002643, 25.014660305447077 ], [ 101.404784138997428, 25.018673027886312 ], [ 101.403549194335966, 25.022993638780409 ], [ 101.400617472330765, 25.027006361219645 ], [ 101.4, 25.029166666666693 ], [ 101.393622843424509, 25.028599378797772 ], [ 101.385543823242216, 25.021400621202282 ], [ 101.380017428927985, 25.019982571072077 ], [ 101.378348117404542, 25.013477240668429 ], [ 101.37406277126739, 25.011932712131102 ], [ 101.364710489908887, 25.020266045464435 ], [ 101.360289510091178, 25.021400621202282 ], [ 101.356377156575547, 25.024432712131102 ], [ 101.347789510091175, 25.025567287868952 ], [ 101.339710489908882, 25.032766045464438 ], [ 101.331122843424509, 25.033900621202285 ], [ 101.321488104926246, 25.042639499240479 ], [ 101.320172119140665, 25.057433742947076 ], [ 101.316666666666706, 25.058333333333362 ], [ 101.316666666666706, 25.0625 ], [ 101.314242214626773, 25.062853325737876 ], [ 101.310416666666697, 25.066652086046034 ], [ 101.306591118706635, 25.062853325737876 ], [ 101.297575547960108, 25.062146674262181 ], [ 101.285757785373292, 25.050353325737873 ], [ 101.281620279947944, 25.049646674262181 ], [ 101.277424452039966, 25.053813340928848 ], [ 101.270833333333371, 25.054166666666696 ], [ 101.27021586100264, 25.064660305447077 ], [ 101.257972886827289, 25.078078545464436 ], [ 101.250768364800379, 25.080138481987873 ], [ 101.249382527669297, 25.089660305447076 ], [ 101.241369967990479, 25.098893568250894 ], [ 101.2340504964193, 25.100986395941867 ], [ 101.232616170247425, 25.115680270724855 ], [ 101.225926378038224, 25.11759304470489 ], [ 101.224028184678858, 25.124231635199681 ], [ 101.21223246256514, 25.125948418511314 ], [ 101.216049194335966, 25.131173027886312 ], [ 101.217284138997428, 25.136132134331625 ], [ 101.210339694552985, 25.138117472330755 ], [ 101.206326972113743, 25.141049194335967 ], [ 101.200768364800382, 25.142638481987873 ], [ 101.1993825276693, 25.152160305447076 ], [ 101.191369967990482, 25.161393568250897 ], [ 101.185339694552979, 25.163117641872859 ], [ 101.176106431749162, 25.171130032009579 ], [ 101.174382527669309, 25.177160135904977 ], [ 101.167284138997431, 25.185339864095081 ], [ 101.1666666666667, 25.1875 ], [ 101.159232923719657, 25.188161214192736 ], [ 101.157766045464442, 25.193877156575549 ], [ 101.153989325629368, 25.19875030517581 ], [ 101.149253336588572, 25.200567287868953 ], [ 101.14375, 25.196302117241782 ], [ 101.139710489908879, 25.199432712131106 ], [ 101.13239610460073, 25.200567287868953 ], [ 101.122925482855933, 25.192128499348986 ], [ 101.11887715657555, 25.195266045464439 ], [ 101.115920003255241, 25.196400621202287 ], [ 101.110543823242224, 25.19223395453562 ], [ 101.107586669921901, 25.191099378797773 ], [ 101.102210489908884, 25.195266045464439 ], [ 101.097789510091175, 25.196400621202287 ], [ 101.093877156575559, 25.199432712131106 ], [ 101.091666666666697, 25.2 ], [ 101.090779283311662, 25.196541849772164 ], [ 101.080095757378501, 25.195130411783882 ], [ 101.071400621202287, 25.185543823242217 ], [ 101.070833333333368, 25.183333333333362 ], [ 101.067517428927985, 25.182482401529978 ], [ 101.066666666666691, 25.179166666666696 ], [ 101.056122843424504, 25.17859937879777 ], [ 101.052210489908887, 25.175567287868951 ], [ 101.039456176757838, 25.174432712131104 ], [ 101.034301079644123, 25.17043745252824 ], [ 101.032196044921903, 25.162235344780843 ], [ 101.027210489908882, 25.166099378797771 ], [ 101.017881605360273, 25.167233954535618 ], [ 101.016666666666694, 25.1625 ], [ 101.009232923719651, 25.161838785807319 ], [ 101.008333333333368, 25.15833333333336 ], [ 101.006122843424507, 25.158900621202285 ], [ 101.00221048990889, 25.161932712131104 ], [ 100.996440972222246, 25.163413323296467 ], [ 100.995266045464433, 25.193877156575549 ], [ 100.992233954535621, 25.197789510091173 ], [ 100.991005452473985, 25.211600409613744 ], [ 100.985289510091178, 25.213067287868952 ], [ 100.981377156575547, 25.216099378797772 ], [ 100.975850762261317, 25.217517598470081 ], [ 100.974432712131104, 25.223043823242215 ], [ 100.971400621202292, 25.226956176757842 ], [ 100.97083333333336, 25.233333333333363 ], [ 100.968408881293428, 25.233686659071211 ], [ 100.964924452039966, 25.237146674262181 ], [ 100.951742214626762, 25.237853325737877 ], [ 100.948257785373301, 25.241313340928848 ], [ 100.943408881293436, 25.242019992404543 ], [ 100.939924452039961, 25.245480007595514 ], [ 100.9375, 25.245833333333362 ], [ 100.9375, 25.258333333333361 ], [ 100.934340074327281, 25.259144253200983 ], [ 100.932766045464433, 25.263246663411486 ], [ 100.93693271213111, 25.268622843424509 ], [ 100.938067287868947, 25.271579996744819 ], [ 100.933900621202284, 25.276956176757842 ], [ 100.932482571072072, 25.282482401529975 ], [ 100.926956176757841, 25.283900621202285 ], [ 100.92304382324221, 25.286932712131104 ], [ 100.914456176757838, 25.288067287868952 ], [ 100.906377156575545, 25.295266045464437 ], [ 100.897789510091172, 25.296400621202288 ], [ 100.893877156575556, 25.299432712131107 ], [ 100.889456176757847, 25.300567287868951 ], [ 100.881377156575553, 25.30776604546444 ], [ 100.876956176757844, 25.308900621202287 ], [ 100.86732143825958, 25.317639668782583 ], [ 100.866666666666703, 25.325 ], [ 100.86609937879777, 25.331377156575549 ], [ 100.863067287868958, 25.335289510091176 ], [ 100.861932712131107, 25.339710489908885 ], [ 100.858900621202281, 25.343622843424509 ], [ 100.857766045464444, 25.350746663411488 ], [ 100.862764485677118, 25.357196214464004 ], [ 100.855017428927979, 25.359184265136747 ], [ 100.853599378797767, 25.364710489908884 ], [ 100.850567287868955, 25.368622843424511 ], [ 100.849338785807319, 25.382433742947079 ], [ 100.84583333333336, 25.383333333333361 ], [ 100.84583333333336, 25.391666666666698 ], [ 100.843408881293428, 25.39131334092885 ], [ 100.839924452039952, 25.387853325737879 ], [ 100.827453782823383, 25.387146674262183 ], [ 100.8229166666667, 25.391652086046037 ], [ 100.81875, 25.387514580620689 ], [ 100.814924452039961, 25.39131334092885 ], [ 100.794120449490052, 25.392019992404542 ], [ 100.789924452039955, 25.387853325737879 ], [ 100.78333333333336, 25.3875 ], [ 100.776956176757835, 25.386932712131106 ], [ 100.773043823242219, 25.383900621202287 ], [ 100.76028951009117, 25.382766045464439 ], [ 100.746736823187959, 25.370187547471819 ], [ 100.74494594997833, 25.363208516438831 ], [ 100.735289510091178, 25.361932712131107 ], [ 100.727210489908884, 25.354733954535618 ], [ 100.724253336588575, 25.353599378797774 ], [ 100.718877156575545, 25.357766045464441 ], [ 100.713350931803419, 25.359184265136747 ], [ 100.711689080132402, 25.365659925672773 ], [ 100.707586669921909, 25.367233954535621 ], [ 100.702083333333363, 25.36296878390845 ], [ 100.6979166666667, 25.366197882758275 ], [ 100.692634412977455, 25.362104119194907 ], [ 100.690762837727888, 25.354811096191437 ], [ 100.674253336588563, 25.353599378797774 ], [ 100.668877156575547, 25.357766045464441 ], [ 100.665729437934061, 25.358900621202288 ], [ 100.656377156575545, 25.350567287868955 ], [ 100.651956176757835, 25.349432712131104 ], [ 100.646466064453151, 25.344854227701852 ], [ 100.645266045464439, 25.326956176757843 ], [ 100.642233954535612, 25.323043823242216 ], [ 100.641666666666694, 25.308333333333362 ], [ 100.639456176757847, 25.30776604546444 ], [ 100.635543823242216, 25.304733954535621 ], [ 100.624253336588566, 25.303599378797774 ], [ 100.61875, 25.307864549424941 ], [ 100.614710489908887, 25.304733954535621 ], [ 100.606122843424501, 25.303599378797774 ], [ 100.601137118869389, 25.299735344780846 ], [ 100.599432712131104, 25.30637715657555 ], [ 100.594873555501323, 25.311844041612442 ], [ 100.5875, 25.3125 ], [ 100.586649068196635, 25.31581573486331 ], [ 100.583333333333357, 25.316666666666695 ], [ 100.583900621202289, 25.318877156575549 ], [ 100.591099378797765, 25.326956176757843 ], [ 100.592327880859401, 25.340767076280411 ], [ 100.599291483561231, 25.342554050021732 ], [ 100.600567287868955, 25.352210489908884 ], [ 100.60776604546443, 25.360289510091174 ], [ 100.608900621202281, 25.36887715657555 ], [ 100.611932712131107, 25.372789510091174 ], [ 100.6125, 25.375 ], [ 100.610075547960093, 25.375353325737876 ], [ 100.604522365993944, 25.380878872341611 ], [ 100.603813340928852, 25.38992445203996 ], [ 100.598290167914527, 25.395475260416696 ], [ 100.59583333333336, 25.395833333333364 ], [ 100.594982401529975, 25.399149068196646 ], [ 100.589456176757835, 25.400567287868952 ], [ 100.584037611219642, 25.405086093478761 ], [ 100.582624816894551, 25.415779283311661 ], [ 100.576956176757832, 25.417233954535622 ], [ 100.567321438259569, 25.425973002115917 ], [ 100.566005452473988, 25.440767076280412 ], [ 100.560289510091167, 25.44223395453562 ], [ 100.55637715657555, 25.445266045464439 ], [ 100.55, 25.445833333333365 ], [ 100.549646674262178, 25.460757785373296 ], [ 100.546186659071211, 25.464242214626765 ], [ 100.545480007595515, 25.502424452039961 ], [ 100.542019992404533, 25.505908881293433 ], [ 100.5416666666667, 25.5125 ], [ 100.542019992404533, 25.519091118706626 ], [ 100.545480007595515, 25.522575547960102 ], [ 100.545833333333363, 25.525 ], [ 100.542517598470084, 25.525850931803415 ], [ 100.5416666666667, 25.529166666666697 ], [ 100.538350931803407, 25.530017598470081 ], [ 100.536932712131104, 25.535543823242218 ], [ 100.533900621202278, 25.539456176757845 ], [ 100.532766045464442, 25.546770562066005 ], [ 100.541099378797767, 25.556122843424511 ], [ 100.542233954535618, 25.588246663411489 ], [ 100.538067287868955, 25.593622843424512 ], [ 100.5375, 25.595833333333363 ], [ 100.535075547960091, 25.595480007595519 ], [ 100.527424452039952, 25.587853325737878 ], [ 100.485787116156715, 25.587146674262186 ], [ 100.481591118706618, 25.591313340928849 ], [ 100.469120449490049, 25.592019992404545 ], [ 100.464924452039952, 25.587853325737878 ], [ 100.460075547960102, 25.587146674262186 ], [ 100.456591118706626, 25.583686659071212 ], [ 100.448285590277806, 25.582980007595516 ], [ 100.44202151828344, 25.589212883843349 ], [ 100.441666666666691, 25.595833333333363 ], [ 100.441666666666691, 25.6 ], [ 100.439456176757844, 25.600567287868955 ], [ 100.435543823242213, 25.603599378797774 ], [ 100.430017598470073, 25.605017598470084 ], [ 100.42859937879777, 25.610543823242217 ], [ 100.425567287868944, 25.614456176757844 ], [ 100.424432712131107, 25.627210489908887 ], [ 100.421400621202281, 25.63112284342451 ], [ 100.42026604546443, 25.643877156575552 ], [ 100.408900621202278, 25.656122843424512 ], [ 100.40833333333336, 25.658333333333367 ], [ 100.392579989963139, 25.658940802680153 ], [ 100.39081573486331, 25.665815734863315 ], [ 100.3875, 25.6666666666667 ], [ 100.386932712131099, 25.673043823242221 ], [ 100.383900621202287, 25.676956176757844 ], [ 100.382766045464436, 25.681377156575554 ], [ 100.374038357204881, 25.690999518500465 ], [ 100.361753336588563, 25.692233954535624 ], [ 100.356377156575547, 25.688067287868957 ], [ 100.342881605360262, 25.68693271213111 ], [ 100.341099378797765, 25.693877156575553 ], [ 100.333900621202275, 25.701956176757847 ], [ 100.332766045464439, 25.710543823242219 ], [ 100.321400621202287, 25.722789510091179 ], [ 100.320172119140651, 25.736600409613747 ], [ 100.313350931803413, 25.738350931803417 ], [ 100.311649068196644, 25.744982401529981 ], [ 100.306122843424504, 25.746400621202291 ], [ 100.302210489908873, 25.74943271213111 ], [ 100.293622843424501, 25.750567287868957 ], [ 100.288749694824247, 25.754344007704027 ], [ 100.286932712131104, 25.759079996744823 ], [ 100.291099378797767, 25.764456176757847 ], [ 100.292233954535618, 25.775746663411493 ], [ 100.288067287868955, 25.781122843424512 ], [ 100.286932712131104, 25.802210489908887 ], [ 100.28293745252823, 25.807365587022602 ], [ 100.279166666666697, 25.808333333333366 ], [ 100.279774136013472, 25.824086676703594 ], [ 100.285543823242207, 25.825567287868957 ], [ 100.289456176757838, 25.828599378797776 ], [ 100.293877156575547, 25.829733954535623 ], [ 100.297789510091164, 25.832766045464442 ], [ 100.304166666666688, 25.833333333333368 ], [ 100.303549024793867, 25.835493469238315 ], [ 100.296450975206184, 25.843673197428419 ], [ 100.295127699110267, 25.861692979600729 ], [ 100.283664449056019, 25.863361443413662 ], [ 100.278549024793861, 25.870364210340746 ], [ 100.280322604709227, 25.874139234754807 ], [ 100.28333333333336, 25.875 ], [ 100.284104749891512, 25.882561916775209 ], [ 100.299164157443599, 25.8840981377496 ], [ 100.300642734103761, 25.893801710340746 ], [ 100.30769059922963, 25.902031622992656 ], [ 100.308976067437086, 25.906301710340745 ], [ 100.311857265896293, 25.910364956325989 ], [ 100.313142734103764, 25.922968377007415 ], [ 100.316023932562956, 25.927031622992654 ], [ 100.317309400770426, 25.935468377007414 ], [ 100.320190599229619, 25.939531622992657 ], [ 100.321476067437089, 25.950633748372429 ], [ 100.313142734103764, 25.960364956325989 ], [ 100.3125, 25.9625 ], [ 100.304166666666688, 25.9625 ], [ 100.30085093180341, 25.96164906819665 ], [ 100.299149068196641, 25.955017598470086 ], [ 100.293622843424501, 25.953599378797776 ], [ 100.285543823242207, 25.94640062120229 ], [ 100.268622843424509, 25.945266045464443 ], [ 100.256377156575539, 25.933900621202291 ], [ 100.243622843424504, 25.932766045464444 ], [ 100.239710489908873, 25.929733954535624 ], [ 100.233333333333363, 25.929166666666703 ], [ 100.23276604546443, 25.931377156575554 ], [ 100.229733954535618, 25.935289510091181 ], [ 100.228267076280403, 25.941005452473991 ], [ 100.214456176757835, 25.942233954535624 ], [ 100.210416666666688, 25.945364549424948 ], [ 100.206377156575542, 25.942233954535624 ], [ 100.18664991590714, 25.941099378797777 ], [ 100.179833306206618, 25.946784294976162 ], [ 100.17859937879777, 25.959270562066006 ], [ 100.186932712131096, 25.968622843424512 ], [ 100.188067287868947, 25.973785061306458 ], [ 100.181122843424504, 25.975567287868959 ], [ 100.177210489908873, 25.978599378797778 ], [ 100.171684265136747, 25.980017598470088 ], [ 100.169982401529978, 25.986649068196648 ], [ 100.166666666666686, 25.9875 ], [ 100.166313340928838, 25.989924452039965 ], [ 100.162853325737871, 25.993408881293437 ], [ 100.162146674262175, 26.00171288384335 ], [ 100.166313340928838, 26.005908881293436 ], [ 100.166666666666686, 26.008333333333368 ], [ 100.160289510091175, 26.00890062120229 ], [ 100.156377156575545, 26.011932712131113 ], [ 100.151956176757835, 26.01306728786896 ], [ 100.148043823242205, 26.016099378797779 ], [ 100.142311096191435, 26.017570495605504 ], [ 100.141099378797762, 26.034079996744826 ], [ 100.145368279351146, 26.039587910970088 ], [ 100.140747239854619, 26.045129055447084 ], [ 100.130054050021727, 26.046541849772172 ], [ 100.128599378797759, 26.052210489908891 ], [ 100.125567287868947, 26.056122843424514 ], [ 100.124432712131096, 26.060543823242224 ], [ 100.121302117241783, 26.064583333333367 ], [ 100.124432712131096, 26.068622843424514 ], [ 100.125567287868947, 26.081377156575556 ], [ 100.128599378797759, 26.085289510091179 ], [ 100.129166666666691, 26.0875 ], [ 100.128813340928843, 26.094091118706633 ], [ 100.112853325737873, 26.110075547960104 ], [ 100.1125, 26.1125 ], [ 100.110075547960093, 26.112853325737884 ], [ 100.104524739583354, 26.118376498752205 ], [ 100.104166666666686, 26.120833333333351 ], [ 100.104519992404533, 26.123257785373283 ], [ 100.107980007595515, 26.126742214626756 ], [ 100.108686659071196, 26.139213053385436 ], [ 100.104519992404533, 26.143408881293421 ], [ 100.103813340928838, 26.148257785373282 ], [ 100.100353325737871, 26.151742214626758 ], [ 100.1, 26.166666666666686 ], [ 100.10077667236331, 26.174280124240472 ], [ 100.1125, 26.175 ], [ 100.114924452039958, 26.175353325737866 ], [ 100.120479838053413, 26.180880737304708 ], [ 100.120833333333351, 26.216666666666686 ], [ 100.120228237575972, 26.223006184895855 ], [ 100.117271762424068, 26.226993815104187 ], [ 100.115716213650202, 26.232579888237868 ], [ 100.104978942871114, 26.23410644531252 ], [ 100.103561570909307, 26.242454020182311 ], [ 100.111894904242646, 26.251993815104186 ], [ 100.1125, 26.254166666666688 ], [ 100.1125, 26.266666666666687 ], [ 100.105066257052968, 26.267327880859398 ], [ 100.103599378797767, 26.273043823242208 ], [ 100.100567287868941, 26.276956176757835 ], [ 100.1, 26.283333333333353 ], [ 100.097575547960091, 26.283686659071201 ], [ 100.091665310329887, 26.28956739637589 ], [ 100.095480007595512, 26.293408881293423 ], [ 100.096186659071208, 26.298257785373284 ], [ 100.099646674262175, 26.301742214626756 ], [ 100.100353325737871, 26.314213053385437 ], [ 100.096186659071208, 26.318408881293426 ], [ 100.095480007595512, 26.323257785373286 ], [ 100.092019992404531, 26.326742214626758 ], [ 100.091666666666683, 26.333333333333353 ], [ 100.092019992404531, 26.335757785373286 ], [ 100.095480007595512, 26.339242214626758 ], [ 100.096186659071208, 26.344091118706618 ], [ 100.103813340928838, 26.351742214626757 ], [ 100.104519992404533, 26.355879720052105 ], [ 100.100353325737871, 26.36007554796009 ], [ 100.099646674262175, 26.369091118706621 ], [ 100.096186659071208, 26.372575547960093 ], [ 100.095480007595512, 26.380879720052107 ], [ 100.099646674262175, 26.385075547960092 ], [ 100.100353325737871, 26.393379720052106 ], [ 100.096186659071208, 26.397575547960091 ], [ 100.09583333333336, 26.4 ], [ 100.096400621202278, 26.410543823242211 ], [ 100.099432712131104, 26.414456176757835 ], [ 100.100567287868941, 26.417413330078148 ], [ 100.096400621202278, 26.422789510091167 ], [ 100.095124816894554, 26.43244594997832 ], [ 100.091666666666683, 26.433333333333355 ], [ 100.089242214626765, 26.432980007595507 ], [ 100.085757785373289, 26.429519992404536 ], [ 100.076742214626762, 26.428813340928841 ], [ 100.073257785373286, 26.42535332573787 ], [ 100.06495107014976, 26.424646674262174 ], [ 100.056591118706621, 26.432980007595507 ], [ 100.045833333333348, 26.433333333333355 ], [ 100.041402011447502, 26.434470621744815 ], [ 100.04526604546443, 26.439456176757837 ], [ 100.046400621202281, 26.454913330078149 ], [ 100.04127078586157, 26.46153225368926 ], [ 100.035289510091161, 26.463067287868945 ], [ 100.025654771592897, 26.47180616590714 ], [ 100.025, 26.479166666666689 ], [ 100.031591118706615, 26.479519992404537 ], [ 100.04547559950089, 26.493379041883703 ], [ 100.045833333333348, 26.495833333333355 ], [ 100.046510314941429, 26.507335747612871 ], [ 100.053398471408443, 26.509305148654537 ], [ 100.054980807834227, 26.520176527235265 ], [ 100.075, 26.520833333333357 ], [ 100.074646674262169, 26.527424452039952 ], [ 100.071186659071202, 26.530908881293428 ], [ 100.070833333333354, 26.541666666666689 ], [ 100.074149068196633, 26.542517428927976 ], [ 100.075850931803402, 26.549149237738739 ], [ 100.082740444607225, 26.550917222764781 ], [ 100.083333333333357, 26.575 ], [ 100.083333333333357, 26.583333333333357 ], [ 100.084184265136741, 26.58664923773874 ], [ 100.0875, 26.5875 ], [ 100.0875, 26.595833333333356 ], [ 100.0875, 26.608333333333356 ], [ 100.090898471408437, 26.609305148654538 ], [ 100.092615254720073, 26.621100870768252 ], [ 100.097839864095079, 26.61728413899742 ], [ 100.104166666666686, 26.616666666666688 ], [ 100.104765150282134, 26.636584472656274 ], [ 100.108333333333363, 26.6375 ], [ 100.108333333333363, 26.645833333333357 ], [ 100.111649068196641, 26.646684095594644 ], [ 100.1125, 26.65 ], [ 100.112146674262178, 26.673257785373288 ], [ 100.108686659071196, 26.67674221462676 ], [ 100.108333333333363, 26.679166666666692 ], [ 100.108333333333363, 26.683333333333358 ], [ 100.108686659071196, 26.685757785373287 ], [ 100.112146674262178, 26.689242214626759 ], [ 100.112853325737873, 26.694091118706623 ], [ 100.116313340928841, 26.697575547960092 ], [ 100.116666666666688, 26.704166666666691 ], [ 100.117019992404536, 26.710757785373289 ], [ 100.120480007595503, 26.714242214626761 ], [ 100.120833333333351, 26.72083333333336 ], [ 100.118408881293419, 26.721186659071204 ], [ 100.114924452039958, 26.724646674262178 ], [ 100.089953782823372, 26.725353325737871 ], [ 100.085416666666688, 26.720847913954017 ], [ 100.081591118706626, 26.724646674262178 ], [ 100.076742214626762, 26.725353325737871 ], [ 100.069091118706623, 26.732980007595511 ], [ 100.066666666666691, 26.733333333333359 ], [ 100.055908881293419, 26.732980007595511 ], [ 100.052424452039958, 26.729519992404537 ], [ 100.05, 26.729166666666693 ], [ 100.046840074327278, 26.72835557725697 ], [ 100.04526604546443, 26.724253336588568 ], [ 100.049531216091609, 26.71875 ], [ 100.045437452528233, 26.713467746310787 ], [ 100.038350931803407, 26.71164923773874 ], [ 100.0375, 26.708333333333357 ], [ 100.034184265136744, 26.709184095594644 ], [ 100.032766045464427, 26.714710489908878 ], [ 100.029733954535615, 26.718622843424505 ], [ 100.029166666666711, 26.725 ], [ 100.033407931857667, 26.726212565104191 ], [ 100.029784308539519, 26.73117302788631 ], [ 100.028549024793861, 26.735493638780408 ], [ 100.025617641872856, 26.739506361219643 ], [ 100.024382358127198, 26.747993638780407 ], [ 100.017223273383266, 26.756243557400197 ], [ 100.020215691460521, 26.760339694552975 ], [ 100.021450975206179, 26.764660305447073 ], [ 100.025074598524327, 26.769620768229192 ], [ 100.018673197428413, 26.771450805664088 ], [ 100.014660135904975, 26.774382527669296 ], [ 100.00617319742841, 26.775617472330755 ], [ 100.002160135904973, 26.778549194335962 ], [ 99.980166286892384, 26.779784138997421 ], [ 99.978549024793864, 26.768673027886308 ], [ 99.971450975206182, 26.760493638780407 ], [ 99.969873046875023, 26.7549743652344 ], [ 99.962030877007393, 26.753549194335964 ], [ 99.956326802571638, 26.75771586100263 ], [ 99.947839864095073, 26.758950805664089 ], [ 99.943826802571635, 26.761882527669297 ], [ 99.941666666666706, 26.7625 ], [ 99.934319729275217, 26.761782836914087 ], [ 99.932715861002634, 26.756173027886309 ], [ 99.929784138997434, 26.752160305447074 ], [ 99.928194851345523, 26.746601698133706 ], [ 99.917372300889795, 26.745026312934051 ], [ 99.916049194335969, 26.727006361219644 ], [ 99.895421006944488, 26.705240207248288 ], [ 99.888426378038233, 26.703240288628496 ], [ 99.8875, 26.7 ], [ 99.884184095594662, 26.699149237738741 ], [ 99.882482571072089, 26.692517428927975 ], [ 99.875850762261322, 26.690815904405405 ], [ 99.874100409613746, 26.683994547526066 ], [ 99.866666666666703, 26.683333333333358 ], [ 99.864531792534763, 26.682690429687526 ], [ 99.856301540798654, 26.675642903645858 ], [ 99.85203179253476, 26.674357096354193 ], [ 99.847095065646741, 26.670856730143253 ], [ 99.844953748914961, 26.663745795355926 ], [ 99.841344875759589, 26.66185709635419 ], [ 99.835468207465311, 26.666023763020856 ], [ 99.828844875759586, 26.667309570312526 ], [ 99.822968207465308, 26.663142903645856 ], [ 99.779947238498295, 26.661818779839432 ], [ 99.778421698676254, 26.646863471137177 ], [ 99.772865125868094, 26.645190429687524 ], [ 99.764588080512183, 26.638102891710094 ], [ 99.760468207465308, 26.641023763020858 ], [ 99.758011542426246, 26.642309570312523 ], [ 99.752134874131983, 26.638142903645857 ], [ 99.747865125868088, 26.636857096354191 ], [ 99.743801540798643, 26.633976236979191 ], [ 99.735365125868086, 26.632690429687525 ], [ 99.730428398980067, 26.629190063476585 ], [ 99.7291666666667, 26.625 ], [ 99.708333333333371, 26.625 ], [ 99.708333333333371, 26.629166666666691 ], [ 99.704166666666708, 26.629166666666691 ], [ 99.70381334092886, 26.63159111870662 ], [ 99.700353325737879, 26.635075547960092 ], [ 99.699646674262183, 26.639924452039956 ], [ 99.692019992404553, 26.647575547960095 ], [ 99.691666666666706, 26.658333333333356 ], [ 99.6875, 26.658333333333356 ], [ 99.687146674262195, 26.664924452039955 ], [ 99.681623670789961, 26.670475260416691 ], [ 99.679166666666703, 26.670833333333356 ], [ 99.672575547960108, 26.671186659071203 ], [ 99.669091118706632, 26.674646674262178 ], [ 99.664242214626768, 26.675353325737873 ], [ 99.660757785373306, 26.678813340928844 ], [ 99.651742214626765, 26.679519992404536 ], [ 99.648257785373303, 26.682980007595511 ], [ 99.641666666666708, 26.683333333333358 ], [ 99.641049194335977, 26.685493638780407 ], [ 99.628563096788227, 26.699178059895857 ], [ 99.618673027886317, 26.700617472330755 ], [ 99.614660305447089, 26.703549194335963 ], [ 99.600802612304719, 26.704901801215303 ], [ 99.599382527669306, 26.714660305447072 ], [ 99.596450805664091, 26.718673027886311 ], [ 99.595215861002643, 26.721302625868081 ], [ 99.599382527669306, 26.727006361219644 ], [ 99.600617472330768, 26.73380262586808 ], [ 99.595719401041706, 26.740508015950546 ], [ 99.588192070855072, 26.74266018337676 ], [ 99.586882527669303, 26.760493638780407 ], [ 99.583950805664102, 26.764506361219642 ], [ 99.58271586100264, 26.76882697211374 ], [ 99.579728190104206, 26.772916666666692 ], [ 99.582771809895874, 26.777083333333358 ], [ 99.57905273437504, 26.782174682617214 ], [ 99.575, 26.78333333333336 ], [ 99.574432712131113, 26.793877156575547 ], [ 99.571400621202287, 26.797789510091171 ], [ 99.57026604546445, 26.804913330078151 ], [ 99.574432712131113, 26.81028951009117 ], [ 99.575567287868964, 26.818877156575546 ], [ 99.578599378797776, 26.82278951009117 ], [ 99.579733954535627, 26.829913330078149 ], [ 99.575567287868964, 26.835289510091172 ], [ 99.574149237738752, 26.840815904405407 ], [ 99.570833333333368, 26.841666666666693 ], [ 99.571186659071216, 26.844091118706622 ], [ 99.574646674262183, 26.847575547960094 ], [ 99.575, 26.870833333333358 ], [ 99.568622843424521, 26.870266045464437 ], [ 99.56471048990889, 26.867233954535617 ], [ 99.538714938693616, 26.86609937879777 ], [ 99.536932712131104, 26.873043823242213 ], [ 99.533900621202292, 26.876956176757837 ], [ 99.532766045464442, 26.885543823242212 ], [ 99.529733954535629, 26.88945617675784 ], [ 99.528599378797779, 26.893877156575549 ], [ 99.525567287868952, 26.897789510091172 ], [ 99.524432712131116, 26.906377156575548 ], [ 99.521400621202289, 26.910289510091172 ], [ 99.520833333333371, 26.9125 ], [ 99.520480007595523, 26.919091118706625 ], [ 99.512853325737879, 26.926742214626763 ], [ 99.512146674262183, 26.931591118706624 ], [ 99.508686659071216, 26.935075547960096 ], [ 99.508333333333368, 26.945833333333361 ], [ 99.501742214626773, 26.946186659071206 ], [ 99.498257785373298, 26.94964667426218 ], [ 99.495833333333366, 26.95 ], [ 99.495215861002634, 26.960493638780409 ], [ 99.492284138997434, 26.964506361219645 ], [ 99.491049194335972, 26.985493638780408 ], [ 99.475617472330768, 27.002006361219646 ], [ 99.474382527669306, 27.00632697211374 ], [ 99.471450805664091, 27.010339694552979 ], [ 99.470098198784754, 27.024197387695338 ], [ 99.460339694552985, 27.025617472330758 ], [ 99.456326972113743, 27.028549194335966 ], [ 99.452006361219645, 27.029784138997421 ], [ 99.447993638780417, 27.032715861002632 ], [ 99.445833333333368, 27.03333333333336 ], [ 99.444933742947086, 27.036838785807319 ], [ 99.4375, 27.0375 ], [ 99.436892361111148, 27.053253173828153 ], [ 99.431122843424518, 27.054733954535617 ], [ 99.427210489908887, 27.057766045464437 ], [ 99.411753336588575, 27.058900621202284 ], [ 99.406241183810792, 27.054628499348986 ], [ 99.398043823242219, 27.061932712131103 ], [ 99.395833333333371, 27.0625 ], [ 99.396476236979197, 27.064634874131972 ], [ 99.411857096354197, 27.081198459201417 ], [ 99.413142903645863, 27.089634874131971 ], [ 99.41602376302086, 27.093698459201416 ], [ 99.417444525824692, 27.107626342773465 ], [ 99.445052761501771, 27.109040323893257 ], [ 99.453523763020868, 27.118698459201418 ], [ 99.455131022135447, 27.124035644531279 ], [ 99.458333333333371, 27.125 ], [ 99.458333333333371, 27.129166666666695 ], [ 99.457766045464439, 27.135543823242216 ], [ 99.454733954535627, 27.13945617675784 ], [ 99.453599378797776, 27.143877156575549 ], [ 99.449040052625904, 27.149344211154542 ], [ 99.435289510091181, 27.150567287868952 ], [ 99.430134412977466, 27.154562717013917 ], [ 99.42859937879777, 27.160543823242215 ], [ 99.425567287868958, 27.164456176757842 ], [ 99.424432712131107, 27.177210489908884 ], [ 99.421400621202295, 27.181122843424507 ], [ 99.420266045464444, 27.185543823242217 ], [ 99.417233954535618, 27.18945617675784 ], [ 99.416099378797782, 27.193877156575549 ], [ 99.413067287868955, 27.197789510091173 ], [ 99.411649237738743, 27.20331573486331 ], [ 99.40833333333336, 27.204166666666694 ], [ 99.40833333333336, 27.208333333333361 ], [ 99.404935031467048, 27.207361687554283 ], [ 99.403364054362015, 27.196568467881974 ], [ 99.388486395941868, 27.195116170247424 ], [ 99.386573621961844, 27.188426378038223 ], [ 99.383333333333368, 27.1875 ], [ 99.380908881293436, 27.187853325737876 ], [ 99.371188693576428, 27.197547234429283 ], [ 99.370480007595518, 27.206591118706626 ], [ 99.358686659071211, 27.218408881293431 ], [ 99.357980007595515, 27.223257785373292 ], [ 99.348288302951417, 27.232975599500897 ], [ 99.34583333333336, 27.233333333333363 ], [ 99.345266045464442, 27.239710489908884 ], [ 99.342233954535629, 27.243622843424507 ], [ 99.341099378797779, 27.252210489908883 ], [ 99.338067287868952, 27.256122843424507 ], [ 99.336932712131116, 27.264710489908882 ], [ 99.333900621202289, 27.268622843424509 ], [ 99.332482571072077, 27.274149068196643 ], [ 99.325850762261311, 27.275850931803415 ], [ 99.324432712131113, 27.281377156575552 ], [ 99.317233954535624, 27.289456176757842 ], [ 99.316099378797773, 27.293877156575551 ], [ 99.308900621202284, 27.301956176757841 ], [ 99.307482571072086, 27.307482401529978 ], [ 99.304166666666703, 27.308333333333362 ], [ 99.30359937879777, 27.310543823242217 ], [ 99.300567287868958, 27.314456176757844 ], [ 99.299432712131107, 27.318877156575549 ], [ 99.288067287868955, 27.331122843424509 ], [ 99.286932712131104, 27.335543823242219 ], [ 99.28293728298614, 27.340698920355933 ], [ 99.274735514322956, 27.342803785536056 ], [ 99.278599378797779, 27.347789510091175 ], [ 99.279733954535629, 27.356377156575551 ], [ 99.282766045464442, 27.360289510091174 ], [ 99.283900621202292, 27.367603895399334 ], [ 99.275567287868952, 27.376956176757844 ], [ 99.274149237738754, 27.382482401529977 ], [ 99.270833333333371, 27.383333333333361 ], [ 99.271186659071219, 27.38992445203996 ], [ 99.274646674262186, 27.393408881293432 ], [ 99.275, 27.395833333333364 ], [ 99.274646674262186, 27.398257785373293 ], [ 99.271186659071219, 27.401742214626765 ], [ 99.270480007595523, 27.405879550510011 ], [ 99.274646674262186, 27.410075547960098 ], [ 99.275, 27.416666666666696 ], [ 99.264456176757847, 27.417233954535622 ], [ 99.256377156575553, 27.424432712131107 ], [ 99.247789510091181, 27.425567287868954 ], [ 99.24387715657555, 27.428599378797774 ], [ 99.239456176757841, 27.429733954535621 ], [ 99.235543823242224, 27.43276604546444 ], [ 99.231122843424515, 27.433900621202287 ], [ 99.225013224283884, 27.438995700412356 ], [ 99.22956271701392, 27.444865587022601 ], [ 99.236838785807322, 27.446732923719647 ], [ 99.2375, 27.454166666666698 ], [ 99.237146674262192, 27.464924452039959 ], [ 99.231621297200547, 27.470477464464008 ], [ 99.223286946614621, 27.471186659071211 ], [ 99.219091118706629, 27.467019992404545 ], [ 99.214242214626765, 27.466313340928849 ], [ 99.210757785373289, 27.462853325737878 ], [ 99.195833333333368, 27.4625 ], [ 99.196186659071216, 27.473257785373296 ], [ 99.199985419379374, 27.477083333333365 ], [ 99.196186659071216, 27.480908881293434 ], [ 99.195833333333368, 27.504166666666698 ], [ 99.195266045464436, 27.506377156575553 ], [ 99.192233954535624, 27.510289510091177 ], [ 99.191099378797773, 27.514710489908886 ], [ 99.188067287868961, 27.518622843424509 ], [ 99.186649237738749, 27.524149068196646 ], [ 99.183333333333366, 27.525 ], [ 99.183686659071213, 27.527424452039963 ], [ 99.195480007595521, 27.539242214626768 ], [ 99.195833333333368, 27.5625 ], [ 99.195833333333368, 27.566666666666698 ], [ 99.195266045464436, 27.568877156575553 ], [ 99.192233954535624, 27.572789510091177 ], [ 99.191099378797773, 27.577210489908886 ], [ 99.183900621202284, 27.585289510091176 ], [ 99.182766045464447, 27.598043823242218 ], [ 99.179733954535621, 27.601956176757845 ], [ 99.17859937879777, 27.609079996744825 ], [ 99.182766045464447, 27.614456176757844 ], [ 99.183900621202284, 27.63824666341149 ], [ 99.179628499348993, 27.643758816189269 ], [ 99.187865871853333, 27.653003438313835 ], [ 99.180017428927982, 27.655017598470085 ], [ 99.178315904405409, 27.661649068196645 ], [ 99.175, 27.6625 ], [ 99.175, 27.6666666666667 ], [ 99.172575547960108, 27.666313340928852 ], [ 99.169091118706632, 27.662853325737878 ], [ 99.164242214626768, 27.662146674262186 ], [ 99.156591118706629, 27.654519992404545 ], [ 99.15, 27.654166666666697 ], [ 99.147789510091172, 27.654733954535622 ], [ 99.139710489908879, 27.661932712131108 ], [ 99.134184095594648, 27.663350931803418 ], [ 99.132482571072075, 27.669982401529978 ], [ 99.125396050347248, 27.67180107964413 ], [ 99.120266045464447, 27.678420003255241 ], [ 99.122083197699681, 27.68315599229604 ], [ 99.126956176757844, 27.68693271213111 ], [ 99.129166666666691, 27.6875 ], [ 99.128813340928843, 27.694091118706631 ], [ 99.125014580620686, 27.6979166666667 ], [ 99.128813340928843, 27.701742214626769 ], [ 99.129166666666691, 27.708333333333364 ], [ 99.129519992404539, 27.710757785373296 ], [ 99.133318752712711, 27.714583333333366 ], [ 99.129519992404539, 27.718408881293435 ], [ 99.128813340928843, 27.731591118706628 ], [ 99.125353325737876, 27.735075547960101 ], [ 99.124646674262181, 27.75171288384335 ], [ 99.128813340928843, 27.755908881293436 ], [ 99.129519992404539, 27.760757785373297 ], [ 99.137146674262183, 27.768408881293436 ], [ 99.137853325737879, 27.780883449978333 ], [ 99.121186659071213, 27.797575547960104 ], [ 99.120480007595518, 27.81421288384335 ], [ 99.124646674262181, 27.818408881293436 ], [ 99.125, 27.820833333333368 ], [ 99.129166666666691, 27.820833333333368 ], [ 99.129519992404539, 27.844091118706629 ], [ 99.137146674262183, 27.851742214626771 ], [ 99.137853325737879, 27.855879550510018 ], [ 99.133686659071216, 27.860075547960104 ], [ 99.132980007595521, 27.881591118706631 ], [ 99.129519992404539, 27.885075547960103 ], [ 99.129166666666691, 27.8875 ], [ 99.128315904405412, 27.890815734863317 ], [ 99.122789510091181, 27.892233954535623 ], [ 99.114710489908887, 27.899432712131109 ], [ 99.097789510091175, 27.900567287868959 ], [ 99.089710489908882, 27.907766045464445 ], [ 99.0875, 27.908333333333367 ], [ 99.087146674262186, 27.914924452039966 ], [ 99.083686659071205, 27.918408881293438 ], [ 99.083333333333371, 27.920833333333366 ], [ 99.083333333333371, 27.95 ], [ 99.081122843424509, 27.950567287868957 ], [ 99.075967746310795, 27.954562547471824 ], [ 99.074112616644996, 27.961791483561232 ], [ 99.064456176757844, 27.963067287868959 ], [ 99.05637715657555, 27.970266045464445 ], [ 99.050850762261319, 27.971684265136751 ], [ 99.049432712131107, 27.977210489908888 ], [ 99.044873385959235, 27.98267737494578 ], [ 99.031122843424512, 27.983900621202292 ], [ 99.027210489908882, 27.986932712131111 ], [ 99.020833333333357, 27.9875 ], [ 99.020480007595523, 27.998257785373298 ], [ 99.014957004123289, 28.003808593750033 ], [ 99.0125, 28.004166666666702 ], [ 99.011892361111137, 28.019920010036927 ], [ 99.008333333333368, 28.020833333333353 ], [ 99.008931816948817, 28.040751139322936 ], [ 99.014710489908879, 28.042233954535611 ], [ 99.020096503363746, 28.046725802951407 ], [ 99.021400621202289, 28.054913330078143 ], [ 99.017126464843784, 28.060428195529532 ], [ 99.028599378797779, 28.072789510091166 ], [ 99.029733954535615, 28.077210489908872 ], [ 99.032766045464442, 28.081122843424499 ], [ 99.033900621202292, 28.085543823242208 ], [ 99.037896050347257, 28.090698920355923 ], [ 99.045240614149336, 28.092583889431442 ], [ 99.045833333333363, 28.116666666666685 ], [ 99.048257785373295, 28.117019992404533 ], [ 99.05381266276045, 28.122547064887172 ], [ 99.054166666666703, 28.1375 ], [ 99.039506361219651, 28.138117472330748 ], [ 99.035493638780409, 28.141049194335956 ], [ 99.027006361219648, 28.142284138997415 ], [ 99.022993638780406, 28.145215861002626 ], [ 99.013205634223127, 28.146640353732657 ], [ 99.0118825276693, 28.164660305447068 ], [ 99.008950805664099, 28.168673027886307 ], [ 99.007406955295167, 28.174073621961824 ], [ 99.000768364800379, 28.175971815321201 ], [ 98.999231635199678, 28.186528184678838 ], [ 98.993673027886317, 28.188117472330749 ], [ 98.989660305447075, 28.191049194335957 ], [ 98.984259711371564, 28.192593044704882 ], [ 98.982715861002632, 28.197993638780403 ], [ 98.975617472330754, 28.206173027886305 ], [ 98.975, 28.208333333333353 ], [ 98.975353325737871, 28.210757785373286 ], [ 98.978813340928852, 28.214242214626758 ], [ 98.979519992404548, 28.222546386718772 ], [ 98.975353325737871, 28.226742214626757 ], [ 98.975, 28.241666666666688 ], [ 98.97083333333336, 28.241666666666688 ], [ 98.971400621202292, 28.268877156575542 ], [ 98.974432712131104, 28.272789510091165 ], [ 98.975567287868955, 28.327951727973112 ], [ 98.968622843424512, 28.329733954535612 ], [ 98.964710489908882, 28.332766045464432 ], [ 98.959184095594651, 28.33418409559464 ], [ 98.958333333333357, 28.3375 ], [ 98.958333333333357, 28.354166666666689 ], [ 98.9625, 28.354166666666689 ], [ 98.963350762261314, 28.357482571072069 ], [ 98.968877156575545, 28.358900621202277 ], [ 98.976956176757838, 28.366099378797763 ], [ 98.98554382324221, 28.367233954535614 ], [ 98.989456176757841, 28.370266045464433 ], [ 98.999070909288221, 28.371536254882834 ], [ 99.007766045464436, 28.3811228434245 ], [ 99.009252929687534, 28.386917114257834 ], [ 99.019896104600718, 28.396400621202279 ], [ 99.027210489908882, 28.395266045464432 ], [ 99.03125, 28.392135281033006 ], [ 99.035289510091175, 28.395266045464432 ], [ 99.0375, 28.395833333333357 ], [ 99.037853325737871, 28.402424452039952 ], [ 99.041313340928852, 28.405908881293424 ], [ 99.0416666666667, 28.416666666666689 ], [ 99.041313340928852, 28.419091118706618 ], [ 99.021186659071205, 28.439242214626759 ], [ 99.020480007595523, 28.448257785373286 ], [ 99.017019992404542, 28.451742214626758 ], [ 99.016313340928846, 28.456591118706619 ], [ 99.012853325737879, 28.460075547960091 ], [ 99.012146674262183, 28.464213053385439 ], [ 99.016313340928846, 28.468408881293424 ], [ 99.017019992404542, 28.472549438476584 ], [ 99.006618245442738, 28.482978990342904 ], [ 98.995833333333366, 28.483333333333356 ], [ 98.989242214626771, 28.483686659071203 ], [ 98.985757785373295, 28.487146674262174 ], [ 98.980908881293431, 28.48785332573787 ], [ 98.974998643663227, 28.493734063042556 ], [ 98.978813340928852, 28.497575547960093 ], [ 98.979519992404548, 28.502424452039953 ], [ 98.982980007595515, 28.505908881293426 ], [ 98.983686659071211, 28.510757785373286 ], [ 98.987146674262178, 28.514242214626758 ], [ 98.987853325737873, 28.518379720052106 ], [ 98.983686659071211, 28.522575547960091 ], [ 98.982980007595515, 28.530879720052106 ], [ 98.987146674262178, 28.535075547960091 ], [ 98.987853325737873, 28.543381076388911 ], [ 98.981623670789958, 28.549641927083357 ], [ 98.9791666666667, 28.55 ], [ 98.9791666666667, 28.570833333333358 ], [ 98.982482571072083, 28.571684095594641 ], [ 98.983333333333363, 28.575 ], [ 98.984184095594642, 28.578315904405407 ], [ 98.9875, 28.579166666666691 ], [ 98.987146674262178, 28.585757785373289 ], [ 98.983686659071211, 28.589242214626758 ], [ 98.982980007595515, 28.614924452039954 ], [ 98.979519992404548, 28.618408881293426 ], [ 98.978813340928852, 28.655879720052106 ], [ 98.982980007595515, 28.660075547960094 ], [ 98.983686659071211, 28.677424452039954 ], [ 98.987486097547773, 28.681250678168428 ], [ 98.97745496961808, 28.691308932834225 ], [ 98.975, 28.691666666666691 ], [ 98.974646674262189, 28.698257785373286 ], [ 98.971186659071208, 28.701742214626762 ], [ 98.970480007595512, 28.705879720052106 ], [ 98.974646674262189, 28.710075547960095 ], [ 98.975, 28.7125 ], [ 98.971505398220515, 28.713396877712697 ], [ 98.970266045464442, 28.725937228732665 ], [ 98.978599378797767, 28.735289510091171 ], [ 98.979733954535618, 28.740451727973117 ], [ 98.972789510091175, 28.742233954535614 ], [ 98.964710489908882, 28.749432712131103 ], [ 98.958971150716181, 28.750905693901935 ], [ 98.957766045464439, 28.768877156575545 ], [ 98.954733954535627, 28.772789510091172 ], [ 98.953599378797776, 28.784079996744815 ], [ 98.957766045464439, 28.789456176757838 ], [ 98.958900621202289, 28.800746663411484 ], [ 98.954733954535627, 28.806122843424504 ], [ 98.953599378797776, 28.810543823242213 ], [ 98.949603949652811, 28.815698920355928 ], [ 98.943622843424507, 28.817233954535617 ], [ 98.93971048990889, 28.820266045464436 ], [ 98.931122843424504, 28.821400621202283 ], [ 98.927210489908887, 28.824432712131102 ], [ 98.925, 28.825 ], [ 98.924432712131107, 28.818622843424503 ], [ 98.921400621202281, 28.81471048990888 ], [ 98.919982571072083, 28.809184095594645 ], [ 98.914456176757838, 28.807766045464433 ], [ 98.909079996744822, 28.80359937879777 ], [ 98.893622843424509, 28.804733954535614 ], [ 98.889710489908879, 28.807766045464433 ], [ 98.88528951009117, 28.808900621202284 ], [ 98.879913330078153, 28.81306728786895 ], [ 98.868622843424504, 28.811932712131103 ], [ 98.859270562066001, 28.80359937879777 ], [ 98.847789510091175, 28.804733954535614 ], [ 98.843877156575545, 28.807766045464433 ], [ 98.841666666666697, 28.808333333333358 ], [ 98.841005452473993, 28.815767076280409 ], [ 98.835289510091172, 28.817233954535617 ], [ 98.829777018229194, 28.821831258138047 ], [ 98.828599378797776, 28.848043823242215 ], [ 98.824604119194902, 28.853198920355929 ], [ 98.820833333333368, 28.854166666666693 ], [ 98.821186659071202, 28.856591118706625 ], [ 98.824646674262183, 28.860075547960093 ], [ 98.825353325737879, 28.889213053385443 ], [ 98.821186659071202, 28.893408881293428 ], [ 98.820480007595521, 28.906591118706622 ], [ 98.817019992404539, 28.910075547960094 ], [ 98.816313340928843, 28.918379720052108 ], [ 98.820480007595521, 28.922575547960097 ], [ 98.820833333333368, 28.925 ], [ 98.818408881293436, 28.925353325737873 ], [ 98.812854851616777, 28.930879720052111 ], [ 98.8125, 28.9375 ], [ 98.81193271213111, 28.956377156575549 ], [ 98.808900621202284, 28.960289510091172 ], [ 98.807766045464433, 28.964710489908882 ], [ 98.804733954535621, 28.968622843424505 ], [ 98.803315734863304, 28.974149237738743 ], [ 98.796684265136747, 28.97585076226131 ], [ 98.795266045464444, 28.981377156575547 ], [ 98.79127078586157, 28.986532253689262 ], [ 98.7875, 28.9875 ], [ 98.7875, 29.0 ], [ 98.78333333333336, 29.0 ], [ 98.781122843424512, 29.00056728786895 ], [ 98.777210489908882, 29.00359937879777 ], [ 98.772789510091172, 29.004733954535617 ], [ 98.768877156575542, 29.007766045464436 ], [ 98.75922071668839, 29.009041680230062 ], [ 98.757766045464436, 29.014710489908882 ], [ 98.754733954535624, 29.018622843424506 ], [ 98.753599378797773, 29.023043823242215 ], [ 98.741020880805152, 29.036596340603325 ], [ 98.734184265136747, 29.038350762261313 ], [ 98.732482401529978, 29.044982571072076 ], [ 98.7291666666667, 29.045833333333359 ], [ 98.729733954535618, 29.05221048990888 ], [ 98.732864549424946, 29.05625 ], [ 98.729733954535618, 29.060289510091174 ], [ 98.728599378797767, 29.073043823242216 ], [ 98.725567287868955, 29.07695617675784 ], [ 98.724432712131104, 29.081377156575549 ], [ 98.721400621202278, 29.085289510091172 ], [ 98.719982401529975, 29.09081590440541 ], [ 98.716666666666697, 29.091666666666693 ], [ 98.717019992404545, 29.094091118706626 ], [ 98.72254316541887, 29.099641927083361 ], [ 98.727424452039955, 29.100353325737874 ], [ 98.732977634006104, 29.105878702799508 ], [ 98.733686659071211, 29.114924452039958 ], [ 98.737146674262178, 29.11840888129343 ], [ 98.737853325737873, 29.126715766059057 ], [ 98.729519992404548, 29.135075547960099 ], [ 98.728813340928852, 29.148257785373293 ], [ 98.725353325737871, 29.151742214626765 ], [ 98.724646674262175, 29.172546217176677 ], [ 98.728813340928852, 29.176742214626763 ], [ 98.7291666666667, 29.183333333333362 ], [ 98.728315734863315, 29.186649068196644 ], [ 98.722789510091175, 29.188067287868954 ], [ 98.718877156575545, 29.191099378797773 ], [ 98.713350931803419, 29.192517598470079 ], [ 98.711932712131102, 29.198043823242216 ], [ 98.703583780924504, 29.207413567437094 ], [ 98.7, 29.208333333333361 ], [ 98.70056728786895, 29.218877156575548 ], [ 98.703599378797776, 29.222789510091175 ], [ 98.704733954535612, 29.231377156575551 ], [ 98.707766045464439, 29.235289510091174 ], [ 98.708900621202289, 29.248043823242217 ], [ 98.712764655219218, 29.25302954779734 ], [ 98.706122843424509, 29.25473395453562 ], [ 98.698043823242216, 29.261932712131106 ], [ 98.685289510091167, 29.263067287868953 ], [ 98.68137715657555, 29.266099378797772 ], [ 98.672789510091178, 29.267233954535619 ], [ 98.660543823242222, 29.278599378797772 ], [ 98.65833333333336, 29.279166666666697 ], [ 98.657766045464442, 29.285543823242218 ], [ 98.654733954535615, 29.289456176757842 ], [ 98.653315734863313, 29.294982401529978 ], [ 98.647789510091172, 29.296400621202288 ], [ 98.642335171169734, 29.300949266221817 ], [ 98.641099378797776, 29.313246663411487 ], [ 98.645266045464439, 29.318622843424507 ], [ 98.646400621202289, 29.321844991048206 ], [ 98.629733954535624, 29.339456176757842 ], [ 98.629166666666691, 29.354166666666696 ], [ 98.622575547960096, 29.353813340928848 ], [ 98.619091118706621, 29.350353325737878 ], [ 98.6041666666667, 29.35 ], [ 98.603813340928852, 29.360757785373295 ], [ 98.598287116156712, 29.366311815049944 ], [ 98.591666666666697, 29.366666666666696 ], [ 98.591313340928849, 29.369091118706628 ], [ 98.583686659071205, 29.376742214626766 ], [ 98.582980007595509, 29.398257785373293 ], [ 98.579519992404542, 29.401742214626765 ], [ 98.578813340928846, 29.410046217176678 ], [ 98.582980007595509, 29.414242214626768 ], [ 98.583333333333357, 29.420833333333363 ], [ 98.583333333333357, 29.45 ], [ 98.580017598470079, 29.450850931803416 ], [ 98.578599378797776, 29.456377156575552 ], [ 98.57556728786895, 29.460289510091176 ], [ 98.574432712131099, 29.468877156575552 ], [ 98.571400621202287, 29.472789510091175 ], [ 98.56998240152997, 29.478315734863312 ], [ 98.564456176757844, 29.479733954535622 ], [ 98.560543823242213, 29.482766045464441 ], [ 98.555017598470073, 29.484184265136751 ], [ 98.553315734863304, 29.490815734863311 ], [ 98.546684265136747, 29.492517598470084 ], [ 98.544982401529978, 29.499149068196644 ], [ 98.539456176757838, 29.500567287868954 ], [ 98.535543823242207, 29.503599378797773 ], [ 98.531122843424498, 29.50473395453562 ], [ 98.521536254882832, 29.513429260253936 ], [ 98.520266045464439, 29.523043823242219 ], [ 98.51306728786895, 29.531122843424509 ], [ 98.511932712131099, 29.535543823242218 ], [ 98.50473395453561, 29.543622843424512 ], [ 98.503279283311656, 29.54929148356123 ], [ 98.493622843424504, 29.550567287868954 ], [ 98.489710489908873, 29.553599378797774 ], [ 98.4875, 29.554166666666699 ], [ 98.4875, 29.5625 ], [ 98.492032538519993, 29.563663228352894 ], [ 98.483900621202281, 29.572789510091177 ], [ 98.48276604546443, 29.57574666341149 ], [ 98.486932712131107, 29.581122843424509 ], [ 98.488067287868944, 29.589710489908885 ], [ 98.491197882758271, 29.59375 ], [ 98.488067287868944, 29.597789510091179 ], [ 98.486932712131107, 29.606377156575554 ], [ 98.483900621202281, 29.610289510091178 ], [ 98.48276604546443, 29.627210489908887 ], [ 98.479733954535618, 29.63112284342451 ], [ 98.478599378797767, 29.635543823242219 ], [ 98.475567287868955, 29.639456176757843 ], [ 98.474432712131104, 29.643877156575552 ], [ 98.471400621202278, 29.647789510091179 ], [ 98.470266045464442, 29.652210489908885 ], [ 98.467233954535615, 29.656122843424512 ], [ 98.466666666666697, 29.6625 ], [ 98.469982401529975, 29.663350931803418 ], [ 98.471801079644123, 29.670437452528244 ], [ 98.476956176757838, 29.674432712131107 ], [ 98.482482401529978, 29.675850931803417 ], [ 98.484184265136747, 29.682482401529981 ], [ 98.4875, 29.683333333333366 ], [ 98.489924452039958, 29.683686659071213 ], [ 98.497575547960096, 29.691313340928851 ], [ 98.502424452039961, 29.692019992404546 ], [ 98.507975260416686, 29.697543165418871 ], [ 98.508333333333354, 29.7 ], [ 98.507766045464436, 29.706377156575552 ], [ 98.50473395453561, 29.710289510091179 ], [ 98.503599378797773, 29.723043823242222 ], [ 98.500567287868947, 29.726956176757845 ], [ 98.499432712131096, 29.731377156575554 ], [ 98.496400621202284, 29.735289510091178 ], [ 98.494982401529967, 29.740815734863315 ], [ 98.48835093180341, 29.742517598470084 ], [ 98.486932712131107, 29.74804382324222 ], [ 98.483900621202281, 29.751956176757844 ], [ 98.48276604546443, 29.756377156575553 ], [ 98.475567287868955, 29.764456176757847 ], [ 98.474362352159318, 29.782427639431457 ], [ 98.467517598470081, 29.784184265136751 ], [ 98.466666666666697, 29.7875 ], [ 98.467327880859401, 29.79493374294708 ], [ 98.47083333333336, 29.795833333333366 ], [ 98.47083333333336, 29.804166666666699 ], [ 98.473257785373292, 29.804519992404547 ], [ 98.478808593750031, 29.810043165418868 ], [ 98.479519992404533, 29.814924452039964 ], [ 98.482980007595515, 29.818408881293436 ], [ 98.483686659071211, 29.826712883843349 ], [ 98.479519992404533, 29.830908881293436 ], [ 98.478813340928852, 29.835757785373296 ], [ 98.475353325737871, 29.839242214626768 ], [ 98.474646674262175, 29.844091118706629 ], [ 98.471186659071208, 29.847575547960105 ], [ 98.470480007595512, 29.852424452039966 ], [ 98.462853325737868, 29.860075547960104 ], [ 98.4625, 29.866666666666699 ], [ 98.458994547526061, 29.867566257052985 ], [ 98.458333333333357, 29.875 ], [ 98.460493469238301, 29.875617641872864 ], [ 98.465507846408443, 29.879280598958367 ], [ 98.467284308539519, 29.885493469238316 ], [ 98.470215691460524, 29.889506530761754 ], [ 98.471450975206196, 29.897993469238315 ], [ 98.474445936414952, 29.90209367540151 ], [ 98.450617641872853, 29.927006530761751 ], [ 98.449382358127195, 29.93132680257165 ], [ 98.44645097520619, 29.935339864095088 ], [ 98.445215691460533, 29.939660135904983 ], [ 98.433950975206187, 29.952006530761754 ], [ 98.43271569146053, 29.960493469238315 ], [ 98.429784308539524, 29.964506530761753 ], [ 98.428549024793867, 29.968826802571648 ], [ 98.424886067708357, 29.97384117974179 ], [ 98.418673197428404, 29.975617641872866 ], [ 98.414660135904967, 29.978549024793871 ], [ 98.404901801215303, 29.979969278971389 ], [ 98.404166666666697, 29.9875 ], [ 98.404519992404545, 29.989924452039965 ], [ 98.407980007595512, 29.993408881293437 ], [ 98.40833333333336, 30.008333333333368 ], [ 98.408988104926237, 30.015693664550817 ], [ 98.419666714138486, 30.025379435221389 ], [ 98.420833333333363, 30.020833333333368 ], [ 98.432342868381099, 30.020214165581631 ], [ 98.436932712131096, 30.014710489908889 ], [ 98.438067287868947, 30.01028951009118 ], [ 98.441099378797773, 30.006377156575557 ], [ 98.44288160536027, 29.99943271213111 ], [ 98.461593627929716, 30.000634765625033 ], [ 98.463714938693599, 30.00890062120229 ], [ 98.477210489908884, 30.007766045464443 ], [ 98.481122843424501, 30.004733954535624 ], [ 98.491666666666688, 30.004166666666702 ], [ 98.496097988552549, 30.005303955078144 ], [ 98.492233954535621, 30.010289510091166 ], [ 98.49109937879777, 30.018877156575542 ], [ 98.483900621202281, 30.026956176757832 ], [ 98.48276604546443, 30.029913330078145 ], [ 98.486932712131107, 30.035289510091165 ], [ 98.488067287868944, 30.042413330078144 ], [ 98.483900621202281, 30.047789510091164 ], [ 98.48276604546443, 30.05637715657554 ], [ 98.479733954535618, 30.060289510091167 ], [ 98.478599378797767, 30.068877156575539 ], [ 98.475567287868955, 30.072789510091166 ], [ 98.474432712131104, 30.075746663411479 ], [ 98.478599378797767, 30.081122843424499 ], [ 98.479733954535618, 30.098785061306444 ], [ 98.471684265136744, 30.100850762261302 ], [ 98.469982401529975, 30.107482571072069 ], [ 98.463350931803404, 30.109184095594639 ], [ 98.461932712131102, 30.114710489908873 ], [ 98.458793131510447, 30.118761528862866 ], [ 98.470266045464442, 30.1311228434245 ], [ 98.471400621202278, 30.143877156575542 ], [ 98.478599378797767, 30.151956176757832 ], [ 98.479733954535618, 30.163246663411478 ], [ 98.475567287868955, 30.168622843424501 ], [ 98.475, 30.170833333333352 ], [ 98.474646674262175, 30.185757785373283 ], [ 98.470847913954017, 30.189583333333353 ], [ 98.474646674262175, 30.193408881293422 ], [ 98.475355699327281, 30.202454630533875 ], [ 98.480908881293431, 30.207980007595506 ], [ 98.483333333333363, 30.208333333333353 ], [ 98.483333333333363, 30.204166666666687 ], [ 98.485757785373295, 30.203813340928839 ], [ 98.489242214626756, 30.200353325737868 ], [ 98.491666666666688, 30.2 ], [ 98.49387715657555, 30.200567287868942 ], [ 98.501956176757844, 30.207766045464432 ], [ 98.510543823242216, 30.208900621202279 ], [ 98.515698920355931, 30.212896050347243 ], [ 98.517233954535612, 30.218877156575541 ], [ 98.52109798855254, 30.223862711588563 ], [ 98.514456176757832, 30.225567287868945 ], [ 98.508966064453148, 30.230145602756096 ], [ 98.507766045464436, 30.24804382324221 ], [ 98.50473395453561, 30.251956176757833 ], [ 98.503599378797773, 30.260543823242209 ], [ 98.500567287868947, 30.264456176757832 ], [ 98.499432712131096, 30.268877156575542 ], [ 98.496400621202284, 30.272789510091165 ], [ 98.495266045464433, 30.277210489908875 ], [ 98.49213545057512, 30.28125 ], [ 98.495266045464433, 30.285289510091168 ], [ 98.495833333333366, 30.291666666666689 ], [ 98.495266045464433, 30.29804382324221 ], [ 98.492233954535621, 30.301956176757834 ], [ 98.49109937879777, 30.306377156575543 ], [ 98.488067287868944, 30.310289510091167 ], [ 98.486932712131107, 30.314710489908876 ], [ 98.483900621202281, 30.3186228434245 ], [ 98.48276604546443, 30.321579996744813 ], [ 98.487895880805141, 30.328198920355923 ], [ 98.49512481689456, 30.330054050021722 ], [ 98.496400621202284, 30.339710489908875 ], [ 98.503599378797773, 30.347789510091168 ], [ 98.50473395453561, 30.355103895399328 ], [ 98.496400621202284, 30.364456176757834 ], [ 98.495266045464433, 30.377210489908876 ], [ 98.492233954535621, 30.3811228434245 ], [ 98.49109937879777, 30.401011827256966 ], [ 98.507766045464436, 30.418622843424501 ], [ 98.508333333333354, 30.425 ], [ 98.505908881293422, 30.42535332573787 ], [ 98.498257785373283, 30.432980007595507 ], [ 98.489242214626756, 30.433686659071203 ], [ 98.485416666666694, 30.437485419379364 ], [ 98.481591118706618, 30.433686659071203 ], [ 98.473283555772596, 30.432980007595507 ], [ 98.460757785373289, 30.44548000759551 ], [ 98.454166666666694, 30.445833333333354 ], [ 98.453599378797776, 30.448043823242209 ], [ 98.449080573187956, 30.453462388780405 ], [ 98.439456176757844, 30.454733954535612 ], [ 98.430086432562959, 30.46308288574221 ], [ 98.42859937879777, 30.468877156575545 ], [ 98.425567287868944, 30.472789510091168 ], [ 98.424432712131107, 30.488246663411481 ], [ 98.42859937879777, 30.493622843424504 ], [ 98.429733954535621, 30.507118394639779 ], [ 98.422789510091178, 30.50890062120228 ], [ 98.417634412977449, 30.512896050347244 ], [ 98.415855746799068, 30.519826592339435 ], [ 98.411753336588561, 30.521400621202279 ], [ 98.406377156575545, 30.517233954535612 ], [ 98.404166666666697, 30.516666666666691 ], [ 98.401742214626765, 30.517019992404535 ], [ 98.387854682074675, 30.530881754557313 ], [ 98.387146674262183, 30.544091118706621 ], [ 98.383686659071202, 30.547575547960093 ], [ 98.383333333333354, 30.554166666666688 ], [ 98.382766045464436, 30.556377156575543 ], [ 98.378770785861576, 30.561532253689258 ], [ 98.372789510091167, 30.563067287868947 ], [ 98.36887715657555, 30.566099378797766 ], [ 98.363208516438831, 30.567554050021727 ], [ 98.36179148356122, 30.578279283311655 ], [ 98.356122843424501, 30.579733954535612 ], [ 98.352210489908884, 30.582766045464432 ], [ 98.342554050021732, 30.584041680230058 ], [ 98.340815734863313, 30.590815904405407 ], [ 98.334041849772163, 30.592554050021725 ], [ 98.332646857367649, 30.603112114800371 ], [ 98.328420003255232, 30.604733954535615 ], [ 98.323043823242216, 30.600567287868948 ], [ 98.3125, 30.6 ], [ 98.312146674262181, 30.606591118706621 ], [ 98.308686659071199, 30.610075547960093 ], [ 98.307980007595518, 30.614924452039954 ], [ 98.300353325737873, 30.622575547960093 ], [ 98.3, 30.6375 ], [ 98.276956176757835, 30.63806728786895 ], [ 98.271801079644121, 30.642062717013914 ], [ 98.270266045464439, 30.648043823242212 ], [ 98.265706888834657, 30.653510877821205 ], [ 98.25195617675783, 30.654733954535615 ], [ 98.246801079644115, 30.65872938368058 ], [ 98.244982401529967, 30.665815904405406 ], [ 98.23835093180341, 30.667517428927976 ], [ 98.236932712131107, 30.67304382324221 ], [ 98.232373555501326, 30.678510877821203 ], [ 98.225, 30.679166666666692 ], [ 98.221684265136744, 30.680017428927975 ], [ 98.22083333333336, 30.683333333333358 ], [ 98.219924079047331, 30.68687642415367 ], [ 98.208333333333357, 30.6875 ], [ 98.208988104926235, 30.694860500759575 ], [ 98.218622843424498, 30.703599378797769 ], [ 98.225567287868941, 30.705381605360266 ], [ 98.224192301432311, 30.711638047960093 ], [ 98.216099378797765, 30.713714938693602 ], [ 98.217233954535615, 30.718877156575545 ], [ 98.220364549424943, 30.722916666666691 ], [ 98.217233954535615, 30.726956176757838 ], [ 98.216099378797765, 30.731377156575547 ], [ 98.208900621202275, 30.739456176757837 ], [ 98.207766045464439, 30.748043823242213 ], [ 98.203599378797762, 30.753420003255233 ], [ 98.204789055718336, 30.773997667100719 ], [ 98.215500047471807, 30.783712768554715 ], [ 98.216666666666697, 30.77916666666669 ], [ 98.22083333333336, 30.77916666666669 ], [ 98.220266045464427, 30.789710489908877 ], [ 98.21191711425783, 30.79908040364586 ], [ 98.204827880859398, 30.800899590386308 ], [ 98.204166666666694, 30.808333333333358 ], [ 98.204166666666694, 30.8125 ], [ 98.201956176757832, 30.81306728786895 ], [ 98.198043823242216, 30.81609937879777 ], [ 98.190816582573802, 30.817233954535617 ], [ 98.184037611219637, 30.811580403645859 ], [ 98.182766045464433, 30.801956176757837 ], [ 98.179733954535607, 30.798043823242214 ], [ 98.178029547797337, 30.791402180989607 ], [ 98.17304382324221, 30.795266045464434 ], [ 98.166666666666686, 30.795833333333359 ], [ 98.164242214626753, 30.795480007595511 ], [ 98.160757785373292, 30.792019992404541 ], [ 98.155908881293428, 30.791313340928845 ], [ 98.152424452039952, 30.787853325737871 ], [ 98.15, 30.7875 ], [ 98.149112616644985, 30.790958319769992 ], [ 98.139456176757832, 30.792233954535615 ], [ 98.131377156575539, 30.7994327121311 ], [ 98.120086669921903, 30.800567287868947 ], [ 98.114583333333357, 30.796301947699678 ], [ 98.110416666666694, 30.799531385633706 ], [ 98.10625, 30.796301947699678 ], [ 98.102083333333354, 30.799531385633706 ], [ 98.098043823242207, 30.796400621202281 ], [ 98.095086669921898, 30.795266045464434 ], [ 98.089583333333351, 30.799531385633706 ], [ 98.085543823242205, 30.796400621202281 ], [ 98.080381605360259, 30.795266045464434 ], [ 98.078599378797762, 30.80221048990888 ], [ 98.06723395453561, 30.814456176757837 ], [ 98.066099378797759, 30.818877156575546 ], [ 98.061580573187953, 30.824295722113739 ], [ 98.051956176757841, 30.82556728786895 ], [ 98.035543823242207, 30.841099378797768 ], [ 98.026956176757835, 30.842233954535615 ], [ 98.023043823242205, 30.845266045464435 ], [ 98.020833333333357, 30.84583333333336 ], [ 98.010075547960085, 30.845480007595512 ], [ 98.006591118706623, 30.842019992404538 ], [ 98.004166666666691, 30.841666666666693 ], [ 98.003123982747411, 30.845129733615476 ], [ 97.981198289659304, 30.846476236979193 ], [ 97.977135043674068, 30.849357096354193 ], [ 97.954943339029967, 30.850719875759573 ], [ 97.953523932562959, 30.864634874131969 ], [ 97.950023566352016, 30.869571601019992 ], [ 97.943698289659309, 30.871476236979191 ], [ 97.934132215711827, 30.879668172200546 ], [ 97.932690599229616, 30.893801540798638 ], [ 97.929809400770424, 30.89786512586808 ], [ 97.928523932562953, 30.902134874131971 ], [ 97.925642734103761, 30.906198459201416 ], [ 97.925, 30.90833333333336 ], [ 97.925353325737873, 30.914924452039955 ], [ 97.929152086046031, 30.91875 ], [ 97.925353325737873, 30.922575547960097 ], [ 97.924646674262178, 30.927424452039958 ], [ 97.908686659071208, 30.943408881293429 ], [ 97.908333333333374, 30.95 ], [ 97.911649068196638, 30.950850762261311 ], [ 97.913067287868941, 30.956377156575549 ], [ 97.916099378797767, 30.960289510091172 ], [ 97.917233954535618, 30.973043823242215 ], [ 97.92026604546443, 30.976956176757838 ], [ 97.921684265136747, 30.982482571072076 ], [ 97.925, 30.983333333333359 ], [ 97.924432712131093, 30.998043823242213 ], [ 97.920437452528233, 31.003198920355928 ], [ 97.913137647840728, 31.005072360568604 ], [ 97.911932712131104, 31.023043823242215 ], [ 97.892233954535612, 31.043622843424508 ], [ 97.891099378797762, 31.048043823242214 ], [ 97.878520880805141, 31.061596340603327 ], [ 97.871684265136736, 31.063350762261312 ], [ 97.870833333333351, 31.066666666666695 ], [ 97.863399590386308, 31.067327880859402 ], [ 97.8625, 31.070833333333361 ], [ 97.862853325737873, 31.089924452039959 ], [ 97.866313340928841, 31.093408881293431 ], [ 97.867019992404536, 31.102424452039958 ], [ 97.870480007595503, 31.105908881293431 ], [ 97.87118903266061, 31.11495463053388 ], [ 97.876742214626759, 31.120480007595514 ], [ 97.879166666666691, 31.120833333333362 ], [ 97.879166666666691, 31.125 ], [ 97.879166666666691, 31.133333333333361 ], [ 97.872865125868088, 31.133976236979194 ], [ 97.868801540798643, 31.136857096354195 ], [ 97.854938083224866, 31.138271416558187 ], [ 97.8541666666667, 31.145833333333361 ], [ 97.857630411783887, 31.146849907769123 ], [ 97.858963690863746, 31.165258958604628 ], [ 97.850945366753507, 31.167612033420166 ], [ 97.849369642469654, 31.172980923122857 ], [ 97.841235351562531, 31.182417297363308 ], [ 97.832648044162369, 31.183963521321644 ], [ 97.822922431098121, 31.175579833984404 ], [ 97.817876180013059, 31.17921159532338 ], [ 97.816036309136322, 31.18548092312286 ], [ 97.813130357530412, 31.189519076877197 ], [ 97.811776733398474, 31.207552931043864 ], [ 97.79960361056861, 31.208963521321643 ], [ 97.793814086914097, 31.204796854654976 ], [ 97.78474087185333, 31.203536478678416 ], [ 97.783333333333374, 31.208333333333361 ], [ 97.781122843424512, 31.208900621202286 ], [ 97.777210489908896, 31.211932712131105 ], [ 97.763399590386314, 31.213161214192738 ], [ 97.7625, 31.216666666666697 ], [ 97.7625, 31.2375 ], [ 97.758333333333368, 31.2375 ], [ 97.743622843424518, 31.238067287868951 ], [ 97.739710489908887, 31.24109937879777 ], [ 97.735289510091178, 31.242233954535621 ], [ 97.725919596354203, 31.250582885742215 ], [ 97.724432712131119, 31.256377156575549 ], [ 97.716083780924521, 31.265746900770427 ], [ 97.710289510091187, 31.267233954535619 ], [ 97.706377156575556, 31.270266045464439 ], [ 97.700644599066877, 31.271737162272164 ], [ 97.699432712131113, 31.288246663411488 ], [ 97.703599378797776, 31.293622843424508 ], [ 97.704166666666708, 31.304166666666696 ], [ 97.704733954535627, 31.30637715657555 ], [ 97.707766045464439, 31.310289510091174 ], [ 97.708900621202289, 31.318877156575549 ], [ 97.717249552408887, 31.328246900770431 ], [ 97.725412665473129, 31.330341762966608 ], [ 97.708900621202289, 31.347789510091175 ], [ 97.707766045464439, 31.352210489908884 ], [ 97.704733954535627, 31.356122843424508 ], [ 97.703599378797776, 31.364710489908884 ], [ 97.700567287868964, 31.368622843424511 ], [ 97.699432712131113, 31.385543823242216 ], [ 97.692233954535624, 31.393622843424509 ], [ 97.691666666666706, 31.395833333333364 ], [ 97.691666666666706, 31.4 ], [ 97.692019992404553, 31.402424452039959 ], [ 97.697545369466184, 31.407977634006105 ], [ 97.706591118706626, 31.408686659071211 ], [ 97.710075547960102, 31.412146674262182 ], [ 97.714924452039966, 31.412853325737878 ], [ 97.720475260416706, 31.418376498752199 ], [ 97.721186659071222, 31.423257785373295 ], [ 97.724646674262189, 31.426742214626767 ], [ 97.725, 31.429166666666696 ], [ 97.725, 31.433333333333366 ], [ 97.721494547526078, 31.434232923719648 ], [ 97.720266045464442, 31.448043823242216 ], [ 97.717233954535629, 31.451956176757843 ], [ 97.716099378797779, 31.456377156575552 ], [ 97.713067287868967, 31.460289510091176 ], [ 97.711932712131116, 31.477210489908884 ], [ 97.707937282986151, 31.482365587022599 ], [ 97.700850762261325, 31.484184265136751 ], [ 97.699432712131113, 31.489710489908884 ], [ 97.696400621202287, 31.493622843424511 ], [ 97.69526604546445, 31.500746663411491 ], [ 97.699432712131113, 31.50612284342451 ], [ 97.7, 31.508333333333365 ], [ 97.704166666666708, 31.508333333333365 ], [ 97.706591118706626, 31.508686659071213 ], [ 97.716308932834238, 31.518378194173209 ], [ 97.716666666666697, 31.520833333333364 ], [ 97.739672851562531, 31.520228237575985 ], [ 97.743660481770874, 31.517271762424077 ], [ 97.749092610677124, 31.515759107801681 ], [ 97.751109144422784, 31.508516777886314 ], [ 97.756160481770863, 31.504771762424078 ], [ 97.761592610677113, 31.503259107801682 ], [ 97.76310492621532, 31.497827317979631 ], [ 97.76606174045142, 31.493839348687096 ], [ 97.767443508572086, 31.484118143717478 ], [ 97.775940958658893, 31.482862514919734 ], [ 97.786712646484418, 31.492271762424075 ], [ 97.789672851562543, 31.49106157090932 ], [ 97.79375, 31.488038804796037 ], [ 97.797827148437534, 31.49106157090932 ], [ 97.806339518229208, 31.492271762424075 ], [ 97.815879313151072, 31.500605095757408 ], [ 97.824058024088572, 31.499216376410622 ], [ 97.825984361436667, 31.492298210991784 ], [ 97.85, 31.491666666666696 ], [ 97.850353325737885, 31.502424452039961 ], [ 97.85831943088111, 31.510415988498295 ], [ 97.854519992404548, 31.514242214626766 ], [ 97.853813340928852, 31.518379550510012 ], [ 97.857980007595529, 31.522575547960102 ], [ 97.858333333333377, 31.545833333333363 ], [ 97.855908881293445, 31.546186659071211 ], [ 97.850359090169306, 31.551708814832931 ], [ 97.849646674262189, 31.555879550510014 ], [ 97.853813340928852, 31.5600755479601 ], [ 97.854519992404548, 31.569091118706631 ], [ 97.858318752712705, 31.5729166666667 ], [ 97.854519992404548, 31.576742214626769 ], [ 97.8541666666667, 31.579166666666698 ], [ 97.856591118706632, 31.579519992404546 ], [ 97.860075547960108, 31.582980007595516 ], [ 97.864957004123298, 31.583691406250033 ], [ 97.870480007595518, 31.589242214626768 ], [ 97.871191406250034, 31.594123501247861 ], [ 97.876742214626773, 31.599646674262186 ], [ 97.881591118706638, 31.600353325737878 ], [ 97.885075547960113, 31.603813340928852 ], [ 97.906591118706629, 31.604519992404544 ], [ 97.910075547960105, 31.607980007595518 ], [ 97.9125, 31.608333333333366 ], [ 97.912853325737871, 31.619091118706628 ], [ 97.916313340928838, 31.6225755479601 ], [ 97.917019992404533, 31.630882263183626 ], [ 97.908686659071208, 31.639242214626769 ], [ 97.907980007595512, 31.64409111870663 ], [ 97.904519992404531, 31.647575547960102 ], [ 97.903813340928835, 31.652424452039963 ], [ 97.896186659071205, 31.660075547960101 ], [ 97.895833333333371, 31.6625 ], [ 97.893585205078168, 31.663029479980501 ], [ 97.889748128255249, 31.666137186686228 ], [ 97.881085205078165, 31.667196146647168 ], [ 97.877248128255246, 31.670303853352898 ], [ 97.867618136935803, 31.67148098415802 ], [ 97.86613701714414, 31.675940789116787 ], [ 97.870303683810803, 31.681085035536057 ], [ 97.871362982855942, 31.685581631130674 ], [ 97.874470350477466, 31.68941836886939 ], [ 97.875529649522605, 31.692607455783453 ], [ 97.871362982855942, 31.697751702202723 ], [ 97.870303683810803, 31.718914964464009 ], [ 97.858862982855939, 31.731085035536058 ], [ 97.857803683810801, 31.738440789116787 ], [ 97.862111748589442, 31.743759494357672 ], [ 97.854696316189276, 31.75191836886939 ], [ 97.8541666666667, 31.7625 ], [ 97.851742214626768, 31.762853325737879 ], [ 97.848257785373306, 31.766313340928853 ], [ 97.845833333333374, 31.766666666666701 ], [ 97.845480007595526, 31.777424452039963 ], [ 97.837853325737882, 31.785075547960101 ], [ 97.837146674262186, 31.789924452039962 ], [ 97.833686659071219, 31.793408881293438 ], [ 97.832980007595523, 31.798257785373298 ], [ 97.829519992404556, 31.801742214626771 ], [ 97.829166666666708, 31.808333333333366 ], [ 97.829784138997439, 31.81466013590498 ], [ 97.836882527669303, 31.822839864095087 ], [ 97.838470119900208, 31.833748372395867 ], [ 97.847839694552988, 31.825617641872864 ], [ 97.850819227430591, 31.824382358127203 ], [ 97.865911526150214, 31.838286166720955 ], [ 97.867284138997434, 31.850469122992656 ], [ 97.863117472330771, 31.856173197428419 ], [ 97.861882527669309, 31.860493469238314 ], [ 97.854784138997431, 31.868673197428418 ], [ 97.853549194335969, 31.88132680257165 ], [ 97.841306220160632, 31.894745042589008 ], [ 97.835339694552985, 31.896450975206196 ], [ 97.821630520290839, 31.908959282769132 ], [ 97.820215861002637, 31.919833713107671 ], [ 97.831326972113757, 31.921450975206199 ], [ 97.8408348931207, 31.929701741536494 ], [ 97.842469278971393, 31.940931532118089 ], [ 97.857530721028681, 31.942401801215311 ], [ 97.858950805664094, 31.952160135904982 ], [ 97.861882527669309, 31.95617319742842 ], [ 97.863117472330771, 31.967505052354635 ], [ 97.846450805664105, 31.985339864095089 ], [ 97.845215861002643, 31.989660135904984 ], [ 97.842284138997428, 31.993673197428421 ], [ 97.841666666666697, 32.0125 ], [ 97.841313340928849, 32.023257785373296 ], [ 97.837853325737882, 32.026742214626772 ], [ 97.8375, 32.029166666666704 ], [ 97.837853325737882, 32.031591118706629 ], [ 97.841313340928849, 32.035075547960105 ], [ 97.841666666666697, 32.041666666666686 ], [ 97.845172119140656, 32.042566257052989 ], [ 97.845833333333374, 32.05 ], [ 97.84583333333336, 32.054166666666703 ], [ 97.846759711371547, 32.057406955295171 ], [ 97.852160135904967, 32.058950975206201 ], [ 97.860410054524763, 32.06611005995012 ], [ 97.864506530761744, 32.063117641872864 ], [ 97.868826802571633, 32.061882358127207 ], [ 97.874530877007402, 32.057715691460537 ], [ 97.895024787055149, 32.059027608235709 ], [ 97.896450975206179, 32.06882680257165 ], [ 97.899438476562523, 32.0729166666667 ], [ 97.895867241753493, 32.077805582682331 ], [ 97.902006530761739, 32.082715691460535 ], [ 97.906326802571641, 32.0839509752062 ], [ 97.910416666666691, 32.086938476562537 ], [ 97.916197543674073, 32.082715691460535 ], [ 97.91882680257163, 32.0839509752062 ], [ 97.922916666666694, 32.086938476562537 ], [ 97.928697543674062, 32.082715691460535 ], [ 97.931326802571633, 32.0839509752062 ], [ 97.93533986409507, 32.086882358127205 ], [ 97.947993469238298, 32.088117641872863 ], [ 97.952006530761736, 32.091049024793875 ], [ 97.954166666666694, 32.091666666666704 ], [ 97.953813340928846, 32.094091118706636 ], [ 97.950353325737865, 32.097575547960105 ], [ 97.95, 32.104166666666686 ], [ 97.952424452039949, 32.104519992404548 ], [ 97.957977634006099, 32.110045539008283 ], [ 97.958686659071205, 32.119091118706635 ], [ 97.962146674262172, 32.122575547960103 ], [ 97.962853325737868, 32.127424452039968 ], [ 97.966313340928835, 32.130908881293436 ], [ 97.966666666666683, 32.133333333333354 ], [ 97.966099378797765, 32.135543823242209 ], [ 97.963067287868938, 32.139456176757832 ], [ 97.961932712131102, 32.142413330078142 ], [ 97.966931321885866, 32.148862711588563 ], [ 97.9625, 32.15 ], [ 97.959184095594651, 32.150850762261307 ], [ 97.958333333333371, 32.15416666666669 ], [ 97.947789510091184, 32.153599378797765 ], [ 97.943741183810801, 32.150461832682311 ], [ 97.934518093533029, 32.158679877387172 ], [ 97.932766045464447, 32.163246663411478 ], [ 97.937039184570352, 32.168759833441861 ], [ 97.928237575954896, 32.178463745117206 ], [ 97.918622843424515, 32.179733954535614 ], [ 97.910543823242222, 32.186932712131096 ], [ 97.896732923719654, 32.188161214192732 ], [ 97.895266045464453, 32.193877156575539 ], [ 97.883900621202301, 32.206122843424502 ], [ 97.88276604546445, 32.210543823242205 ], [ 97.879733954535624, 32.214456176757835 ], [ 97.878315904405426, 32.219982571072066 ], [ 97.875, 32.220833333333353 ], [ 97.864456176757855, 32.220266045464427 ], [ 97.860543823242224, 32.217233954535608 ], [ 97.840920003255249, 32.216099378797765 ], [ 97.835543823242219, 32.220266045464427 ], [ 97.830017428927988, 32.22168409559464 ], [ 97.828599378797776, 32.227210489908877 ], [ 97.8156884087457, 32.241012234158006 ], [ 97.801956176757855, 32.242233954535614 ], [ 97.793877156575562, 32.249432712131096 ], [ 97.778420003255249, 32.250567287868947 ], [ 97.773043823242219, 32.246400621202277 ], [ 97.76572943793407, 32.245266045464433 ], [ 97.756377156575553, 32.253599378797766 ], [ 97.751956176757844, 32.25473395453561 ], [ 97.74387715657555, 32.261932712131099 ], [ 97.733333333333363, 32.2625 ], [ 97.733686659071211, 32.264924452039949 ], [ 97.737146674262192, 32.268408881293425 ], [ 97.7375, 32.275 ], [ 97.73676486545142, 32.282530721028664 ], [ 97.727006361219651, 32.283950805664084 ], [ 97.722993638780423, 32.286882527669292 ], [ 97.718673027886325, 32.288117472330754 ], [ 97.713712565104203, 32.291741265190993 ], [ 97.7125, 32.2875 ], [ 97.711532253689271, 32.28372938368058 ], [ 97.704913330078156, 32.278599378797765 ], [ 97.681122843424518, 32.279733954535608 ], [ 97.673043823242224, 32.286932712131097 ], [ 97.668622843424515, 32.288067287868941 ], [ 97.648043823242219, 32.307766045464433 ], [ 97.642517428927988, 32.309184095594638 ], [ 97.640763007269996, 32.316021050347246 ], [ 97.62721048990889, 32.328599378797762 ], [ 97.625, 32.329166666666687 ], [ 97.613309393988743, 32.32985466851131 ], [ 97.611882527669309, 32.339660305447069 ], [ 97.608219401041708, 32.34467468261721 ], [ 97.602006361219651, 32.346450805664084 ], [ 97.593756442599854, 32.353609890408009 ], [ 97.589583333333366, 32.35056152343752 ], [ 97.58549363878042, 32.353549194335962 ], [ 97.577006361219659, 32.354784138997417 ], [ 97.571991984049518, 32.358447265625024 ], [ 97.570215861002637, 32.364660305447067 ], [ 97.567284138997437, 32.36867302788631 ], [ 97.565694851345526, 32.374231635199678 ], [ 97.556173027886317, 32.375617472330752 ], [ 97.552160305447089, 32.37854919433596 ], [ 97.543673027886314, 32.379784138997415 ], [ 97.539660305447086, 32.382715861002623 ], [ 97.525, 32.383333333333354 ], [ 97.524432712131116, 32.3811228434245 ], [ 97.521400621202289, 32.377210489908876 ], [ 97.519618394639792, 32.370266045464433 ], [ 97.506122843424507, 32.371400621202277 ], [ 97.50221048990889, 32.374432712131096 ], [ 97.5, 32.375 ], [ 97.49757554796011, 32.374646674262173 ], [ 97.494091118706635, 32.371186659071199 ], [ 97.4875, 32.370833333333358 ], [ 97.485289510091178, 32.371400621202277 ], [ 97.480134412977463, 32.375396050347241 ], [ 97.478599378797782, 32.381377156575546 ], [ 97.474107530381985, 32.386763170030406 ], [ 97.465920003255235, 32.388067287868942 ], [ 97.460543823242219, 32.38390062120228 ], [ 97.457345241970515, 32.382766045464429 ], [ 97.443877156575553, 32.395266045464432 ], [ 97.435289510091181, 32.396400621202275 ], [ 97.427210489908887, 32.403599378797765 ], [ 97.400911797417564, 32.404780748155403 ], [ 97.399149237738754, 32.411649237738736 ], [ 97.392375013563395, 32.413387383355058 ], [ 97.391099378797776, 32.42304382324221 ], [ 97.387103949652811, 32.428198920355925 ], [ 97.381122843424507, 32.429733954535614 ], [ 97.37721048990889, 32.432766045464433 ], [ 97.372789510091181, 32.433900621202277 ], [ 97.36887715657555, 32.436932712131096 ], [ 97.365920003255241, 32.438067287868947 ], [ 97.360543823242224, 32.433900621202277 ], [ 97.349253336588575, 32.432766045464433 ], [ 97.343877156575559, 32.436932712131096 ], [ 97.341666666666697, 32.4375 ], [ 97.342233954535629, 32.443877156575546 ], [ 97.345266045464442, 32.44778951009117 ], [ 97.346400621202292, 32.460543823242212 ], [ 97.349432712131104, 32.464456176757835 ], [ 97.350850762261317, 32.469982571072073 ], [ 97.356377156575547, 32.471400621202278 ], [ 97.360289510091178, 32.474432712131097 ], [ 97.364710489908887, 32.475567287868948 ], [ 97.369865587022602, 32.479562717013913 ], [ 97.371684095594645, 32.486649237738739 ], [ 97.378315904405412, 32.488350762261305 ], [ 97.379733954535624, 32.493877156575543 ], [ 97.382766045464436, 32.497789510091167 ], [ 97.383333333333368, 32.5 ], [ 97.381122843424507, 32.500567287868947 ], [ 97.37721048990889, 32.503599378797766 ], [ 97.371684095594645, 32.505017428927971 ], [ 97.370266045464447, 32.510543823242209 ], [ 97.365747070312537, 32.515962388780402 ], [ 97.356122843424515, 32.517233954535612 ], [ 97.352210489908884, 32.520266045464432 ], [ 97.331122843424509, 32.521400621202282 ], [ 97.327210489908893, 32.524432712131102 ], [ 97.318622843424507, 32.525567287868945 ], [ 97.30637715657555, 32.536932712131097 ], [ 97.301956176757841, 32.538067287868948 ], [ 97.293877156575547, 32.54526604546443 ], [ 97.289456176757838, 32.546400621202281 ], [ 97.285543823242222, 32.5494327121311 ], [ 97.271732923719654, 32.550661214192729 ], [ 97.270266045464439, 32.556377156575543 ], [ 97.267233954535627, 32.560289510091167 ], [ 97.266099378797776, 32.564710489908876 ], [ 97.257750447591178, 32.574080403645858 ], [ 97.254166666666706, 32.575 ], [ 97.247575547960096, 32.574646674262176 ], [ 97.24375, 32.570847913954019 ], [ 97.239582655164966, 32.574986097547765 ], [ 97.231591118706632, 32.567019992404539 ], [ 97.223286946614621, 32.566313340928843 ], [ 97.219091118706629, 32.570480007595506 ], [ 97.214242214626765, 32.571186659071202 ], [ 97.210757785373289, 32.574646674262176 ], [ 97.206620279947941, 32.575353325737872 ], [ 97.202424452039963, 32.571186659071202 ], [ 97.198286946614616, 32.570480007595506 ], [ 97.194091118706623, 32.574646674262176 ], [ 97.185075547960096, 32.575353325737872 ], [ 97.181591118706635, 32.578813340928846 ], [ 97.177453613281287, 32.579519992404535 ], [ 97.173257785373295, 32.575353325737872 ], [ 97.1625, 32.575 ], [ 97.1625, 32.579166666666687 ], [ 97.151742214626765, 32.579519992404535 ], [ 97.148257785373289, 32.582980007595509 ], [ 97.139242214626762, 32.583686659071205 ], [ 97.135757785373301, 32.587146674262179 ], [ 97.133333333333368, 32.5875 ], [ 97.130093044704893, 32.588426378038221 ], [ 97.128549194335974, 32.593826972113739 ], [ 97.120047675238752, 32.603411526150197 ], [ 97.107864040798646, 32.604784138997417 ], [ 97.102160305447086, 32.600617472330754 ], [ 97.095364040798643, 32.599382527669292 ], [ 97.089660305447083, 32.603549194335962 ], [ 97.078697374131977, 32.604784138997417 ], [ 97.071694946289099, 32.599669053819468 ], [ 97.070029703776072, 32.588229370117212 ], [ 97.055534532335102, 32.586882527669296 ], [ 97.053549194335972, 32.593826972113739 ], [ 97.049669053819471, 32.599138387044292 ], [ 97.039506361219651, 32.600617472330754 ], [ 97.035493638780409, 32.603549194335962 ], [ 97.0125, 32.604166666666693 ], [ 97.011932712131113, 32.606377156575547 ], [ 96.999066840277806, 32.620130750868078 ], [ 96.989456176757841, 32.621400621202284 ], [ 96.98554382324221, 32.624432712131103 ], [ 96.981122843424515, 32.625567287868947 ], [ 96.975967746310801, 32.629562717013911 ], [ 96.974432712131104, 32.635543823242209 ], [ 96.971400621202292, 32.63945617675784 ], [ 96.969933742947077, 32.645172119140646 ], [ 96.955066257052977, 32.646494547526068 ], [ 96.954166666666694, 32.65 ], [ 96.950850762261311, 32.650850762261307 ], [ 96.95, 32.65416666666669 ], [ 96.947575547960099, 32.654519992404538 ], [ 96.944091118706623, 32.657980007595512 ], [ 96.935075547960096, 32.658686659071208 ], [ 96.931591118706621, 32.662146674262175 ], [ 96.926742214626771, 32.662853325737871 ], [ 96.919091118706632, 32.670480007595508 ], [ 96.910075547960105, 32.671186659071203 ], [ 96.906591118706629, 32.674646674262178 ], [ 96.9, 32.675 ], [ 96.899646674262186, 32.677424452039958 ], [ 96.885787624783021, 32.691308932834225 ], [ 96.883333333333368, 32.691666666666691 ], [ 96.883900621202287, 32.706377156575542 ], [ 96.886932712131099, 32.710289510091172 ], [ 96.888208346896732, 32.719945949978325 ], [ 96.891666666666694, 32.72083333333336 ], [ 96.899100409613737, 32.721494547526063 ], [ 96.9, 32.725 ], [ 96.899432712131102, 32.727210489908877 ], [ 96.891083780924504, 32.73658040364586 ], [ 96.88528951009117, 32.738067287868951 ], [ 96.87721048990889, 32.745266045464433 ], [ 96.872789510091181, 32.746400621202284 ], [ 96.864710489908887, 32.753599378797766 ], [ 96.856122843424515, 32.754733954535617 ], [ 96.852210489908884, 32.757766045464436 ], [ 96.839456176757835, 32.75890062120228 ], [ 96.835543823242219, 32.761932712131099 ], [ 96.8298751831055, 32.76338738335506 ], [ 96.828599378797776, 32.773043823242212 ], [ 96.82556728786895, 32.776956176757835 ], [ 96.824149068196647, 32.782482571072073 ], [ 96.820833333333368, 32.78333333333336 ], [ 96.810075547960096, 32.783686659071208 ], [ 96.806591118706621, 32.787146674262175 ], [ 96.8, 32.7875 ], [ 96.799432712131107, 32.793877156575547 ], [ 96.796400621202281, 32.797789510091171 ], [ 96.795266045464444, 32.813246663411483 ], [ 96.800264655219209, 32.819696044921898 ], [ 96.793622843424501, 32.82140062120228 ], [ 96.785543823242222, 32.828599378797769 ], [ 96.781122843424512, 32.829733954535612 ], [ 96.777210489908882, 32.832766045464439 ], [ 96.764456176757847, 32.833900621202282 ], [ 96.760543823242216, 32.836932712131102 ], [ 96.755017598470076, 32.838350762261314 ], [ 96.753267076280409, 32.845172119140649 ], [ 96.745833333333366, 32.84583333333336 ], [ 96.743622843424504, 32.846400621202285 ], [ 96.739710489908887, 32.849432712131104 ], [ 96.731122843424501, 32.850567287868948 ], [ 96.727210489908884, 32.853599378797767 ], [ 96.718622843424512, 32.854733954535618 ], [ 96.714710489908882, 32.857766045464437 ], [ 96.709184265136741, 32.859184095594642 ], [ 96.708333333333357, 32.8625 ], [ 96.707766045464439, 32.86471048990888 ], [ 96.704733954535612, 32.868622843424504 ], [ 96.703599378797776, 32.873043823242213 ], [ 96.692233954535624, 32.88528951009117 ], [ 96.691099378797773, 32.902951727973118 ], [ 96.699356757269996, 32.9050710042318 ], [ 96.70056728786895, 32.921845160590301 ], [ 96.683900621202284, 32.939456176757837 ], [ 96.682766045464433, 32.943877156575546 ], [ 96.678770785861573, 32.949032253689261 ], [ 96.672789510091178, 32.95056728786895 ], [ 96.659236823187968, 32.963145616319473 ], [ 96.65833333333336, 32.966666666666697 ], [ 96.658686659071208, 32.973257785373292 ], [ 96.662146674262175, 32.976742214626761 ], [ 96.6625, 32.983333333333363 ], [ 96.662146674262175, 32.985757785373288 ], [ 96.656619601779539, 32.991312662760443 ], [ 96.641666666666694, 32.991666666666696 ], [ 96.640698920355931, 32.987896050347246 ], [ 96.635543823242216, 32.983900621202281 ], [ 96.626956176757844, 32.982766045464437 ], [ 96.623043823242213, 32.979733954535618 ], [ 96.618622843424504, 32.978599378797767 ], [ 96.609270562066001, 32.970266045464435 ], [ 96.576956176757832, 32.971400621202285 ], [ 96.571579996744816, 32.975567287868948 ], [ 96.568622843424507, 32.974432712131104 ], [ 96.564710489908876, 32.971400621202285 ], [ 96.560289510091167, 32.970266045464435 ], [ 96.55637715657555, 32.967233954535615 ], [ 96.551956176757841, 32.966099378797772 ], [ 96.542603895399338, 32.957766045464439 ], [ 96.539456176757838, 32.958900621202282 ], [ 96.535543823242207, 32.961932712131102 ], [ 96.526956176757835, 32.963067287868952 ], [ 96.522916666666688, 32.966198052300371 ], [ 96.517413330078156, 32.961932712131102 ], [ 96.51028951009117, 32.963067287868952 ], [ 96.504913330078153, 32.967233954535615 ], [ 96.488403828938829, 32.966022067599852 ], [ 96.4875, 32.9625 ], [ 96.483333333333363, 32.9625 ], [ 96.481122843424501, 32.963067287868952 ], [ 96.477083333333354, 32.966198052300371 ], [ 96.472907850477455, 32.962961832682318 ], [ 96.464710489908882, 32.970266045464435 ], [ 96.44778951009117, 32.971400621202285 ], [ 96.439710489908876, 32.978599378797767 ], [ 96.433956909179713, 32.980075751410617 ], [ 96.432709757487004, 33.003257581922767 ], [ 96.425592888726158, 33.005083889431454 ], [ 96.425, 33.029166666666697 ], [ 96.4125, 33.029166666666697 ], [ 96.410075547960091, 33.028813340928849 ], [ 96.406591118706629, 33.025353325737875 ], [ 96.402451070149766, 33.024646674262179 ], [ 96.394091118706626, 33.032980007595512 ], [ 96.391666666666694, 33.03333333333336 ], [ 96.391313340928846, 33.039924452039955 ], [ 96.385790167914521, 33.045475260416694 ], [ 96.380908881293422, 33.046186659071211 ], [ 96.377424452039961, 33.049646674262178 ], [ 96.375, 33.05 ], [ 96.374100409613746, 33.046494547526066 ], [ 96.366666666666688, 33.045833333333363 ], [ 96.365529547797337, 33.041402180989607 ], [ 96.360416666666694, 33.045364718967043 ], [ 96.356377156575547, 33.042233954535618 ], [ 96.346762593587258, 33.040963745117217 ], [ 96.338067287868952, 33.031377156575545 ], [ 96.336600409613737, 33.025661214192738 ], [ 96.329166666666694, 33.025 ], [ 96.32831573486331, 33.02831590440541 ], [ 96.32278951009117, 33.029733954535615 ], [ 96.314710489908876, 33.036932712131104 ], [ 96.310289510091167, 33.038067287868948 ], [ 96.30637715657555, 33.041099378797767 ], [ 96.289456176757838, 33.042233954535618 ], [ 96.285543823242207, 33.045266045464437 ], [ 96.279166666666697, 33.045833333333363 ], [ 96.276742214626765, 33.046186659071211 ], [ 96.273257785373289, 33.049646674262178 ], [ 96.268408881293425, 33.050353325737873 ], [ 96.264924452039949, 33.053813340928848 ], [ 96.258333333333354, 33.054166666666696 ], [ 96.258862813313826, 33.060581461588569 ], [ 96.262982008192296, 33.065667385525202 ], [ 96.261575656467045, 33.070182291666697 ], [ 96.251918368869383, 33.071362982855931 ], [ 96.243914964463997, 33.078637017144125 ], [ 96.23941836886938, 33.079696316189263 ], [ 96.235581631130671, 33.082803683810795 ], [ 96.231085035536054, 33.083862982855933 ], [ 96.225758531358537, 33.088446044921902 ], [ 96.225, 33.091666666666697 ], [ 96.222575547960091, 33.092019992404545 ], [ 96.219091118706615, 33.095480007595512 ], [ 96.210075547960088, 33.096186659071208 ], [ 96.200358751085091, 33.105877346462698 ], [ 96.199646674262169, 33.110046386718778 ], [ 96.204152933756532, 33.114584011501762 ], [ 96.194121805826853, 33.124642266167562 ], [ 96.189242214626759, 33.125353325737876 ], [ 96.181591118706621, 33.132980007595513 ], [ 96.176742214626756, 33.133686659071209 ], [ 96.169091118706618, 33.141313340928846 ], [ 96.164242214626753, 33.142019992404542 ], [ 96.160757785373292, 33.145480007595516 ], [ 96.155908881293428, 33.146186659071205 ], [ 96.146188184950105, 33.155881076388916 ], [ 96.145480007595509, 33.169091118706625 ], [ 96.137853325737865, 33.176742214626763 ], [ 96.1375, 33.183333333333358 ], [ 96.13528951009117, 33.183900621202284 ], [ 96.131377156575539, 33.186932712131103 ], [ 96.125850931803413, 33.188350931803413 ], [ 96.124432712131096, 33.193877156575546 ], [ 96.119873555501329, 33.199344041612441 ], [ 96.105066257052968, 33.200661214192735 ], [ 96.103599378797767, 33.206377156575549 ], [ 96.100567287868941, 33.210289510091172 ], [ 96.1, 33.2125 ], [ 96.093408881293428, 33.212853325737875 ], [ 96.073257785373286, 33.232980007595515 ], [ 96.060787116156703, 33.233686659071211 ], [ 96.056591118706621, 33.229519992404541 ], [ 96.039953782823375, 33.228813340928845 ], [ 96.035757785373292, 33.232980007595515 ], [ 96.030908881293428, 33.233686659071211 ], [ 96.027424452039952, 33.237146674262185 ], [ 96.019120449490046, 33.237853325737873 ], [ 96.014924452039949, 33.233686659071211 ], [ 95.989242214626756, 33.232980007595515 ], [ 95.985757785373281, 33.229519992404541 ], [ 95.979166666666686, 33.229166666666693 ], [ 95.978813340928838, 33.226742214626768 ], [ 95.975353325737871, 33.223257785373292 ], [ 95.975, 33.2125 ], [ 95.972575547960091, 33.212146674262179 ], [ 95.969091118706615, 33.208686659071212 ], [ 95.966666666666683, 33.208333333333364 ], [ 95.95923292371964, 33.207672119140653 ], [ 95.958333333333357, 33.204166666666694 ], [ 95.957272847493513, 33.200732421875031 ], [ 95.938256157769118, 33.199243842230928 ], [ 95.936705864800373, 33.179439120822508 ], [ 95.93125, 33.175628153483103 ], [ 95.927122328016509, 33.178511216905413 ], [ 95.922877671983528, 33.179822116427978 ], [ 95.910455661349843, 33.191011216905409 ], [ 95.89371100531686, 33.192322116427981 ], [ 95.889622328016515, 33.195177883572079 ], [ 95.885377671983534, 33.196488783094644 ], [ 95.877122328016512, 33.203511216905412 ], [ 95.875, 33.204166666666694 ], [ 95.874112616645007, 33.207624816894558 ], [ 95.864456176757855, 33.208900621202282 ], [ 95.860416666666708, 33.21203121609161 ], [ 95.856377156575562, 33.208900621202282 ], [ 95.849253336588575, 33.207766045464439 ], [ 95.843877156575559, 33.211932712131102 ], [ 95.839456176757849, 33.213067287868952 ], [ 95.834301079644135, 33.217062547471819 ], [ 95.832482571072092, 33.224149068196645 ], [ 95.826956176757847, 33.225567287868955 ], [ 95.82304382324223, 33.228599378797774 ], [ 95.813387383355078, 33.229875183105499 ], [ 95.81193271213111, 33.235543823242217 ], [ 95.803583780924512, 33.244913567437095 ], [ 95.797789510091178, 33.246400621202284 ], [ 95.793877156575562, 33.249432712131103 ], [ 95.7916666666667, 33.25 ], [ 95.792019992404548, 33.252424452039961 ], [ 95.795480007595529, 33.255908881293429 ], [ 95.795833333333377, 33.2625 ], [ 95.796400621202295, 33.264710489908886 ], [ 95.799531385633713, 33.26875 ], [ 95.796400621202295, 33.272789510091172 ], [ 95.795266045464444, 33.277210489908882 ], [ 95.790660942925385, 33.282732476128501 ], [ 95.757586669921906, 33.283900621202285 ], [ 95.752083333333374, 33.279635450575114 ], [ 95.748043823242227, 33.282766045464442 ], [ 95.742375013563404, 33.284220716688395 ], [ 95.741099378797784, 33.293877156575547 ], [ 95.738067287868958, 33.297789510091178 ], [ 95.7375, 33.3 ], [ 95.736932712131107, 33.30221048990888 ], [ 95.724354383680591, 33.315763176812098 ], [ 95.717517428927991, 33.317517598470083 ], [ 95.715815904405417, 33.324149068196647 ], [ 95.710289510091187, 33.32556728786895 ], [ 95.706377156575556, 33.328599378797776 ], [ 95.701956176757847, 33.329733954535619 ], [ 95.693877156575553, 33.336932712131109 ], [ 95.690678575303849, 33.338067287868952 ], [ 95.675903659396738, 33.324354214138481 ], [ 95.674432712131107, 33.318622843424507 ], [ 95.667233954535632, 33.310543823242213 ], [ 95.6666666666667, 33.308333333333366 ], [ 95.664242214626768, 33.307980007595518 ], [ 95.660757785373306, 33.304519992404543 ], [ 95.656616210937528, 33.303813340928848 ], [ 95.635757785373301, 33.324646674262183 ], [ 95.629166666666706, 33.325 ], [ 95.628549194335974, 33.32283986409508 ], [ 95.625617472330759, 33.318826802571643 ], [ 95.624382527669312, 33.314506530761747 ], [ 95.621450805664097, 33.31049346923831 ], [ 95.619465467664966, 33.303549024793867 ], [ 95.606173027886314, 33.304784308539524 ], [ 95.602083333333368, 33.307771809895861 ], [ 95.596302625868091, 33.303549024793867 ], [ 95.593673027886325, 33.304784308539524 ], [ 95.587969292534751, 33.308950975206194 ], [ 95.585339694552985, 33.30771569146053 ], [ 95.575736829969657, 33.299382358127197 ], [ 95.572839694552982, 33.300617641872861 ], [ 95.56875, 33.303605143229198 ], [ 95.56296929253476, 33.299382358127197 ], [ 95.558060031467051, 33.301688639322947 ], [ 95.554784138997434, 33.306173197428414 ], [ 95.553462388780417, 33.324175177680154 ], [ 95.547993638780412, 33.328549024793865 ], [ 95.543673027886314, 33.329784308539523 ], [ 95.539660305447086, 33.332715691460535 ], [ 95.529960801866352, 33.334127468533012 ], [ 95.52839830186636, 33.344861687554285 ], [ 95.522839694552985, 33.346450975206196 ], [ 95.517135959201426, 33.350617641872859 ], [ 95.5009911431207, 33.349299452039958 ], [ 95.498632134331629, 33.341049024793868 ], [ 95.484321085612009, 33.342378913031716 ], [ 95.482406955295176, 33.349073621961836 ], [ 95.477006361219651, 33.350617641872859 ], [ 95.468826972113746, 33.357715691460534 ], [ 95.466666666666697, 33.358333333333363 ], [ 95.465815904405417, 33.361649068196641 ], [ 95.4625, 33.3625 ], [ 95.461649237738754, 33.365815734863311 ], [ 95.456122843424509, 33.367233954535621 ], [ 95.443877156575553, 33.378599378797773 ], [ 95.435289510091181, 33.379733954535624 ], [ 95.43137715657555, 33.382766045464436 ], [ 95.429166666666703, 33.383333333333361 ], [ 95.426742214626771, 33.383686659071209 ], [ 95.423257785373295, 33.387146674262183 ], [ 95.420833333333363, 33.3875 ], [ 95.41993374294708, 33.383994547526072 ], [ 95.4125, 33.383333333333361 ], [ 95.40513102213545, 33.384036593967046 ], [ 95.403202311197944, 33.390963406033016 ], [ 95.389493815104203, 33.392271762424073 ], [ 95.38444247775611, 33.396016777886317 ], [ 95.382728407118094, 33.402172682020428 ], [ 95.378983222113746, 33.407224188910618 ], [ 95.372827148437537, 33.408938429090739 ], [ 95.360506184895868, 33.420228237575984 ], [ 95.356160481770871, 33.421438429090742 ], [ 95.352172851562528, 33.424394904242654 ], [ 95.343660481770868, 33.425605095757412 ], [ 95.33967285156254, 33.428561570909316 ], [ 95.326993815104203, 33.429771762424075 ], [ 95.32300618489586, 33.432728237575986 ], [ 95.318660481770863, 33.433938429090745 ], [ 95.314672851562534, 33.436894904242649 ], [ 95.311683824327289, 33.438105095757408 ], [ 95.300714789496567, 33.428320990668432 ], [ 95.299283854166703, 33.413329739040826 ], [ 95.291126166449686, 33.411894904242651 ], [ 95.284442477756102, 33.416850111219645 ], [ 95.282728407118086, 33.423006015353764 ], [ 95.278376600477458, 33.428390502929716 ], [ 95.268660481770866, 33.429771762424075 ], [ 95.264672851562537, 33.432728237575986 ], [ 95.2625, 33.433333333333366 ], [ 95.255066257052988, 33.433994547526069 ], [ 95.253315904405412, 33.440815734863314 ], [ 95.247789510091181, 33.442233954535624 ], [ 95.234504530164969, 33.454563903808626 ], [ 95.232766045464444, 33.447789510091177 ], [ 95.224095662434934, 33.438230387369821 ], [ 95.215729437934058, 33.43693271213111 ], [ 95.20508626302086, 33.446416219075552 ], [ 95.203599378797776, 33.452210489908886 ], [ 95.20056728786895, 33.456122843424509 ], [ 95.199432712131113, 33.464710489908882 ], [ 95.196400621202287, 33.468622843424512 ], [ 95.195124986436667, 33.478279283311664 ], [ 95.191666666666691, 33.4791666666667 ], [ 95.191313340928858, 33.494091118706628 ], [ 95.187853325737876, 33.497575547960103 ], [ 95.187146674262181, 33.502424452039961 ], [ 95.183686659071213, 33.505908881293436 ], [ 95.183333333333366, 33.5125 ], [ 95.181122843424504, 33.513067287868957 ], [ 95.173043823242224, 33.520266045464439 ], [ 95.164456176757838, 33.521400621202289 ], [ 95.160543823242222, 33.524432712131109 ], [ 95.154875013563398, 33.525887383355069 ], [ 95.153599378797779, 33.535543823242222 ], [ 95.150567287868952, 33.539456176757845 ], [ 95.149432712131102, 33.543877156575554 ], [ 95.142233954535627, 33.551956176757841 ], [ 95.141099378797776, 33.55637715657555 ], [ 95.13806728786895, 33.560289510091181 ], [ 95.1375, 33.5625 ], [ 95.141043090820347, 33.563409254286057 ], [ 95.141666666666694, 33.575 ], [ 95.139242214626762, 33.575353325737879 ], [ 95.131591118706623, 33.582980007595516 ], [ 95.114950900607667, 33.583686659071212 ], [ 95.106591118706632, 33.575353325737879 ], [ 95.097575547960105, 33.574646674262183 ], [ 95.094091118706629, 33.571186659071209 ], [ 95.0875, 33.570833333333368 ], [ 95.087853325737882, 33.564242214626766 ], [ 95.092019992404545, 33.560046217176684 ], [ 95.091307576497428, 33.555875481499598 ], [ 95.085757785373289, 33.550353325737881 ], [ 95.076742214626762, 33.549646674262185 ], [ 95.073257785373301, 33.546186659071211 ], [ 95.064242214626773, 33.545480007595515 ], [ 95.060757785373298, 33.542019992404548 ], [ 95.051742214626771, 33.541313340928852 ], [ 95.048257785373295, 33.537853325737878 ], [ 95.039242214626768, 33.537146674262182 ], [ 95.035757785373292, 33.533686659071215 ], [ 95.030908881293428, 33.532980007595519 ], [ 95.027424452039966, 33.529519992404545 ], [ 95.025, 33.529166666666697 ], [ 95.021494547526075, 33.530066257052979 ], [ 95.020266045464439, 33.543877156575554 ], [ 95.015747070312528, 33.549295722113747 ], [ 95.006122843424507, 33.550567287868958 ], [ 94.996752929687531, 33.558916219075556 ], [ 94.995266045464433, 33.564710489908883 ], [ 94.986527167426246, 33.574345228407147 ], [ 94.9791666666667, 33.575 ], [ 94.976956176757838, 33.574432712131106 ], [ 94.973043823242222, 33.571400621202287 ], [ 94.968622843424512, 33.570266045464443 ], [ 94.964710489908882, 33.567233954535624 ], [ 94.959184095594651, 33.565815734863314 ], [ 94.958333333333357, 33.5625 ], [ 94.954166666666694, 33.5625 ], [ 94.953315904405414, 33.565815734863314 ], [ 94.95, 33.566666666666698 ], [ 94.935075547960096, 33.567019992404546 ], [ 94.931591118706621, 33.570480007595521 ], [ 94.926742214626771, 33.571186659071209 ], [ 94.923257785373295, 33.574646674262183 ], [ 94.918408881293431, 33.575353325737879 ], [ 94.914583333333368, 33.579152086046037 ], [ 94.910757785373292, 33.575353325737879 ], [ 94.902453613281281, 33.574646674262183 ], [ 94.898257785373289, 33.578813340928853 ], [ 94.889953613281278, 33.579519992404542 ], [ 94.885757785373286, 33.575353325737879 ], [ 94.880908881293436, 33.574646674262183 ], [ 94.877424452039961, 33.571186659071209 ], [ 94.868408881293433, 33.570480007595521 ], [ 94.864582655164966, 33.566680569118958 ], [ 94.856591118706632, 33.574646674262183 ], [ 94.835784403483103, 33.575353325737879 ], [ 94.827424452039963, 33.567019992404546 ], [ 94.822575547960099, 33.566313340928851 ], [ 94.819091118706623, 33.562853325737876 ], [ 94.8125, 33.5625 ], [ 94.8125, 33.570833333333368 ], [ 94.812146674262181, 33.585757785373296 ], [ 94.806623501247856, 33.591308593750028 ], [ 94.804166666666688, 33.591666666666697 ], [ 94.804166666666688, 33.595833333333367 ], [ 94.803637186686231, 33.614748297797341 ], [ 94.799517991807761, 33.619834052191869 ], [ 94.800924343533012, 33.624348958333364 ], [ 94.810581631130674, 33.6255294799805 ], [ 94.815908135308192, 33.630112881130671 ], [ 94.816666666666691, 33.633333333333368 ], [ 94.820225863986579, 33.634246656629806 ], [ 94.821400621202287, 33.664710489908884 ], [ 94.824432712131099, 33.668622843424508 ], [ 94.825, 33.670833333333363 ], [ 94.81025170220272, 33.671362813313834 ], [ 94.806414964464011, 33.674470520019561 ], [ 94.797751702202717, 33.675529479980504 ], [ 94.793914964464008, 33.678637186686231 ], [ 94.789418368869391, 33.679696146647167 ], [ 94.785581631130668, 33.682803853352894 ], [ 94.772751702202726, 33.683862813313837 ], [ 94.768914964464003, 33.686970520019564 ], [ 94.764418368869386, 33.6880294799805 ], [ 94.756259494357664, 33.695445081922777 ], [ 94.750999281141517, 33.691184658474427 ], [ 94.746605936686223, 33.692553032769126 ], [ 94.745303853352894, 33.698081631130677 ], [ 94.740720452202723, 33.703408135308194 ], [ 94.735251702202717, 33.704696146647166 ], [ 94.722928873697938, 33.716280619303419 ], [ 94.718914964464005, 33.713029479980499 ], [ 94.715725877549943, 33.711970520019563 ], [ 94.710581631130665, 33.716137186686232 ], [ 94.708333333333357, 33.716666666666697 ], [ 94.707715691460535, 33.727160135904981 ], [ 94.704728190104191, 33.73125 ], [ 94.707715691460535, 33.735339864095081 ], [ 94.708950975206193, 33.738236660427553 ], [ 94.700617641872853, 33.747839864095084 ], [ 94.699205864800376, 33.757539198133713 ], [ 94.688294135199683, 33.759127468533016 ], [ 94.686882358127193, 33.768826802571645 ], [ 94.679784308539524, 33.777006530761753 ], [ 94.679166666666688, 33.779166666666697 ], [ 94.676742214626756, 33.779519992404545 ], [ 94.660757785373292, 33.795480007595522 ], [ 94.655908881293428, 33.796186659071211 ], [ 94.652424452039952, 33.799646674262185 ], [ 94.647575547960102, 33.800353325737881 ], [ 94.644091118706626, 33.803813340928855 ], [ 94.6375, 33.804166666666703 ], [ 94.634184265136753, 33.805017598470087 ], [ 94.633333333333354, 33.808333333333366 ], [ 94.622575547960096, 33.808686659071213 ], [ 94.619091118706621, 33.812146674262188 ], [ 94.614242214626756, 33.812853325737883 ], [ 94.610757785373295, 33.816313340928851 ], [ 94.589242214626765, 33.817019992404546 ], [ 94.585757785373289, 33.820480007595521 ], [ 94.583333333333357, 33.820833333333368 ], [ 94.572575547960099, 33.820480007595521 ], [ 94.56875, 33.816681247287363 ], [ 94.564924452039961, 33.820480007595521 ], [ 94.554166666666688, 33.820833333333368 ], [ 94.542476230197508, 33.820145331488746 ], [ 94.54089847140844, 33.809304979112447 ], [ 94.535339864095079, 33.807715691460537 ], [ 94.526106431749156, 33.799703301323817 ], [ 94.525, 33.79583333333337 ], [ 94.518673197428413, 33.796450975206199 ], [ 94.514660135904975, 33.799382358127204 ], [ 94.512030877007405, 33.800617641872861 ], [ 94.506326802571635, 33.796450975206199 ], [ 94.503430006239171, 33.795215691460534 ], [ 94.493826802571647, 33.803549024793867 ], [ 94.482596672905842, 33.804784308539531 ], [ 94.472993469238304, 33.796450975206199 ], [ 94.468673197428416, 33.795215691460534 ], [ 94.463658820258274, 33.791552734375031 ], [ 94.461882358127198, 33.785339864095086 ], [ 94.449396599663658, 33.771655103895434 ], [ 94.438235134548634, 33.770030721028675 ], [ 94.436782836914091, 33.755152893066438 ], [ 94.433333333333366, 33.754166666666698 ], [ 94.433686659071199, 33.751742214626766 ], [ 94.441313340928843, 33.744091118706628 ], [ 94.441666666666691, 33.741666666666703 ], [ 94.438426378038216, 33.740740288628501 ], [ 94.436882358127193, 33.735339864095081 ], [ 94.433950975206187, 33.731326802571644 ], [ 94.43271569146053, 33.727006530761749 ], [ 94.429784308539524, 33.722993469238311 ], [ 94.42835710313588, 33.713188001844649 ], [ 94.416666666666686, 33.7125 ], [ 94.417284308539521, 33.710339864095083 ], [ 94.421450975206184, 33.704635789659321 ], [ 94.420117696126326, 33.688305494520435 ], [ 94.408868408203148, 33.686668226454024 ], [ 94.400556606716606, 33.677089945475295 ], [ 94.403612094455326, 33.67290717230906 ], [ 94.386882358127195, 33.655005052354632 ], [ 94.388117641872853, 33.647839864095083 ], [ 94.391049024793858, 33.643826802571645 ], [ 94.391666666666694, 33.629166666666698 ], [ 94.376918368869383, 33.628637186686227 ], [ 94.371591864691865, 33.624053785536056 ], [ 94.370066833496125, 33.617578633626337 ], [ 94.365725877549934, 33.616137186686231 ], [ 94.360581631130671, 33.620303853352894 ], [ 94.343585035536051, 33.621362813313837 ], [ 94.339748297797328, 33.624470520019564 ], [ 94.332392544216603, 33.6255294799805 ], [ 94.327073838975721, 33.621221584743957 ], [ 94.318914964464, 33.628637186686227 ], [ 94.314418368869383, 33.62969614664717 ], [ 94.310581631130674, 33.632803853352897 ], [ 94.306085035536043, 33.633862813313833 ], [ 94.302248297797334, 33.63697052001956 ], [ 94.279166666666697, 33.6375 ], [ 94.278315734863298, 33.634184265136753 ], [ 94.271684265136741, 33.632482401529977 ], [ 94.270266045464439, 33.626956176757844 ], [ 94.267233954535612, 33.62304382324222 ], [ 94.26581573486331, 33.617517598470087 ], [ 94.258729214138484, 33.615698920355932 ], [ 94.25473395453561, 33.610543823242217 ], [ 94.253599378797773, 33.601956176757845 ], [ 94.246400621202284, 33.593877156575552 ], [ 94.245266045464433, 33.589456176757842 ], [ 94.242233954535621, 33.585543823242219 ], [ 94.240958150227883, 33.575887383355067 ], [ 94.2375, 33.575 ], [ 94.234184265136747, 33.574149068196647 ], [ 94.23276604546443, 33.568622843424514 ], [ 94.229733954535618, 33.564710489908883 ], [ 94.229166666666686, 33.5625 ], [ 94.229524230957054, 33.560046386718781 ], [ 94.255908881293422, 33.533686659071215 ], [ 94.258333333333354, 33.533333333333367 ], [ 94.257980007595506, 33.501742214626766 ], [ 94.254181247287349, 33.497916666666697 ], [ 94.258686659071202, 33.493379550510014 ], [ 94.257980007595506, 33.485075547960101 ], [ 94.254519992404539, 33.481591118706625 ], [ 94.253813340928843, 33.472575547960098 ], [ 94.249646674262181, 33.468379550510015 ], [ 94.250353325737876, 33.455908881293432 ], [ 94.257980007595506, 33.448257785373293 ], [ 94.258686659071202, 33.443408881293436 ], [ 94.262853325737865, 33.439212883843346 ], [ 94.262146674262183, 33.430908881293433 ], [ 94.258686659071202, 33.427424452039958 ], [ 94.258333333333354, 33.420833333333363 ], [ 94.25943976508249, 33.416963365342909 ], [ 94.268673197428413, 33.408950975206196 ], [ 94.278431532118077, 33.407530721028678 ], [ 94.279166666666697, 33.4 ], [ 94.278185017903667, 33.396474880642394 ], [ 94.24247063530818, 33.395185343424508 ], [ 94.241222805447066, 33.386741977267825 ], [ 94.24643842909073, 33.37970733642581 ], [ 94.245228237575972, 33.376993984646298 ], [ 94.242271762424068, 33.373006015353759 ], [ 94.241061570909309, 33.364493984646295 ], [ 94.238038804796034, 33.360416666666694 ], [ 94.242271762424068, 33.354707336425811 ], [ 94.241061570909309, 33.351993984646299 ], [ 94.238105095757405, 33.348006015353761 ], [ 94.236894904242646, 33.343660651312966 ], [ 94.233938429090742, 33.339672682020428 ], [ 94.232728237575984, 33.326993984646293 ], [ 94.229771762424065, 33.323006015353762 ], [ 94.228259107801676, 33.317574225531715 ], [ 94.225, 33.316666666666698 ], [ 94.214456176757835, 33.317233954535617 ], [ 94.209037611219642, 33.321752760145429 ], [ 94.207624816894551, 33.332445949978329 ], [ 94.201956176757832, 33.333900621202289 ], [ 94.193877156575539, 33.341099378797772 ], [ 94.182586669921903, 33.342233954535622 ], [ 94.177210489908873, 33.338067287868952 ], [ 94.172789510091164, 33.336932712131109 ], [ 94.168877156575547, 33.333900621202289 ], [ 94.15833333333336, 33.333333333333364 ], [ 94.154166666666697, 33.333333333333364 ], [ 94.153813340928849, 33.330908881293432 ], [ 94.150353325737868, 33.327424452039963 ], [ 94.15, 33.325 ], [ 94.145833333333357, 33.325 ], [ 94.139242214626762, 33.325353325737879 ], [ 94.135757785373286, 33.328813340928846 ], [ 94.126742214626759, 33.329519992404542 ], [ 94.117024400499162, 33.339211527506542 ], [ 94.116313340928841, 33.344091118706629 ], [ 94.106619771321633, 33.353810967339442 ], [ 94.098287116156712, 33.354519992404541 ], [ 94.094091118706615, 33.350353325737878 ], [ 94.089242214626765, 33.349646674262182 ], [ 94.085416666666688, 33.345847913954024 ], [ 94.081591118706626, 33.349646674262182 ], [ 94.079166666666694, 33.35 ], [ 94.079519992404542, 33.335075547960102 ], [ 94.082980007595509, 33.331591118706626 ], [ 94.083333333333357, 33.325 ], [ 94.068622843424507, 33.324432712131106 ], [ 94.064710489908876, 33.321400621202287 ], [ 94.043622843424501, 33.320266045464436 ], [ 94.03971048990887, 33.317233954535617 ], [ 94.035289510091161, 33.316099378797773 ], [ 94.031377156575545, 33.313067287868954 ], [ 94.026956176757835, 33.311932712131103 ], [ 94.01736958821617, 33.303237406412791 ], [ 94.015958150227888, 33.292554050021728 ], [ 94.0125, 33.291666666666693 ], [ 94.012146674262169, 33.294091118706625 ], [ 93.981620279947933, 33.324642435709663 ], [ 93.976742214626753, 33.325353325737879 ], [ 93.971191406250028, 33.330876498752197 ], [ 93.97083333333336, 33.333333333333364 ], [ 93.968673197428402, 33.333950975206193 ], [ 93.959439765082493, 33.341963365342913 ], [ 93.957361687554268, 33.349231804741784 ], [ 93.94656846788196, 33.350802612304719 ], [ 93.945833333333354, 33.358333333333363 ], [ 93.939242214626759, 33.357980007595515 ], [ 93.931591118706621, 33.350353325737878 ], [ 93.925, 33.35 ], [ 93.922789510091164, 33.350567287868955 ], [ 93.917803785536051, 33.354431321885883 ], [ 93.9166666666667, 33.35 ], [ 93.917271762424065, 33.339493984646296 ], [ 93.920228237575969, 33.335506015353765 ], [ 93.921438429090728, 33.331160651312963 ], [ 93.924394904242646, 33.327172682020432 ], [ 93.925605095757405, 33.306160651312965 ], [ 93.929771762424068, 33.300540669759144 ], [ 93.928346761067729, 33.292438591851159 ], [ 93.918660651312962, 33.291061570909321 ], [ 93.913040669759141, 33.286894904242651 ], [ 93.905106777615032, 33.288290405273465 ], [ 93.904166666666697, 33.291666666666693 ], [ 93.901956176757835, 33.292233954535618 ], [ 93.897907850477452, 33.295371500651072 ], [ 93.889710489908879, 33.288067287868955 ], [ 93.88528951009117, 33.286932712131104 ], [ 93.877210489908876, 33.279733954535622 ], [ 93.871684265136736, 33.278315734863313 ], [ 93.870266045464433, 33.272789510091172 ], [ 93.866270785861559, 33.267634412977458 ], [ 93.858068678114165, 33.265529547797335 ], [ 93.861932712131093, 33.260543823242216 ], [ 93.8625, 33.245833333333366 ], [ 93.8700619167752, 33.2450619167752 ], [ 93.871476067437086, 33.231198289659318 ], [ 93.874357265896293, 33.227135043674075 ], [ 93.875642734103749, 33.222864956325985 ], [ 93.878523932562956, 33.218801710340742 ], [ 93.879809400770426, 33.206198289659319 ], [ 93.882690599229619, 33.202135043674076 ], [ 93.884078301323811, 33.188530137803845 ], [ 93.889635043674062, 33.186857265896293 ], [ 93.899366251627626, 33.17852393256296 ], [ 93.906301710340728, 33.179809400770431 ], [ 93.910364956325978, 33.18269059922963 ], [ 93.91880171034073, 33.183976067437094 ], [ 93.924678209092903, 33.188142734103764 ], [ 93.92828725179038, 33.186254204644129 ], [ 93.929809400770424, 33.181198289659314 ], [ 93.936857265896293, 33.172968377007408 ], [ 93.9375, 33.170833333333363 ], [ 93.937853325737862, 33.155908881293428 ], [ 93.941313340928843, 33.152424452039959 ], [ 93.942019992404539, 33.135075547960099 ], [ 93.945480007595506, 33.131591118706623 ], [ 93.946186659071202, 33.126742214626766 ], [ 93.962146674262172, 33.110757785373295 ], [ 93.9625, 33.104166666666693 ], [ 93.960075547960088, 33.103813340928845 ], [ 93.952424452039949, 33.096186659071208 ], [ 93.95, 33.09583333333336 ], [ 93.95, 33.079166666666694 ], [ 93.956377156575542, 33.078599378797769 ], [ 93.964456176757835, 33.071400621202287 ], [ 93.97025044759117, 33.069913736979196 ], [ 93.978599378797767, 33.060543823242213 ], [ 93.98007998996313, 33.054774305555583 ], [ 94.011474100748714, 33.05356343587242 ], [ 94.024432712131102, 33.039710489908884 ], [ 94.025, 33.03333333333336 ], [ 94.027424452039952, 33.032980007595512 ], [ 94.030908881293428, 33.029519992404538 ], [ 94.03333333333336, 33.029166666666697 ], [ 94.035757785373292, 33.029519992404538 ], [ 94.039953782823375, 33.033686659071208 ], [ 94.048257785373281, 33.032980007595512 ], [ 94.055908881293419, 33.025353325737875 ], [ 94.070833333333354, 33.025 ], [ 94.079416910807311, 33.025875515408011 ], [ 94.075642734103752, 33.031198459201413 ], [ 94.074357265896296, 33.035468207465307 ], [ 94.070190599229619, 33.041344875759577 ], [ 94.072792222764775, 33.046316867404542 ], [ 94.085364956325975, 33.057690429687526 ], [ 94.091666666666683, 33.058333333333358 ], [ 94.09583333333336, 33.058333333333358 ], [ 94.10221048990887, 33.05776604546444 ], [ 94.106122843424501, 33.054733954535621 ], [ 94.111649068196641, 33.053315904405409 ], [ 94.113467746310789, 33.046229383680583 ], [ 94.118622843424504, 33.042233954535618 ], [ 94.131377156575539, 33.041099378797767 ], [ 94.160289510091175, 33.01306728786895 ], [ 94.1625, 33.0125 ], [ 94.17304382324221, 33.011932712131106 ], [ 94.176956176757841, 33.008900621202287 ], [ 94.185543823242213, 33.007766045464436 ], [ 94.18945617675783, 33.004733954535617 ], [ 94.200746663411479, 33.003599378797773 ], [ 94.206122843424509, 33.007766045464436 ], [ 94.210543823242205, 33.008900621202287 ], [ 94.214456176757835, 33.011932712131106 ], [ 94.228267076280403, 33.013161214192735 ], [ 94.229166666666686, 33.016666666666694 ], [ 94.233333333333363, 33.016666666666694 ], [ 94.261581929524766, 33.01607767740888 ], [ 94.263350931803416, 33.009184095594648 ], [ 94.268877156575542, 33.007766045464436 ], [ 94.272789510091172, 33.004733954535617 ], [ 94.277210489908882, 33.003599378797773 ], [ 94.281122843424498, 33.000567287868954 ], [ 94.291666666666686, 33.0 ], [ 94.3125, 33.0 ], [ 94.320030721028672, 33.000735134548641 ], [ 94.321781921386744, 33.012767537434925 ], [ 94.32700653076175, 33.008950805664092 ], [ 94.341666666666697, 33.008333333333361 ], [ 94.342517598470081, 33.005017428927978 ], [ 94.34583333333336, 33.004166666666691 ], [ 94.34675309922963, 33.000582885742212 ], [ 94.356122843424501, 32.992233954535614 ], [ 94.36054382324221, 32.99109937879777 ], [ 94.372789510091167, 32.979733954535618 ], [ 94.390760972764781, 32.978528849283883 ], [ 94.391666666666694, 32.975 ], [ 94.395833333333357, 32.975 ], [ 94.395480007595509, 32.972575547960098 ], [ 94.392019992404542, 32.969091118706622 ], [ 94.391313340928846, 32.964242214626765 ], [ 94.387853325737879, 32.960757785373289 ], [ 94.3875, 32.958333333333357 ], [ 94.38806728786895, 32.95195617675784 ], [ 94.392233954535612, 32.946579996744816 ], [ 94.39041697184247, 32.94184400770402 ], [ 94.385543823242216, 32.938067287868947 ], [ 94.379774136013481, 32.936586507161486 ], [ 94.379166666666691, 32.920833333333363 ], [ 94.376742214626759, 32.920480007595515 ], [ 94.373257785373283, 32.917019992404541 ], [ 94.364242214626756, 32.916313340928845 ], [ 94.360757785373295, 32.912853325737871 ], [ 94.358333333333363, 32.9125 ], [ 94.35776604546443, 32.901956176757835 ], [ 94.350451660156281, 32.893747287326413 ], [ 94.361932712131107, 32.881377156575546 ], [ 94.363067287868944, 32.876956176757837 ], [ 94.367233954535621, 32.871579996744821 ], [ 94.36609937879777, 32.864456176757841 ], [ 94.363067287868944, 32.86054382324221 ], [ 94.361932712131107, 32.856122843424508 ], [ 94.358900621202281, 32.852210489908877 ], [ 94.357482401529978, 32.846684095594647 ], [ 94.350850931803407, 32.844982571072073 ], [ 94.35, 32.84166666666669 ], [ 94.350669352213572, 32.830042860243083 ], [ 94.356160651312962, 32.825604926215306 ], [ 94.361592441135002, 32.824092610677106 ], [ 94.363105095757405, 32.818660481770856 ], [ 94.366061570909309, 32.814672851562527 ], [ 94.367271762424068, 32.810327148437523 ], [ 94.370228237575986, 32.806339518229194 ], [ 94.371740892198375, 32.800907389322944 ], [ 94.37977176242407, 32.798671129014785 ], [ 94.368839348687089, 32.788104926215304 ], [ 94.361894904242646, 32.786171129014782 ], [ 94.363105095757405, 32.781160481770861 ], [ 94.367271762424068, 32.775540500217041 ], [ 94.366061570909309, 32.772827148437528 ], [ 94.357728237575984, 32.763287353515651 ], [ 94.359164767795164, 32.7548275417752 ], [ 94.386603630913655, 32.753508843315998 ], [ 94.395228237575978, 32.743839518229194 ], [ 94.396783786349857, 32.738253445095509 ], [ 94.406339348687098, 32.736895073784744 ], [ 94.410327317979622, 32.733938259548637 ], [ 94.414672682020424, 32.732728407118081 ], [ 94.418660651312962, 32.729771592881967 ], [ 94.427172682020426, 32.728561740451411 ], [ 94.435327317979628, 32.721438259548634 ], [ 94.4375, 32.72083333333336 ], [ 94.438258531358528, 32.724053955078148 ], [ 94.443585035536046, 32.728637017144123 ], [ 94.448081631130663, 32.729696316189262 ], [ 94.451918368869386, 32.732803683810786 ], [ 94.456414964464003, 32.733862982855925 ], [ 94.461559210883266, 32.738029649522595 ], [ 94.465900166829456, 32.736587863498286 ], [ 94.467425198025197, 32.730112711588568 ], [ 94.472751702202714, 32.725529649522592 ], [ 94.477248297797331, 32.724470350477453 ], [ 94.481085035536054, 32.721362982855929 ], [ 94.4875, 32.72083333333336 ], [ 94.488067287868944, 32.723043823242215 ], [ 94.492559136284754, 32.728429836697075 ], [ 94.500746663411491, 32.729733954535618 ], [ 94.506122843424507, 32.725567287868948 ], [ 94.509270562065993, 32.724432712131104 ], [ 94.519913567437086, 32.733916219075546 ], [ 94.52173292371964, 32.741005452473985 ], [ 94.53660040961374, 32.742327880859399 ], [ 94.5375, 32.745833333333358 ], [ 94.552210489908887, 32.746400621202284 ], [ 94.557586669921903, 32.750567287868947 ], [ 94.581377156575542, 32.749432712131103 ], [ 94.585289510091172, 32.746400621202284 ], [ 94.590815734863313, 32.744982571072072 ], [ 94.592517598470081, 32.738350762261312 ], [ 94.598043823242222, 32.7369327121311 ], [ 94.601956176757838, 32.733900621202281 ], [ 94.6041666666667, 32.733333333333356 ], [ 94.608976067437098, 32.731885443793431 ], [ 94.607562764485706, 32.717386881510443 ], [ 94.585364956325975, 32.716023763020857 ], [ 94.581301710340739, 32.71314290364586 ], [ 94.574357265896296, 32.711052110460095 ], [ 94.575791422526066, 32.696341281467042 ], [ 94.585364956325975, 32.688142903645854 ], [ 94.5875, 32.6875 ], [ 94.5875, 32.683333333333358 ], [ 94.587854851616783, 32.676714409722244 ], [ 94.597575547960091, 32.667019992404541 ], [ 94.6041666666667, 32.666666666666693 ], [ 94.603523932562965, 32.664531792534746 ], [ 94.600642734103758, 32.6604682074653 ], [ 94.599357265896288, 32.656198459201413 ], [ 94.592309400770432, 32.647968207465304 ], [ 94.590888807508705, 32.634040323893252 ], [ 94.56354573567711, 32.63263990614152 ], [ 94.561309136284748, 32.625211249457486 ], [ 94.547968377007408, 32.613142903645858 ], [ 94.542630852593348, 32.611535644531273 ], [ 94.5416666666667, 32.608333333333356 ], [ 94.538350931803407, 32.607482571072069 ], [ 94.5375, 32.604166666666693 ], [ 94.509251403808619, 32.6047556559245 ], [ 94.508333333333354, 32.608333333333356 ], [ 94.501742214626759, 32.607980007595508 ], [ 94.498257785373283, 32.604519992404541 ], [ 94.489951070149772, 32.603813340928845 ], [ 94.481591118706618, 32.612146674262178 ], [ 94.466666666666697, 32.6125 ], [ 94.464242214626765, 32.612146674262178 ], [ 94.45868835449221, 32.606620619032142 ], [ 94.457980007595509, 32.594120279947937 ], [ 94.462146674262172, 32.589924452039952 ], [ 94.4625, 32.575 ], [ 94.460075547960102, 32.574646674262176 ], [ 94.456591118706626, 32.571186659071202 ], [ 94.454166666666694, 32.570833333333354 ], [ 94.447839864095073, 32.57021586100263 ], [ 94.443826802571635, 32.567284138997422 ], [ 94.437030877007402, 32.56604919433596 ], [ 94.431326802571647, 32.57021586100263 ], [ 94.427006530761744, 32.571450805664085 ], [ 94.421992153591603, 32.575113932291693 ], [ 94.419861687554274, 32.582564968533006 ], [ 94.409127468533015, 32.584127468533012 ], [ 94.407715691460524, 32.593826972113739 ], [ 94.399196709526933, 32.60343153211808 ], [ 94.391666666666694, 32.604166666666693 ], [ 94.391313340928846, 32.593408881293428 ], [ 94.383686659071202, 32.585757785373289 ], [ 94.382977803548201, 32.576713731553845 ], [ 94.373257785373283, 32.567019992404539 ], [ 94.370833333333366, 32.566666666666691 ], [ 94.371186659071199, 32.564242214626759 ], [ 94.382980007595506, 32.552424452039951 ], [ 94.383333333333354, 32.541666666666693 ], [ 94.381122843424507, 32.541099378797767 ], [ 94.377210489908876, 32.538067287868948 ], [ 94.37168426513675, 32.536649237738736 ], [ 94.370833333333366, 32.53333333333336 ], [ 94.369518534342475, 32.529075453016517 ], [ 94.362745836046031, 32.524344550238737 ], [ 94.359219699435783, 32.526296318901935 ], [ 94.357018534342473, 32.533424546983532 ], [ 94.350245836046028, 32.538155449761305 ], [ 94.3395443386502, 32.53684455023874 ], [ 94.335455661349854, 32.533988783094642 ], [ 94.314544338650194, 32.53267788357207 ], [ 94.306288994683186, 32.52565544976131 ], [ 94.300075446234828, 32.523736572265648 ], [ 94.292322116427982, 32.514622328016515 ], [ 94.290832180447069, 32.495589192708358 ], [ 94.285455661349857, 32.499344550238739 ], [ 94.281211005316862, 32.500655449761311 ], [ 94.268788994683177, 32.511844550238735 ], [ 94.264544338650197, 32.513155449761307 ], [ 94.254748196072072, 32.52148878309464 ], [ 94.243711005316868, 32.520177883572075 ], [ 94.239622328016523, 32.517322116427977 ], [ 94.227044338650202, 32.516011216905405 ], [ 94.222916666666691, 32.513127983940997 ], [ 94.216912502712702, 32.517322116427977 ], [ 94.192403496636302, 32.515937296549502 ], [ 94.188155449761311, 32.510455661349852 ], [ 94.186844550238732, 32.506211005316864 ], [ 94.179822116427971, 32.497955661349849 ], [ 94.178183661566862, 32.492649671766515 ], [ 94.175, 32.491666666666688 ], [ 94.175567287868944, 32.489456176757834 ], [ 94.17859937879777, 32.48554382324221 ], [ 94.179733954535607, 32.481122843424501 ], [ 94.183900621202284, 32.475746663411478 ], [ 94.182688903808611, 32.459237331814258 ], [ 94.176956176757841, 32.457766045464432 ], [ 94.172916666666694, 32.454635281033006 ], [ 94.168877156575547, 32.457766045464432 ], [ 94.15833333333336, 32.458333333333357 ], [ 94.155017598470081, 32.45748257107207 ], [ 94.153599378797765, 32.451956176757832 ], [ 94.150567287868952, 32.448043823242209 ], [ 94.15, 32.445833333333354 ], [ 94.149080234103749, 32.442249552408875 ], [ 94.138663228352883, 32.432967461480054 ], [ 94.1375, 32.4375 ], [ 94.13117319742841, 32.438117472330752 ], [ 94.127160135904973, 32.44104919433596 ], [ 94.12283986409507, 32.442284138997415 ], [ 94.118826802571633, 32.445215861002623 ], [ 94.110339864095081, 32.446450805664085 ], [ 94.106326802571644, 32.449382527669293 ], [ 94.096627468533015, 32.450794135199672 ], [ 94.095215691460524, 32.460493638780406 ], [ 94.091552734375028, 32.46550801595054 ], [ 94.0875, 32.46666666666669 ], [ 94.083333333333371, 32.46666666666669 ], [ 94.076742214626776, 32.467019992404538 ], [ 94.073257785373301, 32.470480007595512 ], [ 94.052450900607681, 32.471186659071201 ], [ 94.044091118706632, 32.462853325737868 ], [ 94.039242214626768, 32.462146674262172 ], [ 94.027424452039966, 32.450353325737872 ], [ 94.0125, 32.45 ], [ 94.010289510091184, 32.45056728786895 ], [ 94.006377156575553, 32.453599378797769 ], [ 94.000850762261322, 32.455017428927974 ], [ 93.999090915256119, 32.461876424153665 ], [ 93.975909084743961, 32.463123575846375 ], [ 93.974432712131119, 32.468877156575545 ], [ 93.967233954535629, 32.476956176757838 ], [ 93.966099378797779, 32.48137715657554 ], [ 93.961496988932325, 32.486896091037352 ], [ 93.945833333333368, 32.4875 ], [ 93.943408881293436, 32.487146674262178 ], [ 93.939924452039975, 32.483686659071203 ], [ 93.93507554796011, 32.482980007595508 ], [ 93.931591118706635, 32.479519992404533 ], [ 93.926742214626771, 32.478813340928845 ], [ 93.923257785373295, 32.475353325737871 ], [ 93.918408881293445, 32.474646674262175 ], [ 93.910416666666706, 32.466679890950545 ], [ 93.902424452039966, 32.474646674262175 ], [ 93.893408881293439, 32.475353325737871 ], [ 93.889924452039963, 32.478813340928845 ], [ 93.858333333333377, 32.479166666666686 ], [ 93.858333333333377, 32.495833333333358 ], [ 93.862588500976599, 32.497114393446203 ], [ 93.85480957031254, 32.506198459201414 ], [ 93.853523763020874, 32.510468207465301 ], [ 93.845331827799512, 32.520034450954881 ], [ 93.82993808322486, 32.521604749891516 ], [ 93.829166666666708, 32.52916666666669 ], [ 93.82881334092886, 32.539924452039955 ], [ 93.825353325737879, 32.543408881293423 ], [ 93.825, 32.545833333333356 ], [ 93.822575547960099, 32.546186659071203 ], [ 93.814924452039961, 32.553813340928841 ], [ 93.804166666666703, 32.554166666666688 ], [ 93.801956176757855, 32.554733954535614 ], [ 93.793877156575562, 32.561932712131096 ], [ 93.790920003255252, 32.563067287868947 ], [ 93.785543823242222, 32.558900621202284 ], [ 93.776956176757849, 32.557766045464433 ], [ 93.771970621744828, 32.55390218098961 ], [ 93.770266045464439, 32.560543823242213 ], [ 93.767233954535627, 32.564456176757837 ], [ 93.765815904405414, 32.569982571072075 ], [ 93.7625, 32.570833333333354 ], [ 93.756085205078165, 32.570303683810785 ], [ 93.750999281141532, 32.566184488932315 ], [ 93.746605767144132, 32.567553032769119 ], [ 93.745303683810803, 32.573081461588565 ], [ 93.740541246202298, 32.578616672092039 ], [ 93.699059380425382, 32.579696316189256 ], [ 93.693914794921909, 32.575529649522593 ], [ 93.689418538411488, 32.574470350477455 ], [ 93.685581461588583, 32.571362982855923 ], [ 93.683333333333366, 32.570833333333354 ], [ 93.672839694552991, 32.571450805664085 ], [ 93.664589775933194, 32.578609890408011 ], [ 93.660493638780423, 32.575617472330755 ], [ 93.657864040798643, 32.574382527669293 ], [ 93.652079942491355, 32.578607855902803 ], [ 93.646568806966187, 32.574200100368948 ], [ 93.645116170247434, 32.559319729275195 ], [ 93.639506361219659, 32.557715861002627 ], [ 93.635493638780417, 32.55478413899742 ], [ 93.625688001844651, 32.553357272677971 ], [ 93.625, 32.541666666666693 ], [ 93.624344211154551, 32.534293280707487 ], [ 93.61887715657555, 32.529733954535615 ], [ 93.609220716688398, 32.528458319769989 ], [ 93.607766045464444, 32.522789510091172 ], [ 93.604733954535618, 32.518877156575542 ], [ 93.6041666666667, 32.516666666666687 ], [ 93.597575547960105, 32.516313340928839 ], [ 93.594091118706629, 32.512853325737872 ], [ 93.589242214626765, 32.512146674262176 ], [ 93.585757785373303, 32.508686659071202 ], [ 93.575, 32.508333333333354 ], [ 93.572852579752634, 32.507702975802971 ], [ 93.563656955295173, 32.49977654351131 ], [ 93.561869642469659, 32.493685913085962 ], [ 93.558734469943616, 32.489329359266513 ], [ 93.553770277235273, 32.486869642469642 ], [ 93.546414184570352, 32.492164103190127 ], [ 93.534038967556455, 32.490902709960963 ], [ 93.533333333333374, 32.479166666666686 ], [ 93.529166666666697, 32.479166666666686 ], [ 93.528253173828162, 32.47560763888891 ], [ 93.5125, 32.475 ], [ 93.512146674262183, 32.485757785373288 ], [ 93.508686659071216, 32.489242214626756 ], [ 93.507980007595521, 32.494091118706621 ], [ 93.504519992404553, 32.497575547960089 ], [ 93.503813340928858, 32.502424452039953 ], [ 93.497932603624164, 32.508334689670164 ], [ 93.494091118706635, 32.504519992404539 ], [ 93.489242214626771, 32.503813340928843 ], [ 93.485757785373295, 32.500353325737869 ], [ 93.481620279947947, 32.499646674262173 ], [ 93.477424452039969, 32.503813340928843 ], [ 93.475, 32.504166666666691 ], [ 93.474646674262189, 32.527424452039952 ], [ 93.471186659071208, 32.530908881293428 ], [ 93.470480007595526, 32.535757785373285 ], [ 93.467019992404545, 32.539242214626761 ], [ 93.466313340928849, 32.556591118706621 ], [ 93.460787963867219, 32.562144300672763 ], [ 93.451742214626776, 32.562853325737869 ], [ 93.4479166666667, 32.566652086046034 ], [ 93.444091118706638, 32.562853325737869 ], [ 93.435075547960096, 32.562146674262173 ], [ 93.431591118706635, 32.558686659071206 ], [ 93.4166666666667, 32.558333333333358 ], [ 93.413350762261317, 32.557482571072072 ], [ 93.411932712131104, 32.551956176757834 ], [ 93.407413736979194, 32.546537611219641 ], [ 93.397789510091172, 32.54526604546443 ], [ 93.392634412977458, 32.541270616319466 ], [ 93.391099378797776, 32.535289510091168 ], [ 93.386509535047779, 32.529785834418426 ], [ 93.375, 32.52916666666669 ], [ 93.375, 32.53333333333336 ], [ 93.374268934461838, 32.54065856933596 ], [ 93.367612033420173, 32.542612033420163 ], [ 93.366036309136319, 32.547980753580752 ], [ 93.336687554253501, 32.578463745117212 ], [ 93.313282606336841, 32.579871283637175 ], [ 93.311869642469645, 32.592063056098112 ], [ 93.316086832682331, 32.597922431098112 ], [ 93.308109876844654, 32.607176378038218 ], [ 93.302019246419306, 32.608963690863739 ], [ 93.297980753580759, 32.611869642469642 ], [ 93.281185913085963, 32.613130357530409 ], [ 93.259457058376768, 32.633671061197944 ], [ 93.257702975802985, 32.639647420247421 ], [ 93.250630357530412, 32.64785257975263 ], [ 93.249369642469645, 32.65039638943145 ], [ 93.253582763671901, 32.65625 ], [ 93.250630357530412, 32.660352579752626 ], [ 93.25, 32.6625 ], [ 93.243408881293433, 32.662853325737871 ], [ 93.239582655164966, 32.666653103298636 ], [ 93.227084011501773, 32.654180230034747 ], [ 93.223257785373292, 32.657980007595512 ], [ 93.214242214626765, 32.658686659071208 ], [ 93.210757785373289, 32.662146674262175 ], [ 93.208333333333371, 32.6625 ], [ 93.193408881293436, 32.662853325737871 ], [ 93.189924452039961, 32.666313340928845 ], [ 93.179166666666703, 32.666666666666693 ], [ 93.175850762261319, 32.665815904405406 ], [ 93.174149237738746, 32.65918409559464 ], [ 93.168622843424515, 32.657766045464435 ], [ 93.164710489908884, 32.654733954535615 ], [ 93.158994547526078, 32.653267076280407 ], [ 93.15833333333336, 32.645833333333357 ], [ 93.147839694552985, 32.645215861002626 ], [ 93.143826972113743, 32.642284138997418 ], [ 93.132864040798637, 32.641049194335963 ], [ 93.127160305447077, 32.645215861002626 ], [ 93.113499620225724, 32.646450805664088 ], [ 93.11176723904083, 32.634549289279541 ], [ 93.107864040798646, 32.63271586100263 ], [ 93.102160305447086, 32.636882527669293 ], [ 93.097839694552988, 32.638117472330755 ], [ 93.093826972113746, 32.641049194335963 ], [ 93.090929836697086, 32.642284138997418 ], [ 93.08027309841583, 32.633036634657145 ], [ 93.079166666666694, 32.629166666666691 ], [ 93.059248860677116, 32.62976515028214 ], [ 93.057766045464433, 32.635543823242209 ], [ 93.054733954535621, 32.63945617675784 ], [ 93.05359937879777, 32.652210489908882 ], [ 93.046400621202281, 32.660289510091168 ], [ 93.045266045464444, 32.67304382324221 ], [ 93.038067287868955, 32.681122843424504 ], [ 93.036862182617213, 32.699094306098118 ], [ 93.031122843424512, 32.70056728786895 ], [ 93.02558424207902, 32.705186292860269 ], [ 93.025, 32.7375 ], [ 93.022575547960102, 32.737853325737873 ], [ 93.019091118706626, 32.741313340928841 ], [ 93.008333333333368, 32.741666666666688 ], [ 92.996742418077289, 32.741043090820341 ], [ 92.995833333333366, 32.7375 ], [ 92.993698459201426, 32.736857096354193 ], [ 92.977134874131977, 32.721476236979193 ], [ 92.972865125868083, 32.720190429687527 ], [ 92.968801540798637, 32.717309570312523 ], [ 92.949678209092909, 32.716023763020857 ], [ 92.943801540798646, 32.720190429687527 ], [ 92.930614556206621, 32.721476236979193 ], [ 92.928152465820347, 32.713297865125895 ], [ 92.918698459201423, 32.711857096354194 ], [ 92.914634874131977, 32.70897623697919 ], [ 92.903844875759575, 32.707690429687524 ], [ 92.897968207465311, 32.711857096354194 ], [ 92.895511542426249, 32.71314290364586 ], [ 92.889634874131971, 32.70897623697919 ], [ 92.875771416558194, 32.707561916775198 ], [ 92.875, 32.7 ], [ 92.868622843424504, 32.70056728786895 ], [ 92.859252929687528, 32.708916219075547 ], [ 92.857482571072083, 32.715815904405403 ], [ 92.851956176757838, 32.717233954535615 ], [ 92.839710489908882, 32.728599378797767 ], [ 92.835289510091172, 32.729733954535618 ], [ 92.831377156575556, 32.732766045464437 ], [ 92.810289510091181, 32.733900621202281 ], [ 92.80637715657555, 32.7369327121311 ], [ 92.8, 32.7375 ], [ 92.79645690917971, 32.736590915256102 ], [ 92.795833333333363, 32.725 ], [ 92.776742214626765, 32.725353325737871 ], [ 92.75208435058596, 32.749986436631971 ], [ 92.748257785373298, 32.746186659071206 ], [ 92.74412044949004, 32.745480007595511 ], [ 92.739924452039958, 32.749646674262181 ], [ 92.722575547960091, 32.750353325737869 ], [ 92.719091118706629, 32.753813340928843 ], [ 92.714242214626765, 32.754519992404539 ], [ 92.710757785373289, 32.757980007595513 ], [ 92.705908881293425, 32.758686659071202 ], [ 92.698257785373286, 32.766313340928846 ], [ 92.693408881293436, 32.767019992404542 ], [ 92.689924452039961, 32.770480007595509 ], [ 92.6875, 32.770833333333357 ], [ 92.685075547960096, 32.770480007595509 ], [ 92.679521518283451, 32.764953613281278 ], [ 92.678813340928841, 32.751742214626759 ], [ 92.675353325737873, 32.748257785373291 ], [ 92.674646674262178, 32.743408881293426 ], [ 92.667019992404548, 32.735757785373288 ], [ 92.6666666666667, 32.733333333333356 ], [ 92.664456176757838, 32.732766045464437 ], [ 92.656377156575545, 32.725567287868948 ], [ 92.651956176757835, 32.724432712131104 ], [ 92.648043823242219, 32.721400621202278 ], [ 92.634548272026933, 32.720266045464435 ], [ 92.633333333333354, 32.725 ], [ 92.632980007595506, 32.727424452039955 ], [ 92.62745327419708, 32.732978990342907 ], [ 92.610075547960093, 32.733686659071203 ], [ 92.602424452039955, 32.741313340928841 ], [ 92.585075547960102, 32.742019992404536 ], [ 92.581591118706626, 32.745480007595511 ], [ 92.575, 32.745833333333358 ], [ 92.571684265136739, 32.744982571072072 ], [ 92.56998240152997, 32.738350762261312 ], [ 92.566666666666691, 32.7375 ], [ 92.564242214626759, 32.737146674262178 ], [ 92.560757785373283, 32.733686659071203 ], [ 92.554166666666688, 32.733333333333356 ], [ 92.553549024793867, 32.735493638780405 ], [ 92.55027313232425, 32.739978027343774 ], [ 92.545364210340736, 32.74228413899742 ], [ 92.539660135904981, 32.738117472330757 ], [ 92.524263339572514, 32.736882527669295 ], [ 92.514660135904975, 32.745215861002627 ], [ 92.484332953559047, 32.74645080566409 ], [ 92.482530721028667, 32.734068467881968 ], [ 92.475, 32.733333333333356 ], [ 92.474646674262175, 32.735757785373288 ], [ 92.467019992404545, 32.743408881293426 ], [ 92.466313340928849, 32.748257785373291 ], [ 92.452450900607658, 32.762145657009576 ], [ 92.43162044949004, 32.762853325737872 ], [ 92.427424452039958, 32.758686659071202 ], [ 92.422575547960093, 32.757980007595513 ], [ 92.414924452039955, 32.750353325737869 ], [ 92.406620449490049, 32.749646674262181 ], [ 92.402424452039952, 32.753813340928843 ], [ 92.393408881293425, 32.754519992404539 ], [ 92.389924452039949, 32.757980007595513 ], [ 92.380908881293422, 32.758686659071202 ], [ 92.377424452039961, 32.762146674262176 ], [ 92.368408881293433, 32.762853325737872 ], [ 92.364924452039958, 32.766313340928846 ], [ 92.3625, 32.766666666666694 ], [ 92.358333333333363, 32.766666666666694 ], [ 92.354765150282148, 32.765751139322944 ], [ 92.354166666666686, 32.745833333333358 ], [ 92.351742214626768, 32.745480007595511 ], [ 92.348257785373292, 32.742019992404536 ], [ 92.339950222439256, 32.741313340928841 ], [ 92.327424452039949, 32.753813340928843 ], [ 92.302450731065562, 32.754519992404539 ], [ 92.292024400499159, 32.744121636284746 ], [ 92.291313340928838, 32.739242214626763 ], [ 92.285790167914527, 32.733691406250024 ], [ 92.280908881293428, 32.732980007595508 ], [ 92.277424452039952, 32.729519992404541 ], [ 92.272575547960088, 32.728813340928845 ], [ 92.269091118706626, 32.725353325737871 ], [ 92.258333333333354, 32.725 ], [ 92.25, 32.725 ], [ 92.246759711371553, 32.725926378038217 ], [ 92.24521569146053, 32.731326972113742 ], [ 92.24081793891061, 32.73682556152346 ], [ 92.213311258951848, 32.738176472981799 ], [ 92.211882358127198, 32.747993638780407 ], [ 92.208219401041688, 32.753008015950549 ], [ 92.200926378038218, 32.755093044704886 ], [ 92.2, 32.758333333333361 ], [ 92.202424452039949, 32.758686659071202 ], [ 92.207978481716609, 32.76421305338544 ], [ 92.208333333333357, 32.770833333333357 ], [ 92.207803853352885, 32.793914794921903 ], [ 92.203220452202714, 32.799241468641519 ], [ 92.196745300292989, 32.800766669379364 ], [ 92.195303853352883, 32.805107286241345 ], [ 92.19947052001956, 32.810251871744818 ], [ 92.2, 32.8125 ], [ 92.202210489908879, 32.813067287868947 ], [ 92.206122843424509, 32.816099378797766 ], [ 92.210543823242205, 32.817233954535617 ], [ 92.214456176757835, 32.820266045464436 ], [ 92.218877156575545, 32.82140062120228 ], [ 92.222789510091175, 32.824432712131099 ], [ 92.228543090820338, 32.825909084743948 ], [ 92.229166666666686, 32.8375 ], [ 92.226918368869377, 32.838029649522596 ], [ 92.217300245496986, 32.846901109483532 ], [ 92.216137186686225, 32.856414794921903 ], [ 92.213029479980491, 32.860251871744815 ], [ 92.211970520019548, 32.868914794921899 ], [ 92.207256740993941, 32.874393039279539 ], [ 92.1948925442166, 32.875529649522598 ], [ 92.189748297797337, 32.871362982855928 ], [ 92.186559210883274, 32.870303683810789 ], [ 92.181414964463997, 32.874470350477459 ], [ 92.178225877549934, 32.875529649522598 ], [ 92.171832614474852, 32.870351155598982 ], [ 92.167439270019557, 32.871719699435786 ], [ 92.166666666666686, 32.875 ], [ 92.150812445746553, 32.875667995876761 ], [ 92.149382358127198, 32.88549363878041 ], [ 92.144472249348979, 32.891632758246551 ], [ 92.139660135904975, 32.888117472330755 ], [ 92.135339864095073, 32.8868825276693 ], [ 92.127160135904973, 32.879784138997422 ], [ 92.118673197428407, 32.87854919433596 ], [ 92.102160135904967, 32.863117472330757 ], [ 92.035339864095079, 32.861882527669295 ], [ 92.031326802571641, 32.858950805664087 ], [ 92.029166666666683, 32.858333333333363 ], [ 92.028813340928835, 32.855908881293431 ], [ 92.025353325737868, 32.852424452039955 ], [ 92.024646674262172, 32.839242214626765 ], [ 92.021186659071205, 32.835757785373289 ], [ 92.020833333333357, 32.833333333333357 ], [ 92.014242214626762, 32.833686659071205 ], [ 92.010757785373286, 32.837146674262179 ], [ 91.994117736816435, 32.837853325737875 ], [ 91.985757785373281, 32.829519992404542 ], [ 91.983333333333348, 32.829166666666694 ], [ 91.976742214626753, 32.828813340928846 ], [ 91.973257785373292, 32.825353325737872 ], [ 91.958333333333357, 32.825 ], [ 91.956122843424495, 32.82556728786895 ], [ 91.950967746310781, 32.829562717013914 ], [ 91.949149068196633, 32.83664923773874 ], [ 91.943622843424507, 32.838067287868952 ], [ 91.930070156521282, 32.850645616319468 ], [ 91.92859937879777, 32.856377156575547 ], [ 91.925567287868944, 32.860289510091171 ], [ 91.924432712131093, 32.86887715657555 ], [ 91.920437452528233, 32.874032253689265 ], [ 91.914456176757838, 32.875567287868947 ], [ 91.910543823242207, 32.878599378797766 ], [ 91.906122843424498, 32.879733954535617 ], [ 91.900590515136741, 32.884347873263913 ], [ 91.9, 32.90833333333336 ], [ 91.85, 32.90833333333336 ], [ 91.849646674262189, 32.919091118706625 ], [ 91.846186659071222, 32.922575547960093 ], [ 91.845480007595526, 32.927424452039958 ], [ 91.839957004123306, 32.93297526041669 ], [ 91.8375, 32.933333333333358 ], [ 91.833068847656293, 32.934470621744815 ], [ 91.836932712131116, 32.939456176757837 ], [ 91.838350762261328, 32.944982571072075 ], [ 91.841666666666697, 32.945833333333361 ], [ 91.840815904405417, 32.949149237738744 ], [ 91.835289510091187, 32.95056728786895 ], [ 91.831377156575556, 32.953599378797769 ], [ 91.818622843424521, 32.954733954535619 ], [ 91.81471048990889, 32.957766045464439 ], [ 91.8125, 32.958333333333357 ], [ 91.810289510091181, 32.957766045464439 ], [ 91.800919596354206, 32.949417114257841 ], [ 91.79912041558164, 32.942405531141517 ], [ 91.790920003255252, 32.941099378797773 ], [ 91.785543823242222, 32.945266045464436 ], [ 91.776956176757849, 32.946400621202287 ], [ 91.764710489908893, 32.957766045464439 ], [ 91.760289510091184, 32.958900621202282 ], [ 91.756377156575553, 32.961932712131102 ], [ 91.751956176757844, 32.963067287868952 ], [ 91.748043823242227, 32.966099378797772 ], [ 91.739456176757855, 32.967233954535615 ], [ 91.735543823242224, 32.970266045464435 ], [ 91.725, 32.97083333333336 ], [ 91.724432712131119, 32.977210489908884 ], [ 91.719913736979208, 32.982629055447077 ], [ 91.710289510091187, 32.983900621202281 ], [ 91.706377156575556, 32.9869327121311 ], [ 91.701956176757847, 32.988067287868951 ], [ 91.698043823242216, 32.99109937879777 ], [ 91.693622843424521, 32.992233954535614 ], [ 91.685543823242227, 32.999432712131103 ], [ 91.681122843424518, 33.000567287868954 ], [ 91.677210489908887, 33.003599378797773 ], [ 91.672789510091178, 33.004733954535617 ], [ 91.664710489908884, 33.011932712131106 ], [ 91.660289510091175, 33.01306728786895 ], [ 91.656377156575559, 33.016099378797769 ], [ 91.647789510091187, 33.017233954535619 ], [ 91.639710489908893, 33.024432712131102 ], [ 91.635289510091184, 33.025567287868952 ], [ 91.631377156575553, 33.028599378797772 ], [ 91.618622843424518, 33.029733954535615 ], [ 91.614710489908887, 33.032766045464435 ], [ 91.606122843424515, 33.033900621202285 ], [ 91.602210489908884, 33.036932712131104 ], [ 91.589456176757849, 33.038067287868948 ], [ 91.585543823242219, 33.041099378797767 ], [ 91.580017428927988, 33.042517428927979 ], [ 91.578315904405414, 33.049149237738746 ], [ 91.572789510091184, 33.050567287868951 ], [ 91.560543823242227, 33.061932712131103 ], [ 91.554774305555583, 33.063413492838571 ], [ 91.554166666666703, 33.079166666666694 ], [ 91.553505452473999, 33.086600409613744 ], [ 91.546684095594657, 33.088350762261314 ], [ 91.545266045464444, 33.093877156575552 ], [ 91.540663655598991, 33.099396091037356 ], [ 91.525, 33.1 ], [ 91.520833333333371, 33.1 ], [ 91.519982571072077, 33.103315904405406 ], [ 91.516666666666694, 33.104166666666693 ], [ 91.505908881293436, 33.104519992404541 ], [ 91.498257785373298, 33.112146674262178 ], [ 91.483333333333363, 33.1125 ], [ 91.481122843424515, 33.113067287868951 ], [ 91.475704277886322, 33.117586263020861 ], [ 91.474291653103336, 33.128279283311663 ], [ 91.467517428927991, 33.130017428927978 ], [ 91.466666666666697, 33.133333333333361 ], [ 91.466005452473993, 33.140767076280412 ], [ 91.459041680230072, 33.142554050021729 ], [ 91.457766045464439, 33.152210489908882 ], [ 91.446400621202287, 33.164456176757838 ], [ 91.44526604546445, 33.17721048990888 ], [ 91.442233954535624, 33.181122843424504 ], [ 91.441099378797773, 33.185543823242213 ], [ 91.429733954535621, 33.197789510091177 ], [ 91.428462388780417, 33.207413906521296 ], [ 91.423043823242224, 33.211932712131102 ], [ 91.418622843424515, 33.213067287868952 ], [ 91.414710489908884, 33.216099378797772 ], [ 91.410289510091175, 33.217233954535615 ], [ 91.398043823242219, 33.228599378797774 ], [ 91.393622843424509, 33.229733954535618 ], [ 91.389710489908893, 33.232766045464437 ], [ 91.383916219075559, 33.234253099229626 ], [ 91.375567287868961, 33.243622843424511 ], [ 91.374149237738749, 33.249149068196644 ], [ 91.36609937879777, 33.251214938693607 ], [ 91.367316351996564, 33.265688917371989 ], [ 91.376956176757844, 33.274432712131102 ], [ 91.379166666666706, 33.275 ], [ 91.381591118706623, 33.275353325737875 ], [ 91.385075547960099, 33.278813340928849 ], [ 91.391666666666694, 33.279166666666697 ], [ 91.391666666666694, 33.28333333333336 ], [ 91.392019992404542, 33.289924452039962 ], [ 91.395480007595523, 33.293408881293431 ], [ 91.39619140625004, 33.298290167914523 ], [ 91.401742214626765, 33.303813340928848 ], [ 91.404166666666697, 33.304166666666696 ], [ 91.403599378797779, 33.30637715657555 ], [ 91.400567287868952, 33.310289510091174 ], [ 91.399103461371567, 33.315992906358538 ], [ 91.386753336588569, 33.317233954535617 ], [ 91.381377156575553, 33.313067287868954 ], [ 91.37406277126739, 33.311932712131103 ], [ 91.364710489908887, 33.320266045464436 ], [ 91.345086669921912, 33.321400621202287 ], [ 91.339710489908882, 33.317233954535617 ], [ 91.3125, 33.316666666666698 ], [ 91.310289510091181, 33.317233954535617 ], [ 91.30625, 33.320364549424944 ], [ 91.302210489908887, 33.317233954535617 ], [ 91.282586669921912, 33.316099378797773 ], [ 91.277210489908882, 33.320266045464436 ], [ 91.268622843424509, 33.321400621202287 ], [ 91.264583333333363, 33.324531216091607 ], [ 91.260543823242216, 33.321400621202287 ], [ 91.256122843424507, 33.320266045464436 ], [ 91.25221048990889, 33.317233954535617 ], [ 91.249253336588581, 33.316099378797773 ], [ 91.24387715657555, 33.320266045464436 ], [ 91.238350762261319, 33.321684265136746 ], [ 91.236932712131107, 33.327210489908886 ], [ 91.233900621202295, 33.331122843424509 ], [ 91.233333333333363, 33.333333333333364 ], [ 91.231122843424515, 33.332766045464439 ], [ 91.227210489908884, 33.329733954535619 ], [ 91.222789510091175, 33.328599378797776 ], [ 91.214710489908882, 33.321400621202287 ], [ 91.210289510091172, 33.320266045464436 ], [ 91.206377156575556, 33.317233954535617 ], [ 91.196720716688404, 33.315958150227893 ], [ 91.194933742947086, 33.308994547526069 ], [ 91.1875, 33.308333333333366 ], [ 91.186857096354203, 33.31046837700741 ], [ 91.178741115993958, 33.319945780436228 ], [ 91.168698459201423, 33.321476067437096 ], [ 91.154907565646738, 33.334084065755235 ], [ 91.153427463107676, 33.353392028808621 ], [ 91.139531792534754, 33.354809400770428 ], [ 91.125954522026944, 33.36709170871314 ], [ 91.124357096354203, 33.375321790907151 ], [ 91.128560384114621, 33.38125 ], [ 91.125642903645868, 33.385364956325986 ], [ 91.124357096354203, 33.397968377007409 ], [ 91.121476236979191, 33.402031622992652 ], [ 91.120833333333366, 33.404166666666697 ], [ 91.114242214626771, 33.403813340928849 ], [ 91.110757785373295, 33.400353325737875 ], [ 91.085075547960102, 33.399646674262186 ], [ 91.081591118706626, 33.396186659071212 ], [ 91.079166666666694, 33.395833333333364 ], [ 91.064242214626773, 33.396186659071212 ], [ 91.060757785373298, 33.399646674262186 ], [ 91.055908881293433, 33.400353325737875 ], [ 91.048257785373295, 33.407980007595519 ], [ 91.030908881293428, 33.408686659071208 ], [ 91.027424452039966, 33.412146674262182 ], [ 91.022575547960102, 33.412853325737878 ], [ 91.018749321831621, 33.416652933756538 ], [ 91.006591118706623, 33.404519992404545 ], [ 91.001742214626773, 33.403813340928849 ], [ 90.998257785373298, 33.400353325737875 ], [ 90.989953613281273, 33.399646674262186 ], [ 90.985757785373295, 33.403813340928849 ], [ 90.977453613281284, 33.404519992404545 ], [ 90.973257785373292, 33.400353325737875 ], [ 90.960075547960102, 33.399646674262186 ], [ 90.956591118706626, 33.396186659071212 ], [ 90.947575547960099, 33.395480007595516 ], [ 90.942021687825545, 33.389953782823383 ], [ 90.941666666666691, 33.383333333333361 ], [ 90.935075547960096, 33.383686659071209 ], [ 90.927084011501762, 33.391652764214442 ], [ 90.923257785373295, 33.387853325737879 ], [ 90.914953613281284, 33.387146674262183 ], [ 90.910757785373292, 33.391313340928846 ], [ 90.901742214626765, 33.392019992404542 ], [ 90.898257785373289, 33.395480007595516 ], [ 90.889242214626762, 33.396186659071212 ], [ 90.885757785373286, 33.399646674262186 ], [ 90.876742214626759, 33.400353325737875 ], [ 90.873257785373298, 33.403813340928849 ], [ 90.866666666666703, 33.404166666666697 ], [ 90.867019992404536, 33.423257785373295 ], [ 90.874646674262181, 33.430908881293433 ], [ 90.875353325737876, 33.435757785373298 ], [ 90.878813340928843, 33.439242214626766 ], [ 90.879519992404539, 33.448257785373293 ], [ 90.883686659071216, 33.452453782823383 ], [ 90.882980007595521, 33.456591118706626 ], [ 90.879165310329896, 33.460432603624163 ], [ 90.885075547960099, 33.466313340928849 ], [ 90.8875, 33.466666666666697 ], [ 90.887853325737879, 33.469091118706629 ], [ 90.891313340928846, 33.472575547960098 ], [ 90.892019992404542, 33.477424452039962 ], [ 90.895480007595509, 33.480908881293431 ], [ 90.896186659071205, 33.510757785373293 ], [ 90.899646674262186, 33.514242214626769 ], [ 90.900353325737882, 33.518379550510012 ], [ 90.896186659071205, 33.522575547960102 ], [ 90.895833333333357, 33.525 ], [ 90.888399590386314, 33.525661214192738 ], [ 90.8875, 33.529166666666697 ], [ 90.885075547960099, 33.528813340928849 ], [ 90.877424452039961, 33.521186659071212 ], [ 90.875, 33.520833333333364 ], [ 90.87464192708336, 33.518376498752204 ], [ 90.869091118706621, 33.512853325737879 ], [ 90.8625, 33.5125 ], [ 90.8541666666667, 33.5125 ], [ 90.830908881293425, 33.512853325737879 ], [ 90.827424452039963, 33.516313340928853 ], [ 90.822575547960099, 33.517019992404542 ], [ 90.806591118706621, 33.532980007595519 ], [ 90.801742214626771, 33.533686659071215 ], [ 90.796191406250031, 33.539209832085533 ], [ 90.795833333333363, 33.5416666666667 ], [ 90.796463521321641, 33.556314256456197 ], [ 90.799369812011747, 33.560352410210534 ], [ 90.800630187988304, 33.573592291937963 ], [ 90.793685743543861, 33.57563018798831 ], [ 90.785480923122861, 33.582703145345086 ], [ 90.781185743543858, 33.58396352132165 ], [ 90.777147589789521, 33.586869812011749 ], [ 90.772852410210533, 33.588130187988313 ], [ 90.767422485351588, 33.592427571614614 ], [ 90.765921698676237, 33.607463751898905 ], [ 90.757937113444044, 33.608963521321648 ], [ 90.750580851237004, 33.603669399685359 ], [ 90.737207709418428, 33.605032518174944 ], [ 90.74103647867841, 33.610352410210538 ], [ 90.742296854654981, 33.619425625271298 ], [ 90.734278700086833, 33.621778700086836 ], [ 90.732387966579893, 33.628221299913228 ], [ 90.727019076877198, 33.629796854654977 ], [ 90.722042846679713, 33.633378261990046 ], [ 90.720203145345081, 33.639647589789526 ], [ 90.716621738010005, 33.644623819987011 ], [ 90.710352410210533, 33.64646352132165 ], [ 90.706314256456196, 33.649369812011749 ], [ 90.702019076877193, 33.650630187988313 ], [ 90.697980923122856, 33.653536478678419 ], [ 90.695833333333354, 33.654166666666697 ], [ 90.696684265136753, 33.657482401529982 ], [ 90.703505452473991, 33.659232923719649 ], [ 90.704166666666694, 33.6666666666667 ], [ 90.703599378797776, 33.673043823242217 ], [ 90.695467461480064, 33.6821701049805 ], [ 90.702210489908879, 33.683900621202291 ], [ 90.711580234103764, 33.692249552408889 ], [ 90.713067287868952, 33.698043823242223 ], [ 90.72141621907555, 33.707413567437101 ], [ 90.728315734863315, 33.709184265136749 ], [ 90.730017598470084, 33.715815734863313 ], [ 90.73554382324221, 33.717233954535622 ], [ 90.739456176757841, 33.720266045464442 ], [ 90.74512481689456, 33.721720716688402 ], [ 90.746400621202284, 33.731377156575554 ], [ 90.750395880805144, 33.736532253689269 ], [ 90.756377156575553, 33.738067287868958 ], [ 90.761532253689268, 33.742062547471818 ], [ 90.7625, 33.745833333333366 ], [ 90.761882358127195, 33.764660135904982 ], [ 90.75895097520619, 33.76867319742842 ], [ 90.757715691460533, 33.772993469238315 ], [ 90.754784308539527, 33.777006530761753 ], [ 90.753240288628504, 33.782406955295173 ], [ 90.747839864095084, 33.783950975206196 ], [ 90.741700575086838, 33.788861083984408 ], [ 90.74521569146053, 33.793673197428419 ], [ 90.746450975206187, 33.796569993760883 ], [ 90.736964925130238, 33.807501559787362 ], [ 90.725705634223118, 33.809140353732673 ], [ 90.724294365776942, 33.828359646267394 ], [ 90.714506530761753, 33.82978430853953 ], [ 90.710493469238315, 33.832715691460535 ], [ 90.704166666666694, 33.833333333333364 ], [ 90.703813340928846, 33.835757785373296 ], [ 90.699646674262183, 33.839953782823386 ], [ 90.700353325737879, 33.844091118706629 ], [ 90.703813340928846, 33.847575547960105 ], [ 90.704524739583363, 33.852456834581197 ], [ 90.710075547960102, 33.857980007595522 ], [ 90.714924452039952, 33.858686659071211 ], [ 90.718408881293428, 33.862146674262185 ], [ 90.72083333333336, 33.8625 ], [ 90.721186659071208, 33.864924452039965 ], [ 90.724646674262175, 33.868408881293433 ], [ 90.725, 33.870833333333366 ], [ 90.724432712131104, 33.87304382324222 ], [ 90.721400621202278, 33.876956176757844 ], [ 90.719982401529975, 33.882482401529984 ], [ 90.714456176757835, 33.883900621202294 ], [ 90.700903489854625, 33.896479119194915 ], [ 90.699432712131099, 33.902210489908889 ], [ 90.692233954535624, 33.910289510091182 ], [ 90.690815734863307, 33.915815734863315 ], [ 90.6875, 33.9166666666667 ], [ 90.686649068196644, 33.919982401529985 ], [ 90.683333333333366, 33.92083333333337 ], [ 90.65, 33.92083333333337 ], [ 90.638409254286046, 33.921456909179724 ], [ 90.6375, 33.925 ], [ 90.637853325737879, 33.927424452039965 ], [ 90.641313340928846, 33.930908881293433 ], [ 90.641666666666694, 33.933333333333366 ], [ 90.642233954535612, 33.93554382324222 ], [ 90.64536454942494, 33.939583333333367 ], [ 90.642233954535612, 33.943622843424514 ], [ 90.641099378797776, 33.985543823242224 ], [ 90.637104119194902, 33.990698920355939 ], [ 90.630017598470076, 33.992517598470087 ], [ 90.629166666666691, 33.995833333333366 ], [ 90.627006530761747, 33.995215691460537 ], [ 90.621992153591606, 33.991552734375034 ], [ 90.619493103027366, 33.982812500000037 ], [ 90.609041171603764, 33.984112548828158 ], [ 90.607715691460527, 34.00216013590498 ], [ 90.604052734375031, 34.007174513075121 ], [ 90.597839864095079, 34.008950975206197 ], [ 90.593826802571641, 34.011882358127203 ], [ 90.572839864095073, 34.013117641872867 ], [ 90.568826802571635, 34.016049024793872 ], [ 90.560339864095084, 34.01728430853953 ], [ 90.556326802571647, 34.020215691460535 ], [ 90.550926378038227, 34.021759711371566 ], [ 90.55, 34.025 ], [ 90.550567287868944, 34.031377156575537 ], [ 90.55359937879777, 34.035289510091168 ], [ 90.554804314507408, 34.053260972764775 ], [ 90.558333333333366, 34.054166666666688 ], [ 90.558686659071213, 34.056591118706613 ], [ 90.562146674262181, 34.060075547960089 ], [ 90.562853325737876, 34.0683797200521 ], [ 90.558686659071213, 34.072575547960092 ], [ 90.557980007595518, 34.081591118706619 ], [ 90.554519992404536, 34.085075547960088 ], [ 90.553813340928841, 34.089924452039952 ], [ 90.550353325737873, 34.093408881293421 ], [ 90.549646674262178, 34.098257785373285 ], [ 90.546186659071211, 34.101742214626753 ], [ 90.545833333333363, 34.108333333333356 ], [ 90.54804382324221, 34.108900621202274 ], [ 90.551956176757841, 34.111932712131093 ], [ 90.558900621202284, 34.113714938693597 ], [ 90.557636515299507, 34.124109564887171 ], [ 90.550708516438831, 34.125887383355057 ], [ 90.549432712131107, 34.135543823242209 ], [ 90.545568678114179, 34.140529378255231 ], [ 90.552210489908887, 34.142233954535612 ], [ 90.556122843424504, 34.145266045464432 ], [ 90.560543823242213, 34.146400621202275 ], [ 90.568622843424507, 34.153599378797765 ], [ 90.573043823242216, 34.154733954535608 ], [ 90.581122843424509, 34.161932712131097 ], [ 90.583333333333357, 34.1625 ], [ 90.582980007595509, 34.164924452039948 ], [ 90.579519992404542, 34.168408881293423 ], [ 90.578813340928846, 34.172546386718771 ], [ 90.583319430881104, 34.177084011501755 ], [ 90.575013224283879, 34.18541666666669 ], [ 90.582980007595509, 34.193408881293422 ], [ 90.583686659071205, 34.198257785373286 ], [ 90.587146674262186, 34.201742214626755 ], [ 90.5875, 34.204166666666687 ], [ 90.586811998155412, 34.215857272677972 ], [ 90.57700653076175, 34.217284138997414 ], [ 90.572993469238313, 34.220215861002622 ], [ 90.56867319742841, 34.221450805664084 ], [ 90.564660135904973, 34.224382527669292 ], [ 90.558258734809058, 34.226212565104184 ], [ 90.561882358127193, 34.231173027886307 ], [ 90.56311764187285, 34.239660305447067 ], [ 90.566508314344645, 34.24430168999568 ], [ 90.565762159559483, 34.250299750434046 ], [ 90.56049346923831, 34.246450805664082 ], [ 90.55756581624351, 34.245215861002627 ], [ 90.546499125162782, 34.255031670464433 ], [ 90.545833333333363, 34.270833333333357 ], [ 90.546804979112437, 34.274231635199676 ], [ 90.557598198784746, 34.275802612304709 ], [ 90.559068467881971, 34.290864054362004 ], [ 90.56986168755428, 34.292435031467036 ], [ 90.570833333333354, 34.295833333333356 ], [ 90.570266045464436, 34.29804382324221 ], [ 90.563067287868947, 34.306122843424504 ], [ 90.561932712131096, 34.310543823242206 ], [ 90.553800794813398, 34.319670274522593 ], [ 90.558333333333366, 34.320833333333354 ], [ 90.558333333333366, 34.325 ], [ 90.560543823242213, 34.325567287868942 ], [ 90.564456176757844, 34.328599378797762 ], [ 90.568877156575553, 34.329733954535612 ], [ 90.57278951009117, 34.332766045464432 ], [ 90.57831573486331, 34.334184095594637 ], [ 90.580086432562965, 34.3410837809245 ], [ 90.589456176757835, 34.349432712131097 ], [ 90.591666666666697, 34.35 ], [ 90.591666666666697, 34.354166666666686 ], [ 90.592233954535615, 34.35637715657554 ], [ 90.599432712131104, 34.364456176757834 ], [ 90.600567287868955, 34.367413330078143 ], [ 90.596400621202278, 34.372789510091167 ], [ 90.595266045464442, 34.381377156575546 ], [ 90.592233954535615, 34.38528951009117 ], [ 90.591099378797765, 34.393877156575542 ], [ 90.588067287868952, 34.397789510091165 ], [ 90.586932712131102, 34.407118394639781 ], [ 90.594982401529975, 34.40918409559464 ], [ 90.59583333333336, 34.4125 ], [ 90.593408881293428, 34.412853325737871 ], [ 90.587858072916688, 34.418376329210091 ], [ 90.587146674262186, 34.423257785373288 ], [ 90.579519992404542, 34.430908881293426 ], [ 90.579166666666694, 34.4375 ], [ 90.586521911621119, 34.438154432508703 ], [ 90.599432712131104, 34.451956176757832 ], [ 90.600567287868955, 34.456377156575542 ], [ 90.61609937879777, 34.472789510091168 ], [ 90.617517598470073, 34.478315904405406 ], [ 90.620833333333366, 34.479166666666686 ], [ 90.620266045464433, 34.48971048990888 ], [ 90.615170966254368, 34.495820109049504 ], [ 90.609470452202714, 34.49140218098961 ], [ 90.608333333333363, 34.495833333333358 ], [ 90.605908881293431, 34.496186659071206 ], [ 90.600358072916691, 34.501709662543426 ], [ 90.6, 34.504166666666691 ], [ 90.599646674262175, 34.506591118706623 ], [ 90.596186659071208, 34.510075547960092 ], [ 90.595480007595512, 34.514924452039956 ], [ 90.592019992404545, 34.518408881293425 ], [ 90.591666666666697, 34.52916666666669 ], [ 90.593877156575545, 34.529733954535615 ], [ 90.597789510091175, 34.532766045464435 ], [ 90.602210489908884, 34.533900621202278 ], [ 90.610289510091178, 34.541099378797767 ], [ 90.619904073079454, 34.542369588216168 ], [ 90.628599378797773, 34.551956176757834 ], [ 90.630054050021727, 34.557624986436657 ], [ 90.639710489908879, 34.558900621202284 ], [ 90.643622843424509, 34.561932712131096 ], [ 90.645833333333357, 34.5625 ], [ 90.653185696072072, 34.563154093424501 ], [ 90.67026604546443, 34.581122843424502 ], [ 90.671801079644126, 34.5871039496528 ], [ 90.676956176757841, 34.591099378797765 ], [ 90.685543823242213, 34.592233954535615 ], [ 90.689456176757844, 34.595266045464435 ], [ 90.695437452528239, 34.596801079644123 ], [ 90.699432712131099, 34.601956176757838 ], [ 90.70056728786895, 34.606377156575547 ], [ 90.703599378797776, 34.610289510091171 ], [ 90.705017598470079, 34.615815904405409 ], [ 90.710543823242219, 34.617233954535614 ], [ 90.714456176757835, 34.620266045464433 ], [ 90.727210489908884, 34.621400621202284 ], [ 90.731122843424501, 34.624432712131103 ], [ 90.736649068196641, 34.625850762261308 ], [ 90.738467746310789, 34.632937282986134 ], [ 90.743622843424504, 34.636932712131099 ], [ 90.748043823242213, 34.63806728786895 ], [ 90.751956176757844, 34.641099378797769 ], [ 90.764710489908879, 34.642233954535612 ], [ 90.772789510091172, 34.649432712131102 ], [ 90.775, 34.65 ], [ 90.777424452039952, 34.650353325737868 ], [ 90.789242214626768, 34.662146674262175 ], [ 90.798257785373295, 34.662853325737871 ], [ 90.814242214626759, 34.678813340928841 ], [ 90.819091118706623, 34.679519992404536 ], [ 90.826742214626762, 34.687146674262181 ], [ 90.831591118706626, 34.687853325737869 ], [ 90.839242214626765, 34.695480007595513 ], [ 90.844091118706629, 34.696186659071202 ], [ 90.851742214626768, 34.703813340928846 ], [ 90.856591118706632, 34.704519992404542 ], [ 90.86078694661461, 34.708686659071205 ], [ 90.885757785373286, 34.707980007595509 ], [ 90.889953613281278, 34.703813340928846 ], [ 90.923257785373295, 34.704519992404542 ], [ 90.926742214626771, 34.707980007595509 ], [ 90.935757785373298, 34.708686659071205 ], [ 90.939953613281276, 34.712853325737875 ], [ 90.948257785373301, 34.712146674262179 ], [ 90.951742214626762, 34.708686659071205 ], [ 90.954166666666694, 34.708333333333357 ], [ 90.960757785373289, 34.708686659071205 ], [ 90.970477973090311, 34.718380398220511 ], [ 90.971186659071208, 34.727424452039955 ], [ 90.976713053385453, 34.732978312174502 ], [ 90.989924452039958, 34.733686659071203 ], [ 90.995478312174512, 34.739213053385441 ], [ 90.995833333333366, 34.745833333333358 ], [ 90.997980753580762, 34.746463690863742 ], [ 91.006185913085972, 34.753536309136308 ], [ 91.012455240885444, 34.755376180013045 ], [ 91.016036309136311, 34.760352579752627 ], [ 91.018074205186664, 34.767297024197077 ], [ 91.047980753580759, 34.766036309136311 ], [ 91.053770277235273, 34.761869642469641 ], [ 91.058734469943602, 34.764329359266519 ], [ 91.063130357530412, 34.770436943901935 ], [ 91.061869642469645, 34.781314086914087 ], [ 91.057702975802982, 34.7871036105686 ], [ 91.059228854709232, 34.800270928276937 ], [ 91.064519246419295, 34.796463690863739 ], [ 91.102147420247434, 34.795202975802979 ], [ 91.106185913085966, 34.792297024197076 ], [ 91.114647420247422, 34.79103630913631 ], [ 91.124314710829026, 34.782702975802977 ], [ 91.131314086914088, 34.783963690863743 ], [ 91.135352579752634, 34.78686964246964 ], [ 91.141666666666694, 34.7875 ], [ 91.142019992404542, 34.798257785373288 ], [ 91.145480007595523, 34.801742214626763 ], [ 91.145833333333371, 34.804166666666688 ], [ 91.146186659071205, 34.806591118706621 ], [ 91.157980007595512, 34.818408881293429 ], [ 91.15833333333336, 34.820833333333361 ], [ 91.157980007595512, 34.823257785373286 ], [ 91.150353325737882, 34.830908881293425 ], [ 91.15, 34.833333333333357 ], [ 91.149369642469651, 34.839647420247424 ], [ 91.146417236328162, 34.84375 ], [ 91.149369642469651, 34.847852579752633 ], [ 91.150630357530417, 34.871229722764781 ], [ 91.14646369086374, 34.877019246419295 ], [ 91.145202975802988, 34.897980753580754 ], [ 91.142297024197077, 34.9020192464193 ], [ 91.141036309136311, 34.943814086914088 ], [ 91.138130357530414, 34.947852579752627 ], [ 91.136869642469648, 34.954563056098117 ], [ 91.14216410319014, 34.961919148763045 ], [ 91.140907796223985, 34.974244181315129 ], [ 91.133333333333368, 34.975 ], [ 91.133333333333368, 34.979166666666693 ], [ 91.133900621202287, 34.981377156575547 ], [ 91.136932712131113, 34.985289510091171 ], [ 91.138399590386314, 34.991005452473985 ], [ 91.152210489908882, 34.992233954535614 ], [ 91.157365587022596, 34.996229383680586 ], [ 91.159184095594654, 35.003315904405412 ], [ 91.164710489908884, 35.004733954535617 ], [ 91.169865587022599, 35.008729383680581 ], [ 91.170833333333363, 35.0125 ], [ 91.170266045464444, 35.014710489908879 ], [ 91.167233954535618, 35.018622843424509 ], [ 91.16581590440542, 35.02414923773874 ], [ 91.160289510091175, 35.025567287868952 ], [ 91.154870944552982, 35.030086263020863 ], [ 91.153458319769996, 35.040779283311657 ], [ 91.15, 35.041666666666693 ], [ 91.142566257052977, 35.042327880859403 ], [ 91.141666666666694, 35.045833333333363 ], [ 91.135289510091184, 35.046400621202281 ], [ 91.131377156575553, 35.049432712131107 ], [ 91.121720716688401, 35.050708346896727 ], [ 91.119982571072086, 35.057482571072079 ], [ 91.114456176757841, 35.058900621202284 ], [ 91.100903659396735, 35.071478949652807 ], [ 91.1, 35.075 ], [ 91.097575547960105, 35.075353325737872 ], [ 91.089924452039966, 35.082980007595516 ], [ 91.085075547960102, 35.083686659071205 ], [ 91.079524739583363, 35.089209662543432 ], [ 91.079166666666694, 35.091666666666697 ], [ 91.075708346896732, 35.092554050021732 ], [ 91.07429165310333, 35.103279283311657 ], [ 91.068622843424507, 35.104733954535618 ], [ 91.06471048990889, 35.107766045464437 ], [ 91.054166666666703, 35.108333333333363 ], [ 91.05, 35.108333333333363 ], [ 91.049646674262178, 35.110757785373295 ], [ 91.044123670789958, 35.116308593750027 ], [ 91.039242214626768, 35.117019992404543 ], [ 91.035757785373292, 35.120480007595511 ], [ 91.022575547960102, 35.121186659071206 ], [ 91.019091118706626, 35.124646674262181 ], [ 90.991666666666703, 35.125 ], [ 90.99109937879777, 35.131377156575546 ], [ 90.979733954535618, 35.143622843424509 ], [ 90.978599378797767, 35.148043823242219 ], [ 90.975567287868955, 35.151956176757842 ], [ 90.974432712131104, 35.163488091362879 ], [ 90.986932712131107, 35.176956176757841 ], [ 90.988067287868958, 35.211285061306455 ], [ 90.981122843424515, 35.213067287868952 ], [ 90.977210489908884, 35.216099378797772 ], [ 90.975, 35.216666666666697 ], [ 90.973785061306458, 35.211932712131102 ], [ 90.901956176757835, 35.213067287868952 ], [ 90.893877156575556, 35.220266045464442 ], [ 90.875905693901942, 35.221470981174072 ], [ 90.874149237738749, 35.228315734863308 ], [ 90.868622843424504, 35.229733954535618 ], [ 90.864710489908887, 35.232766045464437 ], [ 90.839456176757835, 35.233900621202288 ], [ 90.835543823242219, 35.236932712131107 ], [ 90.82278951009117, 35.238067287868951 ], [ 90.818877156575553, 35.24109937879777 ], [ 90.813350931803413, 35.24251759847008 ], [ 90.81193271213111, 35.248043823242213 ], [ 90.807766045464433, 35.253420003255236 ], [ 90.808900621202284, 35.264710489908886 ], [ 90.81193271213111, 35.268622843424509 ], [ 90.813067287868947, 35.273043823242219 ], [ 90.816099378797773, 35.276956176757842 ], [ 90.816666666666691, 35.279166666666697 ], [ 90.817233954535624, 35.281377156575552 ], [ 90.841099378797765, 35.306122843424511 ], [ 90.842517598470081, 35.311649068196644 ], [ 90.84583333333336, 35.3125 ], [ 90.852210489908884, 35.311932712131103 ], [ 90.856122843424515, 35.308900621202284 ], [ 90.871770562066004, 35.30776604546444 ], [ 90.881241183810786, 35.316204833984408 ], [ 90.88528951009117, 35.313067287868954 ], [ 90.898785061306455, 35.311932712131103 ], [ 90.900850762261314, 35.319982401529977 ], [ 90.90769551595055, 35.321739027235274 ], [ 90.908900621202292, 35.339710489908882 ], [ 90.911932712131104, 35.343622843424512 ], [ 90.913067287868955, 35.352951727973121 ], [ 90.903902180989618, 35.355303785536051 ], [ 90.907766045464442, 35.360289510091178 ], [ 90.90833333333336, 35.366666666666696 ], [ 90.918877156575547, 35.367233954535621 ], [ 90.924253336588578, 35.371400621202284 ], [ 90.952210489908879, 35.37026604546444 ], [ 90.956122843424509, 35.367233954535621 ], [ 90.964710489908882, 35.36609937879777 ], [ 90.972789510091175, 35.358900621202288 ], [ 90.978315904405406, 35.357482401529978 ], [ 90.9791666666667, 35.3541666666667 ], [ 90.985757785373295, 35.353813340928852 ], [ 90.989242214626771, 35.350353325737878 ], [ 90.991666666666703, 35.35 ], [ 90.992517428927982, 35.346684265136751 ], [ 90.995833333333366, 35.34583333333336 ], [ 91.004166666666691, 35.34583333333336 ], [ 91.004519992404539, 35.369091118706628 ], [ 91.007980007595521, 35.372575547960096 ], [ 91.008686659071216, 35.405881076388923 ], [ 91.002457004123301, 35.412141927083361 ], [ 90.997575547960096, 35.412853325737878 ], [ 90.994091118706621, 35.416313340928852 ], [ 90.989242214626771, 35.417019992404548 ], [ 90.981591118706632, 35.424646674262185 ], [ 90.976742214626768, 35.425353325737881 ], [ 90.973257785373292, 35.428813340928848 ], [ 90.968408881293428, 35.429519992404543 ], [ 90.956591118706626, 35.441313340928851 ], [ 90.947575547960099, 35.442019992404546 ], [ 90.937857733832502, 35.451711527506539 ], [ 90.9375, 35.454166666666694 ], [ 90.937854342990477, 35.464951578776073 ], [ 90.947575547960099, 35.474646674262182 ], [ 90.95, 35.475 ], [ 90.958333333333357, 35.475 ], [ 90.95869106716583, 35.472544860839875 ], [ 90.968408881293428, 35.462853325737875 ], [ 90.985757785373295, 35.462146674262186 ], [ 90.989242214626771, 35.458686659071212 ], [ 91.002424452039961, 35.457980007595516 ], [ 91.005908881293436, 35.454519992404542 ], [ 91.0125, 35.454166666666694 ], [ 91.01285773383249, 35.451712544759147 ], [ 91.030908881293428, 35.433686659071213 ], [ 91.035757785373292, 35.432980007595518 ], [ 91.043408881293431, 35.425353325737881 ], [ 91.048257785373295, 35.424646674262185 ], [ 91.052453613281287, 35.420480007595515 ], [ 91.073257785373301, 35.421186659071211 ], [ 91.076742214626762, 35.424646674262185 ], [ 91.1125, 35.425 ], [ 91.113350762261319, 35.428315734863311 ], [ 91.116666666666703, 35.429166666666696 ], [ 91.119091118706635, 35.429519992404543 ], [ 91.122575547960096, 35.432980007595518 ], [ 91.170833333333363, 35.433333333333366 ], [ 91.198257785373301, 35.433686659071213 ], [ 91.201742214626762, 35.437146674262181 ], [ 91.210757785373289, 35.437853325737876 ], [ 91.214583333333366, 35.441652086046034 ], [ 91.219120279947944, 35.437146674262181 ], [ 91.223257785373292, 35.437853325737876 ], [ 91.227453613281284, 35.442019992404546 ], [ 91.231591118706632, 35.441313340928851 ], [ 91.23578694661461, 35.437146674262181 ], [ 91.244091118706635, 35.437853325737876 ], [ 91.247575547960096, 35.441313340928851 ], [ 91.252424452039961, 35.442019992404546 ], [ 91.255908881293436, 35.445480007595513 ], [ 91.273257785373289, 35.446186659071209 ], [ 91.277083333333366, 35.449985419379374 ], [ 91.280908881293442, 35.446186659071209 ], [ 91.3, 35.445833333333361 ], [ 91.300354682074683, 35.452452087402378 ], [ 91.310075547960096, 35.462146674262186 ], [ 91.314924452039961, 35.462853325737875 ], [ 91.318408881293436, 35.466313340928849 ], [ 91.320833333333368, 35.466666666666697 ], [ 91.329166666666694, 35.466666666666697 ], [ 91.329519992404542, 35.473257785373292 ], [ 91.332980007595523, 35.476742214626768 ], [ 91.333333333333371, 35.4791666666667 ], [ 91.356339518229206, 35.479771762424079 ], [ 91.36866048177086, 35.491061570909316 ], [ 91.377172851562534, 35.492271762424075 ], [ 91.381160481770863, 35.495228237575986 ], [ 91.396373833550385, 35.496438429090745 ], [ 91.403408474392393, 35.49122280544708 ], [ 91.411780463324689, 35.492459954155848 ], [ 91.4125, 35.5 ], [ 91.41285502115889, 35.50662044949005 ], [ 91.419118923611151, 35.512853325737879 ], [ 91.444091118706638, 35.512146674262183 ], [ 91.455908881293439, 35.500353325737876 ], [ 91.47083333333336, 35.5 ], [ 91.474149237738743, 35.500850931803413 ], [ 91.475850762261317, 35.507482401529977 ], [ 91.481377156575562, 35.508900621202287 ], [ 91.485289510091178, 35.511932712131106 ], [ 91.491083780924512, 35.513419765896302 ], [ 91.49943271213111, 35.522789510091179 ], [ 91.500850762261322, 35.528315734863313 ], [ 91.507482571072089, 35.530017598470081 ], [ 91.509301079644132, 35.537104119194908 ], [ 91.514456176757847, 35.541099378797774 ], [ 91.525, 35.5416666666667 ], [ 91.525353325737882, 35.544091118706632 ], [ 91.532980007595526, 35.551742214626771 ], [ 91.533333333333374, 35.554166666666696 ], [ 91.5375, 35.554166666666696 ], [ 91.541931152343778, 35.555303785536054 ], [ 91.538067287868955, 35.560289510091181 ], [ 91.5375, 35.579166666666701 ], [ 91.518408881293439, 35.579519992404542 ], [ 91.514924452039963, 35.582980007595516 ], [ 91.5125, 35.583333333333364 ], [ 91.5125, 35.6 ], [ 91.508333333333368, 35.6 ], [ 91.50776604546445, 35.602210489908884 ], [ 91.504733954535624, 35.606122843424508 ], [ 91.503315904405412, 35.611649068196648 ], [ 91.5, 35.6125 ], [ 91.500617472330759, 35.614660135904977 ], [ 91.503549194335974, 35.618673197428414 ], [ 91.504784138997437, 35.62716013590498 ], [ 91.5118825276693, 35.635339864095087 ], [ 91.513117472330762, 35.643826802571645 ], [ 91.516049194335977, 35.647839864095083 ], [ 91.517284138997425, 35.652160135904978 ], [ 91.52094726562504, 35.65717451307512 ], [ 91.527160305447083, 35.658950975206196 ], [ 91.532471720377643, 35.662831115722689 ], [ 91.533950805664091, 35.672993469238314 ], [ 91.536882527669306, 35.677006530761751 ], [ 91.538117472330768, 35.685493469238317 ], [ 91.541934204101594, 35.690718078613315 ], [ 91.531173027886325, 35.692284308539527 ], [ 91.527160305447083, 35.695215691460533 ], [ 91.521759711371558, 35.696759711371563 ], [ 91.52021586100264, 35.702160135904982 ], [ 91.513117472330762, 35.710339864095083 ], [ 91.5118825276693, 35.717403327094218 ], [ 91.520282321506116, 35.727083333333368 ], [ 91.513117472330762, 35.735339864095081 ], [ 91.5118825276693, 35.743826802571647 ], [ 91.508950805664099, 35.747839864095084 ], [ 91.507715861002637, 35.750469122992655 ], [ 91.5118825276693, 35.756173197428417 ], [ 91.5125, 35.758333333333368 ], [ 91.511722140842053, 35.765959676106803 ], [ 91.484379069010444, 35.767359924316438 ], [ 91.483333333333363, 35.770833333333364 ], [ 91.483333333333363, 35.775 ], [ 91.476956176757852, 35.775567287868959 ], [ 91.473043823242222, 35.778599378797779 ], [ 91.451956176757847, 35.779733954535622 ], [ 91.448043823242216, 35.782766045464442 ], [ 91.435289510091181, 35.783900621202292 ], [ 91.425919596354206, 35.79224955240889 ], [ 91.424100409613743, 35.799338785807322 ], [ 91.4166666666667, 35.8 ], [ 91.416099378797782, 35.806377156575557 ], [ 91.411580403645871, 35.81179572211375 ], [ 91.401956176757849, 35.813067287868954 ], [ 91.39258626302086, 35.821416219075552 ], [ 91.390815904405414, 35.828315734863317 ], [ 91.384041680230069, 35.830054050021737 ], [ 91.382766045464436, 35.839710489908889 ], [ 91.374417114257852, 35.849080234103766 ], [ 91.370833333333366, 35.85 ], [ 91.367255655924509, 35.850918070475295 ], [ 91.366666666666703, 35.879166666666698 ], [ 91.373043823242227, 35.879733954535624 ], [ 91.385289510091184, 35.891099378797776 ], [ 91.403260972764784, 35.892304314507413 ], [ 91.404166666666697, 35.895833333333364 ], [ 91.406377156575559, 35.895266045464446 ], [ 91.410289510091175, 35.892233954535627 ], [ 91.414710489908884, 35.891099378797776 ], [ 91.420086669921915, 35.886932712131113 ], [ 91.423043823242224, 35.888067287868957 ], [ 91.428029378255246, 35.891931321885885 ], [ 91.429166666666703, 35.8875 ], [ 91.429733954535621, 35.885289510091177 ], [ 91.432766045464447, 35.881377156575553 ], [ 91.434184095594645, 35.87585093180342 ], [ 91.43971048990889, 35.87443271213111 ], [ 91.445086669921906, 35.87026604546444 ], [ 91.448043823242216, 35.871400621202291 ], [ 91.456122843424509, 35.87859937879778 ], [ 91.460543823242219, 35.879733954535624 ], [ 91.464456176757849, 35.882766045464443 ], [ 91.4791666666667, 35.883333333333368 ], [ 91.481377156575562, 35.882766045464443 ], [ 91.489456176757841, 35.875567287868961 ], [ 91.49387715657555, 35.87443271213111 ], [ 91.499253336588581, 35.87026604546444 ], [ 91.506377156575553, 35.871400621202291 ], [ 91.510289510091184, 35.87443271213111 ], [ 91.515815904405414, 35.87585093180342 ], [ 91.517586263020874, 35.882750447591178 ], [ 91.528229437934058, 35.892233954535627 ], [ 91.539710489908884, 35.891099378797776 ], [ 91.543622843424515, 35.888067287868957 ], [ 91.554166666666703, 35.8875 ], [ 91.554733954535621, 35.889710489908886 ], [ 91.558729383680586, 35.894865587022601 ], [ 91.565815904405412, 35.896684265136756 ], [ 91.566666666666706, 35.9 ], [ 91.582419840494822, 35.899392530653245 ], [ 91.584301079644135, 35.892062547471824 ], [ 91.589456176757849, 35.888067287868957 ], [ 91.598043823242222, 35.886932712131113 ], [ 91.601956176757852, 35.883900621202294 ], [ 91.625, 35.883333333333368 ], [ 91.625905693901942, 35.87980431450741 ], [ 91.644854397243961, 35.878533935546912 ], [ 91.649432712131116, 35.87304382324222 ], [ 91.650850762261314, 35.867517598470087 ], [ 91.65793728298614, 35.865698920355939 ], [ 91.662031385633711, 35.860416666666701 ], [ 91.658346557617222, 35.855662367079027 ], [ 91.664456176757852, 35.850567287868955 ], [ 91.668877156575562, 35.849432712131112 ], [ 91.672789510091178, 35.846400621202292 ], [ 91.675, 35.845833333333367 ], [ 91.677210489908887, 35.846400621202292 ], [ 91.685289510091181, 35.853599378797774 ], [ 91.710543823242219, 35.854733954535625 ], [ 91.722789510091175, 35.866099378797777 ], [ 91.744924248589442, 35.867290242513057 ], [ 91.745833333333366, 35.870833333333366 ], [ 91.749149237738749, 35.869982401529981 ], [ 91.75, 35.866666666666703 ], [ 91.750661214192746, 35.859232923719652 ], [ 91.757482571072089, 35.857482401529978 ], [ 91.758333333333368, 35.8541666666667 ], [ 91.760757785373301, 35.853813340928852 ], [ 91.764953613281293, 35.849646674262189 ], [ 91.785757785373306, 35.850353325737878 ], [ 91.789242214626768, 35.853813340928852 ], [ 91.802424452039972, 35.854519992404548 ], [ 91.810784233941007, 35.862853325737881 ], [ 91.823257785373301, 35.862146674262185 ], [ 91.827083333333377, 35.858347913954027 ], [ 91.830908881293439, 35.862146674262185 ], [ 91.845833333333374, 35.8625 ], [ 91.848081461588578, 35.861970520019568 ], [ 91.853226047092051, 35.857803853352898 ], [ 91.873081461588583, 35.858862813313834 ], [ 91.878226047092056, 35.863029479980504 ], [ 91.882685682508722, 35.861548529730939 ], [ 91.883862982855945, 35.851918368869391 ], [ 91.886970350477469, 35.848081631130675 ], [ 91.8875, 35.845833333333367 ], [ 91.8875, 35.8375 ], [ 91.889924452039963, 35.837146674262186 ], [ 91.893408881293439, 35.833686659071212 ], [ 91.898257785373303, 35.832980007595523 ], [ 91.901742214626779, 35.829519992404549 ], [ 91.90833333333336, 35.829166666666701 ], [ 91.90833333333336, 35.825 ], [ 91.927210489908873, 35.825567287868957 ], [ 91.932196214464, 35.829431321885885 ], [ 91.933333333333351, 35.825 ], [ 91.948257785373286, 35.825353325737879 ], [ 91.951742214626762, 35.828813340928853 ], [ 91.960757785373289, 35.829519992404549 ], [ 91.964242214626751, 35.832980007595523 ], [ 91.973257785373292, 35.833686659071212 ], [ 91.976742214626753, 35.837146674262186 ], [ 91.991666666666688, 35.8375 ], [ 91.992233954535607, 35.835289510091179 ], [ 91.999432712131096, 35.827210489908886 ], [ 92.000919765896285, 35.821416219075552 ], [ 92.01028951009117, 35.813067287868954 ], [ 92.014710489908879, 35.81193271213111 ], [ 92.036474778917125, 35.791099378797774 ], [ 92.040845065646721, 35.792631700303851 ], [ 92.042566257052968, 35.799338785807322 ], [ 92.056377156575536, 35.800567287868958 ], [ 92.060289510091167, 35.803599378797777 ], [ 92.066083780924501, 35.805086432562966 ], [ 92.074432712131099, 35.814456176757844 ], [ 92.076214938693596, 35.821400621202287 ], [ 92.081377156575542, 35.820266045464443 ], [ 92.089574517144115, 35.812961832682326 ], [ 92.093622843424498, 35.816099378797773 ], [ 92.104166666666686, 35.816666666666698 ], [ 92.1125, 35.816666666666698 ], [ 92.123257785373283, 35.816313340928851 ], [ 92.135075547960099, 35.804519992404551 ], [ 92.139924452039949, 35.803813340928855 ], [ 92.143408881293425, 35.800353325737881 ], [ 92.15, 35.8 ], [ 92.150567287868952, 35.797789510091178 ], [ 92.153599378797765, 35.793877156575554 ], [ 92.154821438259575, 35.780139668782581 ], [ 92.164456176757838, 35.771400621202289 ], [ 92.168877156575547, 35.770266045464446 ], [ 92.172789510091164, 35.767233954535627 ], [ 92.18137715657555, 35.766099378797776 ], [ 92.185289510091167, 35.763067287868957 ], [ 92.189710489908876, 35.761932712131113 ], [ 92.201956176757832, 35.750567287868954 ], [ 92.207482401529973, 35.749149068196644 ], [ 92.209250386556008, 35.742259555392828 ], [ 92.233333333333363, 35.741666666666703 ], [ 92.232980007595515, 35.735075547960101 ], [ 92.229519992404533, 35.731591118706632 ], [ 92.228813340928838, 35.722575547960105 ], [ 92.225353325737871, 35.719091118706629 ], [ 92.224646674262175, 35.714242214626772 ], [ 92.216313340928849, 35.705882263183625 ], [ 92.217025587293861, 35.701708814832934 ], [ 92.222575547960091, 35.696186659071216 ], [ 92.225, 35.695833333333368 ], [ 92.236723327636739, 35.695113457573818 ], [ 92.2375, 35.6875 ], [ 92.239710489908873, 35.68693271213111 ], [ 92.243622843424504, 35.683900621202291 ], [ 92.273043823242205, 35.68276604546444 ], [ 92.278420003255235, 35.678599378797777 ], [ 92.289710489908884, 35.679733954535621 ], [ 92.297789510091164, 35.68693271213111 ], [ 92.303315734863304, 35.68835093180342 ], [ 92.305134412977452, 35.695437452528246 ], [ 92.310289510091167, 35.699432712131106 ], [ 92.318877156575539, 35.700567287868957 ], [ 92.328229437934056, 35.708900621202289 ], [ 92.331377156575542, 35.707766045464439 ], [ 92.335425482855925, 35.704628499348992 ], [ 92.343622843424498, 35.711932712131109 ], [ 92.36054382324221, 35.713067287868959 ], [ 92.369896104600713, 35.721400621202292 ], [ 92.389710489908879, 35.720266045464442 ], [ 92.39375, 35.717135450575121 ], [ 92.397789510091172, 35.720266045464442 ], [ 92.402210489908882, 35.721400621202292 ], [ 92.406122843424498, 35.724432712131112 ], [ 92.40833333333336, 35.725 ], [ 92.415614318847688, 35.725758700900641 ], [ 92.417322116427982, 35.73128899468319 ], [ 92.421125962999156, 35.736734856499595 ], [ 92.445075480143259, 35.738235982259148 ], [ 92.446488783094651, 35.756288994683196 ], [ 92.449344550238735, 35.760377671983541 ], [ 92.45, 35.7625 ], [ 92.454166666666694, 35.7625 ], [ 92.464748297797328, 35.763029479980503 ], [ 92.468585035536051, 35.76613718668623 ], [ 92.492607455783443, 35.767196146647166 ], [ 92.49775170220272, 35.763029479980503 ], [ 92.500940789116783, 35.761970520019567 ], [ 92.507334052191865, 35.767148674858973 ], [ 92.51172739664716, 35.765780300564266 ], [ 92.513029479980489, 35.760251702202723 ], [ 92.517140706380232, 35.755175781250031 ], [ 92.521774122450111, 35.753637186686234 ], [ 92.526918368869389, 35.757803853352897 ], [ 92.535581631130668, 35.758862813313833 ], [ 92.539418368869377, 35.761970520019567 ], [ 92.552248297797334, 35.763029479980503 ], [ 92.561903042263481, 35.771934678819477 ], [ 92.5625, 35.779166666666697 ], [ 92.565815734863307, 35.780017598470081 ], [ 92.566666666666691, 35.783333333333367 ], [ 92.566099378797773, 35.785543823242222 ], [ 92.562104119194899, 35.790698920355936 ], [ 92.556122843424504, 35.792233954535625 ], [ 92.552210489908887, 35.795266045464444 ], [ 92.546684265136747, 35.796684265136754 ], [ 92.54526604546443, 35.802210489908887 ], [ 92.542233954535618, 35.806122843424511 ], [ 92.541099378797767, 35.823043823242223 ], [ 92.538067287868955, 35.826956176757847 ], [ 92.536932712131104, 35.868877156575557 ], [ 92.533900621202278, 35.872789510091181 ], [ 92.53333333333336, 35.8875 ], [ 92.5375, 35.8875 ], [ 92.548257785373295, 35.887146674262183 ], [ 92.551742214626756, 35.883686659071216 ], [ 92.564924452039961, 35.882980007595521 ], [ 92.569120449490043, 35.878813340928851 ], [ 92.585757785373289, 35.879519992404546 ], [ 92.589953782823372, 35.883686659071216 ], [ 92.602424452039955, 35.882980007595521 ], [ 92.606620449490038, 35.878813340928851 ], [ 92.610757785373295, 35.879519992404546 ], [ 92.614583333333357, 35.883318752712711 ], [ 92.61912044949004, 35.878813340928851 ], [ 92.627424452039961, 35.879519992404546 ], [ 92.631620449490043, 35.883686659071216 ], [ 92.644091118706626, 35.882980007595521 ], [ 92.647575547960102, 35.879519992404546 ], [ 92.675, 35.879166666666698 ], [ 92.677424452039958, 35.879519992404546 ], [ 92.682975260416697, 35.885043165418871 ], [ 92.683333333333366, 35.8875 ], [ 92.691666666666691, 35.8875 ], [ 92.698257785373286, 35.887146674262183 ], [ 92.701742214626762, 35.883686659071216 ], [ 92.708333333333357, 35.883333333333368 ], [ 92.709184265136741, 35.880017598470083 ], [ 92.714710489908882, 35.87859937879778 ], [ 92.718622843424512, 35.875567287868961 ], [ 92.741666666666688, 35.875 ], [ 92.742572360568602, 35.871470981174078 ], [ 92.760543823242216, 35.87026604546444 ], [ 92.764583333333363, 35.86713545057512 ], [ 92.770086669921909, 35.871400621202291 ], [ 92.793877156575547, 35.87026604546444 ], [ 92.797789510091178, 35.867233954535621 ], [ 92.8, 35.866666666666703 ], [ 92.802424452039958, 35.867019992404551 ], [ 92.805908881293433, 35.870480007595518 ], [ 92.808333333333366, 35.870833333333351 ], [ 92.843877156575545, 35.87026604546444 ], [ 92.847916666666691, 35.86713545057512 ], [ 92.852083333333368, 35.870364549424949 ], [ 92.856122843424515, 35.867233954535621 ], [ 92.86054382324221, 35.866099378797777 ], [ 92.864456176757841, 35.863067287868958 ], [ 92.869982571072072, 35.861649068196648 ], [ 92.870833333333366, 35.85833333333337 ], [ 92.873257785373298, 35.858686659071211 ], [ 92.87708333333336, 35.862485419379375 ], [ 92.880908881293436, 35.858686659071211 ], [ 92.889954630533879, 35.857977634006112 ], [ 92.895480007595509, 35.852424452039962 ], [ 92.895833333333357, 35.85 ], [ 92.898257785373289, 35.850353325737878 ], [ 92.902083333333366, 35.854152086046042 ], [ 92.905908881293428, 35.850353325737878 ], [ 92.9166666666667, 35.85 ], [ 92.931591118706621, 35.849646674262189 ], [ 92.939242214626759, 35.842019992404545 ], [ 92.964924452039966, 35.841313340928856 ], [ 92.972915988498301, 35.833347235785624 ], [ 92.976742214626768, 35.837146674262186 ], [ 92.983333333333363, 35.8375 ], [ 92.985757785373295, 35.837146674262186 ], [ 92.989242214626771, 35.833686659071212 ], [ 92.991666666666703, 35.833333333333364 ], [ 92.992517428927982, 35.83664906819665 ], [ 92.999149237738749, 35.838350931803419 ], [ 93.000967746310792, 35.845437452528245 ], [ 93.007586669921906, 35.850567287868955 ], [ 93.036587185329893, 35.849390326605935 ], [ 93.0375, 35.845833333333367 ], [ 93.039924452039955, 35.845480007595519 ], [ 93.043408881293431, 35.842019992404545 ], [ 93.058333333333366, 35.841666666666697 ], [ 93.0625, 35.841666666666697 ], [ 93.0625, 35.8375 ], [ 93.065815904405412, 35.83664906819665 ], [ 93.067233954535624, 35.831122843424509 ], [ 93.074432712131113, 35.823043823242223 ], [ 93.075655788845523, 35.809293111165395 ], [ 93.081122843424509, 35.804733954535621 ], [ 93.106377156575547, 35.803599378797777 ], [ 93.110289510091178, 35.800567287868958 ], [ 93.116666666666703, 35.8 ], [ 93.119091118706635, 35.800353325737881 ], [ 93.123286946614613, 35.804519992404551 ], [ 93.139924452039963, 35.803813340928855 ], [ 93.143408881293439, 35.800353325737881 ], [ 93.148257785373289, 35.799646674262185 ], [ 93.155908881293428, 35.792019992404548 ], [ 93.15833333333336, 35.7916666666667 ], [ 93.198257785373301, 35.792019992404548 ], [ 93.210075547960102, 35.803813340928855 ], [ 93.2125, 35.804166666666703 ], [ 93.215815904405417, 35.803315734863318 ], [ 93.217233954535615, 35.797789510091178 ], [ 93.220266045464442, 35.793877156575554 ], [ 93.221684095594654, 35.788350931803421 ], [ 93.227210489908884, 35.786932712131112 ], [ 93.231122843424515, 35.783900621202292 ], [ 93.24387715657555, 35.782766045464442 ], [ 93.247789510091181, 35.779733954535622 ], [ 93.25, 35.779166666666697 ], [ 93.306591118706635, 35.779519992404545 ], [ 93.31214192708336, 35.78504316541887 ], [ 93.3125, 35.7875 ], [ 93.32328660753042, 35.787145826551679 ], [ 93.328813340928846, 35.781591118706629 ], [ 93.329166666666694, 35.779166666666697 ], [ 93.336600409613752, 35.778505452473993 ], [ 93.3375, 35.775 ], [ 93.348257785373292, 35.775353325737882 ], [ 93.351742214626768, 35.778813340928849 ], [ 93.364924452039958, 35.779519992404545 ], [ 93.36875, 35.783318752712709 ], [ 93.372916666666697, 35.779181247287362 ], [ 93.37745361328129, 35.783686659071215 ], [ 93.389953952365488, 35.782978312174514 ], [ 93.395480007595523, 35.777424452039966 ], [ 93.395833333333371, 35.775 ], [ 93.40833333333336, 35.775 ], [ 93.444091118706638, 35.774646674262186 ], [ 93.4479166666667, 35.770847913954029 ], [ 93.451742214626776, 35.774646674262186 ], [ 93.454166666666694, 35.775 ], [ 93.456591118706626, 35.774646674262186 ], [ 93.460075547960102, 35.771186659071212 ], [ 93.464924452039966, 35.770480007595516 ], [ 93.468408881293442, 35.767019992404549 ], [ 93.473257785373292, 35.766313340928853 ], [ 93.476742214626768, 35.762853325737879 ], [ 93.4875, 35.7625 ], [ 93.510757785373301, 35.762146674262183 ], [ 93.514242214626776, 35.758686659071216 ], [ 93.533333333333374, 35.758333333333368 ], [ 93.5375, 35.758333333333368 ], [ 93.5375, 35.779166666666697 ], [ 93.560757785373298, 35.778813340928849 ], [ 93.564242214626773, 35.775353325737882 ], [ 93.585757785373303, 35.774646674262186 ], [ 93.593408881293442, 35.767019992404549 ], [ 93.595833333333374, 35.766666666666701 ], [ 93.602424452039969, 35.766313340928853 ], [ 93.605908881293431, 35.762853325737879 ], [ 93.614924452039972, 35.762146674262183 ], [ 93.618408881293433, 35.758686659071216 ], [ 93.631591118706638, 35.757980007595521 ], [ 93.635075547960099, 35.754519992404546 ], [ 93.65, 35.754166666666698 ], [ 93.664924452039969, 35.754519992404546 ], [ 93.668408881293445, 35.757980007595521 ], [ 93.6875, 35.758333333333368 ], [ 93.6875, 35.754166666666698 ], [ 93.7, 35.754166666666698 ], [ 93.708333333333371, 35.754166666666698 ], [ 93.724187554253504, 35.754834662543438 ], [ 93.725999620225735, 35.76728430853953 ], [ 93.735493638780412, 35.766049024793872 ], [ 93.743673027886317, 35.758950975206197 ], [ 93.756326972113754, 35.75771569146054 ], [ 93.760339694552982, 35.754784308539527 ], [ 93.7625, 35.754166666666698 ], [ 93.76306728786895, 35.751956176757844 ], [ 93.766099378797762, 35.74804382324222 ], [ 93.767634412977458, 35.742062547471818 ], [ 93.772789510091172, 35.738067287868958 ], [ 93.785543823242207, 35.736932712131107 ], [ 93.793622843424501, 35.729733954535625 ], [ 93.802210489908873, 35.728599378797774 ], [ 93.806122843424504, 35.725567287868955 ], [ 93.828257412380665, 35.724376424153675 ], [ 93.830017598470079, 35.717517598470081 ], [ 93.835543823242205, 35.716099378797779 ], [ 93.843622843424498, 35.708900621202289 ], [ 93.84583333333336, 35.708333333333364 ], [ 93.85, 35.708333333333364 ], [ 93.881326802571635, 35.707715691460535 ], [ 93.887030877007405, 35.703549024793872 ], [ 93.902160135904964, 35.70478430853953 ], [ 93.907864210340733, 35.708950975206193 ], [ 93.91882680257163, 35.707715691460535 ], [ 93.922839864095067, 35.70478430853953 ], [ 93.939660135904973, 35.703549024793872 ], [ 93.94367319742841, 35.70061764187286 ], [ 93.952160135904975, 35.699382358127203 ], [ 93.960339864095076, 35.692284308539527 ], [ 93.964660135904964, 35.69104902479387 ], [ 93.968673197428402, 35.688117641872864 ], [ 93.974231804741777, 35.686528354220954 ], [ 93.97581125895185, 35.675676303439701 ], [ 94.002160135904973, 35.674382358127204 ], [ 94.00617319742841, 35.671450975206199 ], [ 94.010493469238298, 35.670215691460534 ], [ 94.035339864095079, 35.646450975206193 ], [ 94.039660135904967, 35.645215691460535 ], [ 94.043673197428404, 35.64228430853953 ], [ 94.053195020887614, 35.640898471408455 ], [ 94.054166666666688, 35.6375 ], [ 94.064924452039946, 35.637853325737879 ], [ 94.072915988498281, 35.645819430881112 ], [ 94.076742214626762, 35.642019992404549 ], [ 94.089924452039952, 35.641313340928853 ], [ 94.094120449490035, 35.637146674262183 ], [ 94.110757785373281, 35.637853325737879 ], [ 94.114242214626756, 35.641313340928853 ], [ 94.119091118706621, 35.642019992404549 ], [ 94.139242214626762, 35.662146674262182 ], [ 94.144091118706626, 35.662853325737878 ], [ 94.147575547960088, 35.666313340928852 ], [ 94.15, 35.6666666666667 ], [ 94.164710489908884, 35.666099378797774 ], [ 94.168622843424501, 35.663067287868955 ], [ 94.185543823242213, 35.661932712131112 ], [ 94.199011908637175, 35.649432712131109 ], [ 94.214710489908882, 35.650567287868952 ], [ 94.218622843424498, 35.653599378797779 ], [ 94.223043823242207, 35.654733954535622 ], [ 94.226956176757838, 35.657766045464442 ], [ 94.231377156575547, 35.658900621202292 ], [ 94.235416666666694, 35.662031216091613 ], [ 94.239456176757841, 35.658900621202292 ], [ 94.249112616644993, 35.657624816894561 ], [ 94.25, 35.654166666666697 ], [ 94.254166666666691, 35.654166666666697 ], [ 94.254834662543431, 35.638312445746557 ], [ 94.264660135904975, 35.636882358127203 ], [ 94.268673197428413, 35.633950975206197 ], [ 94.291666666666686, 35.633333333333368 ], [ 94.295833333333363, 35.633333333333368 ], [ 94.302424452039958, 35.633686659071209 ], [ 94.30662044949004, 35.637853325737879 ], [ 94.314924452039961, 35.637146674262183 ], [ 94.327450222439268, 35.624646674262188 ], [ 94.331591118706626, 35.625353325737876 ], [ 94.335075547960088, 35.628813340928851 ], [ 94.3625, 35.629166666666698 ], [ 94.364710489908873, 35.628599378797773 ], [ 94.372789510091167, 35.621400621202291 ], [ 94.377210489908876, 35.62026604546444 ], [ 94.382586669921906, 35.616099378797777 ], [ 94.393877156575542, 35.617233954535621 ], [ 94.398862881130668, 35.621097988552549 ], [ 94.4, 35.616666666666696 ], [ 94.406591118706629, 35.616313340928855 ], [ 94.410075547960091, 35.612853325737881 ], [ 94.4125, 35.6125 ], [ 94.414924452039955, 35.612853325737881 ], [ 94.422575547960093, 35.620480007595518 ], [ 94.429166666666688, 35.620833333333366 ], [ 94.431591118706621, 35.620480007595518 ], [ 94.439242214626759, 35.612853325737881 ], [ 94.444091118706623, 35.612146674262185 ], [ 94.447575547960099, 35.608686659071211 ], [ 94.460757785373289, 35.607980007595515 ], [ 94.464242214626765, 35.604519992404548 ], [ 94.493381076388914, 35.603813340928852 ], [ 94.49964192708336, 35.610043165418865 ], [ 94.5, 35.6125 ], [ 94.506620449490043, 35.612145148383277 ], [ 94.512146674262183, 35.606591118706632 ], [ 94.5125, 35.6041666666667 ], [ 94.519091118706626, 35.603813340928852 ], [ 94.523287116156709, 35.599646674262182 ], [ 94.539924452039955, 35.600353325737878 ], [ 94.543408881293431, 35.603813340928852 ], [ 94.554166666666688, 35.6041666666667 ], [ 94.560757785373283, 35.603813340928852 ], [ 94.564242214626759, 35.600353325737878 ], [ 94.581591118706626, 35.599646674262182 ], [ 94.585075547960102, 35.596186659071215 ], [ 94.5875, 35.595833333333367 ], [ 94.587853325737868, 35.589242214626765 ], [ 94.592019992404545, 35.585046217176682 ], [ 94.591313340928849, 35.560075547960103 ], [ 94.587853325737868, 35.556591118706628 ], [ 94.587144300672776, 35.547545539008276 ], [ 94.581591118706626, 35.542019992404548 ], [ 94.576709832085527, 35.541308593750031 ], [ 94.570480007595506, 35.535047743055586 ], [ 94.571192253960533, 35.530875481499599 ], [ 94.576742214626762, 35.525353325737882 ], [ 94.581591118706626, 35.524646674262186 ], [ 94.589242214626765, 35.517019992404542 ], [ 94.594091118706629, 35.516313340928853 ], [ 94.597575547960091, 35.512853325737879 ], [ 94.614924452039958, 35.512146674262183 ], [ 94.618408881293433, 35.508686659071209 ], [ 94.627424452039961, 35.507980007595521 ], [ 94.630908881293436, 35.504519992404546 ], [ 94.635790167914521, 35.50380859375003 ], [ 94.641313340928846, 35.498257785373298 ], [ 94.641666666666694, 35.495833333333366 ], [ 94.638350931803416, 35.494982401529981 ], [ 94.636932712131099, 35.489456176757841 ], [ 94.625459798177104, 35.477094692654113 ], [ 94.628599378797773, 35.473043823242222 ], [ 94.629166666666691, 35.470833333333367 ], [ 94.639710489908879, 35.471400621202285 ], [ 94.645086669921909, 35.475567287868955 ], [ 94.648043823242219, 35.474432712131104 ], [ 94.651956176757835, 35.471400621202285 ], [ 94.656377156575545, 35.470266045464442 ], [ 94.660289510091175, 35.467233954535622 ], [ 94.665815734863315, 35.465815734863313 ], [ 94.66757998996313, 35.458940802680154 ], [ 94.683333333333366, 35.458333333333364 ], [ 94.702210489908879, 35.457766045464439 ], [ 94.706122843424509, 35.454733954535619 ], [ 94.709079996744819, 35.453599378797776 ], [ 94.714583333333366, 35.45786454942494 ], [ 94.718622843424512, 35.454733954535619 ], [ 94.731377156575547, 35.453599378797776 ], [ 94.735289510091178, 35.450567287868957 ], [ 94.739710489908887, 35.449432712131106 ], [ 94.747789510091167, 35.442233954535624 ], [ 94.750746663411491, 35.441099378797773 ], [ 94.756122843424507, 35.445266045464443 ], [ 94.759079996744816, 35.446400621202287 ], [ 94.764456176757847, 35.442233954535624 ], [ 94.782118394639781, 35.441099378797773 ], [ 94.784184265136744, 35.449149068196647 ], [ 94.789710489908884, 35.450567287868957 ], [ 94.793622843424501, 35.453599378797776 ], [ 94.79804382324221, 35.454733954535619 ], [ 94.803198920355925, 35.458729214138486 ], [ 94.804166666666688, 35.4625 ], [ 94.806326802571647, 35.463117641872863 ], [ 94.810339864095084, 35.466049024793868 ], [ 94.814660135904973, 35.467284308539526 ], [ 94.820364210340742, 35.471450975206196 ], [ 94.82837914360897, 35.469994099934929 ], [ 94.83002811008032, 35.458664449056023 ], [ 94.835339864095076, 35.45478430853953 ], [ 94.846100870768254, 35.453218078613311 ], [ 94.841049024793861, 35.446302456325988 ], [ 94.842421976725291, 35.434117296006974 ], [ 94.847839694552974, 35.429784308539524 ], [ 94.85, 35.429166666666696 ], [ 94.852210489908884, 35.429733954535621 ], [ 94.860289510091178, 35.43693271213111 ], [ 94.864710489908887, 35.438067287868954 ], [ 94.868622843424504, 35.441099378797773 ], [ 94.874149237738749, 35.442517598470083 ], [ 94.876137288411485, 35.450264655219215 ], [ 94.881122843424507, 35.446400621202287 ], [ 94.890779283311659, 35.445124816894563 ], [ 94.89258388943145, 35.43809288872616 ], [ 94.9166666666667, 35.4375 ], [ 94.919982571072083, 35.436649068196644 ], [ 94.920833333333363, 35.433333333333366 ], [ 94.927424452039958, 35.432980007595518 ], [ 94.930908881293433, 35.429519992404543 ], [ 94.939924452039961, 35.428813340928848 ], [ 94.947575547960099, 35.421186659071211 ], [ 94.973257785373292, 35.420480007595515 ], [ 94.976742214626768, 35.417019992404548 ], [ 94.981591118706632, 35.416313340928852 ], [ 94.985075547960093, 35.412853325737878 ], [ 94.9875, 35.4125 ], [ 94.988399590386308, 35.408994547526071 ], [ 94.995833333333366, 35.40833333333336 ], [ 95.0, 35.40833333333336 ], [ 95.002424452039961, 35.407980007595519 ], [ 95.005908881293436, 35.404519992404545 ], [ 95.014924452039963, 35.403813340928849 ], [ 95.018408881293439, 35.400353325737875 ], [ 95.023257785373289, 35.399646674262186 ], [ 95.026742214626765, 35.396186659071212 ], [ 95.039924452039955, 35.395480007595516 ], [ 95.044120279947947, 35.391313340928846 ], [ 95.056591118706621, 35.392019992404542 ], [ 95.060075547960096, 35.395480007595516 ], [ 95.066666666666691, 35.395833333333364 ], [ 95.073257785373301, 35.395480007595516 ], [ 95.076742214626762, 35.392019992404542 ], [ 95.094119940863749, 35.391312154134141 ], [ 95.099646674262189, 35.385757785373293 ], [ 95.1, 35.383333333333361 ], [ 95.102210489908884, 35.383900621202287 ], [ 95.111562771267387, 35.392233954535619 ], [ 95.123043823242213, 35.391099378797776 ], [ 95.131122843424507, 35.383900621202287 ], [ 95.139710489908879, 35.382766045464436 ], [ 95.143622843424509, 35.379733954535624 ], [ 95.157433742947077, 35.378505452473988 ], [ 95.159220716688395, 35.371541849772164 ], [ 95.168877156575547, 35.37026604546444 ], [ 95.176956176757841, 35.363067287868951 ], [ 95.185543823242213, 35.361932712131107 ], [ 95.189456176757844, 35.358900621202288 ], [ 95.193877156575553, 35.357766045464437 ], [ 95.197789510091184, 35.354733954535618 ], [ 95.202210489908879, 35.353599378797774 ], [ 95.206122843424509, 35.350567287868955 ], [ 95.227210489908884, 35.349432712131104 ], [ 95.231122843424515, 35.346400621202285 ], [ 95.239710489908887, 35.345266045464442 ], [ 95.251956176757844, 35.333900621202289 ], [ 95.257937282986148, 35.332365587022601 ], [ 95.261932712131113, 35.327210489908886 ], [ 95.2625, 35.325 ], [ 95.264710489908893, 35.32556728786895 ], [ 95.268622843424509, 35.328599378797776 ], [ 95.271579996744819, 35.329733954535619 ], [ 95.276956176757849, 35.32556728786895 ], [ 95.288497585720521, 35.324432712131106 ], [ 95.303517659505246, 35.338483005099853 ], [ 95.304733954535621, 35.352951727973121 ], [ 95.296684095594657, 35.355017598470084 ], [ 95.295833333333363, 35.358333333333363 ], [ 95.296191406250031, 35.36079016791453 ], [ 95.301742214626771, 35.366313340928848 ], [ 95.304166666666703, 35.366666666666696 ], [ 95.306623670789961, 35.366308593750027 ], [ 95.312146674262181, 35.360757785373295 ], [ 95.3125, 35.341666666666697 ], [ 95.31193271213111, 35.339456176757842 ], [ 95.307766045464447, 35.334079996744819 ], [ 95.308937242296039, 35.300914340549078 ], [ 95.31471048990889, 35.299432712131107 ], [ 95.318622843424507, 35.296400621202288 ], [ 95.323043823242216, 35.295266045464437 ], [ 95.331122843424509, 35.288067287868955 ], [ 95.335543823242219, 35.286932712131104 ], [ 95.339456176757849, 35.283900621202285 ], [ 95.34543728298614, 35.282365587022596 ], [ 95.349432712131104, 35.277210489908882 ], [ 95.350850762261317, 35.271684265136749 ], [ 95.356377156575547, 35.270266045464439 ], [ 95.368622843424518, 35.258900621202287 ], [ 95.374149237738749, 35.257482401529977 ], [ 95.375899590386311, 35.250661214192739 ], [ 95.389710489908893, 35.249432712131103 ], [ 95.393622843424509, 35.246400621202284 ], [ 95.398043823242219, 35.24526604546444 ], [ 95.406122843424512, 35.238067287868951 ], [ 95.412103949652817, 35.236532253689262 ], [ 95.416099378797782, 35.231377156575547 ], [ 95.4166666666667, 35.225 ], [ 95.419091118706632, 35.224646674262182 ], [ 95.422575547960108, 35.221186659071208 ], [ 95.425, 35.22083333333336 ], [ 95.425887383355075, 35.224291483561224 ], [ 95.435543823242227, 35.225567287868955 ], [ 95.444913736979203, 35.233916219075553 ], [ 95.445833333333368, 35.2375 ], [ 95.468877156575559, 35.238067287868951 ], [ 95.474253336588575, 35.242233954535621 ], [ 95.482440863715311, 35.240930006239175 ], [ 95.486932712131107, 35.235543823242217 ], [ 95.488350762261319, 35.230017598470084 ], [ 95.49387715657555, 35.228599378797774 ], [ 95.497789510091181, 35.225567287868955 ], [ 95.506377156575553, 35.224432712131104 ], [ 95.510289510091184, 35.221400621202285 ], [ 95.523043823242219, 35.220266045464442 ], [ 95.526956176757849, 35.217233954535615 ], [ 95.529166666666697, 35.216666666666697 ], [ 95.52952168782555, 35.210046217176675 ], [ 95.535075547960105, 35.204519992404542 ], [ 95.548257785373295, 35.203813340928846 ], [ 95.551742214626771, 35.200353325737879 ], [ 95.585757785373303, 35.199646674262183 ], [ 95.589242214626765, 35.196186659071209 ], [ 95.595833333333374, 35.195833333333361 ], [ 95.595833333333374, 35.183333333333358 ], [ 95.599113633897602, 35.182560729980494 ], [ 95.600482177734406, 35.1781673855252 ], [ 95.596362982855936, 35.173081631130671 ], [ 95.595833333333374, 35.166666666666693 ], [ 95.596188354492227, 35.160046217176678 ], [ 95.601742214626768, 35.154519992404545 ], [ 95.6041666666667, 35.154166666666697 ], [ 95.606591118706632, 35.153813340928849 ], [ 95.614242214626771, 35.146186659071205 ], [ 95.619091118706635, 35.145480007595516 ], [ 95.626742214626773, 35.137853325737872 ], [ 95.631591118706638, 35.137146674262183 ], [ 95.639242214626776, 35.129519992404539 ], [ 95.648257785373303, 35.128813340928851 ], [ 95.651742214626765, 35.125353325737876 ], [ 95.654166666666697, 35.125 ], [ 95.654519992404545, 35.122575547960096 ], [ 95.666313340928852, 35.110757785373295 ], [ 95.6666666666667, 35.108333333333363 ], [ 95.669982571072083, 35.107482571072076 ], [ 95.670833333333363, 35.104166666666693 ], [ 95.677424452039972, 35.103813340928845 ], [ 95.68507554796011, 35.096186659071208 ], [ 95.694091118706638, 35.095480007595512 ], [ 95.701742214626776, 35.087853325737875 ], [ 95.710757785373303, 35.087146674262179 ], [ 95.714953613281281, 35.082980007595516 ], [ 95.719091118706629, 35.083686659071205 ], [ 95.723286946614621, 35.087853325737875 ], [ 95.731591118706632, 35.087146674262179 ], [ 95.735075547960108, 35.083686659071205 ], [ 95.739924452039972, 35.082980007595516 ], [ 95.743408881293433, 35.079519992404542 ], [ 95.752424452039961, 35.078813340928846 ], [ 95.755908881293436, 35.075353325737872 ], [ 95.764924452039963, 35.074646674262183 ], [ 95.772575547960102, 35.067019992404539 ], [ 95.775, 35.066666666666691 ], [ 95.775354342990482, 35.055881754557319 ], [ 95.785075547960105, 35.046186659071211 ], [ 95.802424452039972, 35.045480007595515 ], [ 95.805908881293433, 35.042019992404541 ], [ 95.810757785373298, 35.041313340928845 ], [ 95.814242214626773, 35.037853325737871 ], [ 95.819091118706638, 35.037146674262182 ], [ 95.822575547960099, 35.033686659071208 ], [ 95.827424452039963, 35.032980007595512 ], [ 95.835075547960102, 35.025353325737875 ], [ 95.8375, 35.025 ], [ 95.841666666666697, 35.025 ], [ 95.84498257107208, 35.025850762261314 ], [ 95.846400621202292, 35.031377156575545 ], [ 95.849432712131119, 35.035289510091175 ], [ 95.851137288411493, 35.041931152343778 ], [ 95.856122843424515, 35.038067287868948 ], [ 95.860543823242224, 35.036932712131104 ], [ 95.872789510091181, 35.025567287868952 ], [ 95.875, 35.025 ], [ 95.87562357584639, 35.013409084743948 ], [ 95.881377156575553, 35.011932712131106 ], [ 95.885289510091184, 35.008900621202287 ], [ 95.893877156575556, 35.007766045464436 ], [ 95.897789510091187, 35.004733954535617 ], [ 95.918877156575562, 35.003599378797773 ], [ 95.922789510091178, 35.000567287868954 ], [ 95.929166666666703, 35.0 ], [ 95.930066257052985, 34.996494547526069 ], [ 95.9375, 34.995833333333358 ], [ 95.9375, 34.983333333333363 ], [ 95.93652835422094, 34.979935031467043 ], [ 95.92438235812719, 34.978167046441001 ], [ 95.925674268934486, 34.955165269639785 ], [ 95.933950975206187, 34.952798800998288 ], [ 95.93271569146053, 34.947839694552975 ], [ 95.929784308539524, 34.94382697211374 ], [ 95.928549024793853, 34.939506361219642 ], [ 95.921450975206184, 34.931326972113744 ], [ 95.920215691460527, 34.927006361219647 ], [ 95.913117641872844, 34.918826972113742 ], [ 95.911573621961821, 34.913426378038224 ], [ 95.908333333333374, 34.9125 ], [ 95.908940802680149, 34.896746826171899 ], [ 95.9125, 34.895833333333357 ], [ 95.9125, 34.891666666666694 ], [ 95.918877156575547, 34.891099378797769 ], [ 95.922789510091164, 34.88806728786895 ], [ 95.927210489908873, 34.886932712131099 ], [ 95.931122843424504, 34.88390062120228 ], [ 95.93664906819663, 34.882482571072075 ], [ 95.938467746310792, 34.875396050347248 ], [ 95.943622843424507, 34.871400621202284 ], [ 95.948043823242216, 34.870266045464433 ], [ 95.951956176757832, 34.867233954535614 ], [ 95.961580573187959, 34.86596238878041 ], [ 95.966099378797765, 34.86054382324221 ], [ 95.966666666666711, 34.858333333333363 ], [ 95.969091118706615, 34.857980007595515 ], [ 95.972575547960091, 34.854519992404541 ], [ 95.977424452039955, 34.853813340928845 ], [ 95.980908881293431, 34.850353325737871 ], [ 95.991666666666688, 34.85 ], [ 95.992233954535607, 34.847789510091175 ], [ 95.996400621202284, 34.842413330078152 ], [ 95.995266045464433, 34.839456176757835 ], [ 95.99109937879777, 34.834079996744819 ], [ 95.992340426974849, 34.821729871961828 ], [ 95.999604119194899, 34.819865587022598 ], [ 96.003599378797759, 34.814710489908876 ], [ 96.004166666666691, 34.8125 ], [ 96.005017598470076, 34.809184095594645 ], [ 96.011649068196633, 34.807482571072072 ], [ 96.01306728786895, 34.801956176757841 ], [ 96.020371500651066, 34.793758816189261 ], [ 96.016099378797762, 34.788246663411485 ], [ 96.017233954535612, 34.781122843424505 ], [ 96.020266045464439, 34.777210489908882 ], [ 96.021400621202275, 34.772789510091172 ], [ 96.036932712131104, 34.756377156575546 ], [ 96.038467746310786, 34.750396050347248 ], [ 96.043622843424501, 34.746400621202284 ], [ 96.045833333333348, 34.745833333333358 ], [ 96.045480007595515, 34.735075547960093 ], [ 96.041313340928838, 34.730879720052108 ], [ 96.042019992404533, 34.722575547960091 ], [ 96.046186659071196, 34.718379720052106 ], [ 96.045480007595515, 34.714242214626758 ], [ 96.041681247287343, 34.710416666666688 ], [ 96.045480007595515, 34.706591118706619 ], [ 96.046186659071196, 34.701742214626762 ], [ 96.049646674262178, 34.698257785373286 ], [ 96.05, 34.691666666666691 ], [ 96.053315734863304, 34.690815904405405 ], [ 96.054166666666688, 34.6875 ], [ 96.053813340928841, 34.680908881293426 ], [ 96.050353325737873, 34.677424452039958 ], [ 96.05, 34.666666666666693 ], [ 96.052172682020426, 34.666061740451411 ], [ 96.05616065131295, 34.663104926215304 ], [ 96.060506015353752, 34.661895073784748 ], [ 96.06449398464629, 34.658938259548634 ], [ 96.074215189615913, 34.657556491427975 ], [ 96.07544386121964, 34.649241807725716 ], [ 96.070228237575975, 34.642207166883708 ], [ 96.071948581271727, 34.638349745008703 ], [ 96.078259107801671, 34.636592610677106 ], [ 96.08011711968318, 34.629920111762175 ], [ 96.089672682020421, 34.62856174045141 ], [ 96.101993984646285, 34.61727159288197 ], [ 96.108149888780403, 34.615557522243947 ], [ 96.111894904242646, 34.610506184895854 ], [ 96.113105095757405, 34.593660481770854 ], [ 96.116061570909309, 34.589672851562526 ], [ 96.116666666666688, 34.5875 ], [ 96.119091118706621, 34.587146674262179 ], [ 96.126742214626759, 34.579519992404535 ], [ 96.131591118706623, 34.578813340928846 ], [ 96.135075547960099, 34.575353325737872 ], [ 96.1375, 34.575 ], [ 96.138350931803416, 34.571684095594641 ], [ 96.143877156575542, 34.570266045464436 ], [ 96.149253336588572, 34.566099378797766 ], [ 96.157453579372856, 34.567405531141517 ], [ 96.159301079644123, 34.574603949652804 ], [ 96.164583333333354, 34.578698052300368 ], [ 96.170086669921901, 34.574432712131099 ], [ 96.185543823242213, 34.57556728786895 ], [ 96.190920003255229, 34.579733954535612 ], [ 96.193877156575539, 34.578599378797769 ], [ 96.197916666666686, 34.575468614366343 ], [ 96.201956176757832, 34.578599378797769 ], [ 96.216666666666697, 34.579166666666687 ], [ 96.216099378797765, 34.5686228434245 ], [ 96.211932712131102, 34.563246663411483 ], [ 96.21317376030818, 34.550896538628493 ], [ 96.218877156575545, 34.5494327121311 ], [ 96.222789510091175, 34.546400621202281 ], [ 96.22877078586157, 34.544865587022592 ], [ 96.23276604546443, 34.539710489908877 ], [ 96.234041849772154, 34.530054050021725 ], [ 96.2375, 34.52916666666669 ], [ 96.239924452039958, 34.529519992404538 ], [ 96.24412044949004, 34.533686659071201 ], [ 96.248257785373283, 34.532980007595512 ], [ 96.25245378282338, 34.528813340928842 ], [ 96.260757785373286, 34.529519992404538 ], [ 96.264953782823369, 34.533686659071201 ], [ 96.273257785373289, 34.532980007595512 ], [ 96.277453782823372, 34.528813340928842 ], [ 96.294091118706618, 34.529519992404538 ], [ 96.297575547960093, 34.532980007595512 ], [ 96.3, 34.53333333333336 ], [ 96.312768046061223, 34.532533094618081 ], [ 96.308988783094648, 34.527122328016517 ], [ 96.307677883572069, 34.51871100531686 ], [ 96.304034254286051, 34.5134945339627 ], [ 96.314622328016512, 34.511844550238735 ], [ 96.318711005316871, 34.508988783094644 ], [ 96.332280985514345, 34.507574462890645 ], [ 96.334316338433183, 34.500983005099847 ], [ 96.3375, 34.5 ], [ 96.338398573133702, 34.491190931532138 ], [ 96.35297580295142, 34.504377916124156 ], [ 96.354166666666686, 34.508333333333354 ], [ 96.369830322265656, 34.50772942437068 ], [ 96.374432712131096, 34.502210489908876 ], [ 96.375661214192732, 34.488399590386308 ], [ 96.381377156575553, 34.4869327121311 ], [ 96.389456176757832, 34.479733954535611 ], [ 96.391666666666694, 34.479166666666686 ], [ 96.391313340928846, 34.472575547960091 ], [ 96.383686659071202, 34.464924452039952 ], [ 96.383333333333354, 34.454166666666687 ], [ 96.385468377007399, 34.453523763020854 ], [ 96.389531622992649, 34.450642903645857 ], [ 96.403481038411485, 34.449219767252629 ], [ 96.404166666666697, 34.429166666666688 ], [ 96.414924452039955, 34.429519992404536 ], [ 96.418408881293431, 34.432980007595511 ], [ 96.420833333333363, 34.433333333333358 ], [ 96.421489291720945, 34.440706719292557 ], [ 96.426956176757841, 34.445266045464429 ], [ 96.443877156575553, 34.44640062120228 ], [ 96.449253336588569, 34.45056728786895 ], [ 96.453540547688831, 34.448922390408008 ], [ 96.454733954535612, 34.431122843424504 ], [ 96.457766045464439, 34.427210489908873 ], [ 96.459184265136741, 34.421684095594642 ], [ 96.465815734863313, 34.419982571072069 ], [ 96.467634412977461, 34.412896050347243 ], [ 96.472789510091175, 34.408900621202278 ], [ 96.477210489908884, 34.407766045464435 ], [ 96.481122843424501, 34.404733954535615 ], [ 96.48710411919491, 34.403198920355926 ], [ 96.49109937879777, 34.398043823242212 ], [ 96.492517598470073, 34.392517428927974 ], [ 96.495833333333366, 34.391666666666687 ], [ 96.495266045464433, 34.389456176757832 ], [ 96.49109937879777, 34.384079996744816 ], [ 96.492340426974849, 34.371729871961826 ], [ 96.495833333333366, 34.370833333333358 ], [ 96.497980923122853, 34.370202975802975 ], [ 96.503770446777366, 34.366036309136305 ], [ 96.506314256456193, 34.367297024197072 ], [ 96.51035241021053, 34.370202975802975 ], [ 96.514647589789519, 34.371463690863735 ], [ 96.51868574354387, 34.374369642469638 ], [ 96.527147589789521, 34.375630357530405 ], [ 96.532937113444035, 34.379797024197067 ], [ 96.545079210069474, 34.378389824761307 ], [ 96.546463521321641, 34.364519246419292 ], [ 96.549369812011747, 34.360480753580752 ], [ 96.55, 34.358333333333356 ], [ 96.549646674262178, 34.355908881293423 ], [ 96.542019992404533, 34.348257785373285 ], [ 96.5416666666667, 34.345833333333353 ], [ 96.5416666666667, 34.3375 ], [ 96.54804382324221, 34.338067287868945 ], [ 96.553420003255241, 34.342233954535615 ], [ 96.558155992296037, 34.340416802300368 ], [ 96.561932712131096, 34.335543823242212 ], [ 96.56363711886938, 34.328902180989601 ], [ 96.56875, 34.332864718967038 ], [ 96.57278951009117, 34.329733954535612 ], [ 96.598986138237876, 34.328556993272592 ], [ 96.60776604546443, 34.318877156575539 ], [ 96.608900621202281, 34.314456176757837 ], [ 96.612031216091609, 34.31041666666669 ], [ 96.60880211724178, 34.30625 ], [ 96.611932712131107, 34.302210489908873 ], [ 96.6125, 34.3 ], [ 96.627424452039961, 34.300353325737866 ], [ 96.630908881293436, 34.303813340928841 ], [ 96.652424452039952, 34.304519992404536 ], [ 96.656620449490049, 34.308686659071199 ], [ 96.660757785373292, 34.307980007595511 ], [ 96.664242214626768, 34.304519992404536 ], [ 96.677424452039958, 34.303813340928841 ], [ 96.68125, 34.300014580620683 ], [ 96.685787116156718, 34.304519992404536 ], [ 96.702424452039963, 34.303813340928841 ], [ 96.705908881293425, 34.300353325737866 ], [ 96.710757785373289, 34.299646674262178 ], [ 96.718749321831623, 34.291680569118945 ], [ 96.723287116156712, 34.296186659071203 ], [ 96.727424452039955, 34.295480007595508 ], [ 96.73125, 34.29168124728735 ], [ 96.735075547960093, 34.295480007595508 ], [ 96.744091118706621, 34.296186659071203 ], [ 96.747575547960096, 34.299646674262178 ], [ 96.752424452039961, 34.300353325737866 ], [ 96.755908881293436, 34.303813340928841 ], [ 96.764924452039963, 34.304519992404536 ], [ 96.769120449490046, 34.308686659071199 ], [ 96.794091118706632, 34.307980007595511 ], [ 96.797575547960093, 34.304519992404536 ], [ 96.804166666666688, 34.304166666666688 ], [ 96.804519992404536, 34.306591118706621 ], [ 96.807980007595518, 34.310075547960089 ], [ 96.808686659071213, 34.314924452039953 ], [ 96.812146674262181, 34.318408881293422 ], [ 96.8125, 34.320833333333354 ], [ 96.816666666666691, 34.320833333333354 ], [ 96.820833333333368, 34.320833333333354 ], [ 96.823043823242216, 34.320266045464429 ], [ 96.826956176757847, 34.31723395453561 ], [ 96.840767076280414, 34.316005452473981 ], [ 96.84257015652129, 34.308978949652797 ], [ 96.856122843424515, 34.296400621202281 ], [ 96.861649237738746, 34.294982571072069 ], [ 96.863067287868958, 34.289456176757831 ], [ 96.870266045464433, 34.281377156575545 ], [ 96.870833333333366, 34.27916666666669 ], [ 96.869865587022602, 34.27539605034724 ], [ 96.864710489908887, 34.271400621202275 ], [ 96.857766045464444, 34.269618394639778 ], [ 96.858982340494819, 34.255149671766517 ], [ 96.872789510091181, 34.242233954535614 ], [ 96.878315904405412, 34.240815904405402 ], [ 96.879733954535624, 34.235289510091164 ], [ 96.886932712131099, 34.227210489908877 ], [ 96.888132731119825, 34.20931226942276 ], [ 96.893622843424509, 34.204733954535612 ], [ 96.90323757595489, 34.203463745117205 ], [ 96.913067287868955, 34.192626274956616 ], [ 96.911932712131104, 34.181122843424497 ], [ 96.90045979817711, 34.168761528862866 ], [ 96.903599378797779, 34.164710489908877 ], [ 96.904166666666697, 34.158333333333353 ], [ 96.905054050021732, 34.154875013563391 ], [ 96.914710489908884, 34.153599378797765 ], [ 96.918622843424515, 34.150567287868945 ], [ 96.936521063910618, 34.149367268880226 ], [ 96.941099378797773, 34.143877156575542 ], [ 96.942233954535624, 34.139456176757832 ], [ 96.945266045464436, 34.135543823242209 ], [ 96.946400621202287, 34.1311228434245 ], [ 96.949432712131113, 34.127210489908876 ], [ 96.950967746310795, 34.121229383680578 ], [ 96.956122843424509, 34.117233954535607 ], [ 96.966666666666697, 34.116666666666688 ], [ 96.967517428927977, 34.113350762261305 ], [ 96.97083333333336, 34.1125 ], [ 96.978267076280417, 34.113161214192743 ], [ 96.9791666666667, 34.116666666666688 ], [ 96.986600409613743, 34.116005452473992 ], [ 96.9875, 34.1125 ], [ 96.988274807400202, 34.104905870225728 ], [ 97.006301540798646, 34.103523932562972 ], [ 97.010365125868091, 34.100642734103765 ], [ 97.016666666666694, 34.1 ], [ 97.019982571072077, 34.099149068196652 ], [ 97.021400621202289, 34.093622843424512 ], [ 97.024432712131102, 34.089710489908889 ], [ 97.0259195963542, 34.083916219075554 ], [ 97.035289510091175, 34.075567287868957 ], [ 97.0375, 34.075 ], [ 97.038387383355058, 34.071541849772174 ], [ 97.048043823242224, 34.070266045464443 ], [ 97.056122843424504, 34.063067287868961 ], [ 97.058333333333366, 34.0625 ], [ 97.0625, 34.0625 ], [ 97.063606431749164, 34.066369967990489 ], [ 97.074263170030406, 34.075617641872867 ], [ 97.081326972113743, 34.074382358127203 ], [ 97.085339694552985, 34.071450975206197 ], [ 97.093826972113746, 34.07021569146054 ], [ 97.102006361219651, 34.063117641872864 ], [ 97.115864054362007, 34.061764865451423 ], [ 97.117284138997434, 34.052006530761751 ], [ 97.120215861002634, 34.047993469238314 ], [ 97.121450805664097, 34.043673197428419 ], [ 97.124382527669297, 34.039660135904981 ], [ 97.125617472330759, 34.035339864095086 ], [ 97.128549194335974, 34.031326802571648 ], [ 97.130325317382841, 34.025113932291703 ], [ 97.135339694552982, 34.0214509752062 ], [ 97.13966030544708, 34.020215691460535 ], [ 97.143673027886322, 34.01728430853953 ], [ 97.145833333333371, 34.016666666666701 ], [ 97.152210489908882, 34.017233954535627 ], [ 97.157586669921912, 34.021400621202289 ], [ 97.160543823242222, 34.020266045464446 ], [ 97.168622843424515, 34.013067287868957 ], [ 97.174149237738746, 34.011649068196647 ], [ 97.175850762261319, 34.00501759847009 ], [ 97.182937282986146, 34.003198920355935 ], [ 97.18693271213111, 33.99804382324222 ], [ 97.188067287868961, 33.985289510091178 ], [ 97.191099378797773, 33.981377156575554 ], [ 97.192233954535624, 33.976956176757845 ], [ 97.195266045464436, 33.973043823242222 ], [ 97.195833333333368, 33.966666666666704 ], [ 97.199149237738752, 33.965815734863313 ], [ 97.200919596354197, 33.958916219075554 ], [ 97.210289510091172, 33.950567287868957 ], [ 97.214710489908882, 33.949432712131113 ], [ 97.218622843424512, 33.946400621202294 ], [ 97.22083333333336, 33.945833333333368 ], [ 97.236586507161491, 33.946440802680158 ], [ 97.238067287868958, 33.952210489908886 ], [ 97.24262661404083, 33.957677374945781 ], [ 97.256377156575553, 33.958900621202289 ], [ 97.2604166666667, 33.962031216091617 ], [ 97.264456176757847, 33.958900621202289 ], [ 97.273043823242219, 33.957766045464446 ], [ 97.277083333333366, 33.954635450575118 ], [ 97.281122843424512, 33.957766045464446 ], [ 97.285543823242222, 33.958900621202289 ], [ 97.289456176757838, 33.961932712131109 ], [ 97.298043823242224, 33.963067287868959 ], [ 97.301956176757841, 33.966099378797779 ], [ 97.30637715657555, 33.967233954535622 ], [ 97.310289510091181, 33.970266045464442 ], [ 97.315815904405412, 33.971684265136751 ], [ 97.316666666666706, 33.975 ], [ 97.317352294921903, 33.995053270128075 ], [ 97.331301540798648, 33.996476067437101 ], [ 97.340457153320344, 34.004316541883718 ], [ 97.342309570312537, 34.010468377007413 ], [ 97.345190429687534, 34.014531622992656 ], [ 97.3464762369792, 34.027135043674079 ], [ 97.349357096354197, 34.031198289659322 ], [ 97.35, 34.033333333333353 ], [ 97.352424452039969, 34.032980007595519 ], [ 97.355908881293431, 34.029519992404552 ], [ 97.360757785373295, 34.028813340928856 ], [ 97.364953613281287, 34.024646674262186 ], [ 97.369091118706635, 34.025353325737882 ], [ 97.373286946614613, 34.029519992404552 ], [ 97.385757785373301, 34.028813340928856 ], [ 97.389953613281278, 34.024646674262186 ], [ 97.394091118706626, 34.025353325737882 ], [ 97.398286946614618, 34.029519992404552 ], [ 97.419091118706632, 34.028813340928856 ], [ 97.422575547960108, 34.025353325737882 ], [ 97.433333333333366, 34.025 ], [ 97.449086507161496, 34.025607469346824 ], [ 97.450850762261325, 34.032482401529982 ], [ 97.454166666666694, 34.033333333333353 ], [ 97.453813340928846, 34.052424452039951 ], [ 97.450353325737879, 34.055908881293419 ], [ 97.449646674262183, 34.06421576605905 ], [ 97.457980007595523, 34.072575547960092 ], [ 97.458686659071219, 34.089924452039952 ], [ 97.462146674262186, 34.093408881293421 ], [ 97.462853325737882, 34.102424452039948 ], [ 97.466313340928849, 34.105908881293423 ], [ 97.466666666666697, 34.108333333333356 ], [ 97.469091118706629, 34.108686659071203 ], [ 97.474645657009589, 34.114213392469637 ], [ 97.475, 34.125 ], [ 97.489660305447089, 34.125617472330745 ], [ 97.495364040798648, 34.129784138997415 ], [ 97.502160305447077, 34.12854919433596 ], [ 97.507864040798651, 34.12438252766929 ], [ 97.520033433702295, 34.125753445095505 ], [ 97.52164849175351, 34.136850314670156 ], [ 97.545833333333363, 34.1375 ], [ 97.549149237738746, 34.138350762261304 ], [ 97.550567287868958, 34.143877156575542 ], [ 97.55359937879777, 34.147789510091165 ], [ 97.554166666666703, 34.15 ], [ 97.561600409613746, 34.150661214192731 ], [ 97.5625, 34.15416666666669 ], [ 97.5625, 34.1625 ], [ 97.579166666666708, 34.1625 ], [ 97.582350328233545, 34.163483005099849 ], [ 97.583988783094654, 34.168788994683183 ], [ 97.588155449761317, 34.174754163954013 ], [ 97.586844550238752, 34.185455661349849 ], [ 97.578707546658023, 34.195020887586828 ], [ 97.591666666666697, 34.195833333333354 ], [ 97.592284138997428, 34.197993638780403 ], [ 97.595215861002643, 34.202006361219638 ], [ 97.596635945638056, 34.211764865451407 ], [ 97.6041666666667, 34.2125 ], [ 97.610757785373295, 34.212146674262172 ], [ 97.618408881293433, 34.204519992404535 ], [ 97.623290337456638, 34.203808593750018 ], [ 97.628813340928858, 34.198257785373286 ], [ 97.629166666666706, 34.191666666666684 ], [ 97.629521687825559, 34.185046386718767 ], [ 97.635075547960099, 34.179519992404536 ], [ 97.6375, 34.179166666666688 ], [ 97.638067287868964, 34.156122843424498 ], [ 97.657766045464442, 34.135543823242209 ], [ 97.658900621202292, 34.122789510091167 ], [ 97.661932712131119, 34.118877156575543 ], [ 97.663067287868955, 34.114456176757834 ], [ 97.666099378797782, 34.11054382324221 ], [ 97.667517428927994, 34.105017428927972 ], [ 97.674291653103339, 34.10327928331165 ], [ 97.675567287868958, 34.093622843424498 ], [ 97.678599378797784, 34.089710489908875 ], [ 97.680017428927982, 34.084184095594637 ], [ 97.685543823242227, 34.082766045464432 ], [ 97.689456176757844, 34.079733954535612 ], [ 97.691666666666706, 34.079166666666687 ], [ 97.691666666666706, 34.075 ], [ 97.692019992404553, 34.068408881293422 ], [ 97.695480007595521, 34.064924452039946 ], [ 97.696186659071216, 34.060075547960089 ], [ 97.699646674262183, 34.056591118706613 ], [ 97.700353325737879, 34.047575547960086 ], [ 97.70381334092886, 34.044091118706618 ], [ 97.704166666666708, 34.033333333333353 ], [ 97.708333333333371, 34.033333333333367 ], [ 97.711649237738754, 34.032482401529982 ], [ 97.713067287868967, 34.026956176757849 ], [ 97.720266045464442, 34.018877156575556 ], [ 97.721400621202292, 34.006122843424514 ], [ 97.724432712131119, 34.00221048990889 ], [ 97.725704277886322, 33.992586093478771 ], [ 97.731122843424515, 33.988067287868958 ], [ 97.739710489908887, 33.986932712131114 ], [ 97.743622843424518, 33.983900621202295 ], [ 97.76054382324223, 33.982766045464444 ], [ 97.764456176757847, 33.979733954535625 ], [ 97.783333333333374, 33.9791666666667 ], [ 97.782803683810798, 33.972751702202729 ], [ 97.774470350477472, 33.963583034939269 ], [ 97.77552964952261, 33.956085035536056 ], [ 97.779696316189273, 33.950940789116785 ], [ 97.778637017144135, 33.947751702202723 ], [ 97.774470350477472, 33.942607455783453 ], [ 97.77552964952261, 33.935251702202727 ], [ 97.778770616319477, 33.93125 ], [ 97.77552964952261, 33.927248297797341 ], [ 97.774470350477472, 33.922751702202724 ], [ 97.771362982855933, 33.918914964464008 ], [ 97.770074801974857, 33.91344621446401 ], [ 97.764748128255249, 33.908862813313839 ], [ 97.760251871744828, 33.907803853352895 ], [ 97.756414794921909, 33.904696146647169 ], [ 97.746757676866352, 33.903515625000033 ], [ 97.745351155598996, 33.899000718858538 ], [ 97.749470350477466, 33.89391496446401 ], [ 97.750529649522605, 33.889418368869393 ], [ 97.753637017144129, 33.885581631130677 ], [ 97.754696316189268, 33.87691836886939 ], [ 97.757803683810806, 33.873081631130674 ], [ 97.758333333333368, 33.870833333333366 ], [ 97.759184095594648, 33.867517598470087 ], [ 97.764710489908893, 33.866099378797777 ], [ 97.768622843424509, 33.863067287868958 ], [ 97.770833333333371, 33.8625 ], [ 97.773257785373303, 33.862853325737881 ], [ 97.777453613281281, 33.867019992404551 ], [ 97.781591118706629, 33.866313340928855 ], [ 97.78541734483511, 33.862513902452292 ], [ 97.794117567274341, 33.871186659071213 ], [ 97.802454630533887, 33.87047746446401 ], [ 97.807980007595518, 33.864924452039965 ], [ 97.808691406250034, 33.860043165418872 ], [ 97.81495225694448, 33.853813340928852 ], [ 97.823257785373301, 33.854519992404548 ], [ 97.826742214626776, 33.857980007595522 ], [ 97.83159111870664, 33.858686659071211 ], [ 97.835075547960102, 33.862146674262185 ], [ 97.85, 33.8625 ], [ 97.850567287868955, 33.864710489908887 ], [ 97.853599378797782, 33.868622843424511 ], [ 97.855086263020866, 33.874417114257845 ], [ 97.864456176757855, 33.882766045464443 ], [ 97.868877156575564, 33.883900621202294 ], [ 97.872789510091181, 33.886932712131113 ], [ 97.893877156575556, 33.888067287868957 ], [ 97.897789510091187, 33.891099378797776 ], [ 97.906377156575559, 33.892233954535627 ], [ 97.910289510091189, 33.895266045464446 ], [ 97.91627061631948, 33.896801079644135 ], [ 97.920266045464444, 33.901956176757849 ], [ 97.921720716688412, 33.907624816894568 ], [ 97.931377156575564, 33.908900621202292 ], [ 97.939456176757844, 33.916099378797774 ], [ 97.941666666666706, 33.9166666666667 ], [ 97.941313340928858, 33.923257785373295 ], [ 97.9375135633681, 33.927084181043874 ], [ 97.949646674262198, 33.939242214626773 ], [ 97.95, 33.941666666666684 ], [ 97.9625, 33.941666666666698 ], [ 97.966666666666683, 33.941666666666698 ], [ 97.97083333333336, 33.941666666666698 ], [ 97.979166666666686, 33.941666666666698 ], [ 97.998257785373283, 33.942019992404546 ], [ 98.006617736816423, 33.950353325737879 ], [ 98.019091118706626, 33.949646674262191 ], [ 98.022575547960088, 33.946186659071216 ], [ 98.027424452039952, 33.945480007595521 ], [ 98.031620449490035, 33.941313340928851 ], [ 98.044091118706618, 33.942019992404546 ], [ 98.047575547960093, 33.945480007595521 ], [ 98.058333333333351, 33.945833333333354 ], [ 98.060757785373283, 33.945480007595521 ], [ 98.064242214626759, 33.942019992404546 ], [ 98.069091118706623, 33.941313340928851 ], [ 98.076742214626762, 33.933686659071213 ], [ 98.085757785373289, 33.932980007595518 ], [ 98.089584181043861, 33.929180399576857 ], [ 98.102450222439259, 33.942019992404546 ], [ 98.114924452039958, 33.941313340928851 ], [ 98.11912044949004, 33.937146674262188 ], [ 98.123257785373283, 33.937853325737883 ], [ 98.12745378282338, 33.942019992404546 ], [ 98.135757785373286, 33.941313340928851 ], [ 98.139242214626762, 33.937853325737883 ], [ 98.179166666666688, 33.9375 ], [ 98.181591118706621, 33.937146674262188 ], [ 98.193408881293422, 33.925353325737881 ], [ 98.202424452039949, 33.924646674262185 ], [ 98.210784403483103, 33.916313340928852 ], [ 98.231591118706618, 33.917019992404548 ], [ 98.235416666666694, 33.920818752712705 ], [ 98.239242214626756, 33.917019992404548 ], [ 98.254166666666691, 33.9166666666667 ], [ 98.255017598470076, 33.913350931803421 ], [ 98.262104119194902, 33.911532253689273 ], [ 98.267233954535612, 33.904913330078159 ], [ 98.266099378797762, 33.876956176757844 ], [ 98.261932712131099, 33.871579996744828 ], [ 98.263139343261741, 33.855140177408884 ], [ 98.269983249240482, 33.849432712131112 ], [ 98.277210489908882, 33.850567287868955 ], [ 98.28125, 33.853697882758283 ], [ 98.285289510091175, 33.850567287868955 ], [ 98.290815734863301, 33.849149068196645 ], [ 98.291666666666686, 33.845833333333367 ], [ 98.302210489908873, 33.846400621202292 ], [ 98.307586669921903, 33.850567287868955 ], [ 98.323043823242216, 33.849432712131112 ], [ 98.328420003255232, 33.845266045464442 ], [ 98.340717400444902, 33.846501837836406 ], [ 98.345266045464427, 33.851956176757845 ], [ 98.346684265136744, 33.857482401529978 ], [ 98.352210489908884, 33.858900621202288 ], [ 98.356122843424501, 33.861932712131107 ], [ 98.364710489908873, 33.863067287868958 ], [ 98.368622843424504, 33.866099378797777 ], [ 98.402210489908882, 33.867233954535621 ], [ 98.406122843424498, 33.87026604546444 ], [ 98.40833333333336, 33.870833333333351 ], [ 98.409184265136744, 33.867517598470087 ], [ 98.416020880805149, 33.865763176812102 ], [ 98.42859937879777, 33.852210489908884 ], [ 98.430381605360267, 33.845266045464442 ], [ 98.452210489908879, 33.846400621202292 ], [ 98.457586669921895, 33.850567287868955 ], [ 98.461689080132402, 33.848993259006107 ], [ 98.463067287868952, 33.843622843424512 ], [ 98.470266045464442, 33.835543823242219 ], [ 98.471400621202278, 33.831122843424509 ], [ 98.48276604546443, 33.818877156575553 ], [ 98.484184265136747, 33.81335093180342 ], [ 98.4875, 33.8125 ], [ 98.488161214192729, 33.805066257052985 ], [ 98.491666666666688, 33.804166666666703 ], [ 98.491313340928841, 33.793408881293438 ], [ 98.487853325737873, 33.789924452039962 ], [ 98.4875, 33.7875 ], [ 98.488142734103761, 33.777031622992652 ], [ 98.491023932562953, 33.772968377007409 ], [ 98.493114725748725, 33.766023932562966 ], [ 98.49796837700741, 33.767309400770429 ], [ 98.502031622992646, 33.770190599229636 ], [ 98.506301710340736, 33.771476067437099 ], [ 98.512178209092909, 33.775642734103769 ], [ 98.52839321560333, 33.774249098036059 ], [ 98.529809400770432, 33.760364956325986 ], [ 98.532690599229625, 33.756301710340743 ], [ 98.534208848741343, 33.741416422526072 ], [ 98.541344875759577, 33.746476067437101 ], [ 98.556301710340733, 33.74519059922963 ], [ 98.566032918294297, 33.736857265896298 ], [ 98.568801710340736, 33.738142734103768 ], [ 98.5729166666667, 33.741060553656716 ], [ 98.577031622992649, 33.738142734103768 ], [ 98.583356899685356, 33.736238437228764 ], [ 98.586857265896299, 33.731301710340745 ], [ 98.588418918185795, 33.721052720811663 ], [ 98.593698289659315, 33.717309400770432 ], [ 98.59583333333336, 33.716666666666697 ], [ 98.610757785373295, 33.716313340928849 ], [ 98.614242214626756, 33.712853325737882 ], [ 98.616666666666688, 33.7125 ], [ 98.616666666666688, 33.708333333333364 ], [ 98.617020331488746, 33.680882432725724 ], [ 98.626742214626759, 33.671186659071211 ], [ 98.633333333333354, 33.670833333333363 ], [ 98.636649068196647, 33.669982401529978 ], [ 98.6375, 33.6666666666667 ], [ 98.6375, 33.658333333333367 ], [ 98.641666666666694, 33.658333333333367 ], [ 98.64081573486331, 33.655017598470081 ], [ 98.6375, 33.654166666666697 ], [ 98.637141927083363, 33.651709832085537 ], [ 98.631591118706623, 33.646186659071212 ], [ 98.629166666666691, 33.645833333333364 ], [ 98.628279283311656, 33.6423751831055 ], [ 98.617554050021724, 33.640958150227895 ], [ 98.616666666666688, 33.6375 ], [ 98.617233954535621, 33.635289510091177 ], [ 98.620266045464433, 33.631377156575553 ], [ 98.621494547526069, 33.617566257052985 ], [ 98.627210489908876, 33.616099378797777 ], [ 98.631122843424507, 33.613067287868958 ], [ 98.635543823242216, 33.611932712131107 ], [ 98.651956176757835, 33.596400621202292 ], [ 98.657482401529975, 33.594982401529982 ], [ 98.65833333333336, 33.591666666666697 ], [ 98.657980007595512, 33.585075547960102 ], [ 98.654519992404545, 33.581591118706626 ], [ 98.654166666666697, 33.579166666666701 ], [ 98.653813340928849, 33.572575547960099 ], [ 98.646186659071205, 33.564924452039961 ], [ 98.645833333333357, 33.5625 ], [ 98.646456909179719, 33.550909254286054 ], [ 98.65, 33.55 ], [ 98.65, 33.545833333333363 ], [ 98.656326802571641, 33.546450975206191 ], [ 98.66203087700741, 33.550617641872861 ], [ 98.669873046875026, 33.549192301432321 ], [ 98.671450975206184, 33.543673197428419 ], [ 98.674382358127204, 33.539660135904981 ], [ 98.675861443413652, 33.529497782389356 ], [ 98.681173197428407, 33.525617641872863 ], [ 98.68549346923831, 33.524382358127198 ], [ 98.693743387858106, 33.51722327338328 ], [ 98.697925143771727, 33.520278082953588 ], [ 98.710339864095076, 33.508950975206197 ], [ 98.720039198133705, 33.507539198133713 ], [ 98.721450975206196, 33.497839864095084 ], [ 98.724382358127201, 33.493826802571647 ], [ 98.726106431749159, 33.487796698676249 ], [ 98.735339864095081, 33.479784308539529 ], [ 98.740740288628501, 33.478240288628506 ], [ 98.742284308539524, 33.472839864095086 ], [ 98.745271809895854, 33.46875 ], [ 98.742284308539524, 33.464660135904978 ], [ 98.741049024793867, 33.44783986409508 ], [ 98.738117641872861, 33.443826802571643 ], [ 98.736882358127204, 33.435339864095084 ], [ 98.733950975206184, 33.431326802571647 ], [ 98.733333333333363, 33.4166666666667 ], [ 98.734232923719645, 33.413161214192741 ], [ 98.749100409613746, 33.411838785807319 ], [ 98.750567287868947, 33.406122843424512 ], [ 98.753599378797773, 33.402210489908882 ], [ 98.754822625054288, 33.388459777832061 ], [ 98.76028951009117, 33.383900621202287 ], [ 98.764710489908879, 33.382766045464436 ], [ 98.768622843424509, 33.379733954535624 ], [ 98.773043823242219, 33.378599378797773 ], [ 98.776956176757835, 33.375567287868954 ], [ 98.779166666666697, 33.375 ], [ 98.779733954535615, 33.351956176757845 ], [ 98.783597988552543, 33.346970452202719 ], [ 98.775395880805149, 33.344865587022596 ], [ 98.770266045464439, 33.338246663411489 ], [ 98.771400621202289, 33.335289510091172 ], [ 98.774538167317743, 33.331241183810796 ], [ 98.767128499348985, 33.322925482855929 ], [ 98.771400621202289, 33.317413330078153 ], [ 98.770193990071647, 33.300973510742217 ], [ 98.764710489908879, 33.296400621202288 ], [ 98.7625, 33.295833333333363 ], [ 98.762146674262183, 33.293408881293431 ], [ 98.758686659071202, 33.289924452039962 ], [ 98.758333333333354, 33.2875 ], [ 98.758333333333354, 33.28333333333336 ], [ 98.758333333333354, 33.279166666666697 ], [ 98.760757785373286, 33.278813340928849 ], [ 98.764583333333363, 33.275014580620692 ], [ 98.769120449490046, 33.279519992404545 ], [ 98.785757785373292, 33.278813340928849 ], [ 98.789242214626768, 33.275353325737875 ], [ 98.795833333333363, 33.275 ], [ 98.804166666666688, 33.275 ], [ 98.8125, 33.275 ], [ 98.814924452039961, 33.275353325737875 ], [ 98.822575547960099, 33.282980007595512 ], [ 98.835046217176682, 33.283686659071208 ], [ 98.839584181043861, 33.279180399576852 ], [ 98.853811306423637, 33.293381076388918 ], [ 98.854519992404548, 33.302424452039958 ], [ 98.857980007595515, 33.305908881293433 ], [ 98.858333333333363, 33.308333333333366 ], [ 98.866666666666703, 33.308333333333366 ], [ 98.867024400499162, 33.31078847249352 ], [ 98.876742214626759, 33.320480007595513 ], [ 98.881591118706623, 33.321186659071209 ], [ 98.889242214626762, 33.328813340928846 ], [ 98.894091118706626, 33.329519992404542 ], [ 98.897575547960102, 33.332980007595516 ], [ 98.9, 33.333333333333364 ], [ 98.906377156575545, 33.332766045464439 ], [ 98.911753336588575, 33.328599378797776 ], [ 98.914710489908884, 33.329733954535619 ], [ 98.920086669921901, 33.333900621202289 ], [ 98.927210489908887, 33.332766045464439 ], [ 98.932586669921903, 33.328599378797776 ], [ 98.949096001519123, 33.329811096191435 ], [ 98.950850762261311, 33.336649068196643 ], [ 98.957482571072077, 33.338350931803419 ], [ 98.959548272026936, 33.346400621202285 ], [ 98.968877156575545, 33.345266045464442 ], [ 98.978229437934061, 33.336932712131109 ], [ 98.989710489908887, 33.338067287868952 ], [ 98.993622843424504, 33.341099378797772 ], [ 99.006377156575553, 33.342233954535622 ], [ 99.01028951009117, 33.345266045464442 ], [ 99.020833333333357, 33.34583333333336 ], [ 99.023257785373289, 33.345480007595512 ], [ 99.030908881293428, 33.337853325737875 ], [ 99.05, 33.3375 ], [ 99.050850762261319, 33.334184265136749 ], [ 99.05637715657555, 33.332766045464439 ], [ 99.064456176757844, 33.32556728786895 ], [ 99.077210489908879, 33.324432712131106 ], [ 99.085289510091172, 33.317233954535617 ], [ 99.089710489908882, 33.316099378797773 ], [ 99.101956176757838, 33.304733954535621 ], [ 99.107937282986143, 33.303198920355932 ], [ 99.111932712131107, 33.298043823242217 ], [ 99.1125, 33.295833333333363 ], [ 99.114710489908887, 33.295266045464437 ], [ 99.122789510091181, 33.288067287868955 ], [ 99.12721048990889, 33.286932712131104 ], [ 99.131122843424507, 33.283900621202285 ], [ 99.136649237738752, 33.282482401529975 ], [ 99.138350762261311, 33.275850931803411 ], [ 99.144982571072077, 33.274149068196643 ], [ 99.146752929687537, 33.267249552408884 ], [ 99.156122843424512, 33.258900621202287 ], [ 99.169873385959235, 33.257677374945779 ], [ 99.174432712131107, 33.252210489908883 ], [ 99.175, 33.25 ], [ 99.175850762261319, 33.24668426513675 ], [ 99.18137715657555, 33.24526604546444 ], [ 99.186753336588566, 33.24109937879777 ], [ 99.193877156575553, 33.242233954535621 ], [ 99.199253336588569, 33.246400621202284 ], [ 99.214710489908882, 33.24526604546444 ], [ 99.226956176757838, 33.233900621202288 ], [ 99.233333333333363, 33.233333333333363 ], [ 99.232677544487885, 33.22595977783206 ], [ 99.227210489908884, 33.221400621202285 ], [ 99.221471150716184, 33.219927639431454 ], [ 99.220266045464442, 33.20195617675784 ], [ 99.217233954535615, 33.198043823242216 ], [ 99.216666666666697, 33.195833333333361 ], [ 99.217019992404545, 33.193408881293429 ], [ 99.228813340928852, 33.181591118706628 ], [ 99.2291666666667, 33.179166666666696 ], [ 99.235480753580759, 33.179796854654974 ], [ 99.241270277235273, 33.183963521321644 ], [ 99.243814086914099, 33.18270314534508 ], [ 99.247852579752632, 33.179796854654974 ], [ 99.268814086914091, 33.17853647867841 ], [ 99.272852579752637, 33.175630187988311 ], [ 99.286741129557328, 33.174244011773034 ], [ 99.287997436523469, 33.161919148763047 ], [ 99.283963690863743, 33.156314086914094 ], [ 99.282702975802977, 33.1520192464193 ], [ 99.278536309136314, 33.146229722764787 ], [ 99.280365668402808, 33.142537434895864 ], [ 99.285480753580757, 33.141036309136311 ], [ 99.29127027723527, 33.136869642469648 ], [ 99.293814086914097, 33.138130357530407 ], [ 99.29960361056861, 33.142297024197077 ], [ 99.304567803276939, 33.1398373074002 ], [ 99.307702975802982, 33.135480753580758 ], [ 99.308333333333366, 33.133333333333361 ], [ 99.319091118706623, 33.133686659071209 ], [ 99.3229166666667, 33.137485419379367 ], [ 99.327083333333363, 33.133347913954019 ], [ 99.33125, 33.137485419379367 ], [ 99.335075547960102, 33.133686659071209 ], [ 99.34583333333336, 33.133333333333361 ], [ 99.34583333333336, 33.129166666666691 ], [ 99.346746826171909, 33.125607638888916 ], [ 99.37721048990889, 33.124432712131103 ], [ 99.381122843424507, 33.121400621202284 ], [ 99.386862182617222, 33.119927639431452 ], [ 99.388131713867224, 33.1009938557943 ], [ 99.397789510091172, 33.092233954535615 ], [ 99.403315904405417, 33.09081590440541 ], [ 99.404166666666697, 33.0875 ], [ 99.404733954535629, 33.085289510091172 ], [ 99.408900621202292, 33.079913330078149 ], [ 99.407766045464442, 33.07695617675784 ], [ 99.403599378797779, 33.071579996744816 ], [ 99.405173407660627, 33.067477756076414 ], [ 99.411649237738743, 33.065815904405412 ], [ 99.413350762261317, 33.059184095594645 ], [ 99.418877156575547, 33.05776604546444 ], [ 99.422789510091178, 33.054733954535621 ], [ 99.425, 33.054166666666696 ], [ 99.427424452039958, 33.054519992404543 ], [ 99.43125, 33.058318752712701 ], [ 99.435075547960096, 33.054519992404543 ], [ 99.439924452039961, 33.053813340928848 ], [ 99.444120279947953, 33.049646674262178 ], [ 99.448257785373301, 33.050353325737873 ], [ 99.455908881293439, 33.057980007595511 ], [ 99.460790337456629, 33.058691406250027 ], [ 99.466313340928849, 33.064242214626766 ], [ 99.46702440049917, 33.069121636284748 ], [ 99.476742214626768, 33.078813340928846 ], [ 99.481591118706632, 33.079519992404542 ], [ 99.489950900607667, 33.087853325737875 ], [ 99.498257785373298, 33.087146674262179 ], [ 99.501742214626773, 33.083686659071205 ], [ 99.506591118706638, 33.082980007595516 ], [ 99.518408881293439, 33.071186659071209 ], [ 99.520833333333371, 33.070833333333361 ], [ 99.523081461588575, 33.071362982855931 ], [ 99.528226047092048, 33.075529649522593 ], [ 99.539748128255241, 33.074470350477455 ], [ 99.544892713758713, 33.070303683810792 ], [ 99.549350314670178, 33.071784125434057 ], [ 99.557803683810803, 33.081085205078153 ], [ 99.558862982855942, 33.085581461588568 ], [ 99.562103949652808, 33.089583333333358 ], [ 99.557803683810803, 33.094892713758711 ], [ 99.559245469835105, 33.099233330620685 ], [ 99.5625, 33.1 ], [ 99.566666666666706, 33.1 ], [ 99.570833333333368, 33.1 ], [ 99.571684095594648, 33.096684095594647 ], [ 99.578770616319474, 33.094865587022596 ], [ 99.582766045464439, 33.089710489908882 ], [ 99.583333333333371, 33.0875 ], [ 99.595833333333374, 33.0875 ], [ 99.606591118706632, 33.087146674262179 ], [ 99.610075547960108, 33.083686659071205 ], [ 99.614954969618097, 33.082975599500898 ], [ 99.624646674262181, 33.073257785373293 ], [ 99.625, 33.066666666666691 ], [ 99.625850762261322, 33.063350762261315 ], [ 99.629166666666706, 33.0625 ], [ 99.636697387695349, 33.063235134548641 ], [ 99.638117472330762, 33.07299363878041 ], [ 99.641049194335977, 33.077006361219645 ], [ 99.642284138997425, 33.081326972113743 ], [ 99.650296698676257, 33.090560234917561 ], [ 99.657406955295173, 33.092593044704891 ], [ 99.658333333333374, 33.09583333333336 ], [ 99.660581461588578, 33.095303683810791 ], [ 99.668585205078159, 33.088029649522596 ], [ 99.671773952908026, 33.086970350477458 ], [ 99.676918538411499, 33.091137017144128 ], [ 99.680249701605945, 33.092196316189266 ], [ 99.690565999348991, 33.082819620768255 ], [ 99.695060899522602, 33.084219699435792 ], [ 99.696362982855945, 33.089748128255238 ], [ 99.699470350477469, 33.093585205078156 ], [ 99.700529649522608, 33.102248128255233 ], [ 99.703637017144132, 33.106085205078152 ], [ 99.704166666666708, 33.108333333333363 ], [ 99.714924452039966, 33.107980007595515 ], [ 99.722575547960105, 33.100353325737878 ], [ 99.7291666666667, 33.1 ], [ 99.731591118706632, 33.099646674262182 ], [ 99.735786946614624, 33.095480007595512 ], [ 99.739924452039972, 33.096186659071208 ], [ 99.74412027994795, 33.100353325737878 ], [ 99.752424452039961, 33.099646674262182 ], [ 99.768408881293439, 33.083686659071205 ], [ 99.770833333333371, 33.083333333333364 ], [ 99.771440972222251, 33.099086507161488 ], [ 99.777210489908896, 33.100567287868948 ], [ 99.781122843424512, 33.103599378797767 ], [ 99.785543823242222, 33.104733954535618 ], [ 99.789592149522605, 33.107871500651072 ], [ 99.799062771267401, 33.099432712131104 ], [ 99.806377156575564, 33.100567287868948 ], [ 99.823988172743086, 33.117233954535621 ], [ 99.840762329101594, 33.11602342393666 ], [ 99.842517428927991, 33.109184095594642 ], [ 99.845833333333374, 33.108333333333363 ], [ 99.849291653103336, 33.109220716688398 ], [ 99.850567287868955, 33.11887715657555 ], [ 99.853599378797782, 33.122789510091174 ], [ 99.854733954535632, 33.127210489908883 ], [ 99.857766045464444, 33.131122843424507 ], [ 99.859184095594657, 33.136649237738744 ], [ 99.865689425998298, 33.138318549262181 ], [ 99.867233954535621, 33.142603895399333 ], [ 99.858900621202295, 33.151956176757842 ], [ 99.857766045464444, 33.154913330078152 ], [ 99.861932712131107, 33.160289510091175 ], [ 99.863067287868958, 33.164710489908884 ], [ 99.866099378797784, 33.168622843424508 ], [ 99.867233954535621, 33.171770562066001 ], [ 99.858900621202295, 33.181122843424504 ], [ 99.857766045464444, 33.192413330078153 ], [ 99.861932712131107, 33.197789510091177 ], [ 99.863208346896741, 33.207445949978329 ], [ 99.870094468858539, 33.209213087293868 ], [ 99.871400621202298, 33.217413330078152 ], [ 99.867135281033029, 33.222916666666698 ], [ 99.870266045464447, 33.226956176757838 ], [ 99.871400621202298, 33.229913330078155 ], [ 99.867233954535621, 33.235289510091178 ], [ 99.866666666666703, 33.254166666666698 ], [ 99.875, 33.254166666666698 ], [ 99.879166666666706, 33.254166666666698 ], [ 99.880273098415842, 33.250296698676244 ], [ 99.889506361219659, 33.242284308539524 ], [ 99.903364054362015, 33.240931532118083 ], [ 99.904784138997428, 33.231173197428411 ], [ 99.907715861002643, 33.227160135904974 ], [ 99.909194946289105, 33.216997782389349 ], [ 99.914506361219651, 33.213117641872856 ], [ 99.918826972113749, 33.211882358127198 ], [ 99.922839694552991, 33.208950975206193 ], [ 99.932539198133725, 33.207539198133709 ], [ 99.934165106879377, 33.196368408203156 ], [ 99.943673027886319, 33.188117641872857 ], [ 99.947993638780417, 33.1868823581272 ], [ 99.952006361219659, 33.183950975206194 ], [ 99.956326972113757, 33.18271569146053 ], [ 99.960339694552985, 33.179784308539524 ], [ 99.9625, 33.179166666666696 ], [ 99.963244967990477, 33.186469862196212 ], [ 99.970818074544297, 33.188749864366351 ], [ 99.967309400770418, 33.193698289659316 ], [ 99.966023932562962, 33.204660034179717 ], [ 99.971583387586833, 33.211758931477895 ], [ 99.990628560384138, 33.213219028049075 ], [ 99.992630852593336, 33.219869147406712 ], [ 99.997968377007396, 33.221476067437095 ], [ 100.002031622992646, 33.224357265896295 ], [ 100.006301710340736, 33.225642734103758 ], [ 100.014531622992649, 33.232690599229628 ], [ 100.028395250108531, 33.234104749891522 ], [ 100.029166666666683, 33.241666666666696 ], [ 100.031591118706615, 33.242019992404543 ], [ 100.035075547960091, 33.245480007595518 ], [ 100.044091118706618, 33.246186659071206 ], [ 100.047916666666694, 33.249985419379371 ], [ 100.052083333333357, 33.245847913954023 ], [ 100.05662044949004, 33.250353325737876 ], [ 100.064924452039946, 33.249646674262181 ], [ 100.068408881293422, 33.246186659071206 ], [ 100.075, 33.245833333333366 ], [ 100.07556728786895, 33.248043823242213 ], [ 100.082766045464439, 33.256122843424507 ], [ 100.083900621202275, 33.260543823242216 ], [ 100.087895880805149, 33.265698920355931 ], [ 100.093877156575545, 33.267233954535619 ], [ 100.097789510091175, 33.270266045464439 ], [ 100.11054382324221, 33.271400621202289 ], [ 100.122789510091167, 33.282766045464442 ], [ 100.131377156575539, 33.283900621202285 ], [ 100.13528951009117, 33.286932712131104 ], [ 100.14081573486331, 33.288350931803414 ], [ 100.142233954535612, 33.293877156575547 ], [ 100.145266045464439, 33.297789510091178 ], [ 100.145833333333357, 33.3 ], [ 100.15, 33.3 ], [ 100.185757785373283, 33.300353325737873 ], [ 100.189242214626759, 33.303813340928848 ], [ 100.198287794325111, 33.304522365993954 ], [ 100.203813340928846, 33.310075547960096 ], [ 100.204519992404542, 33.319091118706623 ], [ 100.216313340928849, 33.330908881293432 ], [ 100.217019992404545, 33.335757785373296 ], [ 100.221186659071208, 33.339953782823379 ], [ 100.220480007595512, 33.348257785373292 ], [ 100.217019992404545, 33.351742214626768 ], [ 100.216313340928849, 33.356591118706625 ], [ 100.212146674262172, 33.360787116156715 ], [ 100.212855868869383, 33.369121466742655 ], [ 100.218408881293428, 33.374646674262181 ], [ 100.233333333333363, 33.375 ], [ 100.257416280110704, 33.37559288872616 ], [ 100.259301079644118, 33.382937452528239 ], [ 100.264456176757832, 33.386932712131106 ], [ 100.268877156575542, 33.388067287868957 ], [ 100.272789510091172, 33.391099378797776 ], [ 100.278315734863298, 33.392517598470079 ], [ 100.280381605360262, 33.400567287868952 ], [ 100.286672804090742, 33.399184672037791 ], [ 100.29526604546443, 33.389710489908886 ], [ 100.295833333333363, 33.3875 ], [ 100.296739027235262, 33.383970981174073 ], [ 100.315760972764778, 33.382695685492649 ], [ 100.317517598470076, 33.375850931803413 ], [ 100.323043823242216, 33.374432712131103 ], [ 100.331122843424509, 33.367233954535621 ], [ 100.333333333333357, 33.366666666666696 ], [ 100.344091118706615, 33.367019992404543 ], [ 100.347916666666691, 33.370818752712701 ], [ 100.351742214626768, 33.367019992404543 ], [ 100.354166666666686, 33.366666666666696 ], [ 100.361670260959229, 33.367382812500033 ], [ 100.363105095757405, 33.375540669759147 ], [ 100.358938429090742, 33.381160651312968 ], [ 100.357728237575984, 33.385506015353762 ], [ 100.354771762424065, 33.3894939846463 ], [ 100.353561570909307, 33.396374003092475 ], [ 100.357794528537354, 33.402083333333366 ], [ 100.35398322211374, 33.407224188910618 ], [ 100.347827317979622, 33.408938429090739 ], [ 100.34244283040367, 33.413290066189269 ], [ 100.341061570909318, 33.423006015353764 ], [ 100.338105095757399, 33.426993984646295 ], [ 100.336894904242641, 33.431339348687096 ], [ 100.333938429090736, 33.435327317979628 ], [ 100.333333333333357, 33.4375 ], [ 100.333691406250026, 33.439956834581196 ], [ 100.339242214626765, 33.445480007595513 ], [ 100.34583333333336, 33.445833333333361 ], [ 100.35, 33.445833333333361 ], [ 100.352424452039955, 33.446186659071209 ], [ 100.357975260416694, 33.451709832085534 ], [ 100.358333333333363, 33.454166666666694 ], [ 100.357980007595515, 33.464924452039959 ], [ 100.354519992404533, 33.468408881293435 ], [ 100.354166666666686, 33.4875 ], [ 100.347575547960091, 33.487853325737881 ], [ 100.344091118706615, 33.491313340928848 ], [ 100.339242214626765, 33.492019992404543 ], [ 100.333688184950105, 33.497546217176676 ], [ 100.333333333333357, 33.504166666666698 ], [ 100.334259711371558, 33.507406955295167 ], [ 100.339660135904978, 33.508950975206197 ], [ 100.353078375922337, 33.521193610297338 ], [ 100.354784308539521, 33.527160135904978 ], [ 100.357715691460527, 33.531173197428416 ], [ 100.358950975206184, 33.539660135904981 ], [ 100.366049024793867, 33.547839864095081 ], [ 100.367284308539524, 33.55500505235463 ], [ 100.350617641872859, 33.572839864095087 ], [ 100.349382358127201, 33.577160135904982 ], [ 100.346450975206182, 33.58117319742842 ], [ 100.345215691460524, 33.585493469238315 ], [ 100.341399298773894, 33.590718078613314 ], [ 100.352160135904967, 33.592284308539526 ], [ 100.36139356825089, 33.600296698676246 ], [ 100.363117641872861, 33.606326802571644 ], [ 100.37021569146053, 33.614506530761751 ], [ 100.371450975206187, 33.625736660427549 ], [ 100.363117641872861, 33.635339864095087 ], [ 100.3625, 33.6375 ], [ 100.366270785861573, 33.638467746310795 ], [ 100.370266045464433, 33.643622843424509 ], [ 100.37168426513675, 33.64914906819665 ], [ 100.375, 33.65 ], [ 100.378315734863307, 33.64914906819665 ], [ 100.379166666666691, 33.645833333333364 ], [ 100.380017598470076, 33.642517598470086 ], [ 100.385543823242216, 33.641099378797776 ], [ 100.390920003255232, 33.636932712131106 ], [ 100.398043823242219, 33.638067287868957 ], [ 100.401956176757835, 33.641099378797776 ], [ 100.404166666666697, 33.641666666666701 ], [ 100.406301710340742, 33.641023932562966 ], [ 100.418698289659318, 33.629809400770434 ], [ 100.43546837700741, 33.628523932562963 ], [ 100.439531622992646, 33.625642734103764 ], [ 100.445856899685353, 33.623738437228766 ], [ 100.449357265896296, 33.61880171034074 ], [ 100.450739203559053, 33.600774637858102 ], [ 100.458333333333357, 33.6 ], [ 100.45923292371964, 33.596494547526071 ], [ 100.473043823242207, 33.595266045464442 ], [ 100.476956176757838, 33.592233954535622 ], [ 100.482624816894557, 33.590779283311662 ], [ 100.484041849772154, 33.580054050021729 ], [ 100.4875, 33.579166666666701 ], [ 100.4875, 33.566666666666698 ], [ 100.49799346923831, 33.56604902479387 ], [ 100.502006530761747, 33.563117641872864 ], [ 100.511528354220943, 33.561731804741783 ], [ 100.513486226399763, 33.554883829752633 ], [ 100.528364054362001, 33.55343153211809 ], [ 100.529784308539519, 33.543673197428419 ], [ 100.532715691460524, 33.539660135904981 ], [ 100.53333333333336, 33.5375 ], [ 100.536791483561231, 33.536612616644994 ], [ 100.538067287868955, 33.526956176757842 ], [ 100.541099378797767, 33.523043823242219 ], [ 100.542566257052982, 33.517327880859405 ], [ 100.55, 33.516666666666694 ], [ 100.553315734863304, 33.517517598470086 ], [ 100.555134412977452, 33.524604119194912 ], [ 100.560289510091167, 33.528599378797772 ], [ 100.575, 33.529166666666697 ], [ 100.57831573486331, 33.530017598470081 ], [ 100.579166666666694, 33.533333333333367 ], [ 100.582937452528242, 33.532365587022603 ], [ 100.586932712131102, 33.527210489908882 ], [ 100.588350931803419, 33.521684265136749 ], [ 100.593877156575545, 33.520266045464439 ], [ 100.599253336588575, 33.516099378797776 ], [ 100.602210489908884, 33.517233954535619 ], [ 100.606122843424501, 33.520266045464439 ], [ 100.608333333333363, 33.520833333333364 ], [ 100.609301079644126, 33.517062547471816 ], [ 100.615920003255241, 33.511932712131106 ], [ 100.627210489908876, 33.513067287868957 ], [ 100.631122843424507, 33.516099378797776 ], [ 100.639710489908879, 33.517233954535619 ], [ 100.647919209798204, 33.524548339843783 ], [ 100.661511908637181, 33.511932712131106 ], [ 100.664710489908884, 33.513067287868957 ], [ 100.670086669921901, 33.517233954535619 ], [ 100.677210489908887, 33.516099378797776 ], [ 100.681122843424504, 33.513067287868957 ], [ 100.686649068196644, 33.511649068196647 ], [ 100.688467746310792, 33.504562547471821 ], [ 100.693622843424507, 33.500567287868954 ], [ 100.695833333333354, 33.5 ], [ 100.702424452039963, 33.500353325737876 ], [ 100.705908881293425, 33.503813340928851 ], [ 100.710757785373289, 33.504519992404546 ], [ 100.722575547960091, 33.516313340928853 ], [ 100.725, 33.516666666666694 ], [ 100.725887383355058, 33.51320851643883 ], [ 100.73661261664499, 33.511791483561225 ], [ 100.73835093180341, 33.505017598470083 ], [ 100.741666666666688, 33.504166666666698 ], [ 100.741666666666688, 33.5 ], [ 100.741043090820341, 33.488409254286054 ], [ 100.7375, 33.4875 ], [ 100.737853325737873, 33.485075547960101 ], [ 100.741313340928841, 33.481591118706625 ], [ 100.742019992404536, 33.476742214626768 ], [ 100.746186659071213, 33.472546217176678 ], [ 100.745477464464003, 33.464211866590745 ], [ 100.739924452039958, 33.458686659071212 ], [ 100.735043165418858, 33.457975260416696 ], [ 100.729179890950547, 33.452082824707063 ], [ 100.745480007595518, 33.435757785373298 ], [ 100.745833333333366, 33.420833333333363 ], [ 100.746732923719648, 33.417327880859403 ], [ 100.761540222167994, 33.41601070827911 ], [ 100.766099378797776, 33.410543823242215 ], [ 100.766666666666694, 33.391666666666694 ], [ 100.777210489908882, 33.392233954535619 ], [ 100.782586669921898, 33.396400621202289 ], [ 100.785543823242222, 33.395266045464439 ], [ 100.789456176757838, 33.392233954535619 ], [ 100.793877156575547, 33.391099378797776 ], [ 100.801956176757841, 33.383900621202287 ], [ 100.807482401529981, 33.382482401529977 ], [ 100.809301079644129, 33.375395880805151 ], [ 100.814456176757844, 33.371400621202284 ], [ 100.828267076280412, 33.370172119140655 ], [ 100.830066257052977, 33.363161214192736 ], [ 100.843877156575545, 33.361932712131107 ], [ 100.856122843424515, 33.350567287868955 ], [ 100.869933742947083, 33.349338785807319 ], [ 100.870833333333366, 33.34583333333336 ], [ 100.870155504014789, 33.321614244249162 ], [ 100.854455905490482, 33.320012749566004 ], [ 100.849357096354197, 33.312821790907151 ], [ 100.850642903645863, 33.310364956325984 ], [ 100.857690429687523, 33.302135043674078 ], [ 100.858333333333363, 33.3 ], [ 100.859108140733539, 33.292405870225721 ], [ 100.877134874131968, 33.291023932562965 ], [ 100.88125, 33.288106113010009 ], [ 100.887178209092909, 33.292309400770428 ], [ 100.897968207465311, 33.291023932562965 ], [ 100.902031792534757, 33.288142734103765 ], [ 100.9104682074653, 33.286857265896295 ], [ 100.914531792534746, 33.283976067437095 ], [ 100.922968207465303, 33.282690599229632 ], [ 100.927031792534748, 33.279809400770432 ], [ 100.938142903645868, 33.278116353352893 ], [ 100.936857096354203, 33.272864956325982 ], [ 100.932690429687526, 33.266988457573817 ], [ 100.935321044921906, 33.261961703830323 ], [ 100.939531792534751, 33.258976067437096 ], [ 100.943801540798646, 33.257690599229633 ], [ 100.947865125868091, 33.254809400770426 ], [ 100.952134874131971, 33.253523932562963 ], [ 100.956198459201417, 33.250642734103764 ], [ 100.958333333333357, 33.25 ], [ 100.965767076280414, 33.250661214192739 ], [ 100.967546251085096, 33.257594638400633 ], [ 100.975746663411485, 33.258900621202287 ], [ 100.981122843424515, 33.254733954535617 ], [ 100.984079996744825, 33.253599378797773 ], [ 100.989456176757841, 33.257766045464436 ], [ 100.996579996744828, 33.258900621202287 ], [ 101.003198920355928, 33.253770785861576 ], [ 101.005067613389784, 33.246489291720948 ], [ 101.019618394639792, 33.24526604546444 ], [ 101.020833333333357, 33.25 ], [ 101.032424248589436, 33.250623575846383 ], [ 101.034184095594654, 33.257482401529977 ], [ 101.039710489908884, 33.258900621202287 ], [ 101.047789510091178, 33.266099378797769 ], [ 101.053315904405409, 33.267517598470079 ], [ 101.055054050021738, 33.274291483561228 ], [ 101.065779283311656, 33.275708516438833 ], [ 101.067233954535624, 33.281377156575552 ], [ 101.070266045464436, 33.285289510091175 ], [ 101.070833333333368, 33.2875 ], [ 101.075, 33.2875 ], [ 101.077134874131971, 33.288142734103765 ], [ 101.081198459201417, 33.291023932562965 ], [ 101.085468207465311, 33.292309400770428 ], [ 101.0903727213542, 33.29578687879777 ], [ 101.095190429687534, 33.289635043674075 ], [ 101.096613566080762, 33.275685628255239 ], [ 101.116666666666703, 33.275 ], [ 101.117233954535621, 33.272789510091172 ], [ 101.12443271213111, 33.264710489908886 ], [ 101.125913492838578, 33.258940802680151 ], [ 101.141666666666694, 33.258333333333361 ], [ 101.145437282986137, 33.257365587022598 ], [ 101.149432712131102, 33.252210489908883 ], [ 101.150850762261314, 33.24668426513675 ], [ 101.154166666666697, 33.245833333333366 ], [ 101.155054050021732, 33.24929148356123 ], [ 101.164710489908884, 33.250567287868954 ], [ 101.168622843424515, 33.253599378797773 ], [ 101.174149237738746, 33.255017598470083 ], [ 101.175567287868958, 33.260543823242216 ], [ 101.17859937879777, 33.26445617675784 ], [ 101.180381605360282, 33.271400621202289 ], [ 101.198043823242216, 33.270266045464439 ], [ 101.201956176757847, 33.267233954535619 ], [ 101.204166666666694, 33.266666666666694 ], [ 101.205381605360273, 33.261932712131106 ], [ 101.214710489908882, 33.26306728786895 ], [ 101.222789510091175, 33.270266045464439 ], [ 101.227210489908884, 33.271400621202289 ], [ 101.23125, 33.27453121609161 ], [ 101.235289510091178, 33.271400621202289 ], [ 101.24387715657555, 33.270266045464439 ], [ 101.247789510091181, 33.267233954535619 ], [ 101.289710489908884, 33.266099378797769 ], [ 101.293622843424515, 33.26306728786895 ], [ 101.298043823242224, 33.261932712131106 ], [ 101.314456176757844, 33.246400621202284 ], [ 101.324080403645866, 33.24512905544708 ], [ 101.328599378797776, 33.23971048990888 ], [ 101.329166666666694, 33.2375 ], [ 101.328813340928846, 33.235075547960101 ], [ 101.325013563368088, 33.231248982747424 ], [ 101.341313340928849, 33.214924452039959 ], [ 101.341666666666697, 33.2125 ], [ 101.342383829752634, 33.205152893066433 ], [ 101.349886067708368, 33.203007846408447 ], [ 101.353549194335969, 33.197993469238313 ], [ 101.354901801215306, 33.184136623806452 ], [ 101.364506361219654, 33.175617641872861 ], [ 101.374205864800373, 33.174205864800378 ], [ 101.375861612955759, 33.162831115722682 ], [ 101.381173027886319, 33.158950975206189 ], [ 101.383333333333368, 33.15833333333336 ], [ 101.384184095594648, 33.155017428927977 ], [ 101.3875, 33.154166666666697 ], [ 101.38806728786895, 33.156377156575552 ], [ 101.392233954535627, 33.161753336588568 ], [ 101.391099378797776, 33.164710489908884 ], [ 101.386932712131113, 33.170086669921901 ], [ 101.38806728786895, 33.173043823242217 ], [ 101.391099378797776, 33.176956176757841 ], [ 101.392233954535627, 33.185543823242213 ], [ 101.396400621202289, 33.190920003255236 ], [ 101.395266045464439, 33.193877156575546 ], [ 101.392233954535627, 33.197789510091177 ], [ 101.391099378797776, 33.210543823242219 ], [ 101.387540351019993, 33.215136210123724 ], [ 101.397789510091172, 33.224432712131104 ], [ 101.402210489908882, 33.225567287868955 ], [ 101.40625, 33.228697882758276 ], [ 101.411004299587702, 33.225013224283884 ], [ 101.416099378797782, 33.231122843424508 ], [ 101.417517428927979, 33.236649068196641 ], [ 101.423043823242224, 33.238067287868951 ], [ 101.426956176757841, 33.24109937879777 ], [ 101.43971048990889, 33.242233954535621 ], [ 101.444337632921034, 33.245820109049511 ], [ 101.449432712131113, 33.23971048990888 ], [ 101.450899590386314, 33.233994547526073 ], [ 101.464710489908882, 33.232766045464437 ], [ 101.468622843424512, 33.229733954535618 ], [ 101.49067620171445, 33.228547498914956 ], [ 101.495266045464447, 33.223043823242215 ], [ 101.496400621202298, 33.218622843424505 ], [ 101.49943271213111, 33.214710489908882 ], [ 101.500909084743952, 33.208956909179719 ], [ 101.5125, 33.208333333333364 ], [ 101.513119167751768, 33.196823798285621 ], [ 101.518622843424509, 33.192233954535617 ], [ 101.523043823242219, 33.191099378797773 ], [ 101.531122843424512, 33.183900621202284 ], [ 101.535543823242222, 33.18276604546444 ], [ 101.547789510091178, 33.171400621202288 ], [ 101.5574137369792, 33.170129055447077 ], [ 101.56193271213111, 33.164710489908884 ], [ 101.563467746310792, 33.158729214138482 ], [ 101.568622843424521, 33.154733954535615 ], [ 101.573043823242216, 33.153599378797772 ], [ 101.614456176757841, 33.113067287868951 ], [ 101.619982571072086, 33.111649237738746 ], [ 101.621684095594659, 33.105017428927979 ], [ 101.625, 33.104166666666693 ], [ 101.629166666666706, 33.104166666666693 ], [ 101.630017428927985, 33.10085076226131 ], [ 101.635543823242216, 33.099432712131104 ], [ 101.647789510091187, 33.088067287868952 ], [ 101.652210489908896, 33.086932712131102 ], [ 101.664456176757852, 33.07556728786895 ], [ 101.675, 33.075 ], [ 101.677424452039972, 33.075353325737872 ], [ 101.685784233941007, 33.083686659071205 ], [ 101.702424452039963, 33.082980007595516 ], [ 101.710415988498298, 33.075013902452284 ], [ 101.714953613281281, 33.079519992404542 ], [ 101.727424452039969, 33.078813340928846 ], [ 101.735075547960108, 33.071186659071209 ], [ 101.739924452039972, 33.070480007595513 ], [ 101.74757554796011, 33.062853325737876 ], [ 101.75, 33.0625 ], [ 101.750353325737876, 33.047575547960093 ], [ 101.753813340928858, 33.044091118706625 ], [ 101.754166666666706, 33.025 ], [ 101.755054050021741, 33.021541680230058 ], [ 101.764710489908893, 33.020266045464439 ], [ 101.782321506076428, 33.003599378797773 ], [ 101.785543823242222, 33.004733954535617 ], [ 101.790136379665839, 33.008292982313392 ], [ 101.799432712131107, 32.998043823242213 ], [ 101.8, 32.995833333333358 ], [ 101.802210489908887, 32.996400621202284 ], [ 101.807196044921909, 33.000264485677107 ], [ 101.809301079644129, 32.992062717013916 ], [ 101.814456176757844, 32.988067287868951 ], [ 101.841666666666697, 32.9875 ], [ 101.842233954535629, 32.985289510091171 ], [ 101.845266045464442, 32.981377156575547 ], [ 101.84675292968754, 32.975582885742213 ], [ 101.856122843424515, 32.967233954535615 ], [ 101.874094306098129, 32.96602884928388 ], [ 101.875967746310806, 32.958729383680584 ], [ 101.881122843424521, 32.954733954535619 ], [ 101.883333333333368, 32.954166666666694 ], [ 101.885757785373301, 32.953813340928846 ], [ 101.889242214626776, 32.950353325737872 ], [ 101.891666666666708, 32.95 ], [ 101.903357272677994, 32.949311998155409 ], [ 101.904935031467048, 32.938471815321208 ], [ 101.910493638780423, 32.936882527669297 ], [ 101.916197374131983, 32.932715861002627 ], [ 101.931326972113752, 32.93395080566409 ], [ 101.935339694552994, 32.936882527669297 ], [ 101.939660305447092, 32.938117472330752 ], [ 101.94375, 32.941105143229194 ], [ 101.947839694552982, 32.938117472330752 ], [ 101.95, 32.9375 ], [ 101.95, 32.933333333333358 ], [ 101.950887383355052, 32.929875013563397 ], [ 101.960543823242205, 32.92859937879777 ], [ 101.964456176757835, 32.925567287868951 ], [ 101.968877156575545, 32.9244327121311 ], [ 101.978229437934047, 32.916099378797767 ], [ 101.981377156575547, 32.917233954535618 ], [ 101.985289510091164, 32.920266045464437 ], [ 102.002210489908876, 32.921400621202281 ], [ 102.006122843424507, 32.9244327121311 ], [ 102.018877156575542, 32.925567287868951 ], [ 102.026956176757835, 32.932766045464433 ], [ 102.041666666666686, 32.933333333333358 ], [ 102.041313340928838, 32.905908881293428 ], [ 102.037853325737871, 32.902424452039959 ], [ 102.037146674262175, 32.897575547960095 ], [ 102.029519992404531, 32.889924452039956 ], [ 102.029166666666683, 32.8875 ], [ 102.035757785373292, 32.887146674262176 ], [ 102.039242214626753, 32.883686659071209 ], [ 102.044091118706618, 32.882980007595513 ], [ 102.052451070149758, 32.874646674262181 ], [ 102.056591118706621, 32.875353325737876 ], [ 102.060075547960096, 32.878813340928843 ], [ 102.0625, 32.879166666666691 ], [ 102.066270785861562, 32.878198920355928 ], [ 102.070266045464436, 32.873043823242213 ], [ 102.071400621202287, 32.851956176757838 ], [ 102.078599378797762, 32.843877156575545 ], [ 102.079733954535612, 32.82278951009117 ], [ 102.082766045464439, 32.818877156575546 ], [ 102.08423902723527, 32.813137817382838 ], [ 102.10221048990887, 32.811932712131103 ], [ 102.106122843424501, 32.808900621202284 ], [ 102.113067287868944, 32.80711839463978 ], [ 102.111932712131093, 32.797789510091171 ], [ 102.10776604546443, 32.792413330078148 ], [ 102.108900621202281, 32.785289510091168 ], [ 102.111932712131093, 32.781377156575545 ], [ 102.113067287868944, 32.776956176757835 ], [ 102.11609937879777, 32.773043823242212 ], [ 102.117233954535607, 32.768622843424502 ], [ 102.120266045464433, 32.764710489908879 ], [ 102.120833333333351, 32.754166666666691 ], [ 102.124149068196644, 32.753315904405405 ], [ 102.125, 32.75 ], [ 102.135757785373286, 32.750353325737869 ], [ 102.139953782823369, 32.754519992404539 ], [ 102.144091118706626, 32.753813340928843 ], [ 102.151742214626765, 32.746186659071206 ], [ 102.154166666666697, 32.745833333333358 ], [ 102.154519992404531, 32.743408881293426 ], [ 102.157980007595512, 32.739924452039958 ], [ 102.158686659071208, 32.735075547960093 ], [ 102.162146674262175, 32.731591118706625 ], [ 102.162853325737871, 32.726742214626761 ], [ 102.182980007595503, 32.706591118706619 ], [ 102.183686659071199, 32.693408881293429 ], [ 102.191313340928843, 32.685757785373291 ], [ 102.19202473958336, 32.680876329210093 ], [ 102.197575547960099, 32.675353325737873 ], [ 102.202424452039949, 32.674646674262178 ], [ 102.205908881293425, 32.671186659071203 ], [ 102.208333333333357, 32.670833333333356 ], [ 102.207980007595509, 32.664242214626761 ], [ 102.200013902452284, 32.656250678168426 ], [ 102.203813340928846, 32.652424452039952 ], [ 102.204519992404542, 32.635075547960092 ], [ 102.208686659071205, 32.630879720052107 ], [ 102.207980007595509, 32.601742214626761 ], [ 102.199646674262169, 32.593382432725718 ], [ 102.200353325737865, 32.568408881293429 ], [ 102.212146674262172, 32.556591118706621 ], [ 102.2125, 32.554166666666688 ], [ 102.210289510091172, 32.553599378797763 ], [ 102.206377156575542, 32.550567287868944 ], [ 102.200617133246553, 32.549089219835096 ], [ 102.199432712131099, 32.524253336588565 ], [ 102.203599378797762, 32.518877156575542 ], [ 102.204733954535612, 32.515920003255232 ], [ 102.20056728786895, 32.510543823242209 ], [ 102.199432712131099, 32.501956176757837 ], [ 102.195437452528239, 32.496801079644122 ], [ 102.188506740993944, 32.495022243923636 ], [ 102.186932712131096, 32.490920003255233 ], [ 102.191197882758274, 32.485416666666687 ], [ 102.187968783908445, 32.48125 ], [ 102.191197882758274, 32.477083333333354 ], [ 102.188067287868947, 32.473043823242207 ], [ 102.186932712131096, 32.468622843424498 ], [ 102.179733954535607, 32.460543823242212 ], [ 102.179166666666688, 32.458333333333357 ], [ 102.178813340928841, 32.447575547960092 ], [ 102.175014580620683, 32.44375 ], [ 102.178813340928841, 32.439924452039953 ], [ 102.179519992404536, 32.418408881293423 ], [ 102.183318752712694, 32.414583333333354 ], [ 102.179519992404536, 32.410757785373285 ], [ 102.17880859375002, 32.405876329210088 ], [ 102.173257785373281, 32.400353325737868 ], [ 102.168408881293431, 32.399646674262172 ], [ 102.164924452039955, 32.396186659071205 ], [ 102.160045539008266, 32.395475599500891 ], [ 102.146186659071205, 32.381591118706616 ], [ 102.145480007595509, 32.376742214626759 ], [ 102.142019992404542, 32.373257785373283 ], [ 102.141313340928846, 32.347575547960091 ], [ 102.137853325737865, 32.344091118706622 ], [ 102.137146674262169, 32.322575547960092 ], [ 102.133686659071202, 32.319091118706616 ], [ 102.133333333333354, 32.304166666666688 ], [ 102.136649068196633, 32.303315904405402 ], [ 102.138350931803416, 32.296684095594642 ], [ 102.141666666666694, 32.295833333333356 ], [ 102.142582194010444, 32.28685709635419 ], [ 102.153523932562962, 32.297865125868078 ], [ 102.155216979980494, 32.308976236979191 ], [ 102.16880171034073, 32.307690429687518 ], [ 102.174020724826406, 32.303990003797765 ], [ 102.175918918185786, 32.316447279188388 ], [ 102.183011542426243, 32.321476236979187 ], [ 102.193801710340736, 32.320190429687521 ], [ 102.197864956325972, 32.317309570312524 ], [ 102.206301710340739, 32.316023763020851 ], [ 102.218698289659315, 32.304809570312521 ], [ 102.22083333333336, 32.304166666666688 ], [ 102.224149068196638, 32.305017428927975 ], [ 102.225567287868941, 32.310543823242206 ], [ 102.228599378797767, 32.314456176757837 ], [ 102.229166666666686, 32.316666666666691 ], [ 102.231591118706618, 32.317019992404532 ], [ 102.235416666666694, 32.320818752712697 ], [ 102.239242214626756, 32.317019992404532 ], [ 102.244123501247856, 32.316308593750023 ], [ 102.249646674262181, 32.310757785373283 ], [ 102.250353325737876, 32.297575547960093 ], [ 102.253813340928843, 32.294091118706618 ], [ 102.254519992404539, 32.285075547960091 ], [ 102.257980007595506, 32.281591118706615 ], [ 102.258333333333354, 32.241666666666688 ], [ 102.260543823242216, 32.242233954535614 ], [ 102.268622843424509, 32.249432712131096 ], [ 102.273043823242205, 32.250567287868947 ], [ 102.278420003255235, 32.25473395453561 ], [ 102.283155992296031, 32.252916802300369 ], [ 102.286932712131104, 32.248043823242206 ], [ 102.288067287868955, 32.243622843424497 ], [ 102.291099378797767, 32.239710489908873 ], [ 102.292375183105491, 32.230054050021721 ], [ 102.295833333333363, 32.229166666666686 ], [ 102.295833333333363, 32.225 ], [ 102.298257785373295, 32.225353325737871 ], [ 102.314949883355055, 32.242019992404536 ], [ 102.335757785373289, 32.241313340928841 ], [ 102.339242214626765, 32.237853325737866 ], [ 102.344091118706615, 32.237146674262171 ], [ 102.351742214626768, 32.229519992404533 ], [ 102.358333333333363, 32.229166666666686 ], [ 102.358900621202281, 32.226956176757831 ], [ 102.361932712131107, 32.223043823242207 ], [ 102.36335093180341, 32.21751742892797 ], [ 102.366666666666688, 32.21666666666669 ], [ 102.366666666666688, 32.208333333333357 ], [ 102.366313340928841, 32.197575547960092 ], [ 102.358686659071211, 32.189924452039953 ], [ 102.358333333333363, 32.183333333333351 ], [ 102.351956176757838, 32.182766045464433 ], [ 102.349432712131104, 32.18038160536026 ], [ 102.356377156575547, 32.178599378797763 ], [ 102.361880832248289, 32.174009535047766 ], [ 102.3625, 32.1625 ], [ 102.369091118706621, 32.162146674262175 ], [ 102.372917344835088, 32.158347235785612 ], [ 102.380908881293422, 32.166313340928838 ], [ 102.3875, 32.166666666666686 ], [ 102.389660135904975, 32.167284138997417 ], [ 102.407254367404533, 32.183725992838561 ], [ 102.408950975206182, 32.18966030544707 ], [ 102.411882358127201, 32.193673027886305 ], [ 102.413117641872859, 32.206326972113736 ], [ 102.416049024793864, 32.210339694552971 ], [ 102.417284308539521, 32.214660305447069 ], [ 102.420271809895866, 32.21875 ], [ 102.417228190104197, 32.222916666666684 ], [ 102.420215691460527, 32.227006361219637 ], [ 102.421627468533018, 32.236705864800371 ], [ 102.431326802571647, 32.23811747233075 ], [ 102.436764526367213, 32.242466566297765 ], [ 102.43811764187285, 32.256326972113733 ], [ 102.44104902479387, 32.260339694552975 ], [ 102.442593044704893, 32.265740288628493 ], [ 102.449266899956626, 32.26764831542971 ], [ 102.450617641872853, 32.279635959201407 ], [ 102.44645097520619, 32.285339694552974 ], [ 102.445215691460533, 32.29213595920141 ], [ 102.449382358127195, 32.29783969455297 ], [ 102.45, 32.3 ], [ 102.449646674262183, 32.302424452039951 ], [ 102.446186659071202, 32.305908881293426 ], [ 102.445480007595506, 32.314924452039953 ], [ 102.442019992404539, 32.318408881293422 ], [ 102.441313340928843, 32.327424452039949 ], [ 102.437513902452281, 32.331250678168423 ], [ 102.445480007595506, 32.339242214626758 ], [ 102.445833333333354, 32.345833333333353 ], [ 102.448043823242216, 32.346400621202278 ], [ 102.456122843424509, 32.353599378797767 ], [ 102.469855244954459, 32.354821099175368 ], [ 102.48276604546443, 32.368622843424504 ], [ 102.483900621202281, 32.373043823242213 ], [ 102.486932712131107, 32.376956176757837 ], [ 102.48835093180341, 32.382482571072067 ], [ 102.491666666666688, 32.383333333333354 ], [ 102.491313340928841, 32.385757785373286 ], [ 102.487853325737873, 32.389242214626755 ], [ 102.487146674262178, 32.398257785373289 ], [ 102.483686659071211, 32.401742214626758 ], [ 102.482980007595515, 32.410757785373285 ], [ 102.479519992404533, 32.414242214626761 ], [ 102.478813340928852, 32.422549777560789 ], [ 102.491313340928841, 32.435075547960089 ], [ 102.492019992404536, 32.439924452039953 ], [ 102.495480007595518, 32.443408881293422 ], [ 102.495833333333366, 32.445833333333354 ], [ 102.498043823242213, 32.44640062120228 ], [ 102.507396104600716, 32.454733954535612 ], [ 102.514710489908879, 32.453599378797769 ], [ 102.522789510091172, 32.44640062120228 ], [ 102.528315734863313, 32.444982571072075 ], [ 102.529733954535615, 32.439456176757837 ], [ 102.536932712131104, 32.431377156575543 ], [ 102.538714938693602, 32.4244327121311 ], [ 102.543877156575547, 32.425567287868944 ], [ 102.547789510091178, 32.428599378797763 ], [ 102.552210489908887, 32.429733954535614 ], [ 102.556122843424504, 32.432766045464433 ], [ 102.560543823242213, 32.433900621202277 ], [ 102.564456176757844, 32.436932712131096 ], [ 102.568877156575553, 32.438067287868947 ], [ 102.57278951009117, 32.441099378797766 ], [ 102.585543823242219, 32.44223395453561 ], [ 102.594896104600721, 32.45056728786895 ], [ 102.598043823242222, 32.449432712131099 ], [ 102.603420003255238, 32.445266045464429 ], [ 102.61054382324221, 32.44640062120228 ], [ 102.614456176757841, 32.449432712131099 ], [ 102.633333333333354, 32.45 ], [ 102.635543823242216, 32.45056728786895 ], [ 102.639456176757847, 32.453599378797769 ], [ 102.644982401529973, 32.455017428927974 ], [ 102.645833333333357, 32.458333333333357 ], [ 102.648043823242219, 32.457766045464432 ], [ 102.653420003255235, 32.453599378797769 ], [ 102.66992950439456, 32.454811265733532 ], [ 102.671684265136747, 32.46164923773874 ], [ 102.675, 32.4625 ], [ 102.678315734863304, 32.463350762261307 ], [ 102.679166666666688, 32.46666666666669 ], [ 102.689924452039961, 32.466313340928842 ], [ 102.693408881293436, 32.462853325737868 ], [ 102.702424452039963, 32.462146674262172 ], [ 102.705908881293425, 32.458686659071205 ], [ 102.714924452039952, 32.457980007595509 ], [ 102.718408881293428, 32.454519992404535 ], [ 102.72083333333336, 32.454166666666687 ], [ 102.72175309922963, 32.457750447591167 ], [ 102.732396104600724, 32.467233954535615 ], [ 102.739710489908887, 32.466099378797765 ], [ 102.745086669921903, 32.461932712131102 ], [ 102.760543823242216, 32.463067287868945 ], [ 102.764456176757847, 32.466099378797765 ], [ 102.769982401529973, 32.467517428927977 ], [ 102.771746656629801, 32.474392361111136 ], [ 102.7875, 32.475 ], [ 102.7875, 32.479166666666686 ], [ 102.790815734863315, 32.480017428927972 ], [ 102.7916666666667, 32.483333333333356 ], [ 102.7916666666667, 32.4875 ], [ 102.788350931803407, 32.488350762261305 ], [ 102.786932712131104, 32.493877156575543 ], [ 102.775567287868952, 32.5061228434245 ], [ 102.774432712131102, 32.513246663411479 ], [ 102.778599378797765, 32.518622843424502 ], [ 102.779875183105503, 32.528279283311655 ], [ 102.785543823242222, 32.529733954535615 ], [ 102.789456176757838, 32.532766045464435 ], [ 102.793877156575547, 32.533900621202278 ], [ 102.803537665473115, 32.542662896050373 ], [ 102.804733954535621, 32.56128506130645 ], [ 102.8, 32.5625 ], [ 102.80085093180341, 32.565815904405405 ], [ 102.80637715657555, 32.567233954535617 ], [ 102.810289510091181, 32.570266045464436 ], [ 102.823043823242216, 32.57140062120228 ], [ 102.832695007324247, 32.580154418945334 ], [ 102.833900621202289, 32.596579996744815 ], [ 102.829733954535612, 32.601956176757838 ], [ 102.828599378797776, 32.606377156575547 ], [ 102.82556728786895, 32.610289510091171 ], [ 102.824432712131099, 32.61471048990888 ], [ 102.817233954535624, 32.622789510091167 ], [ 102.816666666666691, 32.629166666666691 ], [ 102.817327880859409, 32.636600409613742 ], [ 102.824604119194902, 32.638467746310788 ], [ 102.828599378797776, 32.643622843424502 ], [ 102.829799397786488, 32.661521063910612 ], [ 102.835289510091172, 32.666099378797767 ], [ 102.839710489908882, 32.667233954535618 ], [ 102.843622843424512, 32.67026604546443 ], [ 102.861521063910615, 32.671466064453149 ], [ 102.86609937879777, 32.676956176757834 ], [ 102.867233954535621, 32.681377156575543 ], [ 102.870266045464433, 32.685289510091167 ], [ 102.871684095594645, 32.690815904405405 ], [ 102.875, 32.691666666666691 ], [ 102.885757785373286, 32.692019992404539 ], [ 102.889583333333363, 32.695818752712697 ], [ 102.894120279947941, 32.691313340928843 ], [ 102.898257785373289, 32.692019992404539 ], [ 102.906617567274338, 32.700353325737872 ], [ 102.923257785373295, 32.699646674262176 ], [ 102.926742214626771, 32.696186659071202 ], [ 102.929166666666703, 32.695833333333354 ], [ 102.932624986436664, 32.69672071668839 ], [ 102.933900621202284, 32.706377156575542 ], [ 102.937896050347248, 32.711532253689263 ], [ 102.943877156575553, 32.713067287868945 ], [ 102.94778951009117, 32.716099378797765 ], [ 102.953315904405414, 32.717517428927977 ], [ 102.954733954535627, 32.723043823242215 ], [ 102.966099378797779, 32.735289510091171 ], [ 102.966666666666697, 32.7375 ], [ 102.966313340928849, 32.739924452039958 ], [ 102.962853325737882, 32.743408881293426 ], [ 102.962146674262186, 32.752424452039953 ], [ 102.958686659071205, 32.755908881293429 ], [ 102.957980007595509, 32.760049777560788 ], [ 102.970819769965303, 32.772915988498291 ], [ 102.967019992404545, 32.776742214626765 ], [ 102.966313340928849, 32.781591118706622 ], [ 102.962853325737882, 32.785075547960098 ], [ 102.962146674262186, 32.789924452039955 ], [ 102.958686659071205, 32.793408881293431 ], [ 102.957980007595509, 32.798257785373288 ], [ 102.950353325737879, 32.805908881293426 ], [ 102.95, 32.816666666666691 ], [ 102.950850762261311, 32.819982571072075 ], [ 102.957672119140653, 32.821732923719644 ], [ 102.958900621202289, 32.835543823242212 ], [ 102.970266045464442, 32.847789510091175 ], [ 102.97083333333336, 32.85 ], [ 102.970480007595512, 32.852424452039955 ], [ 102.967019992404545, 32.855908881293431 ], [ 102.966313340928849, 32.860046386718778 ], [ 102.970480007595512, 32.864242214626763 ], [ 102.971186659071208, 32.869091118706621 ], [ 102.974646674262189, 32.872575547960096 ], [ 102.975, 32.875 ], [ 103.006591118706623, 32.874646674262181 ], [ 103.010786946614616, 32.870480007595511 ], [ 103.023257785373289, 32.871186659071206 ], [ 103.026742214626765, 32.874646674262181 ], [ 103.035757785373292, 32.875353325737876 ], [ 103.051742214626771, 32.891313340928846 ], [ 103.060757785373298, 32.892019992404542 ], [ 103.064242214626773, 32.895480007595509 ], [ 103.069091118706623, 32.896186659071205 ], [ 103.072575547960099, 32.899646674262179 ], [ 103.081591118706626, 32.900353325737875 ], [ 103.085075547960102, 32.903813340928849 ], [ 103.089924452039966, 32.904519992404538 ], [ 103.093408881293428, 32.907980007595512 ], [ 103.09583333333336, 32.90833333333336 ], [ 103.098290337456632, 32.907975260416691 ], [ 103.103813340928852, 32.902424452039959 ], [ 103.1041666666667, 32.895833333333357 ], [ 103.110468207465303, 32.895190429687524 ], [ 103.118698459201426, 32.888142903645857 ], [ 103.124255032009586, 32.886469862196208 ], [ 103.125771416558194, 32.871604749891517 ], [ 103.139634874131971, 32.870190429687526 ], [ 103.143698459201417, 32.867309570312528 ], [ 103.152134874131974, 32.866023763020863 ], [ 103.15619845920142, 32.863142903645858 ], [ 103.161535644531284, 32.861535644531273 ], [ 103.163142903645863, 32.856198459201416 ], [ 103.16602376302086, 32.85213487413197 ], [ 103.167928398980067, 32.845809936523466 ], [ 103.172865125868086, 32.842309570312523 ], [ 103.185468207465306, 32.841023763020857 ], [ 103.189531792534751, 32.83814290364586 ], [ 103.193801540798646, 32.836857096354194 ], [ 103.206198459201417, 32.825642903645857 ], [ 103.208333333333371, 32.825 ], [ 103.208333333333371, 32.829166666666694 ], [ 103.210757785373289, 32.829519992404542 ], [ 103.239242214626771, 32.857980007595515 ], [ 103.260757785373301, 32.858686659071203 ], [ 103.264242214626762, 32.862146674262178 ], [ 103.273257785373289, 32.862853325737873 ], [ 103.276742214626765, 32.866313340928848 ], [ 103.279166666666697, 32.866666666666696 ], [ 103.279166666666697, 32.870833333333358 ], [ 103.286513604058186, 32.871550496419296 ], [ 103.288117472330768, 32.877160305447077 ], [ 103.291049194335969, 32.881173027886312 ], [ 103.292460801866355, 32.890872531467039 ], [ 103.303372531467048, 32.892460801866349 ], [ 103.304784138997434, 32.902160305447076 ], [ 103.307715861002634, 32.906173027886311 ], [ 103.309491984049515, 32.912386067708361 ], [ 103.315266587999162, 32.91660427517364 ], [ 103.3243825276693, 32.906326972113739 ], [ 103.325948418511317, 32.895565795898463 ], [ 103.331173027886322, 32.899382527669296 ], [ 103.3375, 32.9 ], [ 103.337853325737882, 32.914924452039955 ], [ 103.341652086046039, 32.91875 ], [ 103.337853325737882, 32.922575547960093 ], [ 103.337146674262186, 32.930882432725724 ], [ 103.345480007595512, 32.939242214626759 ], [ 103.346186659071208, 32.944091118706623 ], [ 103.349646674262189, 32.947575547960099 ], [ 103.350353325737885, 32.964924452039959 ], [ 103.362146674262192, 32.976742214626761 ], [ 103.362853325737873, 32.985757785373288 ], [ 103.366313340928855, 32.989242214626763 ], [ 103.367019992404551, 32.994091118706621 ], [ 103.370480007595518, 32.997575547960096 ], [ 103.371186659071213, 33.019091118706626 ], [ 103.374646674262181, 33.022575547960095 ], [ 103.375353325737876, 33.027424452039959 ], [ 103.378813340928858, 33.030908881293428 ], [ 103.379519992404553, 33.043379720052108 ], [ 103.375353325737876, 33.047575547960093 ], [ 103.374646674262181, 33.051713053385441 ], [ 103.378813340928858, 33.055908881293433 ], [ 103.379519992404553, 33.060757785373291 ], [ 103.387146674262183, 33.068408881293429 ], [ 103.387853325737879, 33.077424452039956 ], [ 103.395480007595523, 33.085075547960095 ], [ 103.395833333333371, 33.0875 ], [ 103.392517428927988, 33.088350762261314 ], [ 103.391099378797776, 33.093877156575552 ], [ 103.387968614366358, 33.097916666666691 ], [ 103.391099378797776, 33.101956176757838 ], [ 103.392233954535627, 33.11471048990888 ], [ 103.407766045464442, 33.131122843424507 ], [ 103.408900621202292, 33.150850084092909 ], [ 103.402670966254377, 33.158320109049505 ], [ 103.398043823242219, 33.154733954535615 ], [ 103.385289510091184, 33.153599378797772 ], [ 103.380134412977469, 33.149603949652807 ], [ 103.378599378797773, 33.143622843424509 ], [ 103.374040052625901, 33.138155788845516 ], [ 103.360289510091178, 33.136932712131106 ], [ 103.35625, 33.133801947699681 ], [ 103.352210489908884, 33.136932712131106 ], [ 103.35, 33.1375 ], [ 103.347839694552988, 33.138117472330755 ], [ 103.339660305447083, 33.145215861002633 ], [ 103.331173027886322, 33.146450805664088 ], [ 103.32716030544708, 33.149382527669296 ], [ 103.313302612304724, 33.15073513454864 ], [ 103.311882527669297, 33.160493469238311 ], [ 103.308950805664097, 33.164506530761749 ], [ 103.308333333333366, 33.170833333333363 ], [ 103.3, 33.170833333333363 ], [ 103.3, 33.204166666666694 ], [ 103.3, 33.22083333333336 ], [ 103.296684095594657, 33.221684265136744 ], [ 103.295833333333363, 33.225 ], [ 103.296400621202295, 33.227210489908884 ], [ 103.299432712131107, 33.231122843424508 ], [ 103.300567287868958, 33.234344991048204 ], [ 103.283900621202292, 33.251956176757844 ], [ 103.282766045464442, 33.256377156575553 ], [ 103.26306728786895, 33.276956176757842 ], [ 103.261932712131113, 33.281377156575552 ], [ 103.258900621202287, 33.285289510091175 ], [ 103.257766045464436, 33.289710489908884 ], [ 103.250567287868961, 33.297789510091178 ], [ 103.24943271213111, 33.30221048990888 ], [ 103.246400621202284, 33.306122843424511 ], [ 103.245266045464447, 33.323043823242216 ], [ 103.242233954535621, 33.32695617675784 ], [ 103.24109937879777, 33.334079996744819 ], [ 103.245266045464447, 33.339456176757842 ], [ 103.246447414822086, 33.365755038791264 ], [ 103.253494601779551, 33.367563544379372 ], [ 103.254733954535624, 33.380103895399337 ], [ 103.246400621202284, 33.38945617675784 ], [ 103.245266045464447, 33.398043823242219 ], [ 103.238067287868958, 33.406122843424512 ], [ 103.236932712131107, 33.409079996744822 ], [ 103.241198052300376, 33.414583333333361 ], [ 103.238067287868958, 33.418622843424508 ], [ 103.236932712131107, 33.423043823242217 ], [ 103.220156182183189, 33.440771145290832 ], [ 103.213161214192738, 33.442566257052981 ], [ 103.2125, 33.45 ], [ 103.212853325737882, 33.452424452039963 ], [ 103.216313340928849, 33.455908881293432 ], [ 103.216666666666697, 33.458333333333364 ], [ 103.216099378797779, 33.464710489908882 ], [ 103.213067287868952, 33.468622843424512 ], [ 103.211932712131102, 33.473043823242222 ], [ 103.204733954535627, 33.481122843424508 ], [ 103.203505452473991, 33.494933742947083 ], [ 103.197789510091184, 33.496400621202291 ], [ 103.193877156575553, 33.49943271213111 ], [ 103.189456176757844, 33.500567287868954 ], [ 103.175603230794309, 33.513525899251334 ], [ 103.175, 33.529166666666697 ], [ 103.164242214626768, 33.529519992404545 ], [ 103.156591118706629, 33.537146674262182 ], [ 103.154166666666697, 33.5375 ], [ 103.153813340928849, 33.544091118706632 ], [ 103.146186659071205, 33.551742214626771 ], [ 103.145480007595523, 33.573257785373293 ], [ 103.137853325737879, 33.580908881293432 ], [ 103.137146674262183, 33.589212883843345 ], [ 103.141313340928846, 33.593408881293435 ], [ 103.141666666666694, 33.608333333333363 ], [ 103.139242214626762, 33.608686659071211 ], [ 103.135757785373301, 33.612146674262185 ], [ 103.133333333333368, 33.6125 ], [ 103.133900621202287, 33.61887715657555 ], [ 103.138419596354197, 33.62429572211375 ], [ 103.148043823242219, 33.625567287868954 ], [ 103.153515964084235, 33.630130852593346 ], [ 103.154733954535615, 33.644618394639792 ], [ 103.146494547526075, 33.646732923719654 ], [ 103.145266045464439, 33.660543823242222 ], [ 103.133900621202287, 33.672789510091178 ], [ 103.132766045464436, 33.677210489908887 ], [ 103.125567287868961, 33.685289510091181 ], [ 103.12443271213111, 33.68971048990889 ], [ 103.116083780924512, 33.699080234103768 ], [ 103.110289510091178, 33.700567287868957 ], [ 103.104785834418436, 33.705157131618954 ], [ 103.1041666666667, 33.716666666666697 ], [ 103.104519992404548, 33.723257785373299 ], [ 103.108686659071211, 33.727453782823382 ], [ 103.107980007595515, 33.731591118706632 ], [ 103.104519992404548, 33.735075547960101 ], [ 103.103813340928852, 33.739924452039965 ], [ 103.100353325737885, 33.743408881293433 ], [ 103.099646674262189, 33.752424452039961 ], [ 103.096186659071208, 33.755908881293436 ], [ 103.095480007595512, 33.760757785373301 ], [ 103.087146674262186, 33.76911773681644 ], [ 103.087856038411488, 33.777454800075986 ], [ 103.093408881293428, 33.782980007595519 ], [ 103.102424452039955, 33.783686659071215 ], [ 103.110075547960093, 33.791313340928852 ], [ 103.114924452039958, 33.792019992404548 ], [ 103.122915988498292, 33.799986097547773 ], [ 103.126742214626773, 33.796186659071211 ], [ 103.131623670789963, 33.795475260416701 ], [ 103.137146674262183, 33.789924452039962 ], [ 103.1375, 33.7875 ], [ 103.152424452039966, 33.787853325737878 ], [ 103.155908881293428, 33.791313340928852 ], [ 103.15833333333336, 33.7916666666667 ], [ 103.15833333333336, 33.79583333333337 ], [ 103.15833333333336, 33.808333333333366 ], [ 103.155908881293428, 33.808686659071213 ], [ 103.152424452039966, 33.812146674262188 ], [ 103.15, 33.8125 ], [ 103.147789510091172, 33.813067287868954 ], [ 103.143877156575556, 33.816099378797773 ], [ 103.135289510091184, 33.817233954535624 ], [ 103.12721048990889, 33.824432712131113 ], [ 103.117554050021738, 33.825708516438837 ], [ 103.11609937879777, 33.831377156575556 ], [ 103.104733954535618, 33.843622843424512 ], [ 103.103279283311664, 33.849291483561231 ], [ 103.093622843424512, 33.850567287868955 ], [ 103.089710489908882, 33.853599378797774 ], [ 103.085289510091172, 33.854733954535625 ], [ 103.077210489908879, 33.861932712131107 ], [ 103.071684095594648, 33.863350931803417 ], [ 103.070833333333368, 33.866666666666703 ], [ 103.069933742947086, 33.870172119140662 ], [ 103.0625, 33.870833333333366 ], [ 103.060075547960096, 33.871186659071213 ], [ 103.041667344835105, 33.889569261339012 ], [ 103.045480007595515, 33.893408881293439 ], [ 103.045833333333363, 33.895833333333364 ], [ 103.045833333333363, 33.9 ], [ 103.045209757487015, 33.911590745714008 ], [ 103.039456176757838, 33.913067287868955 ], [ 103.035416666666691, 33.916197882758283 ], [ 103.031377156575545, 33.913067287868955 ], [ 103.020833333333357, 33.9125 ], [ 103.020190429687531, 33.918801710340745 ], [ 103.017309570312534, 33.922864956325988 ], [ 103.016023763020868, 33.944917805989618 ], [ 103.031301540798637, 33.946476067437104 ], [ 103.035416666666691, 33.949393886990052 ], [ 103.039531792534746, 33.946476067437104 ], [ 103.042160034179716, 33.945190599229633 ], [ 103.049279446072077, 33.950766160753076 ], [ 103.05, 33.9625 ], [ 103.05, 33.966666666666704 ], [ 103.047789510091178, 33.967233954535622 ], [ 103.039592149522605, 33.974538167317746 ], [ 103.035416666666691, 33.971302117241791 ], [ 103.031377156575545, 33.974432712131112 ], [ 103.026956176757849, 33.975567287868955 ], [ 103.023043823242219, 33.978599378797774 ], [ 103.006122843424507, 33.979733954535625 ], [ 103.00221048990889, 33.982766045464444 ], [ 102.999253336588566, 33.983900621202295 ], [ 102.99387715657555, 33.979733954535625 ], [ 102.972789510091175, 33.978599378797774 ], [ 102.964592149522602, 33.971295166015658 ], [ 102.959301079644121, 33.975395880805159 ], [ 102.957417805989607, 33.982734849717914 ], [ 102.9375, 33.98333333333337 ], [ 102.936882527669297, 33.989660135904984 ], [ 102.932508680555586, 33.995128885904982 ], [ 102.91330702039933, 33.996538967556461 ], [ 102.911882527669306, 34.00632680257165 ], [ 102.908950805664091, 34.010339864095087 ], [ 102.907715861002629, 34.014660135904982 ], [ 102.904784138997428, 34.01867319742842 ], [ 102.903549194335966, 34.022993469238315 ], [ 102.896450805664088, 34.031173197428423 ], [ 102.895833333333357, 34.033333333333367 ], [ 102.893408881293425, 34.033686659071215 ], [ 102.885757785373286, 34.041313340928852 ], [ 102.879166666666691, 34.041666666666686 ], [ 102.872789510091181, 34.041099378797782 ], [ 102.86054382324221, 34.029733954535622 ], [ 102.855017428927979, 34.02831573486332 ], [ 102.8541666666667, 34.025 ], [ 102.85, 34.025 ], [ 102.849149237738743, 34.02831573486332 ], [ 102.843622843424512, 34.029733954535622 ], [ 102.831377156575556, 34.041099378797782 ], [ 102.803420003255241, 34.042233954535625 ], [ 102.797907850477458, 34.037961832682328 ], [ 102.789710489908884, 34.045266045464444 ], [ 102.786562771267384, 34.046400621202295 ], [ 102.777210489908882, 34.038067287868955 ], [ 102.775, 34.0375 ], [ 102.774032253689271, 34.033729214138489 ], [ 102.768877156575542, 34.029733954535622 ], [ 102.756122843424507, 34.028599378797779 ], [ 102.752210489908876, 34.025567287868959 ], [ 102.746541849772157, 34.024112616644999 ], [ 102.74512481689456, 34.013387383355067 ], [ 102.739456176757841, 34.011932712131113 ], [ 102.73554382324221, 34.008900621202294 ], [ 102.722789510091175, 34.007766045464443 ], [ 102.717413330078159, 34.00359937879778 ], [ 102.710289510091172, 34.004733954535624 ], [ 102.706377156575542, 34.007766045464443 ], [ 102.701956176757847, 34.008900621202294 ], [ 102.696579996744816, 34.013067287868957 ], [ 102.675908067491349, 34.011872185601163 ], [ 102.675, 34.008333333333368 ], [ 102.672575547960093, 34.008686659071216 ], [ 102.669091118706618, 34.012146674262191 ], [ 102.664242214626768, 34.012853325737879 ], [ 102.660757785373292, 34.016313340928853 ], [ 102.630908881293436, 34.017019992404549 ], [ 102.627424452039961, 34.020480007595523 ], [ 102.608333333333363, 34.020833333333371 ], [ 102.605017598470084, 34.021684265136756 ], [ 102.603599378797767, 34.027210489908889 ], [ 102.600567287868955, 34.031122843424512 ], [ 102.599432712131104, 34.038246663411492 ], [ 102.604368082682313, 34.044614664713578 ], [ 102.60330997043188, 34.049334886339011 ], [ 102.59583333333336, 34.05 ], [ 102.581160651312956, 34.050605095757412 ], [ 102.576562160915827, 34.054014248318175 ], [ 102.574394904242652, 34.058874003092484 ], [ 102.578561570909315, 34.064493984646305 ], [ 102.579771762424073, 34.073006015353769 ], [ 102.583777194552979, 34.078408643934495 ], [ 102.582535807291691, 34.086808946397603 ], [ 102.56449398464629, 34.088105095757413 ], [ 102.560506015353752, 34.091061570909325 ], [ 102.545292663574244, 34.092271762424083 ], [ 102.539672682020424, 34.088105095757413 ], [ 102.529166666666697, 34.0875 ], [ 102.530017598470081, 34.090815904405403 ], [ 102.53333333333336, 34.091666666666683 ], [ 102.533686659071208, 34.106591118706618 ], [ 102.539212205674943, 34.11214430067276 ], [ 102.548257785373295, 34.112853325737866 ], [ 102.55380859375002, 34.118376329210086 ], [ 102.554519992404536, 34.123257785373283 ], [ 102.557980007595518, 34.126742214626759 ], [ 102.558333333333366, 34.141666666666687 ], [ 102.560543823242213, 34.142233954535612 ], [ 102.568622843424507, 34.149432712131095 ], [ 102.574149068196647, 34.150850762261307 ], [ 102.575850931803416, 34.157482571072066 ], [ 102.581377156575542, 34.158900621202278 ], [ 102.585416666666688, 34.162031385633703 ], [ 102.590920003255235, 34.157766045464427 ], [ 102.606377156575547, 34.158900621202278 ], [ 102.614456176757841, 34.16609937879776 ], [ 102.623043823242213, 34.167233954535611 ], [ 102.63528951009117, 34.178599378797763 ], [ 102.645833333333357, 34.179166666666688 ], [ 102.646684265136741, 34.182482571072072 ], [ 102.653315734863313, 34.184184095594638 ], [ 102.655086432562968, 34.191083780924501 ], [ 102.665729437934061, 34.200567287868942 ], [ 102.668877156575547, 34.199432712131099 ], [ 102.672916666666694, 34.196301947699673 ], [ 102.676956176757841, 34.199432712131099 ], [ 102.685543823242213, 34.200567287868942 ], [ 102.689456176757844, 34.203599378797762 ], [ 102.691666666666691, 34.204166666666687 ], [ 102.692284308539527, 34.206326972113736 ], [ 102.700535074869819, 34.215834893120679 ], [ 102.711746385362446, 34.217466566297766 ], [ 102.713117641872856, 34.22963595920141 ], [ 102.708950975206193, 34.23533969455297 ], [ 102.708333333333357, 34.2375 ], [ 102.723257785373292, 34.237853325737866 ], [ 102.726742214626768, 34.241313340928841 ], [ 102.775, 34.241666666666688 ], [ 102.775353325737882, 34.248257785373283 ], [ 102.778813340928849, 34.251742214626759 ], [ 102.779519992404545, 34.256591118706616 ], [ 102.791313340928852, 34.268408881293425 ], [ 102.792024739583368, 34.273290337456615 ], [ 102.797575547960093, 34.278813340928842 ], [ 102.8, 34.27916666666669 ], [ 102.81049346923831, 34.278549194335959 ], [ 102.814506530761747, 34.275617472330751 ], [ 102.825469122992644, 34.274382527669289 ], [ 102.83125, 34.278605143229186 ], [ 102.835339864095076, 34.275617472330751 ], [ 102.839660135904978, 34.274382527669289 ], [ 102.84375, 34.271394856770854 ], [ 102.847839694552974, 34.274382527669289 ], [ 102.857361518012183, 34.275768364800371 ], [ 102.858950805664094, 34.281326972113739 ], [ 102.861882527669295, 34.285339694552974 ], [ 102.863117472330757, 34.293826972113735 ], [ 102.866997612847257, 34.299138387044295 ], [ 102.878372531467036, 34.300794135199673 ], [ 102.879784138997422, 34.3104936387804 ], [ 102.882715861002637, 34.314506361219642 ], [ 102.883333333333368, 34.316666666666691 ], [ 102.910543823242222, 34.316099378797766 ], [ 102.914456176757838, 34.313067287868947 ], [ 102.918877156575547, 34.311932712131096 ], [ 102.922789510091178, 34.308900621202277 ], [ 102.927210489908887, 34.307766045464433 ], [ 102.931122843424504, 34.304733954535614 ], [ 102.935543823242213, 34.303599378797763 ], [ 102.939456176757844, 34.300567287868944 ], [ 102.949112616644996, 34.299291653103317 ], [ 102.95, 34.295833333333356 ], [ 102.964924452039966, 34.296186659071203 ], [ 102.968408881293428, 34.299646674262178 ], [ 102.975, 34.3 ], [ 102.989924452039958, 34.299646674262178 ], [ 102.997575547960096, 34.292019992404533 ], [ 103.002424452039961, 34.291313340928838 ], [ 103.005908881293436, 34.287853325737871 ], [ 103.023257785373289, 34.287146674262175 ], [ 103.026742214626765, 34.283686659071201 ], [ 103.029166666666697, 34.283333333333353 ], [ 103.031591118706629, 34.282980007595505 ], [ 103.035075547960105, 34.279519992404538 ], [ 103.070833333333368, 34.27916666666669 ], [ 103.074149237738752, 34.278315904405403 ], [ 103.075, 34.275 ], [ 103.081591118706626, 34.274646674262172 ], [ 103.085075547960102, 34.271186659071205 ], [ 103.102424452039955, 34.270480007595509 ], [ 103.10625, 34.266681247287345 ], [ 103.110416666666694, 34.270818752712692 ], [ 103.114242214626771, 34.267019992404535 ], [ 103.118379720052118, 34.266313340928839 ], [ 103.122575547960096, 34.270480007595509 ], [ 103.135757785373301, 34.271186659071205 ], [ 103.139242214626762, 34.274646674262172 ], [ 103.160757785373292, 34.275353325737868 ], [ 103.164242214626768, 34.278813340928842 ], [ 103.185757785373298, 34.279519992404538 ], [ 103.195475599500895, 34.289211697048636 ], [ 103.195833333333368, 34.291666666666686 ], [ 103.196188354492222, 34.298286946614603 ], [ 103.201742214626762, 34.303813340928841 ], [ 103.204166666666694, 34.304166666666688 ], [ 103.2125, 34.304166666666688 ], [ 103.212855021158887, 34.297546386718771 ], [ 103.218408881293428, 34.292019992404533 ], [ 103.223257785373292, 34.291313340928838 ], [ 103.230908881293431, 34.283686659071201 ], [ 103.241666666666703, 34.283333333333353 ], [ 103.242517428927982, 34.28001742892797 ], [ 103.249149237738749, 34.278315904405403 ], [ 103.25, 34.275 ], [ 103.273257785373289, 34.274646674262172 ], [ 103.277453613281281, 34.270480007595509 ], [ 103.306591118706635, 34.271186659071205 ], [ 103.310075547960096, 34.274646674262172 ], [ 103.3125, 34.275 ], [ 103.313350762261322, 34.271684095594637 ], [ 103.318877156575553, 34.270266045464432 ], [ 103.324253336588569, 34.266099378797762 ], [ 103.327210489908893, 34.267233954535612 ], [ 103.332586669921909, 34.271400621202275 ], [ 103.339710489908882, 34.270266045464432 ], [ 103.343622843424512, 34.267233954535612 ], [ 103.361521063910629, 34.266033935546893 ], [ 103.36609937879777, 34.260543823242209 ], [ 103.367634412977466, 34.254562717013911 ], [ 103.372789510091181, 34.250567287868947 ], [ 103.379166666666706, 34.25 ], [ 103.379519992404553, 34.222575547960091 ], [ 103.387146674262183, 34.214924452039952 ], [ 103.3875, 34.204166666666687 ], [ 103.3878580729167, 34.201709662543422 ], [ 103.393408881293439, 34.196186659071202 ], [ 103.402424452039966, 34.195480007595506 ], [ 103.405908881293442, 34.192019992404532 ], [ 103.419091118706632, 34.191313340928843 ], [ 103.422575547960108, 34.187853325737869 ], [ 103.433333333333366, 34.1875 ], [ 103.443877156575553, 34.188067287868947 ], [ 103.447789510091184, 34.191099378797766 ], [ 103.452210489908893, 34.19223395453561 ], [ 103.457196044921915, 34.19609781901044 ], [ 103.458333333333371, 34.191666666666684 ], [ 103.47083333333336, 34.191666666666684 ], [ 103.475, 34.191666666666684 ], [ 103.477424452039969, 34.191313340928843 ], [ 103.480908881293431, 34.187853325737869 ], [ 103.4875, 34.1875 ], [ 103.487857733832499, 34.185046047634572 ], [ 103.506616550021732, 34.166313340928838 ], [ 103.519091118706626, 34.167019992404533 ], [ 103.522575547960102, 34.170480007595508 ], [ 103.554166666666703, 34.170833333333356 ], [ 103.55479024251305, 34.182424248589427 ], [ 103.560543823242227, 34.183900621202277 ], [ 103.564456176757844, 34.186932712131096 ], [ 103.577210489908893, 34.188067287868947 ], [ 103.582586669921909, 34.19223395453561 ], [ 103.61887715657555, 34.191099378797766 ], [ 103.624253336588581, 34.186932712131096 ], [ 103.631377156575553, 34.188067287868947 ], [ 103.636753336588583, 34.19223395453561 ], [ 103.648043823242219, 34.191099378797766 ], [ 103.653420003255249, 34.186932712131096 ], [ 103.656377156575559, 34.188067287868947 ], [ 103.664456176757852, 34.195266045464429 ], [ 103.6666666666667, 34.195833333333354 ], [ 103.666313340928852, 34.198257785373286 ], [ 103.658686659071222, 34.205908881293425 ], [ 103.657980007595526, 34.219091118706615 ], [ 103.654519992404545, 34.222575547960091 ], [ 103.653813340928849, 34.226713053385438 ], [ 103.657980007595526, 34.230908881293423 ], [ 103.658333333333374, 34.241666666666688 ], [ 103.659220716688409, 34.24512498643665 ], [ 103.668877156575562, 34.246400621202277 ], [ 103.672789510091178, 34.249432712131096 ], [ 103.685543823242227, 34.250567287868947 ], [ 103.689456176757844, 34.253599378797766 ], [ 103.699112616644996, 34.254875013563392 ], [ 103.700567287868964, 34.260543823242209 ], [ 103.703599378797776, 34.264456176757832 ], [ 103.704733954535627, 34.268877156575542 ], [ 103.707766045464439, 34.272789510091165 ], [ 103.708333333333371, 34.275 ], [ 103.710543823242219, 34.275567287868945 ], [ 103.728154839409754, 34.292233954535611 ], [ 103.748043823242227, 34.291099378797767 ], [ 103.753420003255243, 34.286932712131097 ], [ 103.756377156575553, 34.288067287868941 ], [ 103.7604166666667, 34.291198052300366 ], [ 103.764456176757847, 34.288067287868941 ], [ 103.77012498643667, 34.286612616644987 ], [ 103.771541680230072, 34.275887383355055 ], [ 103.777210489908896, 34.274432712131095 ], [ 103.782586669921912, 34.270266045464432 ], [ 103.785543823242222, 34.271400621202275 ], [ 103.789456176757852, 34.274432712131095 ], [ 103.802210489908887, 34.275567287868945 ], [ 103.814571804470518, 34.28704020182294 ], [ 103.818622843424521, 34.283900621202278 ], [ 103.831377156575556, 34.282766045464427 ], [ 103.839574517144129, 34.275461832682311 ], [ 103.843622843424512, 34.278599378797765 ], [ 103.8541666666667, 34.27916666666669 ], [ 103.860581631130657, 34.278637017144121 ], [ 103.865725877549934, 34.274470350477451 ], [ 103.868914964463997, 34.275529649522589 ], [ 103.874059210883274, 34.279696316189259 ], [ 103.878519015842031, 34.278215196397589 ], [ 103.879799397786485, 34.267740546332483 ], [ 103.893585035536049, 34.254696316189253 ], [ 103.895833333333357, 34.254166666666691 ], [ 103.895833333333371, 34.241666666666688 ], [ 103.896753099229628, 34.238082885742209 ], [ 103.906122843424498, 34.229733954535611 ], [ 103.910543823242207, 34.228599378797767 ], [ 103.931122843424504, 34.208900621202275 ], [ 103.937104119194899, 34.207365587022593 ], [ 103.941099378797759, 34.202210489908872 ], [ 103.942375183105497, 34.19255405002172 ], [ 103.945833333333368, 34.191666666666684 ], [ 103.948043823242216, 34.191099378797766 ], [ 103.951956176757832, 34.188067287868947 ], [ 103.956377156575542, 34.186932712131096 ], [ 103.964456176757835, 34.179733954535614 ], [ 103.969982401529975, 34.178315904405402 ], [ 103.971970452202711, 34.17056884765627 ], [ 103.978420003255223, 34.175567287868944 ], [ 103.982986619737432, 34.173815239800369 ], [ 103.99109937879777, 34.164710489908877 ], [ 103.992517598470073, 34.15918409559464 ], [ 103.998043823242213, 34.157766045464427 ], [ 104.006122843424507, 34.150567287868945 ], [ 104.008333333333354, 34.15 ], [ 104.008994547526058, 34.14256625705297 ], [ 104.0125, 34.141666666666687 ], [ 104.013350931803402, 34.138350762261304 ], [ 104.018877156575542, 34.136932712131099 ], [ 104.022789510091172, 34.13390062120228 ], [ 104.028315734863298, 34.132482571072067 ], [ 104.029166666666683, 34.129166666666684 ], [ 104.031377156575545, 34.12973395453561 ], [ 104.040746900770415, 34.138082885742207 ], [ 104.04251759847007, 34.14498257107207 ], [ 104.04804382324221, 34.146400621202275 ], [ 104.057678561740474, 34.15513949924047 ], [ 104.058900621202284, 34.16887715657554 ], [ 104.061932712131096, 34.172789510091164 ], [ 104.0625, 34.175 ], [ 104.063067287868947, 34.181377156575543 ], [ 104.070266045464436, 34.18945617675783 ], [ 104.072048272026933, 34.19640062120228 ], [ 104.081377156575542, 34.195266045464429 ], [ 104.086753336588558, 34.191099378797766 ], [ 104.093877156575545, 34.19223395453561 ], [ 104.097789510091175, 34.195266045464429 ], [ 104.131377156575539, 34.19640062120228 ], [ 104.135416666666686, 34.199531385633698 ], [ 104.139456176757832, 34.19640062120228 ], [ 104.141666666666694, 34.195833333333354 ], [ 104.142517598470079, 34.199149237738737 ], [ 104.148043823242205, 34.200567287868942 ], [ 104.161596510145429, 34.213145616319466 ], [ 104.163067287868941, 34.218877156575545 ], [ 104.166197882758269, 34.222916666666684 ], [ 104.163067287868941, 34.226956176757831 ], [ 104.161932712131104, 34.23137715657554 ], [ 104.158900621202278, 34.235289510091164 ], [ 104.157672119140642, 34.249100409613739 ], [ 104.151956176757835, 34.250567287868947 ], [ 104.125887383355064, 34.275708685980923 ], [ 104.124432712131096, 34.281377156575545 ], [ 104.117233954535607, 34.289456176757831 ], [ 104.11609937879777, 34.29387715657554 ], [ 104.113067287868944, 34.297789510091164 ], [ 104.111932712131093, 34.314710489908876 ], [ 104.108900621202281, 34.3186228434245 ], [ 104.108333333333363, 34.320833333333354 ], [ 104.11054382324221, 34.32140062120228 ], [ 104.114456176757841, 34.324432712131099 ], [ 104.11887715657555, 34.325567287868942 ], [ 104.122789510091167, 34.328599378797762 ], [ 104.127210489908876, 34.329733954535612 ], [ 104.13528951009117, 34.336932712131102 ], [ 104.144945949978322, 34.338208346896721 ], [ 104.146400621202275, 34.343877156575545 ], [ 104.150395880805149, 34.349032253689259 ], [ 104.156377156575545, 34.350567287868948 ], [ 104.161532253689259, 34.354562717013913 ], [ 104.1625, 34.358333333333356 ], [ 104.183333333333351, 34.358333333333356 ], [ 104.183900621202284, 34.364710489908873 ], [ 104.192249552408882, 34.374080403645856 ], [ 104.199149068196633, 34.375850762261308 ], [ 104.2, 34.379166666666691 ], [ 104.20331573486331, 34.378315904405405 ], [ 104.204166666666694, 34.375 ], [ 104.206377156575542, 34.374432712131096 ], [ 104.210289510091172, 34.371400621202277 ], [ 104.214710489908882, 34.370266045464433 ], [ 104.218622843424498, 34.367233954535614 ], [ 104.223043823242207, 34.366099378797763 ], [ 104.226956176757838, 34.363067287868944 ], [ 104.231377156575547, 34.3619327121311 ], [ 104.235416666666694, 34.358801947699675 ], [ 104.239456176757841, 34.3619327121311 ], [ 104.246579996744813, 34.363067287868944 ], [ 104.25195617675783, 34.358900621202281 ], [ 104.260543823242216, 34.35776604546443 ], [ 104.264456176757832, 34.354733954535611 ], [ 104.267516750759569, 34.353599378797767 ], [ 104.274344041612437, 34.35929328070749 ], [ 104.275661214192738, 34.374100409613739 ], [ 104.281377156575545, 34.375567287868947 ], [ 104.289456176757838, 34.382766045464429 ], [ 104.296579996744811, 34.38390062120228 ], [ 104.301956176757841, 34.37973395453561 ], [ 104.307118394639787, 34.378599378797766 ], [ 104.308333333333351, 34.383333333333354 ], [ 104.327210489908879, 34.382766045464429 ], [ 104.331122843424509, 34.37973395453561 ], [ 104.335543823242219, 34.378599378797766 ], [ 104.339456176757835, 34.375567287868947 ], [ 104.348043823242207, 34.374432712131096 ], [ 104.351956176757838, 34.371400621202277 ], [ 104.357719082302538, 34.369921535915822 ], [ 104.358943684895863, 34.342664591471376 ], [ 104.365816582573814, 34.336932712131102 ], [ 104.385543823242216, 34.338067287868945 ], [ 104.390920003255232, 34.342233954535615 ], [ 104.411497667100718, 34.341044108072936 ], [ 104.42026604546443, 34.331377156575542 ], [ 104.421400621202281, 34.326956176757832 ], [ 104.424432712131107, 34.323043823242209 ], [ 104.425661214192729, 34.309232923719641 ], [ 104.432482401529967, 34.307482571072072 ], [ 104.43418426513675, 34.300850762261305 ], [ 104.4375, 34.3 ], [ 104.438350931803413, 34.296684095594642 ], [ 104.441666666666691, 34.295833333333356 ], [ 104.441313001844648, 34.26838073730471 ], [ 104.435757785373283, 34.262853325737865 ], [ 104.433333333333366, 34.2625 ], [ 104.433686659071199, 34.260075547960092 ], [ 104.437146674262181, 34.256591118706616 ], [ 104.4375, 34.245833333333351 ], [ 104.439956834581182, 34.24547526041669 ], [ 104.445480007595506, 34.239924452039951 ], [ 104.446189032660612, 34.230878702799501 ], [ 104.451742214626762, 34.225353325737871 ], [ 104.458333333333357, 34.225 ], [ 104.464953782823372, 34.22464497884117 ], [ 104.470480007595512, 34.219091118706615 ], [ 104.47083333333336, 34.2125 ], [ 104.475, 34.2125 ], [ 104.475850931803407, 34.215815904405403 ], [ 104.479166666666686, 34.21666666666669 ], [ 104.481591118706618, 34.216313340928842 ], [ 104.485075547960093, 34.212853325737868 ], [ 104.4875, 34.2125 ], [ 104.49387715657555, 34.211932712131095 ], [ 104.497789510091167, 34.208900621202275 ], [ 104.506377156575553, 34.207766045464432 ], [ 104.51028951009117, 34.204733954535612 ], [ 104.51581573486331, 34.2033159044054 ], [ 104.516666666666694, 34.2 ], [ 104.517517598470079, 34.196684095594641 ], [ 104.520833333333357, 34.195833333333354 ], [ 104.523257785373289, 34.196186659071202 ], [ 104.532979159885002, 34.205881754557311 ], [ 104.53333333333336, 34.21666666666669 ], [ 104.539924452039955, 34.216313340928842 ], [ 104.547575547960093, 34.208686659071198 ], [ 104.552424452039958, 34.207980007595509 ], [ 104.555908881293433, 34.204519992404535 ], [ 104.560757785373283, 34.203813340928839 ], [ 104.56458333333336, 34.200014580620682 ], [ 104.568408881293436, 34.203813340928839 ], [ 104.573257785373286, 34.204519992404535 ], [ 104.576742214626762, 34.207980007595509 ], [ 104.579166666666694, 34.208333333333357 ], [ 104.579827880859398, 34.2157670762804 ], [ 104.585543823242219, 34.217233954535608 ], [ 104.593622843424512, 34.224432712131097 ], [ 104.61054382324221, 34.225567287868941 ], [ 104.614456176757841, 34.228599378797767 ], [ 104.6375, 34.229166666666686 ], [ 104.648257785373289, 34.229519992404533 ], [ 104.651742214626765, 34.232980007595508 ], [ 104.65833333333336, 34.233333333333356 ], [ 104.659184265136744, 34.230017428927972 ], [ 104.6625, 34.229166666666686 ], [ 104.662853325737871, 34.231591118706618 ], [ 104.668380059136311, 34.23714565700957 ], [ 104.685757785373298, 34.237853325737866 ], [ 104.691668023003501, 34.243734063042552 ], [ 104.687514580620686, 34.24791666666669 ], [ 104.691313340928843, 34.251742214626759 ], [ 104.691666666666691, 34.254166666666691 ], [ 104.691313340928843, 34.256591118706616 ], [ 104.679519992404536, 34.268408881293425 ], [ 104.678813340928841, 34.273257785373282 ], [ 104.67329016791453, 34.278808593750021 ], [ 104.670833333333363, 34.27916666666669 ], [ 104.671186659071211, 34.294091118706618 ], [ 104.678813340928841, 34.301742214626756 ], [ 104.679519992404536, 34.314924452039953 ], [ 104.687146674262181, 34.322575547960092 ], [ 104.687853325737876, 34.326715766059053 ], [ 104.679180569118955, 34.335415988498283 ], [ 104.682980007595518, 34.339242214626758 ], [ 104.683333333333366, 34.35 ], [ 104.685757785373298, 34.350353325737871 ], [ 104.689242214626759, 34.353813340928838 ], [ 104.706591118706626, 34.354519992404533 ], [ 104.718408881293428, 34.366313340928841 ], [ 104.725, 34.366666666666688 ], [ 104.725567287868955, 34.373043823242213 ], [ 104.732766045464444, 34.3811228434245 ], [ 104.734232923719645, 34.386838785807313 ], [ 104.748043823242213, 34.388067287868942 ], [ 104.751956176757844, 34.391099378797762 ], [ 104.75748240152997, 34.392517428927974 ], [ 104.758900621202287, 34.398043823242212 ], [ 104.761932712131099, 34.401956176757835 ], [ 104.763350931803416, 34.407482571072073 ], [ 104.768877156575542, 34.408900621202278 ], [ 104.772789510091172, 34.411932712131097 ], [ 104.777210489908882, 34.413067287868948 ], [ 104.781122843424512, 34.416099378797767 ], [ 104.785543823242222, 34.417233954535611 ], [ 104.789456176757838, 34.42026604546443 ], [ 104.7916666666667, 34.420833333333356 ], [ 104.792233954535618, 34.414456176757838 ], [ 104.799432712131107, 34.406377156575545 ], [ 104.80085093180341, 34.400850762261307 ], [ 104.807672119140648, 34.399100409613737 ], [ 104.808900621202284, 34.38528951009117 ], [ 104.81193271213111, 34.381377156575546 ], [ 104.813467746310792, 34.375396050347241 ], [ 104.81875, 34.371301947699678 ], [ 104.82278951009117, 34.374432712131096 ], [ 104.827210489908879, 34.375567287868947 ], [ 104.831122843424509, 34.378599378797766 ], [ 104.843877156575545, 34.37973395453561 ], [ 104.853229437934061, 34.388067287868942 ], [ 104.864710489908887, 34.386932712131099 ], [ 104.868622843424504, 34.38390062120228 ], [ 104.875, 34.383333333333354 ], [ 104.875907389322947, 34.386592610677106 ], [ 104.881339518229197, 34.388104926215298 ], [ 104.8854166666667, 34.391127861870679 ], [ 104.891126166449681, 34.386895073784743 ], [ 104.931339518229194, 34.388104926215298 ], [ 104.936959499783015, 34.392271592881968 ], [ 104.945061577691007, 34.390846761067728 ], [ 104.946610175238746, 34.3799516465929 ], [ 104.952963595920167, 34.379012722439256 ], [ 104.955224270290827, 34.387130737304709 ], [ 104.965879313151078, 34.396438259548631 ], [ 104.968839518229203, 34.395228407118076 ], [ 104.972916666666691, 34.392205471462695 ], [ 104.976993815104194, 34.395228407118076 ], [ 104.983938259548637, 34.397162204318597 ], [ 104.982728407118088, 34.402172851562526 ], [ 104.978561740451426, 34.407792833116339 ], [ 104.979771592881974, 34.414672851562521 ], [ 104.982728407118088, 34.418660481770857 ], [ 104.984086778428846, 34.428216213650195 ], [ 104.9875, 34.429166666666688 ], [ 105.002424452039961, 34.428813340928841 ], [ 105.005908881293436, 34.425353325737866 ], [ 105.023257785373289, 34.424646674262178 ], [ 105.026742214626765, 34.421186659071203 ], [ 105.029166666666697, 34.420833333333356 ], [ 105.030017428927977, 34.424149237738739 ], [ 105.03333333333336, 34.425 ], [ 105.033963690863743, 34.427147420247415 ], [ 105.050761583116355, 34.44507751464846 ], [ 105.064647420247425, 34.446463690863737 ], [ 105.069623819987015, 34.450044759114604 ], [ 105.071463690863752, 34.456314086914084 ], [ 105.079585435655417, 34.465735880533877 ], [ 105.08789638943145, 34.467297024197073 ], [ 105.095252482096384, 34.462002563476588 ], [ 105.107577514648469, 34.463258870442729 ], [ 105.108333333333363, 34.470833333333353 ], [ 105.108686659071211, 34.473257785373285 ], [ 105.112146674262178, 34.476742214626761 ], [ 105.1125, 34.479166666666686 ], [ 105.1125, 34.491666666666688 ], [ 105.116083780924512, 34.492586263020854 ], [ 105.12443271213111, 34.501956176757837 ], [ 105.125704277886314, 34.511580403645858 ], [ 105.131122843424507, 34.516099378797769 ], [ 105.136649237738752, 34.517517428927974 ], [ 105.138467746310795, 34.5246039496528 ], [ 105.143622843424509, 34.528599378797765 ], [ 105.145833333333371, 34.52916666666669 ], [ 105.15, 34.52916666666669 ], [ 105.160757785373292, 34.528813340928842 ], [ 105.164953613281284, 34.524646674262172 ], [ 105.189924452039961, 34.525353325737868 ], [ 105.194120279947953, 34.529519992404538 ], [ 105.198257785373301, 34.528813340928842 ], [ 105.201742214626762, 34.525353325737868 ], [ 105.216666666666697, 34.525 ], [ 105.217233954535615, 34.518622843424502 ], [ 105.224432712131104, 34.510543823242209 ], [ 105.225850762261317, 34.505017428927971 ], [ 105.231377156575547, 34.503599378797766 ], [ 105.236753336588578, 34.499432712131096 ], [ 105.260543823242216, 34.500567287868947 ], [ 105.264456176757847, 34.503599378797766 ], [ 105.266666666666694, 34.504166666666691 ], [ 105.270437282986137, 34.505134412977455 ], [ 105.274432712131102, 34.51028951009117 ], [ 105.275967746310798, 34.516270616319467 ], [ 105.281122843424512, 34.520266045464432 ], [ 105.285543823242222, 34.521400621202282 ], [ 105.290920003255238, 34.525567287868945 ], [ 105.298043823242224, 34.524432712131102 ], [ 105.301956176757841, 34.521400621202282 ], [ 105.307937282986146, 34.519865587022593 ], [ 105.31193271213111, 34.514710489908879 ], [ 105.313399590386311, 34.508994547526065 ], [ 105.328267076280412, 34.507672119140651 ], [ 105.330134412977458, 34.500396050347248 ], [ 105.335289510091172, 34.496400621202277 ], [ 105.343877156575559, 34.495266045464433 ], [ 105.351956176757852, 34.488067287868944 ], [ 105.357482571072083, 34.486649237738739 ], [ 105.358900621202295, 34.481122843424501 ], [ 105.361932712131107, 34.477210489908877 ], [ 105.363467746310803, 34.47122938368058 ], [ 105.368622843424518, 34.467233954535615 ], [ 105.37721048990889, 34.466099378797765 ], [ 105.381122843424507, 34.463067287868945 ], [ 105.383333333333368, 34.4625 ], [ 105.384220716688404, 34.465958319769989 ], [ 105.393877156575556, 34.467233954535615 ], [ 105.399253336588572, 34.471400621202278 ], [ 105.402210489908882, 34.470266045464435 ], [ 105.406122843424512, 34.467233954535615 ], [ 105.423043823242224, 34.466099378797765 ], [ 105.428420003255241, 34.461932712131102 ], [ 105.432986789279553, 34.463684760199676 ], [ 105.441099378797773, 34.472789510091168 ], [ 105.44288160536027, 34.479733954535611 ], [ 105.464710489908882, 34.478599378797767 ], [ 105.470086669921912, 34.474432712131097 ], [ 105.473043823242222, 34.475567287868948 ], [ 105.481122843424515, 34.48276604546443 ], [ 105.483333333333363, 34.483333333333356 ], [ 105.486649237738746, 34.482482571072069 ], [ 105.488714938693604, 34.474432712131097 ], [ 105.527210489908882, 34.475567287868948 ], [ 105.531122843424512, 34.478599378797767 ], [ 105.543877156575562, 34.479733954535611 ], [ 105.547789510091178, 34.48276604546443 ], [ 105.553315904405423, 34.484184095594642 ], [ 105.555082194010453, 34.49106818305124 ], [ 105.575, 34.491666666666688 ], [ 105.575, 34.483333333333356 ], [ 105.574646674262183, 34.472575547960091 ], [ 105.571186659071216, 34.469091118706622 ], [ 105.570480007595521, 34.464242214626758 ], [ 105.562146674262181, 34.455882432725716 ], [ 105.562853325737876, 34.443408881293422 ], [ 105.566313340928858, 34.439924452039953 ], [ 105.566666666666706, 34.429166666666688 ], [ 105.567021687825559, 34.422546386718771 ], [ 105.572575547960099, 34.417019992404533 ], [ 105.581591118706626, 34.416313340928845 ], [ 105.585075547960102, 34.412853325737871 ], [ 105.602451578776083, 34.412145657009575 ], [ 105.612146674262192, 34.402424452039952 ], [ 105.612853325737888, 34.393408881293425 ], [ 105.616313340928855, 34.389924452039949 ], [ 105.616666666666703, 34.3875 ], [ 105.636494615342912, 34.386849636501758 ], [ 105.638117472330762, 34.381173027886305 ], [ 105.64521586100264, 34.3729936387804 ], [ 105.647201199001771, 34.366049194335957 ], [ 105.668826972113749, 34.36728413899742 ], [ 105.677006361219654, 34.37438252766929 ], [ 105.681326972113752, 34.375617472330752 ], [ 105.685339694552994, 34.37854919433596 ], [ 105.70216030544708, 34.379784138997415 ], [ 105.707864040798654, 34.383950805664085 ], [ 105.714660305447083, 34.382715861002623 ], [ 105.718673027886325, 34.379784138997415 ], [ 105.724231635199686, 34.378194851345505 ], [ 105.725802612304719, 34.367401801215301 ], [ 105.739660305447089, 34.366049194335957 ], [ 105.745364040798648, 34.361882527669295 ], [ 105.752160305447092, 34.36311747233075 ], [ 105.757864040798651, 34.36728413899742 ], [ 105.760493638780417, 34.366049194335957 ], [ 105.768673027886322, 34.358950805664087 ], [ 105.774886067708366, 34.357174682617206 ], [ 105.77854919433598, 34.352160305447072 ], [ 105.779166666666697, 34.345833333333353 ], [ 105.803351508246564, 34.346483018663214 ], [ 105.804784138997434, 34.356326972113735 ], [ 105.807771809895868, 34.360416666666687 ], [ 105.804784138997434, 34.36450636121964 ], [ 105.804166666666703, 34.370833333333358 ], [ 105.818877156575553, 34.370266045464433 ], [ 105.822789510091184, 34.367233954535614 ], [ 105.835543823242219, 34.366099378797763 ], [ 105.840920003255249, 34.3619327121311 ], [ 105.843877156575559, 34.363067287868944 ], [ 105.847916666666706, 34.366198052300369 ], [ 105.852083333333368, 34.362968614366338 ], [ 105.856122843424515, 34.366099378797763 ], [ 105.865747070312537, 34.367370944552974 ], [ 105.870266045464447, 34.372789510091167 ], [ 105.871400621202298, 34.377210489908876 ], [ 105.87443271213111, 34.3811228434245 ], [ 105.876214938693607, 34.388067287868942 ], [ 105.881377156575553, 34.386932712131099 ], [ 105.885289510091184, 34.38390062120228 ], [ 105.889710489908893, 34.382766045464429 ], [ 105.893622843424509, 34.37973395453561 ], [ 105.898043823242219, 34.378599378797766 ], [ 105.910289510091189, 34.367233954535614 ], [ 105.923043823242224, 34.366099378797763 ], [ 105.935289510091181, 34.354733954535611 ], [ 105.941043090820344, 34.353257581922762 ], [ 105.941666666666706, 34.34166666666669 ], [ 105.942233954535624, 34.339456176757835 ], [ 105.94526604546445, 34.335543823242212 ], [ 105.946720716688404, 34.329875013563388 ], [ 105.956377156575556, 34.328599378797762 ], [ 105.960289510091187, 34.325567287868942 ], [ 105.969945949978339, 34.324291653103323 ], [ 105.970833333333374, 34.320833333333354 ], [ 105.973043823242222, 34.32140062120228 ], [ 105.976956176757852, 34.324432712131099 ], [ 105.989710489908887, 34.325567287868942 ], [ 105.995086669921918, 34.329733954535612 ], [ 106.011596001519138, 34.328522067599849 ], [ 106.0125, 34.325 ], [ 106.019118075900636, 34.325354682074675 ], [ 106.032980007595512, 34.339242214626758 ], [ 106.033691067165819, 34.344121636284747 ], [ 106.043408881293431, 34.353813340928838 ], [ 106.045833333333348, 34.354166666666686 ], [ 106.046191406250017, 34.351709662543428 ], [ 106.051742214626756, 34.346186659071201 ], [ 106.066666666666691, 34.345833333333353 ], [ 106.067630852593339, 34.34903564453127 ], [ 106.072968377007399, 34.350642903645856 ], [ 106.089531622992638, 34.366023763020856 ], [ 106.093801710340728, 34.367309570312521 ], [ 106.097864956325978, 34.370190429687518 ], [ 106.104809400770421, 34.372281222873283 ], [ 106.10352393256295, 34.389634874131964 ], [ 106.100642734103758, 34.39369845920141 ], [ 106.099357265896288, 34.397968207465297 ], [ 106.095879787868952, 34.402872721354186 ], [ 106.102031622992641, 34.40769042968752 ], [ 106.124223327636741, 34.409053209092903 ], [ 106.125820583767378, 34.424710761176236 ], [ 106.131198289659309, 34.428523763020856 ], [ 106.135468377007399, 34.429809570312521 ], [ 106.143698289659312, 34.436857096354188 ], [ 106.145833333333357, 34.4375 ], [ 106.149149068196635, 34.436649237738735 ], [ 106.15, 34.433333333333358 ], [ 106.150358072916688, 34.430876329210093 ], [ 106.155908881293428, 34.425353325737866 ], [ 106.183333333333351, 34.425 ], [ 106.186649068196644, 34.424149237738739 ], [ 106.188067287868947, 34.418622843424501 ], [ 106.191099378797773, 34.414710489908877 ], [ 106.191666666666691, 34.4125 ], [ 106.206377156575542, 34.411932712131097 ], [ 106.210289510091172, 34.408900621202278 ], [ 106.215815734863298, 34.407482571072073 ], [ 106.216666666666697, 34.40416666666669 ], [ 106.225, 34.40416666666669 ], [ 106.227424452039955, 34.403813340928842 ], [ 106.230908881293431, 34.400353325737868 ], [ 106.235790167914516, 34.399641927083358 ], [ 106.241313340928841, 34.394091118706619 ], [ 106.242022365993947, 34.38504536946617 ], [ 106.247575547960096, 34.379519992404539 ], [ 106.252424452039961, 34.378813340928843 ], [ 106.255908881293422, 34.375353325737869 ], [ 106.258333333333354, 34.375 ], [ 106.260757785373286, 34.375353325737869 ], [ 106.272575547960088, 34.387146674262176 ], [ 106.277424452039952, 34.387853325737872 ], [ 106.285075547960091, 34.395480007595509 ], [ 106.294091118706618, 34.396186659071205 ], [ 106.299641927083357, 34.401709662543425 ], [ 106.300353325737873, 34.406591118706622 ], [ 106.305878872341609, 34.412144300672765 ], [ 106.314924452039961, 34.412853325737871 ], [ 106.320475260416686, 34.418376329210091 ], [ 106.321186659071202, 34.423257785373288 ], [ 106.324646674262183, 34.426742214626756 ], [ 106.325, 34.433333333333358 ], [ 106.333333333333357, 34.433333333333358 ], [ 106.352424452039955, 34.432980007595511 ], [ 106.360075547960093, 34.425353325737866 ], [ 106.364924452039958, 34.424646674262178 ], [ 106.368408881293433, 34.421186659071203 ], [ 106.377424452039961, 34.420480007595508 ], [ 106.380908881293422, 34.417019992404533 ], [ 106.383333333333354, 34.416666666666686 ], [ 106.386649068196647, 34.417517428927972 ], [ 106.3875, 34.420833333333356 ], [ 106.389924452039949, 34.420480007595508 ], [ 106.394120449490046, 34.416313340928845 ], [ 106.398257785373289, 34.417019992404533 ], [ 106.402083333333366, 34.420818752712698 ], [ 106.405908881293428, 34.417019992404533 ], [ 106.416666666666686, 34.416666666666686 ], [ 106.433333333333366, 34.416666666666686 ], [ 106.433686659071199, 34.414242214626761 ], [ 106.453813340928846, 34.394091118706619 ], [ 106.454519992404542, 34.380908881293422 ], [ 106.457980007595509, 34.377424452039953 ], [ 106.458333333333357, 34.375 ], [ 106.458900621202289, 34.356122843424501 ], [ 106.461932712131102, 34.352210489908877 ], [ 106.463208516438826, 34.342554050021725 ], [ 106.470437452528245, 34.340698920355926 ], [ 106.475567287868955, 34.334079996744812 ], [ 106.474432712131104, 34.3186228434245 ], [ 106.470266045464442, 34.313246663411476 ], [ 106.471400621202278, 34.310289510091167 ], [ 106.474432712131104, 34.306377156575543 ], [ 106.475967746310786, 34.300396050347246 ], [ 106.481122843424501, 34.296400621202281 ], [ 106.48554382324221, 34.29526604546443 ], [ 106.497789510091167, 34.283900621202278 ], [ 106.5, 34.283333333333353 ], [ 106.518877156575542, 34.283900621202278 ], [ 106.524253336588572, 34.288067287868941 ], [ 106.527210489908882, 34.286932712131097 ], [ 106.531122843424498, 34.283900621202278 ], [ 106.535543823242207, 34.282766045464427 ], [ 106.539456176757838, 34.279733954535608 ], [ 106.543877156575547, 34.278599378797765 ], [ 106.549253336588563, 34.274432712131095 ], [ 106.552210489908887, 34.275567287868945 ], [ 106.557586669921903, 34.279733954535608 ], [ 106.574096171061228, 34.278522067599845 ], [ 106.57556728786895, 34.272789510091165 ], [ 106.578599378797776, 34.268877156575542 ], [ 106.579870944552979, 34.25925292968752 ], [ 106.586649915907145, 34.253599378797766 ], [ 106.589710489908882, 34.25473395453561 ], [ 106.593622843424512, 34.257766045464429 ], [ 106.598043823242222, 34.25890062120228 ], [ 106.601956176757838, 34.261932712131099 ], [ 106.61054382324221, 34.263067287868942 ], [ 106.614596048990919, 34.266207885742212 ], [ 106.632321675618513, 34.249432712131096 ], [ 106.664710489908884, 34.250567287868947 ], [ 106.668622843424501, 34.253599378797766 ], [ 106.674149068196641, 34.255017428927971 ], [ 106.675567287868944, 34.260543823242209 ], [ 106.67859937879777, 34.264456176757832 ], [ 106.680134412977452, 34.27043728298613 ], [ 106.686362881130663, 34.275264485677106 ], [ 106.6875, 34.270833333333357 ], [ 106.689924452039961, 34.271186659071205 ], [ 106.695478481716606, 34.276713053385436 ], [ 106.695833333333354, 34.283333333333353 ], [ 106.7, 34.283333333333353 ], [ 106.710543823242219, 34.282766045464427 ], [ 106.714456176757835, 34.279733954535608 ], [ 106.718877156575545, 34.278599378797765 ], [ 106.724253336588575, 34.274432712131095 ], [ 106.73554382324221, 34.275567287868945 ], [ 106.739456176757841, 34.278599378797765 ], [ 106.752210489908876, 34.279733954535608 ], [ 106.756122843424507, 34.282766045464427 ], [ 106.761649068196647, 34.28418409559464 ], [ 106.763467746310795, 34.291270616319466 ], [ 106.768622843424509, 34.29526604546443 ], [ 106.773043823242219, 34.296400621202281 ], [ 106.778420003255235, 34.300567287868944 ], [ 106.789710489908884, 34.2994327121311 ], [ 106.799062771267387, 34.291099378797767 ], [ 106.80637715657555, 34.292233954535611 ], [ 106.810289510091181, 34.29526604546443 ], [ 106.825, 34.295833333333356 ], [ 106.825771416558183, 34.288271416558182 ], [ 106.833333333333357, 34.2875 ], [ 106.835757785373289, 34.287146674262175 ], [ 106.839242214626765, 34.283686659071201 ], [ 106.844091118706629, 34.282980007595505 ], [ 106.848286946614607, 34.278813340928842 ], [ 106.856591118706632, 34.279519992404538 ], [ 106.868408881293433, 34.291313340928838 ], [ 106.889924452039963, 34.292019992404533 ], [ 106.893408881293425, 34.295480007595508 ], [ 106.895833333333357, 34.295833333333356 ], [ 106.896684095594651, 34.292517428927972 ], [ 106.902210489908882, 34.291099378797767 ], [ 106.906122843424512, 34.288067287868941 ], [ 106.910543823242222, 34.286932712131097 ], [ 106.914456176757838, 34.283900621202278 ], [ 106.918877156575547, 34.282766045464427 ], [ 106.926956176757841, 34.275567287868945 ], [ 106.93137715657555, 34.274432712131095 ], [ 106.935289510091181, 34.271400621202275 ], [ 106.9375, 34.270833333333357 ], [ 106.936857096354203, 34.26869845920141 ], [ 106.932690429687526, 34.26282179090714 ], [ 106.934088812934064, 34.246554565429705 ], [ 106.956301540798634, 34.245190429687518 ], [ 106.96036512586808, 34.242309570312521 ], [ 106.972968207465314, 34.241023763020856 ], [ 106.977031792534746, 34.238142903645851 ], [ 106.98130154079864, 34.236857096354186 ], [ 106.989531792534748, 34.229809570312518 ], [ 106.999574449327284, 34.228278944227455 ], [ 107.007690429687528, 34.21880154079863 ], [ 107.009221055772599, 34.208758884006095 ], [ 107.018698459201417, 34.200642903645857 ], [ 107.032594129774338, 34.199225192599847 ], [ 107.0339762369792, 34.181198459201411 ], [ 107.036857096354197, 34.177134874131966 ], [ 107.0375, 34.175 ], [ 107.0375, 34.166666666666686 ], [ 107.039710489908884, 34.166099378797782 ], [ 107.045086669921901, 34.161932712131112 ], [ 107.048043823242224, 34.163067287868962 ], [ 107.053029378255232, 34.166931321885883 ], [ 107.054166666666703, 34.1625 ], [ 107.054733954535621, 34.160289510091182 ], [ 107.057766045464433, 34.156377156575559 ], [ 107.058971150716175, 34.138405693901944 ], [ 107.06471048990889, 34.136932712131113 ], [ 107.068622843424507, 34.133900621202294 ], [ 107.073043823242216, 34.132766045464443 ], [ 107.085289510091172, 34.121400621202291 ], [ 107.0875, 34.120833333333366 ], [ 107.091083780924507, 34.121752929687517 ], [ 107.099432712131104, 34.1311228434245 ], [ 107.100623575846384, 34.153257581922766 ], [ 107.1041666666667, 34.15416666666669 ], [ 107.105017428927979, 34.157482571072066 ], [ 107.110543823242224, 34.158900621202278 ], [ 107.114456176757841, 34.161932712131097 ], [ 107.11887715657555, 34.163067287868941 ], [ 107.124253336588566, 34.167233954535611 ], [ 107.131377156575553, 34.16609937879776 ], [ 107.135289510091184, 34.163067287868941 ], [ 107.143877156575556, 34.161932712131097 ], [ 107.147789510091172, 34.158900621202278 ], [ 107.152210489908882, 34.157766045464427 ], [ 107.15625, 34.154635281033009 ], [ 107.161753336588575, 34.158900621202278 ], [ 107.177210489908887, 34.157766045464427 ], [ 107.181122843424504, 34.154733954535608 ], [ 107.1875, 34.15416666666669 ], [ 107.188409084743952, 34.150623575846375 ], [ 107.210543823242219, 34.149432712131095 ], [ 107.214456176757849, 34.146400621202275 ], [ 107.216666666666697, 34.145833333333357 ], [ 107.219091118706629, 34.146186659071198 ], [ 107.222575547960105, 34.149646674262172 ], [ 107.226713053385453, 34.150353325737868 ], [ 107.230908881293431, 34.146186659071198 ], [ 107.243383110894129, 34.145480007595509 ], [ 107.257975599500895, 34.160045708550371 ], [ 107.258333333333368, 34.1625 ], [ 107.298257785373295, 34.162146674262175 ], [ 107.301742214626771, 34.158686659071201 ], [ 107.341666666666697, 34.158333333333353 ], [ 107.34583333333336, 34.158333333333353 ], [ 107.348257785373292, 34.157980007595505 ], [ 107.351742214626768, 34.154519992404531 ], [ 107.3625, 34.15416666666669 ], [ 107.3625, 34.158333333333353 ], [ 107.366666666666703, 34.158333333333353 ], [ 107.402210489908882, 34.157766045464427 ], [ 107.410289510091175, 34.150567287868945 ], [ 107.41627061631948, 34.149032253689256 ], [ 107.420266045464444, 34.143877156575542 ], [ 107.421684095594657, 34.138350762261304 ], [ 107.427210489908887, 34.136932712131099 ], [ 107.435289510091181, 34.12973395453561 ], [ 107.445833333333368, 34.129166666666684 ], [ 107.446400621202287, 34.122789510091167 ], [ 107.449531385633719, 34.11875 ], [ 107.446400621202287, 34.114710489908873 ], [ 107.44526604546445, 34.101956176757831 ], [ 107.442233954535624, 34.098043823242207 ], [ 107.441034952799512, 34.080160522460957 ], [ 107.43137715657555, 34.07140062120228 ], [ 107.425614081488746, 34.069921535915817 ], [ 107.424432712131107, 34.043622843424501 ], [ 107.421400621202295, 34.03971048990887 ], [ 107.420266045464444, 34.035289510091168 ], [ 107.417233954535618, 34.031377156575537 ], [ 107.416099378797782, 34.026956176757835 ], [ 107.411932712131104, 34.021579996744812 ], [ 107.413067287868955, 34.010289510091162 ], [ 107.417233954535618, 34.004913330078146 ], [ 107.416099378797782, 34.00195617675783 ], [ 107.408795166015665, 33.993758816189256 ], [ 107.412486775716175, 33.988995700412346 ], [ 107.406377156575559, 33.983900621202274 ], [ 107.400850762261314, 33.982482571072069 ], [ 107.399149237738754, 33.975850762261302 ], [ 107.392517428927988, 33.974149237738736 ], [ 107.391666666666694, 33.970833333333353 ], [ 107.391666666666694, 33.966666666666683 ], [ 107.392024739583363, 33.964209832085537 ], [ 107.397575547960102, 33.958686659071212 ], [ 107.402424452039966, 33.957980007595523 ], [ 107.405908881293442, 33.954519992404549 ], [ 107.410757785373292, 33.953813340928853 ], [ 107.422575547960108, 33.942019992404546 ], [ 107.429166666666703, 33.941666666666698 ], [ 107.433333333333366, 33.941666666666698 ], [ 107.4375, 33.941666666666698 ], [ 107.448257785373301, 33.942019992404546 ], [ 107.451742214626776, 33.945480007595521 ], [ 107.456591118706626, 33.946186659071216 ], [ 107.464242214626765, 33.953813340928853 ], [ 107.489924452039958, 33.954519992404549 ], [ 107.49375, 33.958318752712707 ], [ 107.49757554796011, 33.954519992404549 ], [ 107.504166666666706, 33.954166666666701 ], [ 107.504524400499164, 33.951712544759147 ], [ 107.522575547960102, 33.933686659071213 ], [ 107.527424452039966, 33.932980007595518 ], [ 107.530908881293442, 33.929519992404551 ], [ 107.539924452039969, 33.928813340928855 ], [ 107.543408881293431, 33.925353325737881 ], [ 107.55, 33.925 ], [ 107.556591118706635, 33.925353325737881 ], [ 107.560786946614613, 33.929519992404551 ], [ 107.577424452039963, 33.928813340928855 ], [ 107.580908881293439, 33.925353325737881 ], [ 107.589924452039966, 33.924646674262185 ], [ 107.593408881293442, 33.921186659071218 ], [ 107.602424452039969, 33.920480007595522 ], [ 107.605908881293431, 33.917019992404548 ], [ 107.619091118706635, 33.916313340928852 ], [ 107.623286946614613, 33.912146674262189 ], [ 107.627424452039961, 33.912853325737885 ], [ 107.635075547960099, 33.920480007595522 ], [ 107.641666666666708, 33.920833333333348 ], [ 107.660543823242222, 33.920266045464444 ], [ 107.665920003255238, 33.916099378797774 ], [ 107.67820502387157, 33.917333814832936 ], [ 107.68693271213111, 33.926956176757848 ], [ 107.688714938693607, 33.933900621202291 ], [ 107.703265719943616, 33.932677374945783 ], [ 107.704166666666708, 33.929166666666703 ], [ 107.708333333333371, 33.929166666666703 ], [ 107.708686659071219, 33.926742214626771 ], [ 107.712853325737882, 33.922546217176681 ], [ 107.712146674262186, 33.914242214626768 ], [ 107.708686659071219, 33.910757785373299 ], [ 107.708333333333371, 33.891666666666701 ], [ 107.708686659071219, 33.889242214626769 ], [ 107.712146674262186, 33.885757785373301 ], [ 107.712853325737882, 33.876742214626773 ], [ 107.724646674262189, 33.864924452039965 ], [ 107.725353325737885, 33.851742214626768 ], [ 107.728813340928852, 33.848257785373299 ], [ 107.729521009657148, 33.830882602267828 ], [ 107.74757554796011, 33.812853325737883 ], [ 107.752424452039961, 33.812146674262188 ], [ 107.764242214626776, 33.800353325737881 ], [ 107.769091118706626, 33.799646674262185 ], [ 107.780908881293442, 33.787853325737878 ], [ 107.785790337456632, 33.787141927083368 ], [ 107.791313340928852, 33.781591118706629 ], [ 107.792024739583368, 33.776709832085537 ], [ 107.797575547960108, 33.771186659071212 ], [ 107.802454969618097, 33.770475599500898 ], [ 107.812486097547776, 33.760417344835105 ], [ 107.808686659071213, 33.756591118706631 ], [ 107.807980007595518, 33.751742214626766 ], [ 107.803813340928855, 33.747546217176684 ], [ 107.804519992404551, 33.726742214626768 ], [ 107.807980007595518, 33.723257785373299 ], [ 107.808333333333366, 33.716666666666697 ], [ 107.809184095594659, 33.713350931803419 ], [ 107.81471048990889, 33.711932712131109 ], [ 107.826956176757847, 33.700567287868957 ], [ 107.845833333333374, 33.7 ], [ 107.8541666666667, 33.7 ], [ 107.857482571072083, 33.700850931803416 ], [ 107.858900621202295, 33.706377156575556 ], [ 107.861932712131107, 33.710289510091179 ], [ 107.863067287868958, 33.714710489908889 ], [ 107.867062717013923, 33.719865587022603 ], [ 107.874149237738749, 33.721684265136751 ], [ 107.875850762261322, 33.728315734863315 ], [ 107.882624986436667, 33.730054050021735 ], [ 107.883900621202301, 33.739710489908887 ], [ 107.891099378797776, 33.747789510091181 ], [ 107.891666666666708, 33.75 ], [ 107.899100409613752, 33.749338785807325 ], [ 107.900850762261328, 33.742517598470087 ], [ 107.906377156575559, 33.741099378797777 ], [ 107.915729437934061, 33.732766045464444 ], [ 107.927210489908887, 33.733900621202288 ], [ 107.935289510091181, 33.741099378797777 ], [ 107.93971048990889, 33.742233954535621 ], [ 107.943622843424521, 33.74526604546444 ], [ 107.945833333333368, 33.745833333333366 ], [ 107.948257785373286, 33.745480007595518 ], [ 107.951742214626762, 33.742019992404543 ], [ 107.956591118706612, 33.741313340928855 ], [ 107.964582655164946, 33.733347235785622 ], [ 107.969120449490035, 33.737853325737881 ], [ 107.977424452039955, 33.737146674262185 ], [ 107.980908881293431, 33.733686659071211 ], [ 107.985757785373281, 33.732980007595522 ], [ 107.989242214626756, 33.729519992404548 ], [ 108.006591118706623, 33.728813340928852 ], [ 108.010075547960085, 33.725353325737878 ], [ 108.014924452039949, 33.724646674262189 ], [ 108.018408881293425, 33.721186659071215 ], [ 108.020833333333357, 33.720833333333367 ], [ 108.020833333333371, 33.716666666666697 ], [ 108.031591118706615, 33.716313340928849 ], [ 108.035075547960091, 33.712853325737882 ], [ 108.048257785373281, 33.712146674262186 ], [ 108.051742214626756, 33.708686659071212 ], [ 108.054166666666688, 33.708333333333364 ], [ 108.055017598470073, 33.71164906819665 ], [ 108.061649068196644, 33.713350931803419 ], [ 108.063350931803413, 33.719982401529982 ], [ 108.068877156575539, 33.721400621202292 ], [ 108.07278951009117, 33.724432712131112 ], [ 108.091666666666683, 33.725 ], [ 108.091666666666683, 33.720833333333367 ], [ 108.098257785373292, 33.720480007595519 ], [ 108.101742214626753, 33.717019992404545 ], [ 108.106591118706618, 33.716313340928849 ], [ 108.1107871161567, 33.712146674262186 ], [ 108.114924452039958, 33.712853325737882 ], [ 108.123284403483098, 33.721186659071215 ], [ 108.131591118706623, 33.720480007595519 ], [ 108.135075547960099, 33.717019992404545 ], [ 108.139924452039949, 33.716313340928849 ], [ 108.143408881293425, 33.712853325737882 ], [ 108.179166666666688, 33.7125 ], [ 108.181591118706621, 33.712853325737882 ], [ 108.18714192708336, 33.7183764987522 ], [ 108.1875, 33.720833333333367 ], [ 108.204166666666694, 33.720833333333367 ], [ 108.205017598470079, 33.724149068196645 ], [ 108.210543823242205, 33.725567287868955 ], [ 108.214456176757835, 33.728599378797774 ], [ 108.236590745713997, 33.729790242513054 ], [ 108.238067287868944, 33.735543823242217 ], [ 108.253599378797773, 33.751956176757844 ], [ 108.254166666666691, 33.758333333333368 ], [ 108.264924452039949, 33.758686659071216 ], [ 108.268408881293425, 33.762146674262183 ], [ 108.273257785373289, 33.762853325737879 ], [ 108.276742214626765, 33.766313340928853 ], [ 108.310757785373283, 33.767019992404549 ], [ 108.314242214626759, 33.770480007595516 ], [ 108.319091118706623, 33.771186659071212 ], [ 108.332975599500898, 33.78504553900828 ], [ 108.333333333333357, 33.7875 ], [ 108.3375, 33.7875 ], [ 108.340815734863313, 33.788350931803421 ], [ 108.341666666666697, 33.7916666666667 ], [ 108.341666666666697, 33.79583333333337 ], [ 108.352424452039955, 33.795480007595522 ], [ 108.35625, 33.791681247287357 ], [ 108.360075547960093, 33.795480007595522 ], [ 108.366666666666688, 33.79583333333337 ], [ 108.367233954535621, 33.793622843424515 ], [ 108.370266045464433, 33.789710489908884 ], [ 108.371720716688387, 33.784041849772166 ], [ 108.381377156575553, 33.782766045464442 ], [ 108.38528951009117, 33.779733954535622 ], [ 108.39081573486331, 33.778315734863313 ], [ 108.391666666666694, 33.775 ], [ 108.392019992404542, 33.772575547960102 ], [ 108.395480007595509, 33.769091118706633 ], [ 108.395833333333357, 33.766666666666701 ], [ 108.40833333333336, 33.766666666666701 ], [ 108.410543823242207, 33.767233954535627 ], [ 108.414456176757838, 33.770266045464446 ], [ 108.419982401529978, 33.771684265136749 ], [ 108.421720716688398, 33.778458150227898 ], [ 108.43137715657555, 33.779733954535622 ], [ 108.435289510091167, 33.782766045464442 ], [ 108.439710489908876, 33.783900621202292 ], [ 108.451956176757832, 33.795266045464444 ], [ 108.456377156575542, 33.796400621202288 ], [ 108.460289510091172, 33.799432712131107 ], [ 108.468877156575545, 33.800567287868958 ], [ 108.474253336588561, 33.804733954535621 ], [ 108.489710489908873, 33.803599378797777 ], [ 108.493622843424504, 33.800567287868958 ], [ 108.506377156575553, 33.799432712131107 ], [ 108.51028951009117, 33.796400621202288 ], [ 108.523043823242219, 33.795266045464444 ], [ 108.526956176757835, 33.792233954535625 ], [ 108.536580573187962, 33.790962388780414 ], [ 108.541099378797767, 33.785543823242222 ], [ 108.542517598470084, 33.780017598470081 ], [ 108.54960411919491, 33.778198920355933 ], [ 108.55359937879777, 33.773043823242219 ], [ 108.555083719889353, 33.767259555392826 ], [ 108.579166666666694, 33.766666666666701 ], [ 108.582672119140653, 33.767566257052984 ], [ 108.583900621202289, 33.781377156575552 ], [ 108.592249552408887, 33.790746900770429 ], [ 108.599338785807319, 33.792566257052982 ], [ 108.600567287868955, 33.806377156575557 ], [ 108.611932712131107, 33.818622843424514 ], [ 108.6125, 33.829166666666701 ], [ 108.619091118706621, 33.829519992404549 ], [ 108.622575547960096, 33.832980007595523 ], [ 108.631591118706623, 33.833686659071212 ], [ 108.635075547960099, 33.837146674262186 ], [ 108.639924452039963, 33.837853325737882 ], [ 108.643408881293425, 33.841313340928856 ], [ 108.6666666666667, 33.841666666666683 ], [ 108.681326802571647, 33.841049024793868 ], [ 108.685339864095084, 33.838117641872863 ], [ 108.690740288628504, 33.83657362196184 ], [ 108.693034532335091, 33.828549024793872 ], [ 108.702160135904975, 33.82978430853953 ], [ 108.706173197428413, 33.832715691460535 ], [ 108.714660135904978, 33.8339509752062 ], [ 108.718673197428416, 33.836882358127205 ], [ 108.722993469238304, 33.838117641872863 ], [ 108.728697543674073, 33.842284308539533 ], [ 108.753167046441007, 33.840995958116352 ], [ 108.755534532335105, 33.832715691460535 ], [ 108.765870666503929, 33.834114752875465 ], [ 108.76752811008032, 33.845502217610708 ], [ 108.772839864095076, 33.849382358127201 ], [ 108.778240288628496, 33.850926378038231 ], [ 108.780093044704884, 33.857406955295176 ], [ 108.78333333333336, 33.858333333333348 ], [ 108.78333333333336, 33.8541666666667 ], [ 108.785757785373292, 33.853813340928852 ], [ 108.793408881293431, 33.846186659071215 ], [ 108.798288472493525, 33.845475599500901 ], [ 108.807980007595518, 33.835757785373296 ], [ 108.808333333333366, 33.825 ], [ 108.808943854437956, 33.817603556315134 ], [ 108.813499281141517, 33.816184658474427 ], [ 108.819892544216614, 33.821362813313833 ], [ 108.82724829779734, 33.820303853352897 ], [ 108.831085035536049, 33.81719614664717 ], [ 108.833333333333357, 33.816666666666698 ], [ 108.8375, 33.816666666666698 ], [ 108.838161214192738, 33.824100409613749 ], [ 108.843877156575545, 33.825567287868957 ], [ 108.847789510091175, 33.828599378797776 ], [ 108.854913330078148, 33.829733954535627 ], [ 108.860289510091178, 33.825567287868957 ], [ 108.863246663411488, 33.824432712131113 ], [ 108.868622843424504, 33.828599378797776 ], [ 108.873043823242213, 33.829733954535627 ], [ 108.881122843424507, 33.836932712131109 ], [ 108.889710489908879, 33.838067287868959 ], [ 108.897789510091172, 33.845266045464442 ], [ 108.902210489908882, 33.846400621202292 ], [ 108.907629055447075, 33.850919426812098 ], [ 108.908900621202292, 33.860543823242224 ], [ 108.911932712131104, 33.864456176757848 ], [ 108.9125, 33.866666666666703 ], [ 108.935543823242213, 33.867233954535621 ], [ 108.939456176757844, 33.87026604546444 ], [ 108.948043823242216, 33.871400621202291 ], [ 108.951956176757847, 33.87443271213111 ], [ 108.973043823242222, 33.875567287868961 ], [ 108.976956176757838, 33.87859937879778 ], [ 108.98554382324221, 33.879733954535624 ], [ 108.989456176757841, 33.882766045464443 ], [ 108.998043823242213, 33.883900621202294 ], [ 109.001956176757844, 33.886932712131113 ], [ 109.011612616644996, 33.888208516438837 ], [ 109.013350762261311, 33.89498240152998 ], [ 109.018877156575556, 33.896400621202289 ], [ 109.022789510091172, 33.899432712131109 ], [ 109.028315904405417, 33.900850931803419 ], [ 109.029733954535615, 33.906377156575552 ], [ 109.032766045464442, 33.910289510091182 ], [ 109.03333333333336, 33.92083333333337 ], [ 109.035543823242222, 33.921400621202288 ], [ 109.040920003255238, 33.925567287868958 ], [ 109.048043823242224, 33.924432712131107 ], [ 109.051956176757841, 33.921400621202288 ], [ 109.05637715657555, 33.920266045464444 ], [ 109.061753336588566, 33.916099378797774 ], [ 109.06471048990889, 33.917233954535625 ], [ 109.06875, 33.920364549424946 ], [ 109.072789510091184, 33.917233954535625 ], [ 109.081377156575556, 33.916099378797774 ], [ 109.089456176757849, 33.908900621202292 ], [ 109.102210489908884, 33.907766045464442 ], [ 109.106122843424515, 33.904733954535622 ], [ 109.111838785807322, 33.903267076280414 ], [ 109.113067287868958, 33.889456176757847 ], [ 109.11609937879777, 33.885543823242223 ], [ 109.116666666666703, 33.879166666666698 ], [ 109.133333333333368, 33.879166666666698 ], [ 109.133333333333368, 33.875 ], [ 109.1375, 33.875 ], [ 109.138350762261311, 33.878315734863314 ], [ 109.141666666666694, 33.879166666666684 ], [ 109.152210489908882, 33.87859937879778 ], [ 109.156122843424512, 33.875567287868961 ], [ 109.185543823242213, 33.87443271213111 ], [ 109.189456176757844, 33.871400621202291 ], [ 109.215451727973118, 33.87026604546444 ], [ 109.216666666666697, 33.875 ], [ 109.219091118706629, 33.875353325737883 ], [ 109.224641927083368, 33.880876498752201 ], [ 109.225, 33.883333333333354 ], [ 109.235757785373295, 33.882980007595521 ], [ 109.239583333333371, 33.879181247287363 ], [ 109.24412027994795, 33.883686659071216 ], [ 109.252424452039961, 33.882980007595521 ], [ 109.255908881293436, 33.879519992404546 ], [ 109.275, 33.879166666666698 ], [ 109.279166666666697, 33.879166666666698 ], [ 109.279519992404545, 33.876742214626773 ], [ 109.287146674262189, 33.869091118706628 ], [ 109.287858072916706, 33.864209832085535 ], [ 109.293408881293431, 33.858686659071211 ], [ 109.310757785373298, 33.857980007595522 ], [ 109.314242214626773, 33.854519992404548 ], [ 109.316666666666706, 33.8541666666667 ], [ 109.317517428927985, 33.857482401529978 ], [ 109.323043823242216, 33.858900621202288 ], [ 109.326956176757847, 33.861932712131107 ], [ 109.335543823242219, 33.863067287868958 ], [ 109.340920003255235, 33.867233954535621 ], [ 109.360543823242224, 33.866099378797777 ], [ 109.374011908637186, 33.853599378797774 ], [ 109.37721048990889, 33.854733954535625 ], [ 109.382586669921906, 33.858900621202288 ], [ 109.385543823242216, 33.857766045464444 ], [ 109.393622843424509, 33.850567287868955 ], [ 109.398043823242219, 33.849432712131112 ], [ 109.402083333333366, 33.846302117241784 ], [ 109.40625, 33.849531216091613 ], [ 109.410289510091175, 33.846400621202292 ], [ 109.4375, 33.845833333333367 ], [ 109.438399590386325, 33.842327880859408 ], [ 109.445833333333368, 33.841666666666697 ], [ 109.446684095594648, 33.844982401529982 ], [ 109.452210489908893, 33.846400621202292 ], [ 109.456122843424509, 33.849432712131112 ], [ 109.461649237738754, 33.850850931803421 ], [ 109.4625, 33.8541666666667 ], [ 109.469091118706629, 33.853813340928852 ], [ 109.472575547960105, 33.850353325737878 ], [ 109.5, 33.85 ], [ 109.50221048990889, 33.850567287868955 ], [ 109.510289510091184, 33.857766045464444 ], [ 109.514710489908893, 33.858900621202288 ], [ 109.518622843424509, 33.861932712131107 ], [ 109.528247070312531, 33.863204277886318 ], [ 109.532766045464442, 33.868622843424511 ], [ 109.534041680230075, 33.878279283311663 ], [ 109.539710489908884, 33.879733954535624 ], [ 109.543622843424515, 33.882766045464443 ], [ 109.548043823242224, 33.883900621202294 ], [ 109.560289510091181, 33.895266045464446 ], [ 109.568877156575553, 33.896400621202289 ], [ 109.572789510091184, 33.899432712131109 ], [ 109.586540052625907, 33.900655958387624 ], [ 109.591099378797779, 33.906122843424512 ], [ 109.592233954535629, 33.910543823242222 ], [ 109.595266045464442, 33.914456176757845 ], [ 109.596541680230075, 33.924112616644997 ], [ 109.6, 33.925 ], [ 109.599646674262189, 33.927424452039965 ], [ 109.596186659071222, 33.930908881293433 ], [ 109.595833333333374, 33.941666666666698 ], [ 109.59498257107208, 33.944982401529984 ], [ 109.589456176757849, 33.946400621202294 ], [ 109.580086263020874, 33.954749552408892 ], [ 109.579166666666708, 33.958333333333371 ], [ 109.5875, 33.958333333333371 ], [ 109.588067287868952, 33.964710489908889 ], [ 109.591099378797779, 33.968622843424512 ], [ 109.592233954535629, 33.973043823242222 ], [ 109.603599378797782, 33.985289510091178 ], [ 109.604733954535618, 33.993877156575557 ], [ 109.611932712131107, 34.001956176757844 ], [ 109.613067287868958, 34.006377156575553 ], [ 109.61762661404083, 34.011844041612449 ], [ 109.632433742947086, 34.013161214192742 ], [ 109.633333333333368, 34.016666666666701 ], [ 109.632980007595521, 34.019091118706633 ], [ 109.612853325737888, 34.039242214626768 ], [ 109.612146674262192, 34.043382263183631 ], [ 109.620819430881113, 34.052082655164966 ], [ 109.617019992404551, 34.055908881293441 ], [ 109.616666666666703, 34.075 ], [ 109.624040052625901, 34.075655958387621 ], [ 109.628599378797773, 34.081122843424517 ], [ 109.629733954535624, 34.089710489908889 ], [ 109.636932712131113, 34.097789510091182 ], [ 109.638413492838581, 34.103559197319917 ], [ 109.654166666666697, 34.104166666666686 ], [ 109.664924452039969, 34.103813340928852 ], [ 109.66875, 34.100014580620694 ], [ 109.672575547960108, 34.103813340928852 ], [ 109.681591118706635, 34.104519992404548 ], [ 109.685786946614613, 34.108686659071218 ], [ 109.694091118706638, 34.107980007595522 ], [ 109.697575547960099, 34.104519992404548 ], [ 109.704166666666708, 34.1041666666667 ], [ 109.705075751410632, 34.107709757487015 ], [ 109.727210489908884, 34.108900621202295 ], [ 109.735289510091178, 34.116099378797777 ], [ 109.7375, 34.116666666666703 ], [ 109.737855021158893, 34.123287116156718 ], [ 109.743408881293433, 34.128813340928858 ], [ 109.748287285698822, 34.129524230957067 ], [ 109.76631334092886, 34.147575547960102 ], [ 109.767024400499167, 34.152455139160189 ], [ 109.776742214626779, 34.162146674262189 ], [ 109.779166666666697, 34.1625 ], [ 109.783333333333374, 34.1625 ], [ 109.798257785373295, 34.162853325737885 ], [ 109.801742214626771, 34.166313340928852 ], [ 109.804166666666703, 34.166666666666686 ], [ 109.804827880859406, 34.174100409613736 ], [ 109.810543823242227, 34.175567287868944 ], [ 109.814456176757844, 34.178599378797763 ], [ 109.816666666666706, 34.179166666666688 ], [ 109.817634412977469, 34.182937282986131 ], [ 109.8229166666667, 34.187031385633702 ], [ 109.828420003255246, 34.182766045464433 ], [ 109.831377156575556, 34.183900621202277 ], [ 109.836753336588572, 34.188067287868947 ], [ 109.839710489908896, 34.186932712131096 ], [ 109.843622843424512, 34.183900621202277 ], [ 109.852210489908884, 34.182766045464433 ], [ 109.856122843424515, 34.179733954535614 ], [ 109.860543823242224, 34.178599378797763 ], [ 109.864456176757855, 34.175567287868944 ], [ 109.868877156575564, 34.174432712131093 ], [ 109.872789510091181, 34.171400621202274 ], [ 109.88554382324223, 34.17026604546443 ], [ 109.889456176757847, 34.167233954535611 ], [ 109.907427639431461, 34.166028849283876 ], [ 109.909301079644138, 34.158729383680573 ], [ 109.914456176757852, 34.154733954535608 ], [ 109.923043823242224, 34.153599378797765 ], [ 109.926956176757855, 34.150567287868945 ], [ 109.931377156575564, 34.149432712131095 ], [ 109.935289510091181, 34.146400621202275 ], [ 109.941666666666706, 34.145833333333357 ], [ 109.942517428927985, 34.142517428927974 ], [ 109.945833333333368, 34.141666666666687 ], [ 109.948257785373301, 34.141313340928839 ], [ 109.951742214626776, 34.137853325737865 ], [ 109.954166666666708, 34.1375 ], [ 109.957482571072092, 34.136649237738737 ], [ 109.958333333333371, 34.133333333333354 ], [ 109.959297519260005, 34.130131022135437 ], [ 109.964635043674065, 34.128523763020851 ], [ 109.977031622992641, 34.117309570312521 ], [ 109.98130171034073, 34.116023763020856 ], [ 109.989531622992644, 34.108976236979188 ], [ 110.003446790907134, 34.107556830512173 ], [ 110.00488722059464, 34.08409932454429 ], [ 110.010364956325972, 34.07980957031252 ], [ 110.014635043674062, 34.078523763020854 ], [ 110.018698289659312, 34.07564290364585 ], [ 110.022968377007402, 34.074357096354184 ], [ 110.027031622992638, 34.071476236979187 ], [ 110.031301710340728, 34.070190429687521 ], [ 110.035364956325978, 34.067309570312517 ], [ 110.05213504367407, 34.066023763020851 ], [ 110.056198289659307, 34.063142903645854 ], [ 110.060468377007396, 34.061857096354188 ], [ 110.064531622992646, 34.058976236979184 ], [ 110.072968377007399, 34.057690429687518 ], [ 110.077031622992649, 34.054809570312521 ], [ 110.083356899685356, 34.052904934353315 ], [ 110.088142734103755, 34.046155124240471 ], [ 110.086857265896285, 34.035365125868076 ], [ 110.074357265896296, 34.021547105577277 ], [ 110.075642734103752, 34.006198459201407 ], [ 110.078523932562959, 34.002134874131961 ], [ 110.079809400770415, 33.997865125868074 ], [ 110.082690599229622, 33.993801540798628 ], [ 110.083976067437092, 33.989531792534741 ], [ 110.086857265896285, 33.985468207465296 ], [ 110.088761562771296, 33.979143269856792 ], [ 110.093698289659315, 33.975642903645848 ], [ 110.09583333333336, 33.975 ], [ 110.106591118706618, 33.975353325737885 ], [ 110.110075547960093, 33.978813340928852 ], [ 110.114924452039958, 33.979519992404548 ], [ 110.11875, 33.983318752712705 ], [ 110.123287116156703, 33.978813340928852 ], [ 110.131591118706623, 33.979519992404548 ], [ 110.139582655164958, 33.98748609754778 ], [ 110.143408881293425, 33.983686659071218 ], [ 110.148257785373289, 33.982980007595522 ], [ 110.152083333333351, 33.979181247287357 ], [ 110.155908881293428, 33.982980007595522 ], [ 110.164924452039955, 33.983686659071218 ], [ 110.168408881293431, 33.987146674262185 ], [ 110.170833333333363, 33.9875 ], [ 110.175, 33.9875 ], [ 110.175919765896296, 33.983916219075553 ], [ 110.18656277126739, 33.974432712131112 ], [ 110.214710489908882, 33.975567287868955 ], [ 110.218622843424498, 33.978599378797774 ], [ 110.223043823242207, 33.979733954535625 ], [ 110.22763621012372, 33.983293151855506 ], [ 110.236932712131107, 33.973043823242222 ], [ 110.23835093180341, 33.967517598470089 ], [ 110.241666666666688, 33.966666666666704 ], [ 110.245833333333351, 33.966666666666704 ], [ 110.248257785373283, 33.966313340928856 ], [ 110.255908881293422, 33.958686659071212 ], [ 110.264924452039949, 33.957980007595523 ], [ 110.268408881293425, 33.954519992404549 ], [ 110.279166666666697, 33.954166666666701 ], [ 110.281591118706615, 33.954519992404549 ], [ 110.285075547960091, 33.957980007595523 ], [ 110.289924452039955, 33.958686659071212 ], [ 110.293750678168422, 33.962486097547774 ], [ 110.301742214626756, 33.954519992404549 ], [ 110.319091118706623, 33.953813340928853 ], [ 110.322575547960099, 33.950353325737879 ], [ 110.325, 33.95 ], [ 110.331591118706626, 33.949646674262191 ], [ 110.335075547960088, 33.946186659071216 ], [ 110.341666666666697, 33.945833333333368 ], [ 110.35, 33.945833333333368 ], [ 110.391666666666694, 33.945833333333368 ], [ 110.392284308539516, 33.935339864095084 ], [ 110.395215691460535, 33.931326802571647 ], [ 110.396939765082493, 33.925296698676249 ], [ 110.406173197428416, 33.917284308539529 ], [ 110.419847106933616, 33.915949503580762 ], [ 110.421450975206184, 33.910339864095086 ], [ 110.42438235812719, 33.906326802571648 ], [ 110.425861443413652, 33.896164449056023 ], [ 110.431173197428407, 33.89228430853953 ], [ 110.436731804741783, 33.89069502088762 ], [ 110.438294135199683, 33.879960801866353 ], [ 110.447993469238313, 33.87854902479387 ], [ 110.45200653076175, 33.875617641872864 ], [ 110.468826802571641, 33.874382358127207 ], [ 110.472839864095079, 33.871450975206194 ], [ 110.49799346923831, 33.870215691460537 ], [ 110.502006530761747, 33.867284308539531 ], [ 110.514660135904975, 33.866049024793867 ], [ 110.518673197428413, 33.863117641872861 ], [ 110.522993469238301, 33.861882358127204 ], [ 110.527006530761739, 33.858950975206199 ], [ 110.531326802571641, 33.857715691460534 ], [ 110.53703087700741, 33.853549024793871 ], [ 110.543826802571644, 33.854784308539529 ], [ 110.547839864095081, 33.857715691460534 ], [ 110.55216013590497, 33.858950975206199 ], [ 110.556173197428407, 33.861882358127204 ], [ 110.577160135904975, 33.863117641872861 ], [ 110.581173197428413, 33.866049024793867 ], [ 110.585493469238301, 33.867284308539531 ], [ 110.589506530761739, 33.870215691460537 ], [ 110.59583333333336, 33.870833333333366 ], [ 110.603364054362004, 33.870098198784753 ], [ 110.604784308539521, 33.860339864095089 ], [ 110.607715691460527, 33.856326802571651 ], [ 110.609304979112437, 33.850768195258283 ], [ 110.618826802571647, 33.849382358127201 ], [ 110.622839864095084, 33.846450975206196 ], [ 110.625, 33.845833333333367 ], [ 110.626214938693607, 33.850567287868955 ], [ 110.635543823242216, 33.849432712131112 ], [ 110.640920003255232, 33.845266045464442 ], [ 110.643877156575542, 33.846400621202292 ], [ 110.653229437934058, 33.854733954535625 ], [ 110.660543823242222, 33.853599378797774 ], [ 110.668622843424501, 33.846400621202292 ], [ 110.670833333333363, 33.845833333333367 ], [ 110.670833333333363, 33.841666666666683 ], [ 110.670833333333363, 33.8375 ], [ 110.675, 33.8375 ], [ 110.691666666666691, 33.8375 ], [ 110.703154669867644, 33.836881849500898 ], [ 110.716099378797765, 33.823043823242223 ], [ 110.717233954535615, 33.818622843424514 ], [ 110.720266045464442, 33.81471048990889 ], [ 110.721684265136744, 33.80918426513675 ], [ 110.727210489908884, 33.80776604546444 ], [ 110.735289510091178, 33.800567287868958 ], [ 110.756377156575553, 33.799432712131107 ], [ 110.761753336588569, 33.795266045464444 ], [ 110.764710489908879, 33.796400621202288 ], [ 110.76875, 33.799531216091616 ], [ 110.772789510091172, 33.796400621202288 ], [ 110.778505452473993, 33.79493374294708 ], [ 110.779827880859401, 33.780066257052987 ], [ 110.785543823242222, 33.778599378797779 ], [ 110.789456176757838, 33.775567287868959 ], [ 110.7916666666667, 33.775 ], [ 110.792517598470084, 33.771684265136749 ], [ 110.795833333333363, 33.770833333333364 ], [ 110.804166666666688, 33.770833333333364 ], [ 110.804733954535621, 33.781377156575552 ], [ 110.807766045464433, 33.785289510091175 ], [ 110.809301079644129, 33.791270785861578 ], [ 110.814456176757844, 33.795266045464444 ], [ 110.832339477539094, 33.796465216742654 ], [ 110.841099378797765, 33.806122843424511 ], [ 110.842327880859401, 33.819933742947079 ], [ 110.84583333333336, 33.820833333333368 ], [ 110.845480007595512, 33.827424452039963 ], [ 110.842019992404545, 33.830908881293439 ], [ 110.841313340928849, 33.839924452039966 ], [ 110.837853325737882, 33.843408881293435 ], [ 110.837146674262186, 33.852424452039962 ], [ 110.833686659071205, 33.855908881293438 ], [ 110.832980007595509, 33.864924452039965 ], [ 110.829519992404542, 33.868408881293433 ], [ 110.829166666666694, 33.875 ], [ 110.829519992404542, 33.885757785373301 ], [ 110.832980007595509, 33.889242214626769 ], [ 110.833333333333357, 33.9 ], [ 110.8375, 33.9 ], [ 110.864924452039958, 33.899646674262186 ], [ 110.86912027994795, 33.895480007595523 ], [ 110.885757785373286, 33.896186659071212 ], [ 110.889953613281278, 33.900353325737882 ], [ 110.902424452039966, 33.899646674262186 ], [ 110.905908881293428, 33.896186659071212 ], [ 110.925, 33.895833333333364 ], [ 110.927210489908887, 33.895266045464446 ], [ 110.935289510091181, 33.888067287868957 ], [ 110.960543823242219, 33.886932712131113 ], [ 110.964456176757835, 33.883900621202294 ], [ 110.96998257107208, 33.882482401529984 ], [ 110.971732923719642, 33.875661214192739 ], [ 110.986600409613743, 33.874338785807325 ], [ 110.9875, 33.870833333333366 ], [ 110.998257785373298, 33.871186659071213 ], [ 111.002453613281276, 33.875353325737883 ], [ 111.027424452039966, 33.874646674262188 ], [ 111.035075547960105, 33.867019992404551 ], [ 111.045833333333363, 33.866666666666703 ], [ 111.046801079644126, 33.870437452528243 ], [ 111.051956176757841, 33.87443271213111 ], [ 111.060543823242213, 33.875567287868961 ], [ 111.064456176757844, 33.87859937879778 ], [ 111.08659091525611, 33.879790242513053 ], [ 111.088350762261314, 33.886649068196647 ], [ 111.093877156575559, 33.888067287868957 ], [ 111.097789510091175, 33.891099378797776 ], [ 111.1125, 33.891666666666701 ], [ 111.114622328016523, 33.892322116427984 ], [ 111.118711005316868, 33.895177883572082 ], [ 111.127122328016526, 33.896488783094654 ], [ 111.131211005316871, 33.899344550238752 ], [ 111.143788994683192, 33.900655449761317 ], [ 111.147877671983537, 33.903511216905414 ], [ 111.152122328016532, 33.904822116427987 ], [ 111.156211005316877, 33.907677883572084 ], [ 111.174263848198819, 33.909091186523469 ], [ 111.175655449761322, 33.931288994683193 ], [ 111.17851121690542, 33.935377671983538 ], [ 111.179166666666703, 33.945833333333354 ], [ 111.210757785373289, 33.945480007595521 ], [ 111.214242214626765, 33.942019992404546 ], [ 111.219091118706629, 33.941313340928851 ], [ 111.227450900607664, 33.932980007595518 ], [ 111.239924452039958, 33.933686659071213 ], [ 111.243750678168439, 33.937486097547776 ], [ 111.251742214626773, 33.929519992404551 ], [ 111.258333333333368, 33.929166666666703 ], [ 111.259242418077292, 33.932709757487011 ], [ 111.281377156575559, 33.933900621202291 ], [ 111.285289510091175, 33.93693271213111 ], [ 111.3, 33.9375 ], [ 111.300567287868958, 33.943877156575553 ], [ 111.30359937879777, 33.947789510091184 ], [ 111.304733954535621, 33.952210489908886 ], [ 111.308729383680586, 33.957365587022608 ], [ 111.31471048990889, 33.958900621202289 ], [ 111.326956176757847, 33.970266045464442 ], [ 111.336612616644999, 33.971541849772173 ], [ 111.3375, 33.975 ], [ 111.339924452039966, 33.975353325737885 ], [ 111.349642266167564, 33.985044860839878 ], [ 111.35, 33.9875 ], [ 111.356377156575547, 33.988067287868958 ], [ 111.361753336588578, 33.992233954535628 ], [ 111.406377156575559, 33.991099378797777 ], [ 111.422789510091178, 33.975567287868955 ], [ 111.435543823242227, 33.974432712131112 ], [ 111.439456176757844, 33.971400621202292 ], [ 111.448043823242216, 33.970266045464442 ], [ 111.451956176757847, 33.967233954535622 ], [ 111.457482571072077, 33.965815734863313 ], [ 111.459184095594651, 33.959184265136756 ], [ 111.464710489908882, 33.957766045464446 ], [ 111.468622843424512, 33.954733954535627 ], [ 111.483333333333363, 33.954166666666701 ], [ 111.483333333333363, 33.95 ], [ 111.482766045464444, 33.947789510091184 ], [ 111.478599378797782, 33.942413330078161 ], [ 111.47984042697486, 33.930063035753072 ], [ 111.486917114257849, 33.928246900770432 ], [ 111.495266045464447, 33.918877156575554 ], [ 111.495833333333366, 33.895833333333364 ], [ 111.491666666666703, 33.895833333333364 ], [ 111.488350762261319, 33.896684265136756 ], [ 111.4875, 33.9 ], [ 111.487146674262192, 33.902424452039966 ], [ 111.483686659071211, 33.905908881293435 ], [ 111.483333333333363, 33.908333333333367 ], [ 111.472575547960105, 33.907980007595519 ], [ 111.469091118706629, 33.904519992404545 ], [ 111.460075547960102, 33.903813340928856 ], [ 111.456591118706626, 33.900353325737882 ], [ 111.452453613281278, 33.899646674262186 ], [ 111.448257785373301, 33.903813340928856 ], [ 111.43995361328129, 33.904519992404545 ], [ 111.435757785373298, 33.900353325737882 ], [ 111.406620279947944, 33.899646674262186 ], [ 111.402424452039966, 33.903813340928856 ], [ 111.4, 33.904166666666697 ], [ 111.399233330620689, 33.907421366373732 ], [ 111.394892713758708, 33.908862813313839 ], [ 111.389748128255235, 33.904696146647169 ], [ 111.385251871744828, 33.903637186686232 ], [ 111.381414794921909, 33.900529479980506 ], [ 111.368585205078162, 33.899470520019563 ], [ 111.360581461588581, 33.892196146647166 ], [ 111.3541666666667, 33.891666666666701 ], [ 111.354784138997431, 33.877006530761754 ], [ 111.357776557074686, 33.872910054524773 ], [ 111.350617472330768, 33.864660135904984 ], [ 111.349205864800382, 33.854960801866355 ], [ 111.338471815321213, 33.853398471408454 ], [ 111.336882527669303, 33.847839864095086 ], [ 111.33271586100264, 33.842135789659324 ], [ 111.333950805664102, 33.839506530761753 ], [ 111.341049194335966, 33.831326802571645 ], [ 111.342284138997428, 33.818673197428417 ], [ 111.349382527669306, 33.810493469238317 ], [ 111.350617472330768, 33.806173197428421 ], [ 111.361882527669309, 33.793826802571651 ], [ 111.363426378038227, 33.788426378038224 ], [ 111.368826972113752, 33.786882358127201 ], [ 111.372839694552979, 33.783950975206196 ], [ 111.379052734375037, 33.78217451307512 ], [ 111.382715861002637, 33.777160135904978 ], [ 111.383333333333368, 33.766666666666701 ], [ 111.386649237738752, 33.765815734863317 ], [ 111.388350762261325, 33.759184265136753 ], [ 111.393877156575556, 33.757766045464443 ], [ 111.397789510091172, 33.754733954535624 ], [ 111.406377156575559, 33.753599378797773 ], [ 111.410416666666706, 33.750468783908453 ], [ 111.415920003255238, 33.754733954535624 ], [ 111.418877156575547, 33.753599378797773 ], [ 111.422789510091178, 33.750567287868954 ], [ 111.427210489908887, 33.74943271213111 ], [ 111.431122843424518, 33.746400621202291 ], [ 111.435543823242227, 33.74526604546444 ], [ 111.439456176757844, 33.742233954535621 ], [ 111.443877156575553, 33.741099378797777 ], [ 111.447789510091184, 33.738067287868958 ], [ 111.47083333333336, 33.7375 ], [ 111.471191406250028, 33.735043165418872 ], [ 111.476742214626768, 33.729519992404548 ], [ 111.481591118706632, 33.728813340928852 ], [ 111.485075547960108, 33.725353325737878 ], [ 111.495833333333366, 33.725 ], [ 111.498257785373298, 33.725353325737878 ], [ 111.510075547960099, 33.737146674262185 ], [ 111.514924452039963, 33.737853325737881 ], [ 111.51875, 33.741652086046038 ], [ 111.522575547960102, 33.737853325737881 ], [ 111.531591118706629, 33.737146674262185 ], [ 111.539582655164963, 33.729180569118959 ], [ 111.543408881293431, 33.732980007595522 ], [ 111.5625, 33.733333333333363 ], [ 111.563387383355064, 33.729875183105499 ], [ 111.573043823242216, 33.728599378797774 ], [ 111.576956176757847, 33.725567287868955 ], [ 111.581377156575556, 33.724432712131112 ], [ 111.586753336588572, 33.720266045464442 ], [ 111.593877156575559, 33.721400621202292 ], [ 111.599253336588575, 33.725567287868955 ], [ 111.61887715657555, 33.724432712131112 ], [ 111.622789510091181, 33.721400621202292 ], [ 111.631377156575553, 33.720266045464442 ], [ 111.635289510091184, 33.717233954535622 ], [ 111.644900173611148, 33.715964253743522 ], [ 111.657766045464442, 33.702210489908886 ], [ 111.659184095594654, 33.696684265136753 ], [ 111.664710489908884, 33.695266045464443 ], [ 111.672789510091178, 33.688067287868954 ], [ 111.675, 33.6875 ], [ 111.678315904405423, 33.686649068196644 ], [ 111.679166666666703, 33.683333333333366 ], [ 111.698257785373301, 33.683686659071213 ], [ 111.701742214626776, 33.687146674262188 ], [ 111.706591118706626, 33.687853325737876 ], [ 111.710417344835108, 33.691652764214439 ], [ 111.718408881293442, 33.683686659071213 ], [ 111.727424452039969, 33.682980007595518 ], [ 111.730908881293445, 33.679519992404543 ], [ 111.744091118706635, 33.678813340928855 ], [ 111.74757554796011, 33.675353325737881 ], [ 111.760757785373301, 33.674646674262185 ], [ 111.764242214626776, 33.671186659071211 ], [ 111.769091118706626, 33.670480007595515 ], [ 111.772575547960102, 33.667019992404548 ], [ 111.785757785373306, 33.666313340928852 ], [ 111.789242214626768, 33.662853325737878 ], [ 111.794091118706632, 33.662146674262182 ], [ 111.797575547960108, 33.658686659071215 ], [ 111.8, 33.658333333333367 ], [ 111.800567287868958, 33.660543823242222 ], [ 111.803599378797784, 33.664456176757845 ], [ 111.805054050021738, 33.670124816894564 ], [ 111.81471048990889, 33.671400621202288 ], [ 111.818622843424521, 33.674432712131107 ], [ 111.82304382324223, 33.675567287868958 ], [ 111.832413736979206, 33.683916219075556 ], [ 111.833900621202289, 33.68971048990889 ], [ 111.836932712131116, 33.693622843424514 ], [ 111.838067287868967, 33.698043823242223 ], [ 111.857766045464444, 33.718622843424512 ], [ 111.858333333333377, 33.720833333333367 ], [ 111.864924452039972, 33.721186659071215 ], [ 111.868408881293433, 33.724646674262189 ], [ 111.889924452039963, 33.725353325737878 ], [ 111.898284233941013, 33.733686659071211 ], [ 111.914924452039969, 33.732980007595522 ], [ 111.91875, 33.729181247287357 ], [ 111.922575547960108, 33.732980007595522 ], [ 111.927424452039972, 33.733686659071211 ], [ 111.93162027994795, 33.737853325737881 ], [ 111.944120619032162, 33.737144978841179 ], [ 111.949646674262198, 33.731591118706632 ], [ 111.95, 33.7291666666667 ], [ 111.964710489908896, 33.729733954535625 ], [ 111.968622843424512, 33.732766045464444 ], [ 111.974149237738757, 33.734184265136754 ], [ 111.975, 33.7375 ], [ 111.972544860839861, 33.737857733832499 ], [ 111.962853325737868, 33.747575547960103 ], [ 111.962146674262172, 33.764924452039963 ], [ 111.957980007595509, 33.769120449490053 ], [ 111.958686659071205, 33.773257785373296 ], [ 111.970480007595512, 33.785075547960105 ], [ 111.971187167697508, 33.823283894856807 ], [ 111.985075547960093, 33.837146674262186 ], [ 111.9875, 33.8375 ], [ 111.994091118706621, 33.837853325737882 ], [ 112.001742214626759, 33.845480007595519 ], [ 112.014924452039949, 33.846186659071215 ], [ 112.022575547960088, 33.853813340928852 ], [ 112.03333333333336, 33.8541666666667 ], [ 112.032980007595512, 33.864924452039965 ], [ 112.029519992404531, 33.868408881293433 ], [ 112.028813340928835, 33.877424452039968 ], [ 112.019121805826842, 33.887142266167572 ], [ 112.016666666666694, 33.8875 ], [ 112.014456176757832, 33.888067287868957 ], [ 112.010543823242216, 33.891099378797776 ], [ 112.006122843424507, 33.892233954535627 ], [ 111.998043823242213, 33.899432712131109 ], [ 111.992517598470073, 33.900850931803419 ], [ 111.99109937879777, 33.906377156575552 ], [ 111.988067287868944, 33.910289510091182 ], [ 111.9875, 33.9125 ], [ 111.988067287868944, 33.914710489908892 ], [ 111.99109937879777, 33.918622843424515 ], [ 111.992233954535607, 33.927210489908887 ], [ 111.996752760145426, 33.93262905544708 ], [ 112.007445949978319, 33.934041849772171 ], [ 112.008900621202272, 33.93971048990889 ], [ 112.011932712131099, 33.943622843424514 ], [ 112.0125, 33.945833333333354 ], [ 112.019091118706626, 33.946186659071216 ], [ 112.026742214626765, 33.953813340928853 ], [ 112.031591118706615, 33.954519992404549 ], [ 112.035075547960091, 33.957980007595523 ], [ 112.044091118706618, 33.958686659071212 ], [ 112.047575547960093, 33.962146674262186 ], [ 112.060757785373283, 33.962853325737882 ], [ 112.064242214626759, 33.966313340928856 ], [ 112.075, 33.966666666666683 ], [ 112.074646674262169, 33.973257785373285 ], [ 112.071186659071202, 33.976742214626753 ], [ 112.070833333333354, 33.983333333333348 ], [ 112.073043823242216, 33.983900621202274 ], [ 112.089456176757835, 33.999432712131096 ], [ 112.098043823242207, 34.00056728786894 ], [ 112.110289510091164, 34.011932712131099 ], [ 112.114710489908873, 34.013067287868942 ], [ 112.118622843424504, 34.016099378797762 ], [ 112.124376424153667, 34.017575751410611 ], [ 112.125, 34.029166666666683 ], [ 112.139710489908879, 34.029733954535608 ], [ 112.143622843424509, 34.032766045464427 ], [ 112.148043823242205, 34.033900621202278 ], [ 112.153198920355919, 34.037896050347243 ], [ 112.155054050021718, 34.045124986436647 ], [ 112.16577928331165, 34.046541680230057 ], [ 112.16751759847007, 34.053315904405402 ], [ 112.17304382324221, 34.054733954535607 ], [ 112.178198920355925, 34.058729383680571 ], [ 112.179166666666688, 34.0625 ], [ 112.18137715657555, 34.061932712131096 ], [ 112.185289510091167, 34.058900621202277 ], [ 112.188246663411476, 34.057766045464426 ], [ 112.194865587022591, 34.062896050347241 ], [ 112.196684265136739, 34.069982571072067 ], [ 112.202210489908879, 34.07140062120228 ], [ 112.211797078450545, 34.080095757378494 ], [ 112.213208516438826, 34.090779283311655 ], [ 112.218877156575545, 34.092233954535608 ], [ 112.222789510091175, 34.095266045464427 ], [ 112.231377156575547, 34.096400621202278 ], [ 112.235289510091164, 34.099432712131097 ], [ 112.253260972764778, 34.100637817382832 ], [ 112.254166666666691, 34.104166666666686 ], [ 112.25452151828344, 34.110786946614603 ], [ 112.260075547960099, 34.116313340928841 ], [ 112.266666666666694, 34.116666666666688 ], [ 112.267233954535612, 34.118877156575543 ], [ 112.270266045464439, 34.122789510091167 ], [ 112.271720716688392, 34.128458319769983 ], [ 112.281377156575545, 34.12973395453561 ], [ 112.285289510091175, 34.132766045464429 ], [ 112.289710489908884, 34.13390062120228 ], [ 112.297789510091164, 34.141099378797762 ], [ 112.305103895399327, 34.142233954535612 ], [ 112.314456176757844, 34.13390062120228 ], [ 112.319618394639775, 34.132766045464429 ], [ 112.321400621202287, 34.139710489908872 ], [ 112.328599378797762, 34.147789510091165 ], [ 112.329733954535612, 34.152210489908875 ], [ 112.333729214138486, 34.157365587022589 ], [ 112.340659925672767, 34.159144422743076 ], [ 112.342233954535615, 34.163246663411478 ], [ 112.338067287868952, 34.168622843424501 ], [ 112.336932712131102, 34.171579996744811 ], [ 112.341099378797765, 34.176956176757834 ], [ 112.342233954535615, 34.193877156575539 ], [ 112.345266045464427, 34.19778951009117 ], [ 112.34583333333336, 34.208333333333357 ], [ 112.348257785373292, 34.208686659071198 ], [ 112.353808593750031, 34.214209662543425 ], [ 112.354166666666686, 34.21666666666669 ], [ 112.356591118706618, 34.217019992404538 ], [ 112.360075547960093, 34.220480007595505 ], [ 112.3625, 34.220833333333353 ], [ 112.366666666666688, 34.220833333333353 ], [ 112.4, 34.220833333333353 ], [ 112.401137118869386, 34.225264485677101 ], [ 112.406122843424498, 34.221400621202278 ], [ 112.409079996744822, 34.220266045464427 ], [ 112.415698920355922, 34.225396050347243 ], [ 112.416666666666686, 34.229166666666686 ], [ 112.423257785373295, 34.228813340928838 ], [ 112.427453782823378, 34.224646674262175 ], [ 112.448257785373286, 34.225353325737871 ], [ 112.451742214626762, 34.228813340928838 ], [ 112.466666666666697, 34.229166666666686 ], [ 112.467019992404545, 34.252424452039953 ], [ 112.478813340928852, 34.264242214626755 ], [ 112.479519992404533, 34.269091118706619 ], [ 112.482980007595515, 34.272575547960088 ], [ 112.483686659071211, 34.289924452039955 ], [ 112.487146674262178, 34.293408881293423 ], [ 112.4875, 34.295833333333356 ], [ 112.502210489908876, 34.296400621202281 ], [ 112.506122843424507, 34.2994327121311 ], [ 112.514710489908879, 34.300567287868944 ], [ 112.518622843424509, 34.303599378797763 ], [ 112.523043823242219, 34.304733954535614 ], [ 112.526956176757835, 34.307766045464433 ], [ 112.531377156575545, 34.308900621202277 ], [ 112.539456176757838, 34.316099378797766 ], [ 112.552210489908887, 34.31723395453561 ], [ 112.556122843424504, 34.320266045464429 ], [ 112.585543823242219, 34.32140062120228 ], [ 112.589456176757835, 34.324432712131099 ], [ 112.594982401529975, 34.325850762261304 ], [ 112.59583333333336, 34.329166666666687 ], [ 112.6, 34.329166666666687 ], [ 112.602424452039955, 34.329519992404535 ], [ 112.605908881293431, 34.332980007595509 ], [ 112.614924452039958, 34.333686659071205 ], [ 112.623284403483098, 34.342019992404538 ], [ 112.631591118706623, 34.341313340928842 ], [ 112.635787116156706, 34.337146674262172 ], [ 112.639924452039963, 34.337853325737868 ], [ 112.643408881293425, 34.341313340928842 ], [ 112.648257785373289, 34.342019992404538 ], [ 112.651742214626765, 34.345480007595505 ], [ 112.656591118706629, 34.346186659071201 ], [ 112.660075547960091, 34.349646674262175 ], [ 112.679166666666688, 34.35 ], [ 112.724079725477452, 34.350580512152803 ], [ 112.725, 34.354166666666686 ], [ 112.739924452039958, 34.354519992404533 ], [ 112.743408881293433, 34.357980007595508 ], [ 112.756591118706623, 34.358686659071203 ], [ 112.760075547960099, 34.362146674262178 ], [ 112.773257785373289, 34.362853325737866 ], [ 112.776742214626765, 34.366313340928841 ], [ 112.78333333333336, 34.366666666666688 ], [ 112.79795566134986, 34.367322116427971 ], [ 112.802044338650205, 34.370177883572069 ], [ 112.820097351074253, 34.37159118652346 ], [ 112.821488783094651, 34.393788994683185 ], [ 112.824344550238749, 34.39787767198353 ], [ 112.825655449761314, 34.414622328016513 ], [ 112.828511216905412, 34.418711005316865 ], [ 112.829822116427977, 34.422955661349846 ], [ 112.841011216905414, 34.435377671983531 ], [ 112.841666666666697, 34.4375 ], [ 112.841313340928849, 34.444091118706616 ], [ 112.833686659071205, 34.451742214626762 ], [ 112.832980007595509, 34.464924452039952 ], [ 112.825353325737879, 34.472575547960091 ], [ 112.825, 34.479166666666686 ], [ 112.852424452039955, 34.478813340928845 ], [ 112.855908881293431, 34.475353325737871 ], [ 112.895833333333357, 34.475 ], [ 112.896684095594651, 34.47168409559464 ], [ 112.9, 34.470833333333353 ], [ 112.902424452039966, 34.471186659071201 ], [ 112.905908881293428, 34.474646674262175 ], [ 112.910757785373292, 34.475353325737871 ], [ 112.914242214626768, 34.478813340928845 ], [ 112.9166666666667, 34.479166666666686 ], [ 112.917019992404548, 34.494091118706621 ], [ 112.920480007595515, 34.497575547960089 ], [ 112.921186659071211, 34.502424452039953 ], [ 112.924985419379368, 34.50625 ], [ 112.921186659071211, 34.510075547960092 ], [ 112.920480007595515, 34.51421305338544 ], [ 112.924646674262178, 34.518408881293425 ], [ 112.925, 34.520833333333357 ], [ 112.927210489908887, 34.521400621202282 ], [ 112.931122843424504, 34.524432712131102 ], [ 112.935543823242213, 34.525567287868945 ], [ 112.939456176757844, 34.528599378797765 ], [ 112.944982571072075, 34.530017428927977 ], [ 112.946732923719651, 34.536838785807312 ], [ 112.961540052625892, 34.538155788845508 ], [ 112.966099378797779, 34.543622843424501 ], [ 112.967586263020863, 34.549417114257835 ], [ 112.976956176757838, 34.557766045464433 ], [ 112.9791666666667, 34.558333333333358 ], [ 112.9875, 34.558333333333358 ], [ 112.988350762261319, 34.561649237738742 ], [ 112.991666666666703, 34.5625 ], [ 113.0, 34.5625 ], [ 113.006591118706623, 34.562853325737869 ], [ 113.014242214626762, 34.570480007595506 ], [ 113.039924452039955, 34.571186659071202 ], [ 113.04375, 34.574985419379367 ], [ 113.047575547960093, 34.571186659071202 ], [ 113.056591118706621, 34.570480007595506 ], [ 113.060075547960096, 34.567019992404539 ], [ 113.081591118706626, 34.566313340928843 ], [ 113.085416666666703, 34.562514580620686 ], [ 113.089953613281281, 34.567019992404539 ], [ 113.102424452039955, 34.566313340928843 ], [ 113.105908881293431, 34.562853325737869 ], [ 113.108333333333363, 34.5625 ], [ 113.109184095594642, 34.565815904405405 ], [ 113.114710489908887, 34.567233954535617 ], [ 113.122789510091181, 34.574432712131099 ], [ 113.12721048990889, 34.57556728786895 ], [ 113.131122843424507, 34.578599378797769 ], [ 113.136649237738752, 34.580017428927974 ], [ 113.13806728786895, 34.585543823242212 ], [ 113.141099378797776, 34.589456176757835 ], [ 113.141666666666694, 34.59166666666669 ], [ 113.141666666666694, 34.59583333333336 ], [ 113.148257785373289, 34.596186659071208 ], [ 113.151742214626765, 34.599646674262175 ], [ 113.156591118706629, 34.600353325737871 ], [ 113.160075547960105, 34.603813340928845 ], [ 113.1625, 34.604166666666693 ], [ 113.177424452039958, 34.603813340928845 ], [ 113.180908881293433, 34.600353325737871 ], [ 113.195833333333368, 34.6 ], [ 113.196684095594648, 34.59668409559464 ], [ 113.2, 34.59583333333336 ], [ 113.202424452039963, 34.596186659071208 ], [ 113.205908881293439, 34.599646674262175 ], [ 113.227424452039969, 34.600353325737871 ], [ 113.235784233941004, 34.608686659071203 ], [ 113.248257785373298, 34.607980007595508 ], [ 113.252453613281276, 34.603813340928845 ], [ 113.273257785373289, 34.604519992404541 ], [ 113.276742214626765, 34.607980007595508 ], [ 113.281591118706629, 34.608686659071203 ], [ 113.285075547960105, 34.612146674262178 ], [ 113.2875, 34.6125 ], [ 113.287857733832496, 34.610045030381968 ], [ 113.297575547960108, 34.600353325737871 ], [ 113.310757785373298, 34.599646674262175 ], [ 113.31495361328129, 34.595480007595512 ], [ 113.327424452039963, 34.596186659071208 ], [ 113.331620279947956, 34.600353325737871 ], [ 113.339954630533882, 34.599643961588562 ], [ 113.345480007595512, 34.594091118706622 ], [ 113.34583333333336, 34.59166666666669 ], [ 113.346191406250028, 34.589209662543425 ], [ 113.351742214626768, 34.583686659071205 ], [ 113.3625, 34.583333333333357 ], [ 113.369091118706635, 34.582980007595509 ], [ 113.372916666666697, 34.579181247287352 ], [ 113.37745361328129, 34.583686659071205 ], [ 113.389924452039963, 34.582980007595509 ], [ 113.394120279947956, 34.578813340928846 ], [ 113.398257785373303, 34.579519992404535 ], [ 113.401742214626765, 34.582980007595509 ], [ 113.40833333333336, 34.583333333333357 ], [ 113.409232923719657, 34.586838785807316 ], [ 113.4166666666667, 34.5875 ], [ 113.417233954535618, 34.635543823242209 ], [ 113.420266045464444, 34.63945617675784 ], [ 113.421400621202295, 34.643877156575542 ], [ 113.424432712131107, 34.647789510091172 ], [ 113.425661214192743, 34.66160040961374 ], [ 113.432725694444471, 34.663413492838565 ], [ 113.433333333333366, 34.679166666666688 ], [ 113.435543823242227, 34.67859937879777 ], [ 113.440920003255243, 34.6744327121311 ], [ 113.448043823242216, 34.675567287868951 ], [ 113.451956176757847, 34.67859937879777 ], [ 113.460543823242219, 34.679733954535614 ], [ 113.464456176757849, 34.682766045464433 ], [ 113.478267076280417, 34.683994547526069 ], [ 113.480017428927979, 34.690815904405405 ], [ 113.485543823242224, 34.692233954535617 ], [ 113.506122843424507, 34.711932712131102 ], [ 113.508333333333368, 34.7125 ], [ 113.508686659071216, 34.723257785373292 ], [ 113.512146674262183, 34.726742214626761 ], [ 113.512853325737879, 34.731591118706625 ], [ 113.520480007595523, 34.739242214626763 ], [ 113.521186659071219, 34.748257785373291 ], [ 113.532980007595526, 34.760075547960092 ], [ 113.533686659071208, 34.773257785373289 ], [ 113.537146674262189, 34.776742214626765 ], [ 113.537853325737885, 34.781591118706622 ], [ 113.545480007595515, 34.789242214626761 ], [ 113.546186659071211, 34.793379720052108 ], [ 113.542019992404548, 34.797575547960093 ], [ 113.541313340928852, 34.805879720052111 ], [ 113.545480007595515, 34.810075547960096 ], [ 113.546186659071211, 34.819091118706623 ], [ 113.553813340928855, 34.826742214626762 ], [ 113.554519992404551, 34.831591118706626 ], [ 113.557980007595518, 34.835075547960095 ], [ 113.558333333333366, 34.84166666666669 ], [ 113.562103949652808, 34.842634412977453 ], [ 113.566099378797773, 34.847789510091175 ], [ 113.567375013563407, 34.857445949978327 ], [ 113.573043823242216, 34.858900621202281 ], [ 113.576956176757847, 34.8619327121311 ], [ 113.585543823242219, 34.863067287868951 ], [ 113.589456176757849, 34.86609937879777 ], [ 113.593877156575559, 34.867233954535614 ], [ 113.597789510091175, 34.870266045464433 ], [ 113.6125, 34.870833333333358 ], [ 113.613421291775211, 34.874422878689259 ], [ 113.675, 34.875 ], [ 113.68971048990889, 34.874432712131103 ], [ 113.693622843424521, 34.871400621202284 ], [ 113.706377156575556, 34.870266045464433 ], [ 113.710289510091187, 34.867233954535614 ], [ 113.728260972764787, 34.866028849283879 ], [ 113.730017428927994, 34.859184095594642 ], [ 113.736649237738746, 34.857482571072076 ], [ 113.7375, 34.854166666666693 ], [ 113.744091118706635, 34.854519992404541 ], [ 113.748286946614613, 34.858686659071203 ], [ 113.752424452039961, 34.857980007595515 ], [ 113.755908881293436, 34.854519992404541 ], [ 113.760757785373301, 34.853813340928845 ], [ 113.764953613281293, 34.849646674262175 ], [ 113.769091118706626, 34.850353325737871 ], [ 113.772575547960102, 34.853813340928845 ], [ 113.783333333333374, 34.854166666666693 ], [ 113.785543823242222, 34.854733954535618 ], [ 113.794896104600724, 34.863067287868951 ], [ 113.802210489908887, 34.8619327121311 ], [ 113.806122843424518, 34.858900621202281 ], [ 113.811854383680597, 34.857429673936657 ], [ 113.824432712131113, 34.843877156575545 ], [ 113.825708346896732, 34.834220716688392 ], [ 113.831377156575556, 34.832766045464439 ], [ 113.835289510091187, 34.829733954535612 ], [ 113.848043823242222, 34.828599378797769 ], [ 113.851956176757852, 34.82556728786895 ], [ 113.857937282986143, 34.824032253689261 ], [ 113.861932712131107, 34.818877156575546 ], [ 113.863067287868958, 34.814456176757837 ], [ 113.866099378797784, 34.810543823242213 ], [ 113.867634412977466, 34.804562717013916 ], [ 113.872789510091181, 34.800567287868951 ], [ 113.881377156575553, 34.7994327121311 ], [ 113.885289510091184, 34.796400621202281 ], [ 113.8875, 34.795833333333356 ], [ 113.8881554497613, 34.806288994683186 ], [ 113.895177883572075, 34.814544338650201 ], [ 113.89648878309464, 34.822955661349852 ], [ 113.899344550238737, 34.827044338650197 ], [ 113.900757853190129, 34.845097181532147 ], [ 113.9125, 34.84583333333336 ], [ 113.913387383355058, 34.842375013563391 ], [ 113.92304382324221, 34.841099378797772 ], [ 113.928420003255226, 34.836932712131102 ], [ 113.95325571695966, 34.838117133246556 ], [ 113.955017598470079, 34.844982571072073 ], [ 113.960543823242205, 34.846400621202285 ], [ 113.964456176757835, 34.849432712131104 ], [ 113.968877156575545, 34.850567287868948 ], [ 113.973862881130671, 34.854431152343778 ], [ 113.975, 34.85 ], [ 113.994917636447511, 34.850598483615478 ], [ 113.995833333333351, 34.854166666666693 ], [ 113.995480007595503, 34.856591118706625 ], [ 113.992019992404536, 34.860075547960093 ], [ 113.991666666666688, 34.866666666666696 ], [ 113.992019992404536, 34.869091118706621 ], [ 113.999646674262181, 34.876742214626759 ], [ 114.0, 34.879166666666691 ], [ 114.002424452039946, 34.879519992404539 ], [ 114.006620449490043, 34.883686659071209 ], [ 114.023257785373289, 34.882980007595513 ], [ 114.027453782823372, 34.878813340928843 ], [ 114.031591118706615, 34.879519992404539 ], [ 114.035075547960091, 34.882980007595513 ], [ 114.048257785373281, 34.883686659071209 ], [ 114.051742214626756, 34.887146674262176 ], [ 114.083333333333357, 34.8875 ], [ 114.083691406250026, 34.885042995876759 ], [ 114.089242214626765, 34.879519992404539 ], [ 114.1125, 34.879166666666691 ], [ 114.116666666666688, 34.879166666666691 ], [ 114.120833333333351, 34.879166666666691 ], [ 114.1375, 34.879166666666691 ], [ 114.148257785373289, 34.878813340928843 ], [ 114.151742214626765, 34.875353325737876 ], [ 114.164924452039955, 34.874646674262181 ], [ 114.168408881293431, 34.871186659071206 ], [ 114.173257785373281, 34.870480007595511 ], [ 114.176742214626756, 34.867019992404536 ], [ 114.191666666666691, 34.866666666666696 ], [ 114.207420010036913, 34.866059027777801 ], [ 114.208333333333357, 34.8625 ], [ 114.210757785373289, 34.862853325737873 ], [ 114.214242214626765, 34.866313340928848 ], [ 114.223257785373292, 34.867019992404536 ], [ 114.227453782823375, 34.871186659071206 ], [ 114.244091118706621, 34.870480007595511 ], [ 114.251742214626759, 34.862853325737873 ], [ 114.256591118706623, 34.862146674262178 ], [ 114.260075547960099, 34.858686659071203 ], [ 114.2625, 34.858333333333363 ], [ 114.2875, 34.858333333333363 ], [ 114.289924452039955, 34.857980007595515 ], [ 114.293408881293431, 34.854519992404541 ], [ 114.3, 34.854166666666693 ], [ 114.304166666666688, 34.854166666666693 ], [ 114.316666666666691, 34.854166666666693 ], [ 114.317306518554716, 34.886623806423636 ], [ 114.322839864095073, 34.891049194335963 ], [ 114.335493469238301, 34.892284138997425 ], [ 114.34119754367407, 34.896450805664088 ], [ 114.360493469238307, 34.895215861002633 ], [ 114.368673197428407, 34.888117472330755 ], [ 114.378431532118086, 34.886697387695335 ], [ 114.379166666666691, 34.879166666666691 ], [ 114.381591118706623, 34.878813340928843 ], [ 114.385075547960099, 34.875353325737876 ], [ 114.391666666666694, 34.875 ], [ 114.439710489908876, 34.874432712131103 ], [ 114.443622843424507, 34.871400621202284 ], [ 114.481377156575547, 34.870266045464433 ], [ 114.485289510091178, 34.867233954535614 ], [ 114.514710489908879, 34.86609937879777 ], [ 114.520086669921895, 34.8619327121311 ], [ 114.527210489908882, 34.863067287868951 ], [ 114.531122843424498, 34.86609937879777 ], [ 114.565751987033451, 34.86726921929256 ], [ 114.567517598470076, 34.874149237738742 ], [ 114.570833333333354, 34.875 ], [ 114.577424452039963, 34.874646674262181 ], [ 114.589242214626765, 34.862853325737873 ], [ 114.6, 34.8625 ], [ 114.6041666666667, 34.8625 ], [ 114.623257785373298, 34.862146674262178 ], [ 114.626742214626759, 34.858686659071203 ], [ 114.644091118706626, 34.857980007595515 ], [ 114.648287116156709, 34.853813340928845 ], [ 114.673257785373295, 34.854519992404541 ], [ 114.676742214626756, 34.857980007595515 ], [ 114.694091118706623, 34.858686659071203 ], [ 114.697575547960099, 34.862146674262178 ], [ 114.710757785373289, 34.862853325737873 ], [ 114.714242214626765, 34.866313340928848 ], [ 114.727424452039955, 34.867019992404536 ], [ 114.73125, 34.870818752712701 ], [ 114.735787116156715, 34.866313340928848 ], [ 114.752424452039961, 34.867019992404536 ], [ 114.755908881293436, 34.870480007595511 ], [ 114.758333333333354, 34.870833333333358 ], [ 114.760757785373286, 34.871186659071206 ], [ 114.764242214626762, 34.874646674262181 ], [ 114.769091118706626, 34.875353325737876 ], [ 114.772916666666688, 34.879152086046034 ], [ 114.777453782823386, 34.874646674262181 ], [ 114.781591118706629, 34.875353325737876 ], [ 114.785075547960105, 34.878813340928843 ], [ 114.7875, 34.879166666666691 ], [ 114.791043090820338, 34.880075751410615 ], [ 114.7916666666667, 34.891666666666694 ], [ 114.792019992404548, 34.894091118706626 ], [ 114.795480007595515, 34.897575547960095 ], [ 114.795833333333363, 34.9 ], [ 114.8, 34.9 ], [ 114.800905693901939, 34.896471150716174 ], [ 114.819927639431455, 34.895195515950547 ], [ 114.822013346354197, 34.887068345811656 ], [ 114.851956176757838, 34.916099378797767 ], [ 114.86054382324221, 34.917233954535618 ], [ 114.865529378255232, 34.921097819010441 ], [ 114.867881605360267, 34.911932712131104 ], [ 114.873043823242213, 34.913067287868948 ], [ 114.876956176757844, 34.916099378797767 ], [ 114.882482571072075, 34.917517428927979 ], [ 114.884301079644132, 34.924603949652806 ], [ 114.889592149522599, 34.928704833984398 ], [ 114.899062771267396, 34.920266045464437 ], [ 114.906377156575545, 34.921400621202281 ], [ 114.911753336588575, 34.925567287868951 ], [ 114.914710489908884, 34.9244327121311 ], [ 114.920086669921901, 34.920266045464437 ], [ 114.927210489908887, 34.921400621202281 ], [ 114.932586669921903, 34.925567287868951 ], [ 114.944936794704887, 34.924326239691865 ], [ 114.946400621202287, 34.918622843424508 ], [ 114.95056728786895, 34.913246663411485 ], [ 114.949432712131113, 34.910289510091175 ], [ 114.946301947699681, 34.90625 ], [ 114.949432712131113, 34.902210489908882 ], [ 114.950899590386314, 34.896494547526068 ], [ 114.964710489908882, 34.895266045464439 ], [ 114.968622843424512, 34.892233954535619 ], [ 114.974149237738743, 34.890815904405407 ], [ 114.976137288411493, 34.883068847656276 ], [ 114.981122843424515, 34.886932712131099 ], [ 114.98554382324221, 34.88806728786895 ], [ 114.989456176757841, 34.891099378797769 ], [ 115.0, 34.891666666666694 ], [ 115.000358072916697, 34.894123670789959 ], [ 115.005908881293436, 34.899646674262179 ], [ 115.010757785373301, 34.900353325737875 ], [ 115.014242214626762, 34.903813340928849 ], [ 115.016666666666694, 34.90416666666669 ], [ 115.018826972113743, 34.903549194335966 ], [ 115.022839694552985, 34.900617472330758 ], [ 115.031326972113746, 34.899382527669296 ], [ 115.035339694552988, 34.896450805664088 ], [ 115.052160305447075, 34.895215861002633 ], [ 115.064506361219642, 34.883950805664085 ], [ 115.074028184678852, 34.882564968533011 ], [ 115.07624240451392, 34.874821302625897 ], [ 115.085410224066877, 34.882776557074678 ], [ 115.089506361219648, 34.879784138997422 ], [ 115.099205864800382, 34.878372531467036 ], [ 115.100794135199678, 34.867460801866343 ], [ 115.110493638780412, 34.866049194335965 ], [ 115.116197374131971, 34.861882527669295 ], [ 115.13132697211374, 34.863117472330757 ], [ 115.140929836697083, 34.87145080566409 ], [ 115.153184000651066, 34.870102945963566 ], [ 115.154166666666697, 34.866666666666696 ], [ 115.154733954535615, 34.864456176757841 ], [ 115.157766045464442, 34.86054382324221 ], [ 115.159184095594654, 34.855017428927979 ], [ 115.164710489908884, 34.853599378797767 ], [ 115.168622843424515, 34.850567287868948 ], [ 115.191666666666691, 34.85 ], [ 115.194982571072075, 34.85085076226131 ], [ 115.196739027235282, 34.857695515950546 ], [ 115.215760972764784, 34.858971150716172 ], [ 115.217881605360276, 34.867233954535614 ], [ 115.227210489908884, 34.86609937879777 ], [ 115.231122843424515, 34.863067287868951 ], [ 115.239710489908887, 34.8619327121311 ], [ 115.243622843424518, 34.858900621202281 ], [ 115.248043823242213, 34.857766045464437 ], [ 115.251956176757844, 34.854733954535618 ], [ 115.260543823242216, 34.853599378797767 ], [ 115.265920003255246, 34.849432712131104 ], [ 115.273043823242219, 34.850567287868948 ], [ 115.276956176757849, 34.853599378797767 ], [ 115.279166666666697, 34.854166666666693 ], [ 115.281377156575559, 34.853599378797767 ], [ 115.285289510091175, 34.850567287868948 ], [ 115.294913736979197, 34.849295722113737 ], [ 115.299432712131107, 34.843877156575545 ], [ 115.300914510091175, 34.838102552625891 ], [ 115.335543823242219, 34.836932712131102 ], [ 115.339456176757849, 34.833900621202282 ], [ 115.349112616645002, 34.832624986436656 ], [ 115.350567287868955, 34.82695617675784 ], [ 115.353599378797782, 34.823043823242216 ], [ 115.3541666666667, 34.816666666666691 ], [ 115.3541666666667, 34.8125 ], [ 115.356377156575547, 34.811932712131103 ], [ 115.360289510091178, 34.808900621202284 ], [ 115.382424248589444, 34.807709757487004 ], [ 115.384301079644132, 34.800396050347246 ], [ 115.389583333333363, 34.796301947699675 ], [ 115.394303046332496, 34.799959648980057 ], [ 115.403599378797779, 34.789710489908877 ], [ 115.404166666666697, 34.7875 ], [ 115.420833333333363, 34.7875 ], [ 115.421801079644126, 34.78372938368058 ], [ 115.428420003255241, 34.778599378797765 ], [ 115.449012925889789, 34.779789903428842 ], [ 115.453599378797776, 34.785289510091168 ], [ 115.455303955078165, 34.791931152343778 ], [ 115.460289510091172, 34.788067287868948 ], [ 115.503250122070341, 34.78690456814239 ], [ 115.504166666666706, 34.78333333333336 ], [ 115.505017428927985, 34.780017428927977 ], [ 115.513067287868964, 34.777951727973118 ], [ 115.511932712131113, 34.772789510091172 ], [ 115.508900621202287, 34.768877156575549 ], [ 115.50776604546445, 34.751956176757837 ], [ 115.49943271213111, 34.742603895399327 ], [ 115.500567287868961, 34.739456176757841 ], [ 115.503599378797773, 34.73554382324221 ], [ 115.504733954535624, 34.726956176757838 ], [ 115.50776604546445, 34.723043823242215 ], [ 115.508333333333368, 34.708333333333357 ], [ 115.510757785373301, 34.707980007595509 ], [ 115.518408881293439, 34.700353325737872 ], [ 115.520833333333371, 34.7 ], [ 115.521569485134577, 34.711742146809918 ], [ 115.53962232801652, 34.71315544976131 ], [ 115.552044338650205, 34.72434455023874 ], [ 115.564622328016526, 34.725655449761312 ], [ 115.568711005316871, 34.728511216905403 ], [ 115.581288994683192, 34.729822116427975 ], [ 115.585377671983537, 34.732677883572073 ], [ 115.591666666666697, 34.733333333333356 ], [ 115.614710489908887, 34.733900621202281 ], [ 115.618758816189271, 34.737038167317735 ], [ 115.627074517144138, 34.729628499348983 ], [ 115.631122843424521, 34.732766045464437 ], [ 115.648043823242219, 34.733900621202281 ], [ 115.653420003255249, 34.738067287868951 ], [ 115.657522243923651, 34.736493259006103 ], [ 115.659548272026939, 34.728599378797767 ], [ 115.668877156575562, 34.729733954535618 ], [ 115.674253336588578, 34.733900621202281 ], [ 115.67835557725698, 34.732326592339433 ], [ 115.680134412977466, 34.72539605034725 ], [ 115.685289510091181, 34.721400621202278 ], [ 115.691666666666706, 34.72083333333336 ], [ 115.692321438259583, 34.713472832573807 ], [ 115.701956176757847, 34.704733954535612 ], [ 115.711612616644999, 34.703458319769993 ], [ 115.713405693901947, 34.696471150716171 ], [ 115.731377156575562, 34.695266045464436 ], [ 115.743622843424518, 34.683900621202284 ], [ 115.749603949652808, 34.682365587022595 ], [ 115.754733954535624, 34.675746663411481 ], [ 115.753599378797773, 34.664456176757838 ], [ 115.750567287868961, 34.660543823242215 ], [ 115.749392361111148, 34.630080159505233 ], [ 115.741099378797784, 34.627951727973112 ], [ 115.742233954535621, 34.622789510091167 ], [ 115.745266045464447, 34.618877156575543 ], [ 115.745833333333366, 34.6125 ], [ 115.76054382324223, 34.613067287868944 ], [ 115.765920003255246, 34.617233954535614 ], [ 115.770655992296042, 34.615416802300373 ], [ 115.774432712131116, 34.61054382324221 ], [ 115.775887383355069, 34.604875013563394 ], [ 115.785543823242222, 34.603599378797767 ], [ 115.789456176757852, 34.600567287868948 ], [ 115.793877156575562, 34.599432712131097 ], [ 115.803229437934064, 34.591099378797765 ], [ 115.806377156575564, 34.592233954535615 ], [ 115.810289510091181, 34.595266045464435 ], [ 115.816666666666706, 34.59583333333336 ], [ 115.817542182074689, 34.587249755859396 ], [ 115.8229166666667, 34.591060384114606 ], [ 115.827083333333377, 34.588106282552104 ], [ 115.831198459201431, 34.591023763020857 ], [ 115.833333333333371, 34.59166666666669 ], [ 115.8375, 34.59166666666669 ], [ 115.838714938693599, 34.586932712131102 ], [ 115.856377156575547, 34.588067287868945 ], [ 115.860289510091164, 34.591099378797765 ], [ 115.868877156575536, 34.592233954535615 ], [ 115.872789510091167, 34.595266045464435 ], [ 115.881377156575539, 34.596400621202278 ], [ 115.885416666666686, 34.599531385633703 ], [ 115.890920003255232, 34.595266045464435 ], [ 115.898043823242205, 34.596400621202278 ], [ 115.901956176757835, 34.599432712131097 ], [ 115.91992763943145, 34.600637817382832 ], [ 115.922048272026927, 34.608900621202281 ], [ 115.936599053276936, 34.607677205403668 ], [ 115.9375, 34.604166666666693 ], [ 115.94223395453561, 34.605381605360265 ], [ 115.94104495578344, 34.628256903754362 ], [ 115.934041849772157, 34.630054050021727 ], [ 115.932766045464433, 34.639710489908879 ], [ 115.929179890950536, 34.64433763292103 ], [ 115.93664991590714, 34.650567287868945 ], [ 115.939710489908876, 34.649432712131102 ], [ 115.945086669921892, 34.645266045464432 ], [ 115.961596171061217, 34.646477932400195 ], [ 115.963714938693599, 34.654733954535615 ], [ 115.973043823242207, 34.653599378797765 ], [ 115.978420003255223, 34.649432712131102 ], [ 115.989710489908873, 34.650567287868945 ], [ 115.99906277126739, 34.658900621202278 ], [ 116.003348117404542, 34.657356092664955 ], [ 116.005303785536043, 34.649735514322941 ], [ 116.01028951009117, 34.653599378797765 ], [ 116.029166666666683, 34.65416666666669 ], [ 116.035787116156712, 34.653811645507837 ], [ 116.041652425130223, 34.647917005750891 ], [ 116.037146674262175, 34.64337972005211 ], [ 116.037854342990471, 34.622546725802977 ], [ 116.044118923611137, 34.616313340928841 ], [ 116.048257785373281, 34.617019992404536 ], [ 116.052453782823378, 34.621186659071206 ], [ 116.056591118706621, 34.620480007595511 ], [ 116.060075547960096, 34.617019992404536 ], [ 116.102424452039955, 34.616313340928841 ], [ 116.105908881293431, 34.612853325737873 ], [ 116.119117906358525, 34.612145317925368 ], [ 116.137146674262169, 34.594091118706622 ], [ 116.137853325737865, 34.589242214626758 ], [ 116.141313340928846, 34.585757785373289 ], [ 116.141666666666694, 34.579166666666687 ], [ 116.144091118706626, 34.579519992404535 ], [ 116.151742214626765, 34.587146674262179 ], [ 116.169091118706618, 34.587853325737868 ], [ 116.1732871161567, 34.592019992404538 ], [ 116.185757785373283, 34.591313340928842 ], [ 116.189242214626759, 34.587853325737868 ], [ 116.214924452039952, 34.587146674262179 ], [ 116.218408881293428, 34.583686659071205 ], [ 116.239924452039958, 34.582980007595509 ], [ 116.243408881293433, 34.579519992404535 ], [ 116.245833333333351, 34.579166666666687 ], [ 116.252210489908876, 34.578599378797769 ], [ 116.256122843424507, 34.57556728786895 ], [ 116.273043823242205, 34.574432712131099 ], [ 116.281122843424498, 34.567233954535617 ], [ 116.285543823242207, 34.566099378797766 ], [ 116.297789510091164, 34.554733954535614 ], [ 116.30744594997833, 34.553458319769987 ], [ 116.308333333333351, 34.55 ], [ 116.30924258761938, 34.54645690917971 ], [ 116.320833333333354, 34.545833333333356 ], [ 116.331591118706626, 34.545480007595508 ], [ 116.335075547960088, 34.542019992404533 ], [ 116.343381076388908, 34.541313340928845 ], [ 116.349641927083354, 34.547542995876761 ], [ 116.35, 34.55 ], [ 116.356591118706618, 34.550353325737873 ], [ 116.360787116156715, 34.554519992404536 ], [ 116.402424452039952, 34.553813340928841 ], [ 116.405908881293428, 34.550353325737873 ], [ 116.4125, 34.55 ], [ 116.416666666666686, 34.55 ], [ 116.417634412977449, 34.546229383680576 ], [ 116.422789510091178, 34.542233954535611 ], [ 116.427210489908873, 34.541099378797767 ], [ 116.435407850477461, 34.533795166015651 ], [ 116.440920003255229, 34.538067287868948 ], [ 116.445022413465736, 34.5364932590061 ], [ 116.446684265136739, 34.530017428927977 ], [ 116.45331573486331, 34.528315904405403 ], [ 116.455303785536046, 34.520568847656271 ], [ 116.460289510091172, 34.524432712131102 ], [ 116.464710489908882, 34.525567287868945 ], [ 116.470086669921898, 34.529733954535615 ], [ 116.473043823242207, 34.528599378797765 ], [ 116.476956176757838, 34.525567287868945 ], [ 116.481377156575547, 34.524432712131102 ], [ 116.489456176757841, 34.517233954535612 ], [ 116.494982401529967, 34.515815904405407 ], [ 116.49668426513675, 34.509184095594641 ], [ 116.503583780924501, 34.507413736979188 ], [ 116.511932712131099, 34.498043823242213 ], [ 116.513387383355067, 34.49237501356339 ], [ 116.523043823242219, 34.491099378797763 ], [ 116.527083333333366, 34.487968614366345 ], [ 116.531122843424498, 34.491099378797763 ], [ 116.537104119194908, 34.492634412977452 ], [ 116.541099378797767, 34.497789510091167 ], [ 116.542233954535618, 34.502210489908876 ], [ 116.55359937879777, 34.514456176757832 ], [ 116.555134412977452, 34.520437282986137 ], [ 116.561753336588566, 34.525567287868945 ], [ 116.568877156575553, 34.524432712131102 ], [ 116.57278951009117, 34.521400621202282 ], [ 116.5875, 34.520833333333357 ], [ 116.588350931803419, 34.517517428927974 ], [ 116.594982401529975, 34.515815904405407 ], [ 116.59583333333336, 34.5125 ], [ 116.599149068196638, 34.511649237738737 ], [ 116.600967746310786, 34.504562717013911 ], [ 116.607586669921901, 34.499432712131096 ], [ 116.61887715657555, 34.500567287868947 ], [ 116.631122843424507, 34.511932712131099 ], [ 116.633333333333354, 34.5125 ], [ 116.634071519639789, 34.500723605685785 ], [ 116.660455661349857, 34.499344550238739 ], [ 116.664544338650202, 34.496488783094641 ], [ 116.668788994683183, 34.495177883572069 ], [ 116.67475416395402, 34.491011216905406 ], [ 116.677122328016523, 34.492322116427971 ], [ 116.68308749728736, 34.496488783094641 ], [ 116.689622328016526, 34.495177883572069 ], [ 116.693711005316871, 34.492322116427971 ], [ 116.702122328016515, 34.491011216905406 ], [ 116.708087497287352, 34.486844550238736 ], [ 116.710455661349854, 34.488155449761308 ], [ 116.716420830620692, 34.492322116427971 ], [ 116.72712232801652, 34.491011216905406 ], [ 116.731211005316865, 34.488155449761308 ], [ 116.743788994683186, 34.486844550238736 ], [ 116.747877671983531, 34.483988783094638 ], [ 116.752122328016526, 34.482677883572073 ], [ 116.756211005316871, 34.479822116427975 ], [ 116.760455661349852, 34.478511216905403 ], [ 116.764544338650197, 34.475655449761305 ], [ 116.772955661349854, 34.47434455023874 ], [ 116.7770443386502, 34.471488783094642 ], [ 116.781288994683194, 34.47017788357207 ], [ 116.785377671983539, 34.467322116427972 ], [ 116.791757880316865, 34.465351698133702 ], [ 116.79517788357208, 34.460455661349847 ], [ 116.796488783094645, 34.45621100531686 ], [ 116.799344550238743, 34.452122328016515 ], [ 116.801018269856797, 34.441382853190127 ], [ 116.810377671983531, 34.449344550238735 ], [ 116.8125, 34.45 ], [ 116.815740288628504, 34.44907362196183 ], [ 116.817593044704893, 34.442593044704886 ], [ 116.822993469238313, 34.44104919433596 ], [ 116.82700653076175, 34.438117472330752 ], [ 116.836811998155412, 34.436690606011304 ], [ 116.8375, 34.425 ], [ 116.834225633409318, 34.424228922526062 ], [ 116.8328038533529, 34.419733344184053 ], [ 116.842793782552107, 34.408902316623283 ], [ 116.864748128255243, 34.407803683810783 ], [ 116.874243503146729, 34.399045817057313 ], [ 116.875, 34.395833333333357 ], [ 116.885543823242216, 34.395266045464432 ], [ 116.890136379665833, 34.391707017686656 ], [ 116.899432712131102, 34.401956176757835 ], [ 116.900850762261314, 34.407482571072073 ], [ 116.906377156575545, 34.408900621202278 ], [ 116.911753336588575, 34.413067287868948 ], [ 116.935543823242213, 34.411932712131097 ], [ 116.939456176757844, 34.408900621202278 ], [ 116.943877156575553, 34.407766045464435 ], [ 116.94778951009117, 34.404733954535615 ], [ 116.95, 34.40416666666669 ], [ 116.950850762261311, 34.400850762261307 ], [ 116.954166666666694, 34.4 ], [ 116.95527309841583, 34.396130032009573 ], [ 116.964506361219648, 34.388117472330748 ], [ 116.968826972113746, 34.386882527669293 ], [ 116.972839694552988, 34.383950805664085 ], [ 116.977160305447072, 34.382715861002623 ], [ 116.981173027886314, 34.379784138997415 ], [ 116.987203301323817, 34.378060234917555 ], [ 116.995215861002634, 34.368826972113737 ], [ 116.996450805664097, 34.36450636121964 ], [ 116.999382527669297, 34.360493638780405 ], [ 117.000617472330759, 34.356173027886307 ], [ 117.00354919433596, 34.352160305447072 ], [ 117.00516628689239, 34.341049194335959 ], [ 117.015690104166694, 34.342418416341168 ], [ 117.018034532335093, 34.350617472330754 ], [ 117.032345581054713, 34.349287584092906 ], [ 117.034336005316874, 34.342326524522591 ], [ 117.05, 34.34166666666669 ], [ 117.050887383355061, 34.338208346896721 ], [ 117.060543823242213, 34.336932712131102 ], [ 117.064456176757844, 34.333900621202275 ], [ 117.073043823242216, 34.332766045464432 ], [ 117.076956176757847, 34.329733954535612 ], [ 117.082937282986137, 34.328198920355923 ], [ 117.086932712131102, 34.323043823242209 ], [ 117.0875, 34.320833333333354 ], [ 117.089660305447083, 34.320215861002623 ], [ 117.093673027886311, 34.317284138997415 ], [ 117.102160305447086, 34.31604919433596 ], [ 117.106173027886314, 34.313117472330752 ], [ 117.111573621961838, 34.311573621961827 ], [ 117.113867865668439, 34.303549194335957 ], [ 117.127160305447077, 34.30478413899742 ], [ 117.132384914822083, 34.308600870768252 ], [ 117.134332953559053, 34.295215861002625 ], [ 117.157334730360276, 34.296507432725718 ], [ 117.159259711371561, 34.303240288628494 ], [ 117.164660305447086, 34.30478413899742 ], [ 117.168673027886314, 34.307715861002627 ], [ 117.177160305447075, 34.308950805664082 ], [ 117.181173027886317, 34.31188252766929 ], [ 117.190694851345512, 34.313268364800365 ], [ 117.192638481987885, 34.320064968533011 ], [ 117.20216030544708, 34.321450805664085 ], [ 117.20786404079864, 34.325617472330748 ], [ 117.220049370659751, 34.324244520399326 ], [ 117.225617472330754, 34.31728244357641 ], [ 117.224382527669306, 34.310339694552972 ], [ 117.221450805664091, 34.306326972113737 ], [ 117.220064968533023, 34.296805148654535 ], [ 117.214506361219648, 34.295215861002625 ], [ 117.21049363878042, 34.292284138997417 ], [ 117.203549194335963, 34.290298800998286 ], [ 117.205050320095523, 34.284271918402801 ], [ 117.21049363878042, 34.282715861002629 ], [ 117.218673027886311, 34.275617472330751 ], [ 117.225, 34.275 ], [ 117.227210489908884, 34.275567287868945 ], [ 117.231122843424515, 34.278599378797765 ], [ 117.248043823242213, 34.279733954535608 ], [ 117.251956176757844, 34.282766045464427 ], [ 117.261612616644996, 34.284041680230054 ], [ 117.2625, 34.2875 ], [ 117.290885077582502, 34.286827596028665 ], [ 117.29243130154083, 34.271669175889777 ], [ 117.30213487413198, 34.270190429687524 ], [ 117.306198459201426, 34.26730957031252 ], [ 117.312821790907151, 34.266023763020854 ], [ 117.318698459201414, 34.270190429687524 ], [ 117.321155124240477, 34.27147623697919 ], [ 117.327031792534754, 34.26730957031252 ], [ 117.336052110460102, 34.266023763020854 ], [ 117.3375, 34.270833333333357 ], [ 117.357582600911485, 34.270146687825545 ], [ 117.358755493164097, 34.255548095703148 ], [ 117.35203179253476, 34.253523763020851 ], [ 117.347968207465314, 34.250642903645854 ], [ 117.33851420084639, 34.249202134874153 ], [ 117.336857096354194, 34.243698459201411 ], [ 117.333976236979197, 34.239634874131966 ], [ 117.332690429687531, 34.231198459201408 ], [ 117.321430799696216, 34.218751356336824 ], [ 117.328523763020868, 34.210468207465297 ], [ 117.329166666666694, 34.208333333333357 ], [ 117.331326972113743, 34.207715861002626 ], [ 117.337030707465317, 34.203549194335956 ], [ 117.356326972113749, 34.204784138997418 ], [ 117.360339694552991, 34.207715861002626 ], [ 117.364660305447075, 34.208950805664081 ], [ 117.368673027886317, 34.211882527669289 ], [ 117.372993638780414, 34.213117472330751 ], [ 117.378697374131974, 34.217284138997414 ], [ 117.393826972113743, 34.216049194335959 ], [ 117.397916666666703, 34.213061523437517 ], [ 117.402006361219648, 34.216049194335959 ], [ 117.414660305447086, 34.217284138997414 ], [ 117.418673027886314, 34.220215861002622 ], [ 117.422993638780412, 34.221450805664084 ], [ 117.427954101562534, 34.22507459852433 ], [ 117.430325317382852, 34.216780598958351 ], [ 117.435339694552979, 34.213117472330751 ], [ 117.445098198784763, 34.211697387695331 ], [ 117.446450805664099, 34.197839694552968 ], [ 117.4493825276693, 34.193826972113733 ], [ 117.450948418511317, 34.183065795898457 ], [ 117.456173027886322, 34.18688252766929 ], [ 117.468826972113746, 34.188117472330752 ], [ 117.474530707465306, 34.192284138997415 ], [ 117.490675523546045, 34.190966118706619 ], [ 117.49259304470489, 34.184259711371546 ], [ 117.495833333333366, 34.183333333333351 ], [ 117.498257785373298, 34.183686659071199 ], [ 117.510415988498295, 34.195819769965297 ], [ 117.514953613281278, 34.191313340928843 ], [ 117.523257785373303, 34.192019992404532 ], [ 117.526742214626765, 34.195480007595506 ], [ 117.531591118706629, 34.196186659071202 ], [ 117.535075547960105, 34.199646674262176 ], [ 117.5625, 34.2 ], [ 117.578163994683194, 34.199340142144116 ], [ 117.579784138997425, 34.193673027886305 ], [ 117.595215861002643, 34.177160305447067 ], [ 117.597201199001773, 34.170215861002625 ], [ 117.602160305447086, 34.17145080566408 ], [ 117.607384914822077, 34.17526753743492 ], [ 117.609127468533018, 34.163294135199671 ], [ 117.621450805664097, 34.161500379774324 ], [ 117.620026991102463, 34.150557454427101 ], [ 117.610493638780412, 34.142284138997418 ], [ 117.608333333333363, 34.141666666666687 ], [ 117.609548272026942, 34.136932712131099 ], [ 117.619942898220515, 34.138196818033876 ], [ 117.621801079644129, 34.14543728298613 ], [ 117.626956176757844, 34.149432712131095 ], [ 117.635543823242216, 34.150567287868945 ], [ 117.640920003255246, 34.154733954535608 ], [ 117.652210489908896, 34.153599378797765 ], [ 117.661562771267398, 34.145266045464432 ], [ 117.673043823242224, 34.146400621202275 ], [ 117.676956176757841, 34.149432712131095 ], [ 117.6875, 34.15 ], [ 117.689924452039961, 34.150353325737868 ], [ 117.697575547960099, 34.157980007595505 ], [ 117.7, 34.158333333333353 ], [ 117.706591118706626, 34.158686659071201 ], [ 117.710075547960102, 34.162146674262175 ], [ 117.719091118706629, 34.162853325737871 ], [ 117.722575547960105, 34.166313340928838 ], [ 117.727424452039969, 34.167019992404533 ], [ 117.730908881293445, 34.170480007595508 ], [ 117.735757785373295, 34.171186659071203 ], [ 117.739242214626771, 34.174646674262171 ], [ 117.745833333333366, 34.175 ], [ 117.756326972113754, 34.174382527669295 ], [ 117.760423109266526, 34.171390109592032 ], [ 117.768673027886322, 34.178549194335957 ], [ 117.774886067708366, 34.180325317382831 ], [ 117.77854919433598, 34.185339694552972 ], [ 117.78053453233511, 34.192284138997415 ], [ 117.786724853515665, 34.190742323133698 ], [ 117.788268364800388, 34.180138481987868 ], [ 117.796450805664094, 34.177798800998282 ], [ 117.794908989800376, 34.171608479817728 ], [ 117.782715861002643, 34.169833713107657 ], [ 117.807412380642404, 34.145215861002626 ], [ 117.814660305447092, 34.146450805664081 ], [ 117.820364040798651, 34.150617472330751 ], [ 117.831326972113757, 34.149382527669289 ], [ 117.837030707465317, 34.145215861002626 ], [ 117.840805731879371, 34.146989271375887 ], [ 117.842825317382847, 34.154052734375021 ], [ 117.847839694552988, 34.157715861002622 ], [ 117.865673149956635, 34.159025404188391 ], [ 117.867593044704904, 34.165740288628491 ], [ 117.872993638780414, 34.167284138997417 ], [ 117.878697374131988, 34.17145080566408 ], [ 117.886539713541708, 34.170025634765643 ], [ 117.888658650716181, 34.162613932291684 ], [ 117.893673027886322, 34.158950805664084 ], [ 117.899073621961847, 34.157406955295158 ], [ 117.90110643174917, 34.150296698676236 ], [ 117.910339694552988, 34.142284138997418 ], [ 117.915898301866363, 34.140694851345508 ], [ 117.917435031467051, 34.130138481987871 ], [ 117.924886067708371, 34.128008015950542 ], [ 117.928549194335972, 34.1229936387804 ], [ 117.930138481987882, 34.117435031467032 ], [ 117.940998670789966, 34.115854220920156 ], [ 117.941666666666691, 34.1 ], [ 117.941666666666691, 34.095833333333367 ], [ 117.942309400770426, 34.093698289659322 ], [ 117.953523932562959, 34.081301710340746 ], [ 117.954964531792555, 34.071847534179724 ], [ 117.960468377007402, 34.070190599229633 ], [ 117.972864956325978, 34.058976067437101 ], [ 117.982599216037343, 34.057492743598125 ], [ 117.983976067437084, 34.039531622992655 ], [ 118.004809400770426, 34.017438252766965 ], [ 118.003523932562956, 34.010364956325986 ], [ 117.999357265896293, 34.004488457573821 ], [ 118.001245795355928, 34.000879414876337 ], [ 118.006301710340736, 33.9993572658963 ], [ 118.018698289659312, 33.988142734103768 ], [ 118.032561916775194, 33.986728583441874 ], [ 118.03333333333336, 33.9791666666667 ], [ 118.05, 33.9791666666667 ], [ 118.049302164713566, 33.99505445692278 ], [ 118.032690599229625, 33.996748860677116 ], [ 118.034026251898894, 34.028319803873735 ], [ 118.04380171034073, 34.029809400770432 ], [ 118.047864956325981, 34.032690599229639 ], [ 118.060468377007396, 34.033976067437102 ], [ 118.064531622992646, 34.036857265896302 ], [ 118.066666666666691, 34.0375 ], [ 118.082604641384577, 34.03677130805125 ], [ 118.083333333333357, 34.020833333333371 ], [ 118.094091118706615, 34.021186659071219 ], [ 118.098287116156712, 34.025353325737882 ], [ 118.102424452039955, 34.024646674262186 ], [ 118.105908881293431, 34.021186659071219 ], [ 118.110757785373281, 34.020480007595523 ], [ 118.114242214626756, 34.017019992404549 ], [ 118.119091118706621, 34.016313340928853 ], [ 118.122575547960096, 34.012853325737879 ], [ 118.135757785373286, 34.012146674262191 ], [ 118.139242214626762, 34.008686659071216 ], [ 118.144091118706626, 34.007980007595521 ], [ 118.147575547960088, 34.004519992404546 ], [ 118.152424452039952, 34.003813340928858 ], [ 118.168408881293431, 33.987853325737881 ], [ 118.177424452039958, 33.987146674262185 ], [ 118.180908881293419, 33.983686659071218 ], [ 118.183333333333351, 33.98333333333337 ], [ 118.184226311577717, 33.992087470160627 ], [ 118.193698289659309, 33.983976067437098 ], [ 118.202135043674076, 33.982690599229635 ], [ 118.206198289659312, 33.979809400770435 ], [ 118.245833333333351, 33.9791666666667 ], [ 118.246400621202284, 33.981377156575554 ], [ 118.249432712131096, 33.985289510091178 ], [ 118.250919765896285, 33.991083780924512 ], [ 118.26028951009117, 33.99943271213111 ], [ 118.273043823242205, 34.000567287868961 ], [ 118.276956176757835, 34.00359937879778 ], [ 118.282624816894554, 34.005054050021734 ], [ 118.283900621202278, 34.014710489908886 ], [ 118.291099378797767, 34.022789510091179 ], [ 118.292321438259577, 34.036526997884152 ], [ 118.301956176757841, 34.045266045464444 ], [ 118.304166666666688, 34.045833333333356 ], [ 118.304166666666688, 34.0416666666667 ], [ 118.304844495985265, 34.017447577582502 ], [ 118.318801710340736, 34.016023932562966 ], [ 118.322864956325986, 34.013142734103766 ], [ 118.331301710340739, 34.011857265896303 ], [ 118.335364956325975, 34.008976067437104 ], [ 118.353326076931452, 34.007599216037363 ], [ 118.355002509223112, 33.996598137749601 ], [ 118.368801710340733, 33.995190599229637 ], [ 118.377031622992646, 33.988142734103768 ], [ 118.385468377007399, 33.986857265896305 ], [ 118.389531622992649, 33.983976067437098 ], [ 118.391666666666694, 33.98333333333337 ], [ 118.391313340928846, 33.980908881293438 ], [ 118.387146674262183, 33.976712883843348 ], [ 118.387853325737879, 33.972575547960105 ], [ 118.391313340928846, 33.969091118706629 ], [ 118.391666666666694, 33.958333333333371 ], [ 118.392341952853755, 33.950921122233105 ], [ 118.40021565755211, 33.948843892415397 ], [ 118.396413167317732, 33.943864610460103 ], [ 118.395253499348982, 33.932445610894135 ], [ 118.403586832682322, 33.923031277126768 ], [ 118.405036417643259, 33.917536417643262 ], [ 118.410531277126765, 33.916086832682325 ], [ 118.414468722873295, 33.913079833984412 ], [ 118.423031277126768, 33.911920166015662 ], [ 118.426968722873283, 33.908913167317742 ], [ 118.44055853949655, 33.907675001356374 ], [ 118.442246500651066, 33.90348731146922 ], [ 118.437284342447938, 33.896989440918006 ], [ 118.445181952582487, 33.894905938042569 ], [ 118.446488104926246, 33.875877888997429 ], [ 118.452914428710969, 33.874420166015661 ], [ 118.454746500651069, 33.881364610460103 ], [ 118.461920166015645, 33.889468722873296 ], [ 118.4625, 33.895833333333364 ], [ 118.473006015353761, 33.896438429090743 ], [ 118.481160651312962, 33.903561570909325 ], [ 118.493839348687089, 33.904771762424076 ], [ 118.49945933024091, 33.908938429090746 ], [ 118.503316921658012, 33.907218085395002 ], [ 118.505197313096815, 33.900465732150643 ], [ 118.52411804199221, 33.882728237575989 ], [ 118.531339348687098, 33.883938429090747 ], [ 118.536959330240919, 33.88810509575741 ], [ 118.541686842176674, 33.88599667019318 ], [ 118.549394904242646, 33.877172682020436 ], [ 118.551030646430149, 33.871299065483974 ], [ 118.569951375325545, 33.853561570909321 ], [ 118.573006015353755, 33.854771762424079 ], [ 118.578625996907576, 33.858938429090742 ], [ 118.586811659071202, 33.857498677571648 ], [ 118.588105095757399, 33.839493984646303 ], [ 118.591061570909318, 33.835506015353765 ], [ 118.591666666666697, 33.829166666666701 ], [ 118.592021518283445, 33.822546217176679 ], [ 118.597575547960091, 33.817019992404546 ], [ 118.606591118706618, 33.816313340928851 ], [ 118.610075547960093, 33.812853325737883 ], [ 118.6125, 33.8125 ], [ 118.61335093180341, 33.815815734863314 ], [ 118.616666666666688, 33.816666666666698 ], [ 118.618826802571647, 33.81604902479387 ], [ 118.627006530761747, 33.808950975206194 ], [ 118.631326802571635, 33.807715691460537 ], [ 118.635339864095073, 33.804784308539531 ], [ 118.639660135904975, 33.803549024793867 ], [ 118.643673197428413, 33.800617641872861 ], [ 118.649231804741774, 33.799028354220951 ], [ 118.65076819525828, 33.788471645779111 ], [ 118.656326802571641, 33.786882358127201 ], [ 118.660339864095079, 33.783950975206196 ], [ 118.668826802571644, 33.782715691460538 ], [ 118.672839864095081, 33.779784308539533 ], [ 118.679635789659315, 33.778549024793868 ], [ 118.685339864095084, 33.782715691460538 ], [ 118.689660135904973, 33.783950975206196 ], [ 118.69367319742841, 33.786882358127201 ], [ 118.69907362196183, 33.788426378038224 ], [ 118.700617641872853, 33.793826802571651 ], [ 118.707715691460535, 33.802006530761751 ], [ 118.709135945638053, 33.811764865451423 ], [ 118.722993469238304, 33.813117641872864 ], [ 118.732598198784757, 33.821636623806455 ], [ 118.733950975206184, 33.835493469238315 ], [ 118.736882358127204, 33.839506530761753 ], [ 118.738117641872861, 33.852160135904981 ], [ 118.741049024793867, 33.856173197428419 ], [ 118.741666666666688, 33.8625 ], [ 118.73835093180341, 33.863350931803417 ], [ 118.7375, 33.866666666666703 ], [ 118.7375, 33.875 ], [ 118.733994547526066, 33.875899590386318 ], [ 118.733333333333363, 33.883333333333368 ], [ 118.736573621961838, 33.884259711371563 ], [ 118.738117641872861, 33.889660135904982 ], [ 118.741049024793867, 33.89367319742842 ], [ 118.742284308539524, 33.902160135904978 ], [ 118.746100701226155, 33.907384745279984 ], [ 118.735339864095081, 33.908950975206196 ], [ 118.731326802571644, 33.911882358127201 ], [ 118.725926378038224, 33.913426378038231 ], [ 118.724382358127201, 33.918826802571651 ], [ 118.720215691460538, 33.924530877007413 ], [ 118.721450975206196, 33.931326802571647 ], [ 118.725617641872859, 33.937030877007416 ], [ 118.724192301432325, 33.944873046875031 ], [ 118.716780598958366, 33.946992153591616 ], [ 118.713117641872856, 33.95200653076175 ], [ 118.711882358127198, 33.956326802571652 ], [ 118.708950975206193, 33.96033986409509 ], [ 118.707715691460535, 33.977160135904981 ], [ 118.704728190104191, 33.98125 ], [ 118.707715691460535, 33.985339864095089 ], [ 118.708950975206193, 33.993826802571647 ], [ 118.711882358127198, 33.997839864095084 ], [ 118.71326819525828, 34.007361687554287 ], [ 118.720536634657151, 34.009439765082497 ], [ 118.729784308539521, 34.020096672905851 ], [ 118.728549024793864, 34.022993469238315 ], [ 118.716049024793861, 34.036693657769135 ], [ 118.7181803385417, 34.041811964246996 ], [ 118.722839864095079, 34.045215691460541 ], [ 118.727160135904981, 34.046450975206199 ], [ 118.731173197428419, 34.049382358127204 ], [ 118.733333333333363, 34.05 ], [ 118.733688184950111, 34.043379550510018 ], [ 118.739242214626771, 34.037853325737885 ], [ 118.748257785373298, 34.037146674262189 ], [ 118.751742214626759, 34.033686659071215 ], [ 118.760757785373286, 34.032980007595519 ], [ 118.764242214626762, 34.029519992404552 ], [ 118.769091118706626, 34.028813340928856 ], [ 118.772917683919303, 34.025013563368091 ], [ 118.789242214626768, 34.041313340928852 ], [ 118.7916666666667, 34.041666666666686 ], [ 118.793877156575547, 34.041099378797782 ], [ 118.797789510091178, 34.038067287868955 ], [ 118.803315734863304, 34.036649068196652 ], [ 118.805017598470087, 34.030017598470089 ], [ 118.810543823242213, 34.028599378797779 ], [ 118.814456176757844, 34.025567287868959 ], [ 118.820124816894563, 34.024112616644999 ], [ 118.82154184977216, 34.013387383355067 ], [ 118.828552415635883, 34.011588372124599 ], [ 118.829733954535612, 33.985289510091178 ], [ 118.838067287868952, 33.975937228732676 ], [ 118.836932712131102, 33.972789510091182 ], [ 118.828599378797776, 33.963437228732673 ], [ 118.829733954535612, 33.960289510091179 ], [ 118.832766045464439, 33.956377156575556 ], [ 118.834301079644121, 33.950395880805154 ], [ 118.839456176757835, 33.946400621202294 ], [ 118.841666666666697, 33.945833333333368 ], [ 118.842517598470081, 33.94251759847009 ], [ 118.84583333333336, 33.941666666666698 ], [ 118.848043823242222, 33.942233954535624 ], [ 118.852083333333368, 33.945364549424944 ], [ 118.856122843424515, 33.942233954535624 ], [ 118.861649237738746, 33.940815734863314 ], [ 118.863067287868958, 33.935289510091181 ], [ 118.878599378797773, 33.918877156575554 ], [ 118.879166666666691, 33.8875 ], [ 118.880376180013045, 33.883483208550381 ], [ 118.889531792534754, 33.875642734103764 ], [ 118.893801540798634, 33.8743572658963 ], [ 118.89786512586808, 33.871476067437101 ], [ 118.907506985134575, 33.870006815592482 ], [ 118.909383816189262, 33.857690599229635 ], [ 118.919814046223991, 33.859114244249163 ], [ 118.921797688802116, 33.865702480740055 ], [ 118.92713487413198, 33.867309400770431 ], [ 118.933011542426243, 33.871476067437101 ], [ 118.935468207465306, 33.870190599229637 ], [ 118.939531792534751, 33.867309400770431 ], [ 118.954416910807325, 33.865791151258712 ], [ 118.949357096354191, 33.858655124240485 ], [ 118.950642903645857, 33.856198289659325 ], [ 118.954809570312534, 33.850321790907152 ], [ 118.953523763020868, 33.847864956325992 ], [ 118.949357096354191, 33.841988457573819 ], [ 118.950642903645857, 33.835364956325989 ], [ 118.953523763020868, 33.831301710340746 ], [ 118.954809570312534, 33.827031622992656 ], [ 118.966023763020857, 33.81463504367408 ], [ 118.96763102213545, 33.809297519260014 ], [ 118.975023396809931, 33.807071770562096 ], [ 118.97852376302086, 33.802135043674078 ], [ 118.979809570312526, 33.789531622992655 ], [ 118.982690429687523, 33.785468377007412 ], [ 118.984542846679716, 33.779316541883716 ], [ 118.993698459201426, 33.771476067437099 ], [ 119.004166666666691, 33.770833333333364 ], [ 119.004784138997422, 33.76867319742842 ], [ 119.007715861002637, 33.764660135904982 ], [ 119.008950805664099, 33.760339864095087 ], [ 119.012466091579896, 33.755527750651076 ], [ 119.00632697211374, 33.750617641872864 ], [ 119.002006361219642, 33.7493823581272 ], [ 118.997993638780414, 33.746450975206194 ], [ 118.991049194335972, 33.744465467664966 ], [ 118.99228413899742, 33.735339864095081 ], [ 119.000617472330759, 33.72573666042755 ], [ 118.99924960666236, 33.71330040825741 ], [ 118.989506361219654, 33.711882358127205 ], [ 118.985493638780412, 33.708950975206193 ], [ 118.983333333333363, 33.708333333333364 ], [ 118.983686659071211, 33.672575547960101 ], [ 118.987146674262178, 33.669091118706632 ], [ 118.9875, 33.6625 ], [ 118.98963487413198, 33.663142734103765 ], [ 118.993698459201426, 33.666023932562965 ], [ 119.006301540798646, 33.667309400770435 ], [ 119.011624484592048, 33.671083577473993 ], [ 119.0125, 33.6625 ], [ 119.01306728786895, 33.656122843424512 ], [ 119.017233954535627, 33.650746663411489 ], [ 119.016099378797776, 33.647789510091179 ], [ 119.008900621202287, 33.639710489908886 ], [ 119.007766045464436, 33.635289510091177 ], [ 119.003599378797773, 33.629913330078153 ], [ 119.004811265733537, 33.613403828938836 ], [ 119.010543823242216, 33.611932712131107 ], [ 119.014456176757847, 33.608900621202288 ], [ 119.020219251844651, 33.607421705457931 ], [ 119.021447414822077, 33.580078294542133 ], [ 119.025, 33.579166666666701 ], [ 119.045833333333363, 33.579166666666701 ], [ 119.048257785373295, 33.579519992404542 ], [ 119.052453613281287, 33.583686659071212 ], [ 119.069091118706623, 33.582980007595516 ], [ 119.072575547960099, 33.579519992404542 ], [ 119.077424452039963, 33.578813340928853 ], [ 119.085075547960102, 33.571186659071209 ], [ 119.091666666666697, 33.570833333333368 ], [ 119.1, 33.570833333333368 ], [ 119.123043823242213, 33.571400621202287 ], [ 119.131122843424507, 33.578599378797776 ], [ 119.153176201714444, 33.579785834418431 ], [ 119.157868109809058, 33.58541208902998 ], [ 119.153902180989618, 33.590529547797338 ], [ 119.161791653103336, 33.592554050021732 ], [ 119.163208346896738, 33.603279283311664 ], [ 119.170437282986143, 33.605134412977463 ], [ 119.174432712131107, 33.610289510091178 ], [ 119.175661214192743, 33.624100409613746 ], [ 119.182750447591175, 33.625919765896299 ], [ 119.191099378797773, 33.635289510091177 ], [ 119.192233954535624, 33.639710489908886 ], [ 119.195266045464436, 33.643622843424509 ], [ 119.196400621202287, 33.648043823242219 ], [ 119.199432712131113, 33.651956176757842 ], [ 119.20056728786895, 33.656377156575552 ], [ 119.203599378797776, 33.660289510091175 ], [ 119.204733954535627, 33.673043823242217 ], [ 119.207766045464439, 33.676956176757848 ], [ 119.209184095594651, 33.682482401529981 ], [ 119.2125, 33.683333333333366 ], [ 119.213409084743958, 33.67979024251305 ], [ 119.225, 33.679166666666703 ], [ 119.224432712131104, 33.676956176757848 ], [ 119.220266045464442, 33.671579996744825 ], [ 119.221400621202292, 33.660289510091175 ], [ 119.224432712131104, 33.656377156575552 ], [ 119.225567287868955, 33.643622843424509 ], [ 119.228599378797782, 33.639710489908886 ], [ 119.229733954535618, 33.631122843424514 ], [ 119.232766045464444, 33.627210489908883 ], [ 119.233900621202295, 33.622789510091181 ], [ 119.24109937879777, 33.614710489908887 ], [ 119.242517428927982, 33.609184265136747 ], [ 119.248043823242213, 33.607766045464444 ], [ 119.251956176757844, 33.604733954535625 ], [ 119.254166666666706, 33.6041666666667 ], [ 119.257616170247431, 33.605152893066439 ], [ 119.259068806966184, 33.620033433702289 ], [ 119.264506361219645, 33.6243823581272 ], [ 119.26990695529517, 33.62592637803823 ], [ 119.271759711371558, 33.632406955295174 ], [ 119.277160305447083, 33.633950975206197 ], [ 119.286763170030412, 33.64228430853953 ], [ 119.293826972113749, 33.641049024793872 ], [ 119.299530707465308, 33.636882358127203 ], [ 119.307545979817746, 33.638339233398469 ], [ 119.309142727322083, 33.649311998155412 ], [ 119.331326972113743, 33.650617641872863 ], [ 119.335339694552985, 33.653549024793868 ], [ 119.3375, 33.654166666666697 ], [ 119.337854342990482, 33.643380228678417 ], [ 119.343408881293442, 33.637853325737879 ], [ 119.360783894856809, 33.637145657009583 ], [ 119.382980007595521, 33.614924452039965 ], [ 119.383686659071216, 33.610075547960101 ], [ 119.391313340928846, 33.602424452039962 ], [ 119.392019992404542, 33.597575547960105 ], [ 119.3958187527127, 33.59375 ], [ 119.391313340928846, 33.589212883843345 ], [ 119.392019992404542, 33.576742214626769 ], [ 119.395480007595523, 33.573257785373293 ], [ 119.396189032660629, 33.564212205674941 ], [ 119.401742214626765, 33.558686659071213 ], [ 119.406623670789969, 33.557975260416697 ], [ 119.412146674262189, 33.552424452039965 ], [ 119.412853325737885, 33.543408881293431 ], [ 119.416313340928852, 33.539924452039962 ], [ 119.417019992404548, 33.535075547960098 ], [ 119.420480007595515, 33.531591118706629 ], [ 119.420833333333363, 33.525 ], [ 119.414456176757852, 33.524432712131109 ], [ 119.410416666666706, 33.521302117241788 ], [ 119.406377156575559, 33.524432712131109 ], [ 119.393622843424509, 33.525567287868952 ], [ 119.389583333333363, 33.52869788275828 ], [ 119.3854166666667, 33.525468783908451 ], [ 119.381377156575553, 33.528599378797772 ], [ 119.378420003255243, 33.529733954535622 ], [ 119.373043823242227, 33.525567287868952 ], [ 119.361753336588578, 33.524432712131109 ], [ 119.356377156575547, 33.528599378797772 ], [ 119.342566257052979, 33.529827880859408 ], [ 119.341666666666697, 33.533333333333367 ], [ 119.335075547960102, 33.532980007595519 ], [ 119.327424452039963, 33.525353325737882 ], [ 119.320833333333368, 33.525 ], [ 119.320266045464436, 33.522789510091179 ], [ 119.313067287868961, 33.514710489908886 ], [ 119.311649237738749, 33.509184265136753 ], [ 119.305017428927982, 33.507482401529977 ], [ 119.304166666666703, 33.504166666666698 ], [ 119.3, 33.504166666666698 ], [ 119.299138047960099, 33.507525634765656 ], [ 119.292881605360279, 33.508900621202287 ], [ 119.290779283311664, 33.500708516438834 ], [ 119.280054050021732, 33.49929148356123 ], [ 119.279166666666697, 33.495833333333366 ], [ 119.276742214626765, 33.496186659071213 ], [ 119.272916666666703, 33.499985419379371 ], [ 119.26875, 33.495847913954023 ], [ 119.264583333333363, 33.499985419379371 ], [ 119.260757785373301, 33.496186659071213 ], [ 119.254166666666706, 33.495833333333366 ], [ 119.253060234917569, 33.491963365342912 ], [ 119.243826972113752, 33.483950975206191 ], [ 119.227006361219651, 33.482715691460534 ], [ 119.222993638780409, 33.479784308539529 ], [ 119.214506361219648, 33.478549024793864 ], [ 119.206326972113743, 33.471450975206196 ], [ 119.202006361219645, 33.470215691460531 ], [ 119.197993638780417, 33.467284308539526 ], [ 119.192593044704893, 33.465740288628503 ], [ 119.191049194335974, 33.460339864095083 ], [ 119.188117472330759, 33.456326802571645 ], [ 119.186705864800373, 33.446627468533016 ], [ 119.175971815321219, 33.445065138075115 ], [ 119.175, 33.441666666666698 ], [ 119.174646674262178, 33.426742214626763 ], [ 119.171186659071211, 33.423257785373295 ], [ 119.170833333333363, 33.420833333333363 ], [ 119.175, 33.420833333333363 ], [ 119.1825619167752, 33.420061916775204 ], [ 119.18415391710073, 33.404455905490479 ], [ 119.189531792534751, 33.400642734103762 ], [ 119.195833333333368, 33.4 ], [ 119.196568467881974, 33.392469278971383 ], [ 119.208002387152803, 33.390805223253068 ], [ 119.211882527669303, 33.385493469238313 ], [ 119.213117472330765, 33.372839864095084 ], [ 119.220215861002629, 33.364660135904977 ], [ 119.221450805664091, 33.360339864095081 ], [ 119.232715861002632, 33.347993469238311 ], [ 119.234259711371564, 33.342593044704891 ], [ 119.2375, 33.341666666666697 ], [ 119.237853325737873, 33.335075547960102 ], [ 119.241652086046045, 33.33125 ], [ 119.237514580620697, 33.327083333333363 ], [ 119.241313340928855, 33.323257785373293 ], [ 119.242019992404551, 33.314242214626766 ], [ 119.249646674262181, 33.306591118706628 ], [ 119.25, 33.3 ], [ 119.249646674262181, 33.293408881293431 ], [ 119.246186659071213, 33.289924452039962 ], [ 119.245833333333366, 33.28333333333336 ], [ 119.241287231445341, 33.282166714138484 ], [ 119.250929090711836, 33.27153625488284 ], [ 119.260543823242216, 33.270266045464439 ], [ 119.264456176757847, 33.267233954535619 ], [ 119.279166666666697, 33.266666666666694 ], [ 119.279519992404545, 33.264242214626762 ], [ 119.282980007595512, 33.260757785373293 ], [ 119.283689032660618, 33.251712205674941 ], [ 119.289242214626768, 33.246186659071206 ], [ 119.294121636284757, 33.245475599500899 ], [ 119.304519992404551, 33.235049268934489 ], [ 119.303813340928855, 33.230908881293431 ], [ 119.300014580620697, 33.227083333333361 ], [ 119.303813340928855, 33.223257785373292 ], [ 119.304519992404551, 33.210075547960095 ], [ 119.307980007595518, 33.206591118706626 ], [ 119.308686659071213, 33.201742214626762 ], [ 119.312146674262181, 33.198257785373293 ], [ 119.312853325737876, 33.193408881293429 ], [ 119.320480007595521, 33.185757785373291 ], [ 119.321186659071216, 33.180908881293433 ], [ 119.324646674262183, 33.177424452039958 ], [ 119.325, 33.170833333333363 ], [ 119.325353325737879, 33.160075547960098 ], [ 119.332980007595523, 33.152424452039959 ], [ 119.333333333333371, 33.145833333333364 ], [ 119.334068467881977, 33.138302612304713 ], [ 119.344861518012181, 33.136731635199681 ], [ 119.346759711371561, 33.130093044704893 ], [ 119.352160305447086, 33.128549194335967 ], [ 119.357864040798646, 33.124382527669297 ], [ 119.3616390652127, 33.126155938042565 ], [ 119.363867865668439, 33.133950805664092 ], [ 119.374382527669297, 33.122993638780407 ], [ 119.375, 33.120833333333358 ], [ 119.379166666666706, 33.120833333333358 ], [ 119.379519992404553, 33.114242214626763 ], [ 119.382980007595521, 33.110757785373295 ], [ 119.383691406250037, 33.105876329210098 ], [ 119.389242214626762, 33.100353325737878 ], [ 119.391666666666694, 33.1 ], [ 119.392322116427991, 33.0895443386502 ], [ 119.395177883572075, 33.085455661349854 ], [ 119.396488783094654, 33.077044338650204 ], [ 119.403511216905414, 33.068788994683189 ], [ 119.404822116427979, 33.064544338650201 ], [ 119.407677883572077, 33.060455661349856 ], [ 119.409601847330762, 33.054225667317738 ], [ 119.415832180447083, 33.058577473958358 ], [ 119.417415025499167, 33.038357204861136 ], [ 119.428131103515653, 33.036687554253497 ], [ 119.430481635199683, 33.029075453016517 ], [ 119.435377671983545, 33.02565544976131 ], [ 119.441591389973993, 33.023736572265655 ], [ 119.450655449761314, 33.013081529405412 ], [ 119.449344550238749, 32.997877671983531 ], [ 119.445177883572086, 32.991912502712701 ], [ 119.448496500651075, 32.985916476779543 ], [ 119.454456244574686, 32.982677883572073 ], [ 119.461485120985273, 32.984213595920167 ], [ 119.463814968533015, 32.991757880316868 ], [ 119.470587497287354, 32.996488783094648 ], [ 119.490875583224863, 32.99509175618492 ], [ 119.491666666666703, 32.9875 ], [ 119.491666666666703, 32.983333333333363 ], [ 119.491036309136319, 32.981185913085966 ], [ 119.488079833984415, 32.977077568901933 ], [ 119.495258585612007, 32.96875 ], [ 119.487129041883719, 32.959319390190998 ], [ 119.499007161458366, 32.957550387912356 ], [ 119.500945366753513, 32.950945366753501 ], [ 119.506314086914102, 32.949369642469648 ], [ 119.510352579752634, 32.946463690863744 ], [ 119.516621907552121, 32.944623819987008 ], [ 119.520249430338581, 32.93958333333336 ], [ 119.517297024197077, 32.935480753580755 ], [ 119.515776570638053, 32.925274997287353 ], [ 119.508729722764798, 32.920202975802979 ], [ 119.506185913085972, 32.921463690863739 ], [ 119.500865681966175, 32.925292290581623 ], [ 119.499502563476597, 32.911919148763047 ], [ 119.503582763671915, 32.90625 ], [ 119.500583902994819, 32.902083333333358 ], [ 119.503582763671915, 32.897916666666696 ], [ 119.499369642469645, 32.892063056098117 ], [ 119.500825330946213, 32.884313964843777 ], [ 119.504166666666706, 32.883333333333361 ], [ 119.50538160536027, 32.88806728786895 ], [ 119.515726386176254, 32.886809285481796 ], [ 119.524432712131116, 32.877210489908883 ], [ 119.525850762261314, 32.871684095594645 ], [ 119.53248257107208, 32.869982571072072 ], [ 119.534184095594654, 32.863350762261312 ], [ 119.54127061631948, 32.861532253689262 ], [ 119.545266045464444, 32.856377156575547 ], [ 119.547048272026942, 32.849432712131104 ], [ 119.55637715657555, 32.850567287868948 ], [ 119.561004299587708, 32.854153442382838 ], [ 119.56620144314239, 32.847921413845512 ], [ 119.56193271213111, 32.842413330078152 ], [ 119.563067287868961, 32.839456176757835 ], [ 119.57026604546445, 32.831377156575549 ], [ 119.570833333333368, 32.829166666666694 ], [ 119.570214843750037, 32.817672729492216 ], [ 119.560543823242227, 32.808900621202284 ], [ 119.556122843424518, 32.807766045464433 ], [ 119.552210489908887, 32.804733954535614 ], [ 119.546684095594657, 32.803315904405409 ], [ 119.544865587022599, 32.796229383680583 ], [ 119.539710489908884, 32.792233954535618 ], [ 119.533729383680594, 32.790698920355929 ], [ 119.529733954535629, 32.785543823242215 ], [ 119.529166666666697, 32.78333333333336 ], [ 119.514456176757847, 32.783900621202285 ], [ 119.510407850477463, 32.787038167317732 ], [ 119.50221048990889, 32.779733954535615 ], [ 119.497789510091181, 32.778599378797765 ], [ 119.49387715657555, 32.775567287868952 ], [ 119.486753336588578, 32.774432712131102 ], [ 119.481377156575562, 32.778599378797765 ], [ 119.460289510091172, 32.779733954535615 ], [ 119.456377156575556, 32.782766045464435 ], [ 119.453420003255246, 32.783900621202285 ], [ 119.448043823242216, 32.779733954535615 ], [ 119.442294650607678, 32.778258599175373 ], [ 119.441099378797773, 32.757586669921899 ], [ 119.44526604546445, 32.752210489908876 ], [ 119.445833333333368, 32.741666666666688 ], [ 119.449603949652811, 32.740698920355925 ], [ 119.453599378797776, 32.73554382324221 ], [ 119.454733954535627, 32.722789510091168 ], [ 119.457766045464439, 32.718877156575545 ], [ 119.458900621202289, 32.689456176757837 ], [ 119.461932712131116, 32.685543823242213 ], [ 119.463067287868952, 32.668622843424501 ], [ 119.466099378797779, 32.664710489908877 ], [ 119.467517428927991, 32.65918409559464 ], [ 119.474149237738743, 32.657482571072073 ], [ 119.475567287868955, 32.651956176757835 ], [ 119.478599378797782, 32.648043823242212 ], [ 119.479733954535618, 32.643622843424502 ], [ 119.482766045464444, 32.639710489908879 ], [ 119.483900621202295, 32.631122843424507 ], [ 119.488067287868958, 32.625746663411483 ], [ 119.486932712131107, 32.622789510091167 ], [ 119.478599378797782, 32.613437228732664 ], [ 119.480143907335105, 32.609151882595512 ], [ 119.486876424153678, 32.607424248589432 ], [ 119.4875, 32.59583333333336 ], [ 119.487853325737888, 32.593408881293428 ], [ 119.493376329210108, 32.587858072916688 ], [ 119.498257785373298, 32.587146674262179 ], [ 119.502084011501765, 32.583347235785617 ], [ 119.512142266167572, 32.593378363715303 ], [ 119.5125, 32.59583333333336 ], [ 119.520074462890662, 32.595077514648459 ], [ 119.521330769856803, 32.582752482096375 ], [ 119.517250569661499, 32.577083333333356 ], [ 119.520202975802988, 32.572980753580751 ], [ 119.521463690863754, 32.564519246419295 ], [ 119.52979702419708, 32.554851955837698 ], [ 119.527517361111151, 32.549728393554709 ], [ 119.522980753580768, 32.546463690863739 ], [ 119.513181559244828, 32.545003933376762 ], [ 119.511826917860276, 32.51352539062502 ], [ 119.508333333333368, 32.5125 ], [ 119.507980007595521, 32.489242214626756 ], [ 119.503813340928858, 32.485046386718771 ], [ 119.504519992404553, 32.480908881293423 ], [ 119.507980007595521, 32.477424452039955 ], [ 119.508687676323817, 32.460046725802975 ], [ 119.514242214626776, 32.454519992404535 ], [ 119.516666666666694, 32.454166666666687 ], [ 119.523257785373303, 32.454519992404535 ], [ 119.528808593750028, 32.460042995876762 ], [ 119.529166666666697, 32.4625 ], [ 119.539924452039969, 32.462146674262172 ], [ 119.543408881293431, 32.458686659071205 ], [ 119.55, 32.458333333333357 ], [ 119.550617472330771, 32.443673027886305 ], [ 119.553549194335972, 32.43966030544707 ], [ 119.55497368706601, 32.429872300889777 ], [ 119.574006483289963, 32.428474595811657 ], [ 119.5762125651042, 32.420758734809048 ], [ 119.581173027886322, 32.424382527669295 ], [ 119.58549363878042, 32.42561747233075 ], [ 119.589506361219648, 32.428549194335957 ], [ 119.593826972113746, 32.42978413899742 ], [ 119.599530707465306, 32.433950805664082 ], [ 119.614660305447089, 32.432715861002627 ], [ 119.61875, 32.429728190104186 ], [ 119.622839694552994, 32.432715861002627 ], [ 119.627160305447077, 32.433950805664082 ], [ 119.631972249348991, 32.437466091579886 ], [ 119.63694118923614, 32.431253390842038 ], [ 119.633950805664099, 32.427160305447075 ], [ 119.632530721028687, 32.417401801215298 ], [ 119.617442152235284, 32.415928819444467 ], [ 119.616611395941874, 32.409250895182311 ], [ 119.627160305447077, 32.407715861002629 ], [ 119.631173027886319, 32.404784138997421 ], [ 119.654166666666697, 32.40416666666669 ], [ 119.654733954535629, 32.406377156575545 ], [ 119.657766045464442, 32.410289510091168 ], [ 119.658900621202292, 32.41887715657554 ], [ 119.663459947374164, 32.424344211154533 ], [ 119.677210489908887, 32.425567287868944 ], [ 119.681122843424518, 32.428599378797763 ], [ 119.686838785807325, 32.430066257052971 ], [ 119.6875, 32.4375 ], [ 119.66328091091583, 32.438177829318597 ], [ 119.661735365125907, 32.453330824110267 ], [ 119.65101420084639, 32.454964531792555 ], [ 119.65, 32.458333333333357 ], [ 119.650642903645874, 32.460468207465297 ], [ 119.654455905490494, 32.465846082899326 ], [ 119.669803195529553, 32.46741163465714 ], [ 119.671476236979203, 32.4729682074653 ], [ 119.6743570963542, 32.477031792534746 ], [ 119.675964355468778, 32.482368977864603 ], [ 119.682629733615485, 32.484376017252629 ], [ 119.683976236979206, 32.506301540798631 ], [ 119.686857096354203, 32.510365125868077 ], [ 119.688142903645868, 32.514634874131964 ], [ 119.691060384114621, 32.51875 ], [ 119.687523396809937, 32.523738267686653 ], [ 119.679850938585105, 32.526048448350714 ], [ 119.678523763020863, 32.557417805989608 ], [ 119.693801540798646, 32.558976236979191 ], [ 119.6979166666667, 32.561893717447937 ], [ 119.702589925130241, 32.558580186631971 ], [ 119.704809570312534, 32.562821790907144 ], [ 119.700602891710105, 32.568754747178843 ], [ 119.707690429687531, 32.577031792534747 ], [ 119.708976236979197, 32.581301540798634 ], [ 119.71247660319014, 32.586238267686653 ], [ 119.718801540798651, 32.58814290364586 ], [ 119.723012288411496, 32.591128200954884 ], [ 119.725642903645863, 32.596155124240475 ], [ 119.721439615885458, 32.602083333333354 ], [ 119.724357096354197, 32.606198459201416 ], [ 119.725642903645863, 32.614634874131966 ], [ 119.730460611979197, 32.620786878797766 ], [ 119.735416666666708, 32.617272949218773 ], [ 119.739583333333371, 32.620227050781274 ], [ 119.743698459201426, 32.617309570312521 ], [ 119.753251139322956, 32.616023763020856 ], [ 119.754166666666706, 32.625 ], [ 119.756591118706638, 32.625353325737869 ], [ 119.760075547960099, 32.628813340928843 ], [ 119.766666666666708, 32.629166666666691 ], [ 119.767322116427991, 32.647955661349847 ], [ 119.770205349392398, 32.652083333333358 ], [ 119.766393703884589, 32.65753987630211 ], [ 119.786095852322092, 32.658714124891517 ], [ 119.788988918728336, 32.649344550238737 ], [ 119.793788994683197, 32.65065544976131 ], [ 119.797877671983542, 32.653511216905407 ], [ 119.814622328016526, 32.654822116427972 ], [ 119.820587497287363, 32.658988783094642 ], [ 119.831288994683192, 32.65767788357207 ], [ 119.835416666666703, 32.654794650607663 ], [ 119.839544338650214, 32.65767788357207 ], [ 119.841666666666697, 32.65833333333336 ], [ 119.841666666666697, 32.666666666666693 ], [ 119.849040052625909, 32.667322455512178 ], [ 119.853599378797782, 32.672789510091171 ], [ 119.854733954535632, 32.685543823242213 ], [ 119.861932712131107, 32.693622843424507 ], [ 119.863387383355075, 32.699291653103323 ], [ 119.874080403645877, 32.70070427788631 ], [ 119.878599378797787, 32.706122843424502 ], [ 119.880017428927985, 32.71164923773874 ], [ 119.88554382324223, 32.713067287868945 ], [ 119.893622843424509, 32.720266045464435 ], [ 119.899417114257844, 32.721752929687526 ], [ 119.907766045464442, 32.731122843424501 ], [ 119.909184095594654, 32.736649237738739 ], [ 119.91581590440542, 32.738350762261312 ], [ 119.917634412977463, 32.745437282986138 ], [ 119.922789510091178, 32.749432712131103 ], [ 119.927210489908887, 32.750567287868947 ], [ 119.931122843424518, 32.753599378797766 ], [ 119.933333333333351, 32.754166666666691 ], [ 119.940794372558614, 32.754846530490475 ], [ 119.942246500651066, 32.761247762044299 ], [ 119.934203084309914, 32.763369750976587 ], [ 119.932753499348976, 32.768864610460092 ], [ 119.929746500651063, 32.772802056206622 ], [ 119.929166666666703, 32.7875 ], [ 119.932661437988301, 32.7883968777127 ], [ 119.933900621202284, 32.800937228732664 ], [ 119.925461832682316, 32.810407850477453 ], [ 119.92859937879777, 32.814456176757837 ], [ 119.929733954535607, 32.817413330078153 ], [ 119.925468783908443, 32.822916666666693 ], [ 119.92859937879777, 32.82695617675784 ], [ 119.929166666666688, 32.8375 ], [ 119.935757785373283, 32.837853325737875 ], [ 119.939242214626759, 32.841313340928842 ], [ 119.945833333333354, 32.84166666666669 ], [ 119.954166666666694, 32.84166666666669 ], [ 119.989924452039958, 32.842019992404538 ], [ 119.995479159885008, 32.847546725802978 ], [ 119.995833333333351, 32.858333333333363 ], [ 120.000091213650194, 32.857018364800375 ], [ 120.003511216905409, 32.85212232801652 ], [ 120.005149671766517, 32.846816338433186 ], [ 120.011687384711394, 32.844797770182318 ], [ 120.013576083713133, 32.832677883572075 ], [ 120.028111945258274, 32.834084404839437 ], [ 120.030655754937086, 32.842322116427979 ], [ 120.032677883572077, 32.839622328016517 ], [ 120.034601847330748, 32.833392333984399 ], [ 120.039544338650202, 32.836844550238737 ], [ 120.062768046061223, 32.838300238715306 ], [ 120.05838673909507, 32.844572618272593 ], [ 120.066235690646721, 32.850655449761312 ], [ 120.068788994683189, 32.84934455023874 ], [ 120.072916666666686, 32.846461317274333 ], [ 120.078920830620689, 32.850655449761312 ], [ 120.085455661349854, 32.84934455023874 ], [ 120.089583333333351, 32.846461317274333 ], [ 120.095587497287354, 32.850655449761312 ], [ 120.100655449761305, 32.847850545247425 ], [ 120.09934455023874, 32.8395443386502 ], [ 120.095177883572077, 32.833579169379362 ], [ 120.097030131022152, 32.824344550238742 ], [ 120.110455661349846, 32.825655449761314 ], [ 120.114544338650191, 32.828511216905405 ], [ 120.118788994683186, 32.829822116427977 ], [ 120.124754163954009, 32.833988783094647 ], [ 120.137287394205757, 32.832453748914958 ], [ 120.142322116427977, 32.82524583604603 ], [ 120.141011216905412, 32.822877671983534 ], [ 120.137294345431883, 32.817556423611137 ], [ 120.145833333333357, 32.816666666666691 ], [ 120.148257785373289, 32.817019992404539 ], [ 120.152083333333351, 32.820818752712697 ], [ 120.155908881293428, 32.817019992404539 ], [ 120.166666666666686, 32.816666666666691 ], [ 120.167313469780836, 32.800980292426239 ], [ 120.173006015353749, 32.799395073784744 ], [ 120.177083333333357, 32.796372138129364 ], [ 120.182792663574247, 32.8006049262153 ], [ 120.190894741482225, 32.799180094401066 ], [ 120.192442830403664, 32.788290066189262 ], [ 120.19782731797963, 32.783938259548634 ], [ 120.207548522949239, 32.782556491427975 ], [ 120.208777194552979, 32.774241807725723 ], [ 120.204705471462702, 32.76875 ], [ 120.207794528537349, 32.764583333333356 ], [ 120.204771762424073, 32.76050618489586 ], [ 120.204166666666694, 32.754166666666691 ], [ 120.20532989501956, 32.749634128146724 ], [ 120.215729437934044, 32.75890062120228 ], [ 120.223043823242207, 32.757766045464436 ], [ 120.228420003255238, 32.753599378797766 ], [ 120.23554382324221, 32.754733954535617 ], [ 120.240529547797337, 32.75859781901044 ], [ 120.242233954535621, 32.751956176757837 ], [ 120.245266045464433, 32.748043823242213 ], [ 120.245833333333351, 32.745833333333358 ], [ 120.248257785373283, 32.745480007595511 ], [ 120.251742214626759, 32.742019992404536 ], [ 120.254166666666691, 32.741666666666688 ], [ 120.253549024793855, 32.735339694552977 ], [ 120.250561523437526, 32.73125 ], [ 120.253549024793855, 32.727160305447072 ], [ 120.254998440212702, 32.717201741536485 ], [ 120.264576721191432, 32.708890109592041 ], [ 120.27036421034073, 32.713117472330751 ], [ 120.279784308539519, 32.711405436197943 ], [ 120.278549024793861, 32.702006361219645 ], [ 120.270802476671037, 32.69307963053388 ], [ 120.277006530761739, 32.688117472330752 ], [ 120.287168884277364, 32.686638387044297 ], [ 120.291049024793864, 32.681326972113737 ], [ 120.29282548692494, 32.675113932291694 ], [ 120.297839864095081, 32.671450805664087 ], [ 120.314660135904973, 32.670215861002632 ], [ 120.322839864095073, 32.663117472330754 ], [ 120.328398471408448, 32.661528184678843 ], [ 120.33011525472007, 32.649732462565126 ], [ 120.335423278808619, 32.653609890408013 ], [ 120.343673197428416, 32.646450805664088 ], [ 120.34583333333336, 32.645833333333357 ], [ 120.346186659071208, 32.639242214626762 ], [ 120.357980007595515, 32.627424452039953 ], [ 120.358333333333363, 32.625 ], [ 120.356122843424501, 32.624432712131103 ], [ 120.348043823242207, 32.617233954535614 ], [ 120.343622843424498, 32.61609937879777 ], [ 120.338749694824244, 32.612322658962697 ], [ 120.336932712131102, 32.607586669921901 ], [ 120.341197882758266, 32.602083333333354 ], [ 120.338067287868952, 32.598043823242207 ], [ 120.336649068196635, 32.592517428927977 ], [ 120.330017598470079, 32.590815904405403 ], [ 120.32831573486331, 32.584184095594644 ], [ 120.32278951009117, 32.582766045464432 ], [ 120.318877156575539, 32.579733954535612 ], [ 120.313350931803413, 32.578315904405407 ], [ 120.311932712131096, 32.57278951009117 ], [ 120.308900621202284, 32.568877156575546 ], [ 120.30762481689456, 32.559220716688394 ], [ 120.304166666666688, 32.558333333333358 ], [ 120.301742214626756, 32.558686659071206 ], [ 120.298257785373295, 32.562146674262173 ], [ 120.291666666666686, 32.5625 ], [ 120.291137186686228, 32.556085205078148 ], [ 120.282803853352888, 32.546916368272591 ], [ 120.283862813313831, 32.543585205078145 ], [ 120.287104119194908, 32.539583333333354 ], [ 120.282803853352888, 32.534273952908009 ], [ 120.283862813313831, 32.526918538411479 ], [ 120.29636281331382, 32.513621690538216 ], [ 120.295179918077281, 32.505203247070334 ], [ 120.289748297797331, 32.500529649522591 ], [ 120.284219699435795, 32.499227566189262 ], [ 120.282851325141081, 32.494834052191862 ], [ 120.288029479980494, 32.488440619574675 ], [ 120.286970520019551, 32.476918538411482 ], [ 120.282803853352888, 32.471773952908009 ], [ 120.283862813313831, 32.464418538411479 ], [ 120.287111748589439, 32.460407172309047 ], [ 120.279696146647154, 32.452248128255228 ], [ 120.279166666666697, 32.445833333333354 ], [ 120.272751702202711, 32.445303683810785 ], [ 120.268914964464003, 32.442196316189261 ], [ 120.26572587754994, 32.441137017144122 ], [ 120.260581631130663, 32.445303683810785 ], [ 120.2573925442166, 32.446362982855923 ], [ 120.250999281141517, 32.441184488932315 ], [ 120.246605936686223, 32.442553032769119 ], [ 120.245833333333351, 32.445833333333354 ], [ 120.243622843424504, 32.445266045464429 ], [ 120.239710489908873, 32.44223395453561 ], [ 120.231122843424501, 32.441099378797766 ], [ 120.223043823242207, 32.433900621202277 ], [ 120.214456176757835, 32.432766045464433 ], [ 120.210543823242205, 32.429733954535614 ], [ 120.204827880859398, 32.428267076280406 ], [ 120.203599378797762, 32.414456176757838 ], [ 120.20056728786895, 32.410543823242207 ], [ 120.199432712131099, 32.406122843424498 ], [ 120.196400621202287, 32.402210489908875 ], [ 120.195266045464436, 32.388714938693596 ], [ 120.2, 32.3875 ], [ 120.2, 32.383333333333354 ], [ 120.19778951009117, 32.38390062120228 ], [ 120.193877156575539, 32.386932712131099 ], [ 120.188350931803413, 32.388350762261304 ], [ 120.186681450737865, 32.394856092664952 ], [ 120.182396104600713, 32.396400621202275 ], [ 120.17304382324221, 32.388067287868942 ], [ 120.170086669921901, 32.386932712131099 ], [ 120.164583333333354, 32.391198052300368 ], [ 120.160543823242207, 32.388067287868942 ], [ 120.15833333333336, 32.3875 ], [ 120.156122843424498, 32.386932712131099 ], [ 120.150967746310783, 32.382937282986134 ], [ 120.149432712131102, 32.376956176757837 ], [ 120.144854227701842, 32.371466064453145 ], [ 120.12695617675783, 32.370266045464433 ], [ 120.122916666666697, 32.367135281033008 ], [ 120.11887715657555, 32.370266045464433 ], [ 120.111753336588563, 32.371400621202277 ], [ 120.106377156575547, 32.367233954535614 ], [ 120.10062357584637, 32.365757581922765 ], [ 120.1, 32.354166666666686 ], [ 120.107433742947066, 32.353505452473982 ], [ 120.108900621202281, 32.347789510091168 ], [ 120.111932712131093, 32.343877156575545 ], [ 120.1125, 32.34166666666669 ], [ 120.127210489908876, 32.341099378797765 ], [ 120.13125, 32.337968614366339 ], [ 120.135428025987437, 32.341206868489607 ], [ 120.147789510091172, 32.329733954535612 ], [ 120.15443132188588, 32.328029378255231 ], [ 120.150567287868952, 32.323043823242209 ], [ 120.149432712131102, 32.3186228434245 ], [ 120.142233954535612, 32.310543823242206 ], [ 120.141099378797762, 32.306122843424504 ], [ 120.13806728786895, 32.302210489908873 ], [ 120.1375, 32.3 ], [ 120.140989515516523, 32.299104478624152 ], [ 120.157766045464427, 32.281377156575545 ], [ 120.159041849772166, 32.271720716688392 ], [ 120.16627078586157, 32.269865587022593 ], [ 120.17026604546443, 32.264710489908879 ], [ 120.171541849772154, 32.25505405002172 ], [ 120.178559197319899, 32.253253173828149 ], [ 120.179166666666688, 32.2375 ], [ 120.178813340928841, 32.222575547960091 ], [ 120.175353325737873, 32.219091118706615 ], [ 120.175, 32.2125 ], [ 120.177210489908873, 32.211932712131095 ], [ 120.181122843424504, 32.208900621202275 ], [ 120.198043823242216, 32.207766045464432 ], [ 120.201956176757832, 32.204733954535612 ], [ 120.207672119140653, 32.203267076280405 ], [ 120.208900621202275, 32.18945617675783 ], [ 120.211932712131102, 32.185543823242206 ], [ 120.213067287868952, 32.181122843424497 ], [ 120.220266045464427, 32.17304382324221 ], [ 120.221400621202278, 32.168622843424501 ], [ 120.224432712131104, 32.164710489908877 ], [ 120.225, 32.1625 ], [ 120.224149068196638, 32.15918409559464 ], [ 120.22083333333336, 32.158333333333353 ], [ 120.220053778754362, 32.150852457682312 ], [ 120.209369066026497, 32.149187554253494 ], [ 120.207260810004357, 32.142360093858528 ], [ 120.171593560112868, 32.140961032443599 ], [ 120.170177883572066, 32.122877671983524 ], [ 120.167322116427968, 32.118788994683179 ], [ 120.165403238932313, 32.112575276692731 ], [ 120.15628899468318, 32.104822116427968 ], [ 120.154166666666697, 32.104166666666686 ], [ 120.153315734863298, 32.100850931803421 ], [ 120.15, 32.1 ], [ 120.150617641872856, 32.097839864095086 ], [ 120.153549024793861, 32.093826802571648 ], [ 120.154960801866338, 32.084127468533019 ], [ 120.166131591796898, 32.08250155978736 ], [ 120.17444339328344, 32.072923278808631 ], [ 120.170215691460527, 32.067135789659325 ], [ 120.171989271375892, 32.063360765245264 ], [ 120.17905273437502, 32.061341179741788 ], [ 120.18271569146053, 32.056326802571647 ], [ 120.183333333333351, 32.054166666666703 ], [ 120.195833333333354, 32.054166666666703 ], [ 120.198043823242216, 32.053599378797777 ], [ 120.206122843424509, 32.046400621202295 ], [ 120.215779283311662, 32.045124816894564 ], [ 120.217517598470081, 32.038350931803421 ], [ 120.223043823242207, 32.036932712131112 ], [ 120.226956176757838, 32.033900621202292 ], [ 120.231377156575547, 32.032766045464442 ], [ 120.235289510091164, 32.029733954535622 ], [ 120.239710489908873, 32.028599378797779 ], [ 120.243622843424504, 32.025567287868959 ], [ 120.253279283311656, 32.024291483561235 ], [ 120.254166666666691, 32.020833333333371 ], [ 120.25473395453561, 32.018622843424517 ], [ 120.258900621202287, 32.013246663411493 ], [ 120.257766045464436, 32.010289510091184 ], [ 120.25473395453561, 32.006377156575553 ], [ 120.253599378797773, 31.993622843424514 ], [ 120.250567287868947, 31.989710489908887 ], [ 120.249291483561223, 31.980054050021735 ], [ 120.241402011447505, 31.978029547797345 ], [ 120.246400621202284, 31.971579996744826 ], [ 120.24509463840063, 31.963379753960538 ], [ 120.238082885742216, 31.961580234103767 ], [ 120.229733954535618, 31.952210489908889 ], [ 120.229166666666686, 31.941666666666702 ], [ 120.2375, 31.941666666666702 ], [ 120.2375, 31.9375 ], [ 120.230066257052982, 31.936838785807325 ], [ 120.229166666666686, 31.933333333333369 ], [ 120.208333333333357, 31.933333333333369 ], [ 120.185075547960096, 31.932980007595521 ], [ 120.181591118706621, 31.929519992404547 ], [ 120.176742214626756, 31.928813340928855 ], [ 120.172916666666694, 31.925014580620694 ], [ 120.16875, 31.929152086046042 ], [ 120.164924452039955, 31.925353325737881 ], [ 120.143408881293425, 31.924646674262188 ], [ 120.137854173448375, 31.919119771321647 ], [ 120.137146674262169, 31.897575547960102 ], [ 120.131620110405834, 31.892021179199254 ], [ 120.114953782823378, 31.891313340928853 ], [ 120.110416666666694, 31.895818752712707 ], [ 120.106591118706618, 31.892019992404549 ], [ 120.098287116156712, 31.891313340928853 ], [ 120.094091118706615, 31.89548000759552 ], [ 120.083333333333357, 31.895833333333368 ], [ 120.082715691460521, 31.89367319742842 ], [ 120.079784308539516, 31.889660135904982 ], [ 120.078372531467039, 31.879960801866353 ], [ 120.067638312445766, 31.878398471408453 ], [ 120.066049024793855, 31.872839864095084 ], [ 120.06311764187285, 31.868826802571647 ], [ 120.0625, 31.866666666666699 ], [ 120.064924452039946, 31.866313340928855 ], [ 120.068408881293422, 31.862853325737881 ], [ 120.073288472493516, 31.862142266167567 ], [ 120.083686659071205, 31.851715935601163 ], [ 120.082980007595509, 31.847575547960105 ], [ 120.070832316080754, 31.835402764214443 ], [ 120.080908881293425, 31.825353325737879 ], [ 120.085790167914524, 31.824641927083366 ], [ 120.092019992404531, 31.818381076388924 ], [ 120.091313340928849, 31.810075547960103 ], [ 120.087146674262172, 31.805879550510017 ], [ 120.087853325737868, 31.780908881293435 ], [ 120.091313340928849, 31.777424452039963 ], [ 120.091666666666683, 31.775 ], [ 120.090815734863298, 31.771684265136752 ], [ 120.085289510091172, 31.770266045464442 ], [ 120.081377156575542, 31.767233954535623 ], [ 120.071679009331618, 31.765952724880677 ], [ 120.070631917317726, 31.761281331380243 ], [ 120.07556728786895, 31.754913330078157 ], [ 120.074432712131099, 31.751956176757844 ], [ 120.071400621202287, 31.74804382324222 ], [ 120.070266045464436, 31.743622843424511 ], [ 120.06723395453561, 31.739710489908887 ], [ 120.065815734863307, 31.734184265136751 ], [ 120.059184265136736, 31.732482401529982 ], [ 120.058333333333351, 31.7291666666667 ], [ 120.056211005316868, 31.729822116427982 ], [ 120.047955661349846, 31.736844550238747 ], [ 120.018155754937084, 31.738155449761319 ], [ 120.015683661566868, 31.730149671766526 ], [ 120.00931633843318, 31.728183661566874 ], [ 120.007350328233528, 31.721816338433193 ], [ 120.002044338650194, 31.720177883572081 ], [ 119.999344550238732, 31.718155754937097 ], [ 120.007472737630223, 31.715645853678417 ], [ 120.008988783094637, 31.708087497287359 ], [ 120.004822116427974, 31.702122328016525 ], [ 120.003511216905409, 31.697877671983541 ], [ 120.000655449761311, 31.693788994683192 ], [ 119.998731486002626, 31.687558831108973 ], [ 119.992501152886305, 31.691910807291698 ], [ 119.991011216905406, 31.672877671983539 ], [ 119.979822116427968, 31.660455661349857 ], [ 119.979166666666686, 31.65 ], [ 119.972575547960091, 31.650353325737878 ], [ 119.969091118706615, 31.653813340928853 ], [ 119.966666666666711, 31.654166666666697 ], [ 119.965815734863298, 31.657482401529979 ], [ 119.9625, 31.658333333333367 ], [ 119.961838785807316, 31.665767076280414 ], [ 119.954822625054277, 31.667567613389789 ], [ 119.953599378797762, 31.68211839463979 ], [ 119.960543823242205, 31.683900621202291 ], [ 119.967233954535615, 31.690451727973123 ], [ 119.959072028266078, 31.692546420627203 ], [ 119.957766045464425, 31.70074666341149 ], [ 119.961932712131102, 31.706122843424513 ], [ 119.963067287868938, 31.723785061306458 ], [ 119.954793972439262, 31.725908237033451 ], [ 119.953599378797762, 31.746770562066004 ], [ 119.962042236328145, 31.756245761447516 ], [ 119.95737355550132, 31.761844041612445 ], [ 119.95, 31.7625 ], [ 119.945833333333368, 31.7625 ], [ 119.945215861002637, 31.764660135904982 ], [ 119.940859307183203, 31.770107354058194 ], [ 119.925999620225738, 31.771450975206196 ], [ 119.924382527669309, 31.760339864095084 ], [ 119.919472249348999, 31.754200575086838 ], [ 119.914660305447086, 31.757715691460536 ], [ 119.909050496419312, 31.759319559733107 ], [ 119.907616170247437, 31.774013773600295 ], [ 119.900768364800385, 31.775971645779112 ], [ 119.899382527669303, 31.785493469238315 ], [ 119.896450805664102, 31.789506530761752 ], [ 119.89521586100264, 31.804635789659322 ], [ 119.899438476562537, 31.810416666666701 ], [ 119.895719401041703, 31.815507846408455 ], [ 119.88820054796011, 31.817657640245258 ], [ 119.886882527669314, 31.833802456325987 ], [ 119.891049194335977, 31.839506530761753 ], [ 119.892284138997439, 31.84630245632599 ], [ 119.888117472330762, 31.852006530761752 ], [ 119.886807929145007, 31.869839816623298 ], [ 119.879883829752643, 31.871819559733108 ], [ 119.878449503580768, 31.886513773600296 ], [ 119.872839694552994, 31.888117641872864 ], [ 119.868826972113752, 31.891049024793872 ], [ 119.856173027886328, 31.89228430853953 ], [ 119.852160305447086, 31.895215691460539 ], [ 119.847839694552988, 31.896450975206196 ], [ 119.842314656575553, 31.900869750976597 ], [ 119.841666666666697, 31.925 ], [ 119.833333333333371, 31.925 ], [ 119.829166666666708, 31.925 ], [ 119.825850762261325, 31.924149068196648 ], [ 119.825, 31.920833333333366 ], [ 119.823916965060803, 31.917412482367656 ], [ 119.803966606987885, 31.915818277994827 ], [ 119.807685343424509, 31.910413953993089 ], [ 119.800667995876779, 31.902109781901075 ], [ 119.799209594726605, 31.874760097927552 ], [ 119.79375, 31.878516981336841 ], [ 119.789609781901078, 31.875667995876771 ], [ 119.783333333333374, 31.875 ], [ 119.781122843424512, 31.875567287868957 ], [ 119.777210489908896, 31.878599378797777 ], [ 119.771684095594651, 31.880017598470086 ], [ 119.770833333333371, 31.883333333333368 ], [ 119.770022243923648, 31.886493259006109 ], [ 119.765920003255246, 31.888067287868957 ], [ 119.759470621744825, 31.883068678114185 ], [ 119.758333333333368, 31.8875 ], [ 119.75, 31.8875 ], [ 119.74757554796011, 31.887853325737883 ], [ 119.737858751085099, 31.897544013129373 ], [ 119.737146674262192, 31.901712883843349 ], [ 119.741652086046045, 31.90625 ], [ 119.737853325737888, 31.910075547960105 ], [ 119.737146674262192, 31.922546217176684 ], [ 119.741313340928855, 31.926742214626771 ], [ 119.741666666666703, 31.933333333333369 ], [ 119.741068183051254, 31.95325096978085 ], [ 119.734041680230064, 31.955054050021737 ], [ 119.732766045464444, 31.964710489908889 ], [ 119.729733954535632, 31.968622843424512 ], [ 119.728599378797782, 31.979913330078158 ], [ 119.732766045464444, 31.985289510091182 ], [ 119.733900621202295, 32.005103895399344 ], [ 119.725567287868955, 32.014456176757847 ], [ 119.724432712131119, 32.018877156575556 ], [ 119.708900621202289, 32.035289510091182 ], [ 119.707766045464439, 32.039710489908892 ], [ 119.704733954535627, 32.043622843424515 ], [ 119.703599378797776, 32.052210489908887 ], [ 119.700567287868964, 32.056122843424518 ], [ 119.7, 32.0625 ], [ 119.68507554796011, 32.062853325737883 ], [ 119.679524739583371, 32.068376498752208 ], [ 119.679166666666703, 32.070833333333368 ], [ 119.678291151258719, 32.079416910807325 ], [ 119.672968207465317, 32.075642734103766 ], [ 119.658333333333374, 32.075 ], [ 119.658333333333374, 32.079166666666701 ], [ 119.657672119140656, 32.086600409613752 ], [ 119.654166666666697, 32.0875 ], [ 119.654166666666697, 32.091666666666704 ], [ 119.653505452473993, 32.099100409613754 ], [ 119.65, 32.1 ], [ 119.649100409613752, 32.103505452473996 ], [ 119.641666666666708, 32.1041666666667 ], [ 119.639242214626776, 32.104519992404548 ], [ 119.625357733832502, 32.118378872341616 ], [ 119.624646674262181, 32.123257785373298 ], [ 119.621186659071213, 32.126742214626773 ], [ 119.620833333333366, 32.129166666666706 ], [ 119.617517428927982, 32.13001759847009 ], [ 119.616666666666703, 32.133333333333354 ], [ 119.614456176757841, 32.132766045464443 ], [ 119.602210489908884, 32.121400621202291 ], [ 119.572789510091184, 32.120266045464447 ], [ 119.568877156575553, 32.117233954535628 ], [ 119.563350762261322, 32.115815734863318 ], [ 119.56193271213111, 32.110289510091178 ], [ 119.558900621202298, 32.106377156575554 ], [ 119.557766045464447, 32.093622843424512 ], [ 119.552670966254368, 32.087513224283889 ], [ 119.548043823242224, 32.091099378797779 ], [ 119.543622843424515, 32.092233954535629 ], [ 119.535543823242222, 32.099432712131112 ], [ 119.531122843424512, 32.100567287868962 ], [ 119.523043823242219, 32.107766045464444 ], [ 119.518622843424509, 32.108900621202295 ], [ 119.514710489908893, 32.111932712131114 ], [ 119.501956176757844, 32.113067287868958 ], [ 119.496801079644129, 32.117062547471825 ], [ 119.49494594997833, 32.124291483561237 ], [ 119.485289510091178, 32.125567287868961 ], [ 119.481377156575562, 32.12859937879778 ], [ 119.476956176757852, 32.129733954535624 ], [ 119.473043823242222, 32.132766045464443 ], [ 119.453420003255246, 32.133900621202294 ], [ 119.448043823242216, 32.129733954535624 ], [ 119.44489610460073, 32.12859937879778 ], [ 119.435543823242227, 32.136932712131113 ], [ 119.433333333333366, 32.1375 ], [ 119.418711005316879, 32.136844550238749 ], [ 119.41462232801652, 32.133988783094651 ], [ 119.399754163954029, 32.132677883572086 ], [ 119.393788994683192, 32.136844550238749 ], [ 119.371700032552113, 32.138155449761321 ], [ 119.370177883572083, 32.118711005316875 ], [ 119.363155449761322, 32.11045566134986 ], [ 119.361741129557331, 32.096885681152379 ], [ 119.356211005316879, 32.095177883572084 ], [ 119.347955661349857, 32.088155449761317 ], [ 119.343711005316877, 32.086844550238752 ], [ 119.335420396592909, 32.079792107476166 ], [ 119.331288994683192, 32.082677883572082 ], [ 119.329166666666694, 32.083333333333371 ], [ 119.314456176757844, 32.083900621202289 ], [ 119.309470621744822, 32.087764655219218 ], [ 119.308333333333366, 32.083333333333371 ], [ 119.297789510091178, 32.083900621202289 ], [ 119.292634412977463, 32.087895880805156 ], [ 119.290529378255243, 32.09609798855255 ], [ 119.285416666666706, 32.092135450575121 ], [ 119.280134412977461, 32.096229214138489 ], [ 119.278599378797779, 32.102210489908892 ], [ 119.271400621202289, 32.110289510091178 ], [ 119.270266045464439, 32.114710489908887 ], [ 119.266270616319474, 32.119865587022602 ], [ 119.260289510091184, 32.121400621202291 ], [ 119.256377156575553, 32.12443271213111 ], [ 119.245833333333366, 32.125 ], [ 119.2375, 32.125 ], [ 119.236882527669309, 32.122839864095084 ], [ 119.232715861002632, 32.117135789659322 ], [ 119.233950805664094, 32.114506530761751 ], [ 119.238117472330757, 32.108802456325989 ], [ 119.236784193250898, 32.092472161187104 ], [ 119.225330946180591, 32.090805223253071 ], [ 119.221450805664091, 32.085493469238315 ], [ 119.220215861002629, 32.08117319742842 ], [ 119.216049194335966, 32.075469122992658 ], [ 119.217399766710102, 32.063481648763059 ], [ 119.222993638780409, 32.061882358127207 ], [ 119.231173027886314, 32.054784308539531 ], [ 119.238117472330757, 32.052798800998296 ], [ 119.236882527669309, 32.043673197428419 ], [ 119.233950805664094, 32.039660135904981 ], [ 119.232715861002632, 32.01867319742842 ], [ 119.228549194335969, 32.012969122992658 ], [ 119.229784138997431, 32.002006530761754 ], [ 119.232715861002632, 31.997993469238317 ], [ 119.233950805664094, 31.993673197428421 ], [ 119.238117472330757, 31.987969122992656 ], [ 119.236882527669309, 31.985339864095089 ], [ 119.233950805664094, 31.981326802571651 ], [ 119.233333333333363, 31.966666666666701 ], [ 119.234184095594657, 31.963350931803419 ], [ 119.2375, 31.9625 ], [ 119.244091118706635, 31.962146674262186 ], [ 119.247575547960096, 31.958686659071216 ], [ 119.252454969618086, 31.957975599500902 ], [ 119.262146674262183, 31.948257785373297 ], [ 119.2625, 31.945833333333368 ], [ 119.26306728786895, 31.939456176757847 ], [ 119.267233954535627, 31.934079996744828 ], [ 119.266099378797776, 31.931122843424514 ], [ 119.261932712131113, 31.925746663411491 ], [ 119.263506740993961, 31.921644253200988 ], [ 119.27012498643667, 31.919945949978334 ], [ 119.271400621202289, 31.910289510091179 ], [ 119.274432712131102, 31.906377156575555 ], [ 119.275567287868952, 31.897789510091179 ], [ 119.278599378797779, 31.893877156575556 ], [ 119.280134412977461, 31.887895880805154 ], [ 119.285289510091175, 31.88390062120229 ], [ 119.29081590440542, 31.88248240152998 ], [ 119.292233954535618, 31.876956176757847 ], [ 119.295266045464444, 31.87304382324222 ], [ 119.295833333333363, 31.85 ], [ 119.299149237738746, 31.849149068196649 ], [ 119.300850762261319, 31.842517598470085 ], [ 119.30637715657555, 31.841099378797775 ], [ 119.310289510091181, 31.838067287868956 ], [ 119.325, 31.8375 ], [ 119.324149237738752, 31.834184265136752 ], [ 119.317062717013926, 31.832365587022604 ], [ 119.313067287868961, 31.827210489908886 ], [ 119.31193271213111, 31.818622843424514 ], [ 119.307766045464447, 31.813246663411491 ], [ 119.308900621202284, 31.801956176757844 ], [ 119.316099378797773, 31.793877156575554 ], [ 119.316666666666706, 31.7916666666667 ], [ 119.316313340928858, 31.789242214626768 ], [ 119.312853325737876, 31.785757785373296 ], [ 119.3125, 31.783333333333367 ], [ 119.310075547960096, 31.782980007595519 ], [ 119.306591118706635, 31.779519992404548 ], [ 119.3, 31.779166666666701 ], [ 119.299646674262192, 31.743408881293437 ], [ 119.296186659071211, 31.739924452039965 ], [ 119.295833333333363, 31.725 ], [ 119.298257785373295, 31.724646674262186 ], [ 119.305908881293433, 31.717019992404545 ], [ 119.31495463053389, 31.716310967339442 ], [ 119.321186659071216, 31.71004774305559 ], [ 119.320480007595521, 31.68924221462677 ], [ 119.317019992404539, 31.685757785373298 ], [ 119.316666666666706, 31.683333333333366 ], [ 119.316311645507852, 31.676712883843347 ], [ 119.310757785373298, 31.671186659071214 ], [ 119.305908881293433, 31.670480007595518 ], [ 119.302082655164966, 31.666680569118956 ], [ 119.293750678168436, 31.674986097547777 ], [ 119.289924452039969, 31.671186659071214 ], [ 119.285042995876765, 31.670475260416698 ], [ 119.279519992404545, 31.664924452039962 ], [ 119.279166666666697, 31.658333333333367 ], [ 119.282446967230939, 31.657560729980499 ], [ 119.283862982855936, 31.653014967176681 ], [ 119.277493964301243, 31.64642079671227 ], [ 119.272751871744831, 31.645303853352896 ], [ 119.268914794921912, 31.642196146647166 ], [ 119.266666666666694, 31.641666666666698 ], [ 119.255908881293436, 31.641313340928853 ], [ 119.252424452039961, 31.637853325737879 ], [ 119.241666666666703, 31.6375 ], [ 119.24076707628042, 31.633994547526072 ], [ 119.233333333333363, 31.633333333333365 ], [ 119.232690429687537, 31.63119828965932 ], [ 119.225642903645863, 31.62296837700741 ], [ 119.224357096354197, 31.610364956325988 ], [ 119.2214762369792, 31.606301710340745 ], [ 119.220190429687534, 31.602031622992655 ], [ 119.21314290364586, 31.593801710340742 ], [ 119.211857096354194, 31.585364956325986 ], [ 119.208976236979197, 31.581301710340743 ], [ 119.207535468207496, 31.571847534179717 ], [ 119.200744967990488, 31.569803195529545 ], [ 119.199228583441865, 31.554938083224858 ], [ 119.183622572157148, 31.553346082899338 ], [ 119.179252454969657, 31.547182888454891 ], [ 119.193698459201414, 31.533976067437099 ], [ 119.195833333333368, 31.533333333333363 ], [ 119.195215861002637, 31.531173197428416 ], [ 119.192284138997422, 31.527160135904978 ], [ 119.190872531467051, 31.517460801866349 ], [ 119.179960801866358, 31.515872531467046 ], [ 119.178398301866352, 31.505138312445776 ], [ 119.172839694552977, 31.50354902479387 ], [ 119.168826972113749, 31.500617641872861 ], [ 119.160339694552988, 31.4993823581272 ], [ 119.156326972113746, 31.496450975206194 ], [ 119.146805148654551, 31.495065138075116 ], [ 119.145833333333371, 31.491666666666696 ], [ 119.149376424153672, 31.490757412380674 ], [ 119.15, 31.479166666666696 ], [ 119.15, 31.470833333333363 ], [ 119.149646674262186, 31.468408881293435 ], [ 119.142019992404542, 31.460757785373296 ], [ 119.141313340928846, 31.455908881293432 ], [ 119.137853325737879, 31.45242445203996 ], [ 119.137146674262183, 31.447575547960099 ], [ 119.133686659071216, 31.444091118706627 ], [ 119.132980007595521, 31.439242214626766 ], [ 119.125353325737876, 31.431591118706628 ], [ 119.12464430067277, 31.422545539008276 ], [ 119.119091118706635, 31.417019992404544 ], [ 119.116666666666703, 31.416666666666696 ], [ 119.115757581922779, 31.420209757487008 ], [ 119.093622843424512, 31.421400621202288 ], [ 119.089710489908882, 31.424432712131107 ], [ 119.083333333333371, 31.425 ], [ 119.079166666666694, 31.425 ], [ 119.078599378797776, 31.410289510091175 ], [ 119.074432712131113, 31.404913330078156 ], [ 119.07556728786895, 31.401956176757842 ], [ 119.079733954535627, 31.396579996744823 ], [ 119.078159925672779, 31.392477586534319 ], [ 119.071541680230069, 31.390779283311662 ], [ 119.070130411783879, 31.380095926920603 ], [ 119.060543823242213, 31.371400621202287 ], [ 119.05359937879777, 31.369618394639787 ], [ 119.054733954535621, 31.339456176757842 ], [ 119.057766045464433, 31.335543823242219 ], [ 119.058900621202284, 31.314456176757844 ], [ 119.066099378797773, 31.30637715657555 ], [ 119.067233954535624, 31.285289510091175 ], [ 119.070266045464436, 31.281377156575552 ], [ 119.070833333333368, 31.279166666666697 ], [ 119.083333333333371, 31.279166666666697 ], [ 119.085757785373289, 31.278813340928849 ], [ 119.093408881293428, 31.271186659071208 ], [ 119.106620279947947, 31.270478481716609 ], [ 119.112146674262178, 31.26492445203996 ], [ 119.112853325737873, 31.260075547960099 ], [ 119.124646674262181, 31.248257785373294 ], [ 119.125, 31.245833333333362 ], [ 119.131591118706623, 31.245480007595514 ], [ 119.135075547960099, 31.242019992404543 ], [ 119.144091118706626, 31.241313340928848 ], [ 119.147575547960102, 31.237853325737877 ], [ 119.154166666666697, 31.2375 ], [ 119.153599378797779, 31.231122843424508 ], [ 119.150461832682325, 31.227074517144125 ], [ 119.157766045464442, 31.218877156575548 ], [ 119.159184095594654, 31.213350931803415 ], [ 119.1625, 31.2125 ], [ 119.163637288411493, 31.21693132188588 ], [ 119.16875, 31.212968783908448 ], [ 119.174253336588578, 31.217233954535619 ], [ 119.18137715657555, 31.216099378797772 ], [ 119.185289510091181, 31.213067287868952 ], [ 119.202210489908879, 31.211932712131105 ], [ 119.207586669921909, 31.207766045464439 ], [ 119.218877156575559, 31.208900621202286 ], [ 119.222789510091175, 31.211932712131105 ], [ 119.227210489908884, 31.213067287868952 ], [ 119.235289510091178, 31.220266045464438 ], [ 119.24494594997833, 31.221541849772166 ], [ 119.246400621202284, 31.227210489908884 ], [ 119.24943271213111, 31.231122843424508 ], [ 119.250708346896729, 31.24077928331166 ], [ 119.257482571072075, 31.24251759847008 ], [ 119.259184095594648, 31.249149068196644 ], [ 119.264710489908893, 31.250567287868954 ], [ 119.268622843424509, 31.253599378797773 ], [ 119.273043823242219, 31.25473395453562 ], [ 119.282396104600721, 31.263067287868953 ], [ 119.293877156575547, 31.261932712131106 ], [ 119.297789510091178, 31.258900621202287 ], [ 119.310543823242227, 31.257766045464439 ], [ 119.318622843424507, 31.250567287868954 ], [ 119.329166666666694, 31.25 ], [ 119.331591118706626, 31.249646674262181 ], [ 119.339242214626765, 31.242019992404543 ], [ 119.3541666666667, 31.241666666666696 ], [ 119.355017428927979, 31.238350931803414 ], [ 119.358333333333363, 31.2375 ], [ 119.358333333333363, 31.233333333333363 ], [ 119.357980007595515, 31.226742214626764 ], [ 119.353813340928852, 31.222546217176678 ], [ 119.354519992404548, 31.210075547960098 ], [ 119.362486097547773, 31.202084011501764 ], [ 119.358686659071211, 31.198257785373293 ], [ 119.357980007595515, 31.189242214626766 ], [ 119.353813340928852, 31.185046217176676 ], [ 119.354519992404548, 31.18090888129343 ], [ 119.357980007595515, 31.177424452039958 ], [ 119.358333333333363, 31.175 ], [ 119.374086507161493, 31.17439253065324 ], [ 119.376214938693607, 31.166099378797771 ], [ 119.381377156575553, 31.167233954535618 ], [ 119.386753336588569, 31.171400621202284 ], [ 119.391260782877637, 31.169671291775202 ], [ 119.403706868489621, 31.156261528862874 ], [ 119.400567287868952, 31.152210489908882 ], [ 119.4, 31.141666666666694 ], [ 119.402424452039966, 31.141313340928846 ], [ 119.405908881293442, 31.137853325737876 ], [ 119.4125, 31.1375 ], [ 119.419091118706632, 31.137853325737876 ], [ 119.422916666666694, 31.141652086046037 ], [ 119.427453613281287, 31.13714667426218 ], [ 119.431591118706635, 31.137853325737876 ], [ 119.443408881293436, 31.149646674262179 ], [ 119.445833333333368, 31.15 ], [ 119.448257785373301, 31.150353325737875 ], [ 119.45380859375004, 31.155876329210098 ], [ 119.454166666666694, 31.15833333333336 ], [ 119.473257785373292, 31.157980007595516 ], [ 119.477083333333368, 31.154181247287354 ], [ 119.480908881293431, 31.157980007595516 ], [ 119.483333333333363, 31.15833333333336 ], [ 119.483691406250031, 31.160790167914524 ], [ 119.489952256944477, 31.167019992404541 ], [ 119.494091118706635, 31.166313340928848 ], [ 119.49757554796011, 31.162853325737874 ], [ 119.502424452039961, 31.162146674262182 ], [ 119.505908881293436, 31.158686659071208 ], [ 119.5125, 31.15833333333336 ], [ 119.516666666666694, 31.15833333333336 ], [ 119.517881605360273, 31.163067287868952 ], [ 119.531377156575559, 31.161932712131104 ], [ 119.535289510091175, 31.158900621202285 ], [ 119.539710489908884, 31.157766045464438 ], [ 119.556122843424518, 31.142233954535619 ], [ 119.561917114257852, 31.140747070312528 ], [ 119.57026604546445, 31.131377156575549 ], [ 119.571801079644132, 31.125396050347248 ], [ 119.577092149522599, 31.121295166015653 ], [ 119.585289510091187, 31.12859937879777 ], [ 119.589710489908896, 31.129733954535617 ], [ 119.593622843424512, 31.132766045464436 ], [ 119.629166666666706, 31.133333333333361 ], [ 119.629733954535624, 31.131122843424507 ], [ 119.646400621202289, 31.113511827256971 ], [ 119.645103624131977, 31.105064900716172 ], [ 119.639710489908893, 31.100567287868952 ], [ 119.630054050021741, 31.099291653103325 ], [ 119.628599378797773, 31.093622843424505 ], [ 119.625567287868961, 31.089710489908882 ], [ 119.62443271213111, 31.085289510091172 ], [ 119.621301947699692, 31.08125 ], [ 119.62443271213111, 31.077210489908882 ], [ 119.625, 31.0625 ], [ 119.62257554796011, 31.062146674262181 ], [ 119.619091118706635, 31.058686659071206 ], [ 119.614242214626771, 31.057980007595514 ], [ 119.610757785373295, 31.05451999240454 ], [ 119.601742214626768, 31.053813340928848 ], [ 119.596191406250028, 31.048290337456624 ], [ 119.595480007595526, 31.043408881293431 ], [ 119.585788302951428, 31.033691067165826 ], [ 119.580908881293439, 31.032980007595512 ], [ 119.577424452039963, 31.029519992404541 ], [ 119.572575547960099, 31.028813340928846 ], [ 119.567024739583374, 31.023290337456626 ], [ 119.566313340928858, 31.018408881293428 ], [ 119.562853325737876, 31.014924452039956 ], [ 119.562146674262181, 31.010075547960096 ], [ 119.554519992404551, 31.002424452039957 ], [ 119.553813340928855, 30.997575547960096 ], [ 119.550353325737888, 30.994091118706624 ], [ 119.549646674262192, 30.980908881293431 ], [ 119.546186659071211, 30.977424452039958 ], [ 119.545480007595515, 30.968408881293428 ], [ 119.542019992404548, 30.964924452039956 ], [ 119.5416666666667, 30.9625 ], [ 119.542019992404548, 30.939242214626763 ], [ 119.549986097547773, 30.931250678168428 ], [ 119.545847235785629, 30.927082655164956 ], [ 119.554519992404551, 30.918382432725721 ], [ 119.553813340928855, 30.914242214626761 ], [ 119.550353325737888, 30.910757785373292 ], [ 119.549646674262192, 30.905908881293428 ], [ 119.545480007595515, 30.901713053385443 ], [ 119.546186659071211, 30.897575547960095 ], [ 119.550353325737888, 30.89337972005211 ], [ 119.549646674262192, 30.889242214626762 ], [ 119.541313340928852, 30.88088243272572 ], [ 119.542019992404548, 30.86840888129343 ], [ 119.545480007595515, 30.864924452039958 ], [ 119.545833333333363, 30.8625 ], [ 119.543408881293431, 30.862146674262178 ], [ 119.537858072916706, 30.856623670789958 ], [ 119.537146674262189, 30.851742214626761 ], [ 119.533686659071208, 30.848257785373288 ], [ 119.532980007595526, 30.805908881293426 ], [ 119.529519992404545, 30.802424452039958 ], [ 119.529166666666697, 30.8 ], [ 119.526742214626765, 30.799646674262178 ], [ 119.523257785373303, 30.796186659071207 ], [ 119.520833333333371, 30.795833333333359 ], [ 119.518408881293439, 30.795480007595511 ], [ 119.514924452039963, 30.792019992404541 ], [ 119.510075547960099, 30.791313340928845 ], [ 119.506591118706638, 30.787853325737871 ], [ 119.504166666666706, 30.7875 ], [ 119.496732923719648, 30.786838785807316 ], [ 119.495833333333366, 30.78333333333336 ], [ 119.4875, 30.78333333333336 ], [ 119.4875, 30.77916666666669 ], [ 119.479938083224866, 30.778395250108531 ], [ 119.47852376302086, 30.764531792534747 ], [ 119.475642903645863, 30.760468207465301 ], [ 119.474357096354197, 30.757699584960964 ], [ 119.482734849717914, 30.74791666666669 ], [ 119.475642903645863, 30.739634874131969 ], [ 119.474357096354197, 30.737178209092907 ], [ 119.47852376302086, 30.731301540798636 ], [ 119.47980957031254, 30.727031792534746 ], [ 119.482727050781278, 30.722916666666691 ], [ 119.47980957031254, 30.718801540798637 ], [ 119.47852376302086, 30.71036512586808 ], [ 119.475642903645863, 30.706301540798634 ], [ 119.475, 30.7 ], [ 119.475, 30.695833333333358 ], [ 119.472575547960105, 30.69548000759551 ], [ 119.469091118706629, 30.692019992404539 ], [ 119.4625, 30.691666666666691 ], [ 119.455066257052991, 30.692327880859398 ], [ 119.45325758192277, 30.69937642415367 ], [ 119.431122843424518, 30.70056728786895 ], [ 119.423043823242224, 30.707766045464435 ], [ 119.415920003255238, 30.708900621202282 ], [ 119.410543823242222, 30.704733954535616 ], [ 119.406122843424512, 30.703599378797769 ], [ 119.398043823242219, 30.69640062120228 ], [ 119.393622843424509, 30.695266045464436 ], [ 119.389710489908893, 30.692233954535613 ], [ 119.384184095594648, 30.690815904405405 ], [ 119.382482571072075, 30.684184095594642 ], [ 119.376956176757844, 30.682766045464433 ], [ 119.373043823242227, 30.679733954535614 ], [ 119.364456176757841, 30.678599378797767 ], [ 119.360543823242224, 30.675567287868947 ], [ 119.356122843424515, 30.6744327121311 ], [ 119.352210489908884, 30.671400621202281 ], [ 119.35, 30.670833333333356 ], [ 119.35, 30.658333333333356 ], [ 119.343585205078156, 30.658862982855926 ], [ 119.338499281141523, 30.662982177734399 ], [ 119.334105767144123, 30.661613633897595 ], [ 119.332803683810795, 30.656085205078149 ], [ 119.325529649522608, 30.648081461588564 ], [ 119.324470350477469, 30.64358520507815 ], [ 119.321362982855931, 30.639748128255231 ], [ 119.320303683810792, 30.635251871744817 ], [ 119.307208591037352, 30.62141215006513 ], [ 119.289418538411496, 30.620303683810789 ], [ 119.281414794921901, 30.613029649522595 ], [ 119.269892713758708, 30.611970350477453 ], [ 119.264748128255235, 30.616137017144119 ], [ 119.2625, 30.616666666666688 ], [ 119.262146674262183, 30.61424221462676 ], [ 119.258686659071216, 30.610757785373288 ], [ 119.257980007595521, 30.601742214626761 ], [ 119.254519992404539, 30.598257785373288 ], [ 119.254166666666706, 30.595833333333356 ], [ 119.257624986436667, 30.594945949978321 ], [ 119.258900621202287, 30.585289510091169 ], [ 119.262449815538233, 30.580709838867211 ], [ 119.248043823242213, 30.567233954535613 ], [ 119.242517428927982, 30.565815904405405 ], [ 119.240815904405409, 30.559184095594642 ], [ 119.233994547526066, 30.557433742947072 ], [ 119.233333333333363, 30.55 ], [ 119.233950805664094, 30.547839694552973 ], [ 119.236882527669309, 30.543826972113738 ], [ 119.238235134548646, 30.529969278971379 ], [ 119.249669053819474, 30.528305053710959 ], [ 119.253549194335974, 30.522993638780406 ], [ 119.255093044704893, 30.517593044704885 ], [ 119.261573621961844, 30.515740288628496 ], [ 119.2625, 30.5125 ], [ 119.266666666666694, 30.5125 ], [ 119.268826972113743, 30.513117472330752 ], [ 119.272839694552985, 30.51604919433596 ], [ 119.285493638780409, 30.517284138997418 ], [ 119.289506361219651, 30.520215861002626 ], [ 119.293826972113749, 30.521450805664085 ], [ 119.302006361219654, 30.528549194335959 ], [ 119.306326972113752, 30.529784138997417 ], [ 119.310339694552979, 30.532715861002629 ], [ 119.318826972113754, 30.533950805664084 ], [ 119.324051581488746, 30.53776753743492 ], [ 119.325617472330762, 30.527006361219641 ], [ 119.328549194335977, 30.522993638780406 ], [ 119.329784138997425, 30.518673027886308 ], [ 119.33271586100264, 30.514660305447073 ], [ 119.333333333333371, 30.495833333333355 ], [ 119.332675849066874, 30.467505221896722 ], [ 119.327147420247428, 30.463130357530403 ], [ 119.320878092447956, 30.461290486653667 ], [ 119.316036309136322, 30.454563056098113 ], [ 119.31736246744795, 30.434351942274329 ], [ 119.324681599934934, 30.43220418294273 ], [ 119.341036309136314, 30.41464742024742 ], [ 119.34229702419708, 30.410352579752626 ], [ 119.345249430338569, 30.40625 ], [ 119.341036309136314, 30.400396389431446 ], [ 119.342443508572075, 30.388254123263913 ], [ 119.35, 30.3875 ], [ 119.349112616645002, 30.384041680230055 ], [ 119.339456176757849, 30.382766045464432 ], [ 119.335543823242219, 30.379733954535613 ], [ 119.331122843424509, 30.378599378797766 ], [ 119.323043823242216, 30.37140062120228 ], [ 119.306122843424518, 30.370266045464433 ], [ 119.302210489908887, 30.367233954535614 ], [ 119.296229383680583, 30.365698920355925 ], [ 119.292233954535618, 30.36054382324221 ], [ 119.290698920355936, 30.354562717013909 ], [ 119.285543823242222, 30.350567287868945 ], [ 119.281122843424512, 30.349432712131097 ], [ 119.277210489908882, 30.346400621202278 ], [ 119.264456176757847, 30.345266045464431 ], [ 119.260543823242216, 30.342233954535612 ], [ 119.258333333333368, 30.34166666666669 ], [ 119.245833333333366, 30.34166666666669 ], [ 119.241666666666703, 30.34166666666669 ], [ 119.241313340928855, 30.339242214626758 ], [ 119.237146674262192, 30.335046386718773 ], [ 119.237853325737873, 30.330908881293425 ], [ 119.242019992404551, 30.32671305338544 ], [ 119.241313340928855, 30.314242214626759 ], [ 119.237853325737873, 30.310757785373283 ], [ 119.237146674262192, 30.305908881293423 ], [ 119.229519992404548, 30.298257785373284 ], [ 119.2291666666667, 30.295833333333356 ], [ 119.221732923719657, 30.296494547526063 ], [ 119.22083333333336, 30.3 ], [ 119.210289510091172, 30.299432712131097 ], [ 119.206377156575556, 30.296400621202277 ], [ 119.200850762261311, 30.294982571072069 ], [ 119.2, 30.291666666666689 ], [ 119.176956176757841, 30.292233954535611 ], [ 119.173043823242224, 30.29526604546443 ], [ 119.160289510091175, 30.296400621202277 ], [ 119.156377156575559, 30.299432712131097 ], [ 119.151956176757849, 30.300567287868944 ], [ 119.148043823242219, 30.303599378797763 ], [ 119.143622843424509, 30.30473395453561 ], [ 119.139583333333363, 30.307864718967036 ], [ 119.135543823242216, 30.30473395453561 ], [ 119.125887383355064, 30.303458319769987 ], [ 119.125, 30.3 ], [ 119.108081732855936, 30.300773451063389 ], [ 119.111850314670164, 30.30625 ], [ 119.108491685655409, 30.311130777994812 ], [ 119.102056884765659, 30.313167995876757 ], [ 119.097943115234401, 30.315998670789952 ], [ 119.093723551432319, 30.317334662543423 ], [ 119.085443115234412, 30.324332004123285 ], [ 119.083333333333371, 30.325 ], [ 119.082482571072077, 30.321684095594641 ], [ 119.076956176757847, 30.320266045464432 ], [ 119.059345160590311, 30.303599378797763 ], [ 119.051956176757841, 30.30473395453561 ], [ 119.048043823242224, 30.30776604546443 ], [ 119.045833333333363, 30.308333333333355 ], [ 119.043673027886314, 30.308950805664082 ], [ 119.039660305447086, 30.31188252766929 ], [ 119.014506361219645, 30.313117472330752 ], [ 119.010493638780417, 30.31604919433596 ], [ 119.004935031467042, 30.317638481987871 ], [ 119.003364054362009, 30.328431532118078 ], [ 118.989506361219654, 30.329784138997418 ], [ 118.984194946289094, 30.333664279513911 ], [ 118.982526312934056, 30.345127699110265 ], [ 118.964506361219648, 30.346450805664084 ], [ 118.960493638780406, 30.349382527669292 ], [ 118.956173027886308, 30.35061747233075 ], [ 118.950735473632847, 30.354966566297765 ], [ 118.95, 30.3625 ], [ 118.947575547960099, 30.362146674262174 ], [ 118.937854682074686, 30.352452256944467 ], [ 118.9375, 30.345833333333356 ], [ 118.933333333333366, 30.345833333333356 ], [ 118.93244594997833, 30.342375013563391 ], [ 118.922789510091178, 30.341099378797765 ], [ 118.914710489908884, 30.333900621202279 ], [ 118.904166666666697, 30.333333333333353 ], [ 118.903808932834224, 30.3308783637153 ], [ 118.894091118706626, 30.321186659071202 ], [ 118.889242214626762, 30.320480007595506 ], [ 118.885757785373286, 30.317019992404536 ], [ 118.875, 30.316666666666688 ], [ 118.875567287868947, 30.314456176757833 ], [ 118.879733954535624, 30.309079996744813 ], [ 118.87852206759986, 30.29257066514759 ], [ 118.875, 30.291666666666689 ], [ 118.875567287868947, 30.276956176757835 ], [ 118.883900621202287, 30.267603895399326 ], [ 118.882766045464436, 30.251956176757833 ], [ 118.875567287868947, 30.243877156575543 ], [ 118.874149237738749, 30.238350762261305 ], [ 118.867249552408879, 30.236580403645853 ], [ 118.858900621202281, 30.227210489908874 ], [ 118.857766045464444, 30.222789510091168 ], [ 118.854733954535618, 30.218877156575541 ], [ 118.853198920355936, 30.212896050347243 ], [ 118.848043823242222, 30.208900621202279 ], [ 118.843622843424512, 30.207766045464432 ], [ 118.835543823242219, 30.200567287868942 ], [ 118.831122843424509, 30.199432712131099 ], [ 118.823043823242216, 30.19223395453561 ], [ 118.8125, 30.191666666666688 ], [ 118.809007093641526, 30.190770128038213 ], [ 118.807766045464433, 30.17842000325523 ], [ 118.81193271213111, 30.173043823242207 ], [ 118.8125, 30.170833333333352 ], [ 118.812146674262181, 30.168408881293438 ], [ 118.808686659071213, 30.164924452039966 ], [ 118.808333333333366, 30.1625 ], [ 118.806122843424504, 30.161932712131112 ], [ 118.79804382324221, 30.154733954535626 ], [ 118.790920003255238, 30.153599378797779 ], [ 118.785543823242222, 30.157766045464445 ], [ 118.781122843424512, 30.158900621202292 ], [ 118.773043823242219, 30.166099378797778 ], [ 118.768622843424509, 30.167233954535625 ], [ 118.764710489908879, 30.170266045464444 ], [ 118.756122843424507, 30.171400621202292 ], [ 118.752210489908876, 30.174432712131114 ], [ 118.747789510091167, 30.175567287868958 ], [ 118.742634412977452, 30.179562547471825 ], [ 118.74109937879777, 30.185543823242224 ], [ 118.736004299587705, 30.191653442382847 ], [ 118.731377156575547, 30.188067287868961 ], [ 118.724062771267384, 30.186932712131114 ], [ 118.714583333333366, 30.19537929958771 ], [ 118.706377156575542, 30.188067287868961 ], [ 118.690920003255229, 30.186932712131114 ], [ 118.685543823242213, 30.19109937879778 ], [ 118.680381605360267, 30.192233954535627 ], [ 118.678315734863304, 30.184184265136754 ], [ 118.675, 30.183333333333355 ], [ 118.674149068196641, 30.186649237738735 ], [ 118.668622843424501, 30.188067287868943 ], [ 118.664710489908884, 30.191099378797762 ], [ 118.659184265136744, 30.192517428927971 ], [ 118.657433742947077, 30.199338785807313 ], [ 118.642566257052977, 30.200661214192728 ], [ 118.641099378797776, 30.206377156575542 ], [ 118.63806728786895, 30.210289510091165 ], [ 118.636932712131099, 30.214710489908875 ], [ 118.629733954535624, 30.222789510091168 ], [ 118.629166666666691, 30.229166666666686 ], [ 118.622789510091167, 30.229733954535611 ], [ 118.61887715657555, 30.23276604546443 ], [ 118.611753336588563, 30.233900621202277 ], [ 118.606377156575547, 30.229733954535611 ], [ 118.600661214192741, 30.228267076280403 ], [ 118.599432712131104, 30.214456176757832 ], [ 118.591083780924507, 30.205086263020853 ], [ 118.585289510091172, 30.203599378797762 ], [ 118.580134412977458, 30.199603949652797 ], [ 118.57831573486331, 30.192517428927971 ], [ 118.57278951009117, 30.191099378797762 ], [ 118.568877156575553, 30.188067287868943 ], [ 118.566666666666691, 30.1875 ], [ 118.567290242513053, 30.175909084743942 ], [ 118.570833333333354, 30.175 ], [ 118.570480007595506, 30.168408881293423 ], [ 118.567019992404539, 30.164924452039951 ], [ 118.566311815049943, 30.151713053385436 ], [ 118.560757785373283, 30.146186659071201 ], [ 118.554166666666688, 30.145833333333353 ], [ 118.535289510091175, 30.146400621202275 ], [ 118.531377156575545, 30.149432712131095 ], [ 118.526956176757835, 30.150567287868945 ], [ 118.523043823242219, 30.153599378797765 ], [ 118.518622843424509, 30.154733954535612 ], [ 118.514710489908879, 30.157766045464431 ], [ 118.51028951009117, 30.158900621202278 ], [ 118.506377156575553, 30.161932712131097 ], [ 118.497789510091167, 30.163067287868945 ], [ 118.488202921549501, 30.171762424045159 ], [ 118.48679148356122, 30.18244594997832 ], [ 118.481122843424501, 30.183900621202277 ], [ 118.477210489908884, 30.186932712131096 ], [ 118.472789510091175, 30.188067287868943 ], [ 118.468877156575545, 30.191099378797762 ], [ 118.466666666666697, 30.191666666666688 ], [ 118.464242214626765, 30.19131334092884 ], [ 118.456591118706626, 30.183686659071199 ], [ 118.444120449490043, 30.182980007595507 ], [ 118.439924452039961, 30.187146674262173 ], [ 118.433333333333366, 30.1875 ], [ 118.431122843424504, 30.186932712131096 ], [ 118.418877156575547, 30.175567287868944 ], [ 118.413161214192741, 30.174100409613736 ], [ 118.411932712131104, 30.160289510091165 ], [ 118.403583780924507, 30.150919596354186 ], [ 118.397789510091172, 30.149432712131095 ], [ 118.392634412977458, 30.14543728298613 ], [ 118.391099378797762, 30.139456176757832 ], [ 118.38806728786895, 30.135543823242209 ], [ 118.386932712131099, 30.126956176757833 ], [ 118.383900621202287, 30.123043823242206 ], [ 118.383333333333354, 30.120833333333369 ], [ 118.368408881293433, 30.121186659071217 ], [ 118.364583333333357, 30.124985419379374 ], [ 118.360757785373295, 30.121186659071217 ], [ 118.35, 30.120833333333351 ], [ 118.346684265136744, 30.119982401529985 ], [ 118.345266045464427, 30.114456176757848 ], [ 118.341270785861568, 30.109301079644133 ], [ 118.3375, 30.108333333333352 ], [ 118.336649068196635, 30.105017598470088 ], [ 118.331122843424509, 30.103599378797778 ], [ 118.327210489908879, 30.100567287868959 ], [ 118.318622843424507, 30.099432712131112 ], [ 118.314710489908876, 30.096400621202292 ], [ 118.30918426513675, 30.094982401529982 ], [ 118.307429843478758, 30.088145785861581 ], [ 118.293877156575547, 30.07556728786896 ], [ 118.291666666666686, 30.075 ], [ 118.289456176757838, 30.07556728786896 ], [ 118.285543823242207, 30.078599378797779 ], [ 118.268622843424509, 30.079733954535627 ], [ 118.264710489908879, 30.082766045464446 ], [ 118.245086669921903, 30.083900621202293 ], [ 118.238467746310789, 30.078770785861579 ], [ 118.236594306098112, 30.07147098117408 ], [ 118.217572360568596, 30.070195685492656 ], [ 118.215779283311662, 30.063208516438838 ], [ 118.206122843424509, 30.06193271213111 ], [ 118.202210489908879, 30.058900621202291 ], [ 118.195833333333354, 30.058333333333369 ], [ 118.184142896864174, 30.059021335177988 ], [ 118.18271569146053, 30.06882680257165 ], [ 118.171450975206184, 30.08117319742842 ], [ 118.169906955295161, 30.08657362196184 ], [ 118.163426378038224, 30.088426378038228 ], [ 118.161882358127187, 30.093826802571652 ], [ 118.149639723036046, 30.10724504258901 ], [ 118.142593044704881, 30.109259711371564 ], [ 118.141666666666694, 30.1125 ], [ 118.13528951009117, 30.111932712131111 ], [ 118.131377156575539, 30.108900621202292 ], [ 118.125850931803413, 30.107482401529985 ], [ 118.124149068196644, 30.100850931803421 ], [ 118.118622843424504, 30.099432712131112 ], [ 118.114710489908873, 30.096400621202292 ], [ 118.110289510091164, 30.095266045464445 ], [ 118.10221048990887, 30.088067287868959 ], [ 118.092554050021718, 30.086791483561232 ], [ 118.091666666666683, 30.083333333333368 ], [ 118.083333333333357, 30.083333333333368 ], [ 118.079166666666694, 30.083333333333368 ], [ 118.076742214626762, 30.083686659071216 ], [ 118.073257785373286, 30.08714667426219 ], [ 118.05, 30.0875 ], [ 118.049432712131093, 30.085289510091179 ], [ 118.042233954535618, 30.077210489908889 ], [ 118.040767076280403, 30.071494547526076 ], [ 118.03333333333336, 30.070833333333368 ], [ 118.032417636447505, 30.074401516384583 ], [ 118.0125, 30.075 ], [ 118.012145148383269, 30.068381245931025 ], [ 118.002424452039946, 30.058686659071217 ], [ 117.997575547960096, 30.057980007595521 ], [ 117.994091118706621, 30.054519992404551 ], [ 117.985075547960093, 30.053813340928855 ], [ 117.976715596516954, 30.045480007595522 ], [ 117.972575547960091, 30.046186659071214 ], [ 117.968379550510008, 30.050353325737884 ], [ 117.960075547960088, 30.049646674262188 ], [ 117.956591118706612, 30.046186659071214 ], [ 117.945833333333354, 30.04583333333337 ], [ 117.941666666666706, 30.045833333333352 ], [ 117.941666666666706, 30.041666666666686 ], [ 117.941313340928843, 30.039242214626771 ], [ 117.929519992404536, 30.027424452039966 ], [ 117.929166666666703, 30.025 ], [ 117.926742214626771, 30.024646674262186 ], [ 117.923257785373295, 30.021186659071216 ], [ 117.918408881293445, 30.02048000759552 ], [ 117.912858072916706, 30.014956834581199 ], [ 117.912146674262189, 30.010075547960106 ], [ 117.904519992404545, 30.002424452039964 ], [ 117.903813340928863, 29.997575547960103 ], [ 117.89793260362417, 29.991665310329896 ], [ 117.89409111870664, 29.995480007595521 ], [ 117.879166666666706, 29.995833333333351 ], [ 117.878267076280423, 29.99232788085941 ], [ 117.870833333333366, 29.991666666666685 ], [ 117.870177544487888, 29.9842931111654 ], [ 117.864710489908887, 29.979733954535625 ], [ 117.855054050021735, 29.978458150227901 ], [ 117.852951727973121, 29.970266045464445 ], [ 117.847789510091189, 29.971400621202292 ], [ 117.843877156575559, 29.974432712131112 ], [ 117.841666666666697, 29.975 ], [ 117.839242214626779, 29.974646674262189 ], [ 117.83159111870664, 29.967019992404548 ], [ 117.829166666666708, 29.966666666666701 ], [ 117.829733954535627, 29.964456176757846 ], [ 117.836932712131116, 29.956377156575556 ], [ 117.838204277886319, 29.946752760145433 ], [ 117.843622843424512, 29.942233954535624 ], [ 117.853247070312534, 29.940962388780417 ], [ 117.858900621202295, 29.934183417426251 ], [ 117.857766045464444, 29.931122843424514 ], [ 117.854733954535632, 29.927210489908887 ], [ 117.853599378797782, 29.914456176757845 ], [ 117.849432712131119, 29.909079996744826 ], [ 117.850623236762189, 29.888487074110277 ], [ 117.856122843424515, 29.88390062120229 ], [ 117.861649237738746, 29.88248240152998 ], [ 117.8625, 29.879166666666702 ], [ 117.9125, 29.879166666666702 ], [ 117.9166666666667, 29.879166666666702 ], [ 117.920172119140645, 29.878267076280416 ], [ 117.920833333333348, 29.870833333333366 ], [ 117.920833333333348, 29.866666666666699 ], [ 117.920833333333348, 29.8625 ], [ 117.920833333333377, 29.858333333333366 ], [ 117.925567287868944, 29.857118394639791 ], [ 117.924370151095943, 29.838481479220953 ], [ 117.918877156575547, 29.833900621202289 ], [ 117.914456176757838, 29.832766045464442 ], [ 117.906377156575545, 29.825567287868957 ], [ 117.901956176757835, 29.824432712131109 ], [ 117.898043823242205, 29.82140062120229 ], [ 117.895833333333371, 29.820833333333368 ], [ 117.868622843424518, 29.820266045464443 ], [ 117.864710489908887, 29.817233954535624 ], [ 117.835289510091187, 29.816099378797777 ], [ 117.831377156575556, 29.813067287868957 ], [ 117.825623575846393, 29.81159074571401 ], [ 117.825, 29.8 ], [ 117.818408881293436, 29.800353325737881 ], [ 117.814924452039961, 29.803813340928851 ], [ 117.810786946614627, 29.804519992404547 ], [ 117.806591118706635, 29.800353325737881 ], [ 117.797575547960108, 29.799646674262185 ], [ 117.794091118706632, 29.796186659071214 ], [ 117.776742214626779, 29.795480007595518 ], [ 117.773257785373303, 29.792019992404548 ], [ 117.770833333333371, 29.7916666666667 ], [ 117.771186659071219, 29.768408881293436 ], [ 117.775353325737882, 29.764212883843349 ], [ 117.774646674262186, 29.75174221462677 ], [ 117.771186659071219, 29.748257785373298 ], [ 117.770480007595523, 29.743408881293437 ], [ 117.766681247287366, 29.739583333333364 ], [ 117.770480007595523, 29.735757785373295 ], [ 117.770833333333371, 29.733333333333366 ], [ 117.764456176757847, 29.732766045464441 ], [ 117.76054382324223, 29.729733954535622 ], [ 117.747789510091181, 29.728599378797774 ], [ 117.742299397786496, 29.724020894368522 ], [ 117.741028849283893, 29.705072360568607 ], [ 117.735289510091178, 29.703599378797776 ], [ 117.731377156575562, 29.700567287868957 ], [ 117.722789510091175, 29.699432712131109 ], [ 117.718877156575559, 29.69640062120229 ], [ 117.710289510091187, 29.695266045464443 ], [ 117.705134412977472, 29.691270785861576 ], [ 117.703315904405414, 29.68418426513675 ], [ 117.697789510091184, 29.68276604546444 ], [ 117.692634412977469, 29.678770785861577 ], [ 117.691099378797773, 29.672789510091178 ], [ 117.687103949652808, 29.667634412977463 ], [ 117.681122843424518, 29.666099378797774 ], [ 117.673043823242224, 29.658900621202289 ], [ 117.6666666666667, 29.658333333333367 ], [ 117.664242214626768, 29.657980007595519 ], [ 117.660757785373306, 29.654519992404545 ], [ 117.658333333333374, 29.654166666666697 ], [ 117.657980007595526, 29.651742214626768 ], [ 117.654519992404545, 29.648257785373296 ], [ 117.653813340928849, 29.639242214626769 ], [ 117.646186659071219, 29.631591118706631 ], [ 117.645480007595523, 29.626742214626766 ], [ 117.642019992404556, 29.623257785373298 ], [ 117.641666666666708, 29.620833333333366 ], [ 117.643801540798648, 29.620190599229634 ], [ 117.652031792534757, 29.613142734103764 ], [ 117.658356730143268, 29.611238437228764 ], [ 117.661857096354197, 29.606301710340745 ], [ 117.663335842556464, 29.596598137749599 ], [ 117.679809570312528, 29.594917805989613 ], [ 117.678523763020863, 29.577031622992653 ], [ 117.6743570963542, 29.571155124240484 ], [ 117.675642903645866, 29.56869828965932 ], [ 117.68269042968754, 29.56046837700741 ], [ 117.684595065646732, 29.5541431003147 ], [ 117.689531792534751, 29.550642734103764 ], [ 117.695833333333368, 29.55 ], [ 117.731591118706632, 29.550353325737877 ], [ 117.735075547960108, 29.553813340928851 ], [ 117.739924452039972, 29.554519992404543 ], [ 117.74757554796011, 29.562146674262184 ], [ 117.758333333333368, 29.5625 ], [ 117.759184095594648, 29.55918426513675 ], [ 117.7625, 29.558333333333366 ], [ 117.763350762261325, 29.561649068196644 ], [ 117.766666666666708, 29.5625 ], [ 117.781591118706629, 29.56285332573788 ], [ 117.789242214626768, 29.570480007595517 ], [ 117.794091118706632, 29.571186659071213 ], [ 117.797575547960108, 29.574646674262183 ], [ 117.802424452039972, 29.575353325737879 ], [ 117.80625, 29.579152086046037 ], [ 117.81007554796011, 29.575353325737879 ], [ 117.819091118706638, 29.574646674262183 ], [ 117.826742214626776, 29.567019992404546 ], [ 117.83159111870664, 29.566313340928851 ], [ 117.839242214626779, 29.558686659071213 ], [ 117.844091118706629, 29.557980007595518 ], [ 117.847575547960105, 29.554519992404543 ], [ 117.870833333333366, 29.554166666666699 ], [ 117.871720716688401, 29.550708516438831 ], [ 117.881377156575553, 29.549432712131107 ], [ 117.886753336588583, 29.545266045464441 ], [ 117.889710489908893, 29.546400621202288 ], [ 117.897789510091187, 29.553599378797774 ], [ 117.902210489908896, 29.554733954535621 ], [ 117.906122843424512, 29.55776604546444 ], [ 117.914710489908884, 29.558900621202287 ], [ 117.920086669921915, 29.563067287868954 ], [ 117.931377156575564, 29.561932712131107 ], [ 117.935289510091181, 29.558900621202287 ], [ 117.941666666666691, 29.558333333333366 ], [ 117.944123501247844, 29.558691406250031 ], [ 117.949646674262169, 29.564242214626766 ], [ 117.950358072916686, 29.569123501247862 ], [ 117.956249660915816, 29.574985758463573 ], [ 117.960787116156709, 29.570480007595517 ], [ 117.981591118706618, 29.571186659071213 ], [ 117.985075547960093, 29.574646674262183 ], [ 117.9875, 29.575 ], [ 117.994091118706621, 29.575353325737879 ], [ 117.997575547960096, 29.57881334092885 ], [ 118.0, 29.579166666666698 ], [ 118.019091118706626, 29.57881334092885 ], [ 118.022575547960088, 29.575353325737879 ], [ 118.027424452039952, 29.574646674262183 ], [ 118.030908881293428, 29.571186659071213 ], [ 118.03333333333336, 29.570833333333365 ], [ 118.033900621202278, 29.56862284342451 ], [ 118.036932712131104, 29.564710489908887 ], [ 118.038067287868941, 29.560289510091177 ], [ 118.049432712131093, 29.548043823242217 ], [ 118.05085093180341, 29.542517598470084 ], [ 118.054166666666688, 29.5416666666667 ], [ 118.070833333333354, 29.5416666666667 ], [ 118.077210489908879, 29.541099378797774 ], [ 118.082586669921895, 29.536932712131108 ], [ 118.089710489908882, 29.538067287868955 ], [ 118.094337632921025, 29.541653442382845 ], [ 118.099432712131104, 29.535543823242218 ], [ 118.100567287868941, 29.531122843424509 ], [ 118.103599378797767, 29.527210489908885 ], [ 118.10501759847007, 29.521684265136749 ], [ 118.11054382324221, 29.520266045464439 ], [ 118.114456176757841, 29.517233954535619 ], [ 118.11887715657555, 29.516099378797776 ], [ 118.122789510091167, 29.513067287868953 ], [ 118.128770785861562, 29.511532253689268 ], [ 118.132766045464436, 29.506377156575553 ], [ 118.133900621202287, 29.501956176757844 ], [ 118.13806728786895, 29.496579996744821 ], [ 118.136932712131099, 29.493622843424511 ], [ 118.125567287868947, 29.481377156575551 ], [ 118.125, 29.479166666666696 ], [ 118.121735636393254, 29.478397793240049 ], [ 118.120303853352894, 29.473982577853764 ], [ 118.125946214463994, 29.467425198025204 ], [ 118.129166666666691, 29.466666666666697 ], [ 118.131591118706623, 29.467019992404545 ], [ 118.135075547960099, 29.470480007595516 ], [ 118.156591118706615, 29.471186659071211 ], [ 118.160075547960091, 29.474646674262182 ], [ 118.185757785373283, 29.475353325737878 ], [ 118.189242214626759, 29.478813340928852 ], [ 118.194091118706623, 29.479519992404544 ], [ 118.201742214626762, 29.487146674262185 ], [ 118.204166666666694, 29.4875 ], [ 118.205017598470079, 29.484184265136751 ], [ 118.208333333333357, 29.483333333333363 ], [ 118.208900621202275, 29.476956176757842 ], [ 118.211932712131102, 29.473043823242218 ], [ 118.213067287868952, 29.460289510091176 ], [ 118.216099378797765, 29.456377156575552 ], [ 118.217375183105489, 29.446720716688397 ], [ 118.225567287868941, 29.444618394639786 ], [ 118.224349297417561, 29.430130852593347 ], [ 118.218877156575545, 29.425567287868954 ], [ 118.213350931803404, 29.424149068196645 ], [ 118.211932712131102, 29.418622843424508 ], [ 118.208900621202275, 29.414710489908884 ], [ 118.207429843478764, 29.40897911919491 ], [ 118.193877156575539, 29.396400621202286 ], [ 118.1875, 29.395833333333364 ], [ 118.188350931803413, 29.392517598470082 ], [ 118.195437452528239, 29.390698920355934 ], [ 118.199432712131099, 29.385543823242216 ], [ 118.200850931803416, 29.380017598470083 ], [ 118.204166666666694, 29.379166666666698 ], [ 118.203813340928846, 29.376742214626766 ], [ 118.199646674262169, 29.37254621717668 ], [ 118.200353325737865, 29.368408881293433 ], [ 118.203813340928846, 29.364924452039961 ], [ 118.204519992404542, 29.360075547960101 ], [ 118.2083187527127, 29.35625 ], [ 118.204519992404542, 29.352424452039962 ], [ 118.204166666666694, 29.35 ], [ 118.203240288628493, 29.346759711371558 ], [ 118.197839864095073, 29.345215691460531 ], [ 118.189660135904973, 29.338117641872859 ], [ 118.179960801866343, 29.336705864800376 ], [ 118.178305223253062, 29.325331115722687 ], [ 118.172993469238307, 29.321450975206194 ], [ 118.168673197428404, 29.320215691460533 ], [ 118.164660135904967, 29.317284308539527 ], [ 118.154701741536485, 29.315834893120687 ], [ 118.146450975206193, 29.306326802571643 ], [ 118.145833333333357, 29.304166666666696 ], [ 118.145480007595509, 29.301742214626763 ], [ 118.142019992404542, 29.298257785373295 ], [ 118.141666666666694, 29.291666666666696 ], [ 118.142566257052977, 29.288161214192737 ], [ 118.156377156575545, 29.286932712131104 ], [ 118.160289510091175, 29.283900621202285 ], [ 118.178187561035173, 29.28270060221357 ], [ 118.182766045464433, 29.277210489908882 ], [ 118.183900621202284, 29.268622843424509 ], [ 118.186932712131096, 29.264710489908882 ], [ 118.188067287868947, 29.260289510091177 ], [ 118.20056728786895, 29.246821424696208 ], [ 118.199432712131099, 29.243622843424507 ], [ 118.19223395453561, 29.235543823242217 ], [ 118.191099378797773, 29.222789510091175 ], [ 118.186932712131096, 29.217413330078152 ], [ 118.188067287868947, 29.214456176757842 ], [ 118.191099378797773, 29.210543823242215 ], [ 118.19223395453561, 29.193622843424507 ], [ 118.195266045464436, 29.189710489908883 ], [ 118.195833333333354, 29.1875 ], [ 118.19498240152997, 29.184184265136746 ], [ 118.18945617675783, 29.182766045464437 ], [ 118.185543823242213, 29.179733954535617 ], [ 118.179875183105494, 29.17827928331166 ], [ 118.17859937879777, 29.168622843424508 ], [ 118.171400621202281, 29.160543823242215 ], [ 118.169982401529978, 29.15501742892798 ], [ 118.163082885742213, 29.153247070312528 ], [ 118.154733954535615, 29.143877156575549 ], [ 118.153198920355919, 29.137896050347251 ], [ 118.148043823242205, 29.133900621202287 ], [ 118.118622843424504, 29.132766045464436 ], [ 118.114710489908873, 29.129733954535617 ], [ 118.108333333333363, 29.129166666666695 ], [ 118.108686659071196, 29.126742214626763 ], [ 118.112146674262178, 29.123257785373291 ], [ 118.112853325737873, 29.11840888129343 ], [ 118.121186659071199, 29.110049099392388 ], [ 118.120480007595503, 29.101742214626764 ], [ 118.112853325737873, 29.094091118706626 ], [ 118.1125, 29.091666666666693 ], [ 118.1125, 29.0875 ], [ 118.111506991916258, 29.084116278754369 ], [ 118.100549485948378, 29.082484266493083 ], [ 118.088130187988298, 29.068814086914088 ], [ 118.086484273274763, 29.063205634223117 ], [ 118.067428758409307, 29.061775377061657 ], [ 118.066036478678413, 29.048115030924507 ], [ 118.07285241021053, 29.042297024197076 ], [ 118.078221299913224, 29.040721299913223 ], [ 118.079796854654973, 29.035352579752633 ], [ 118.082703145345079, 29.03131408691409 ], [ 118.083963521321635, 29.014519246419297 ], [ 118.091036478678404, 29.006314086914088 ], [ 118.092296854654975, 29.002019246419298 ], [ 118.095203145345081, 28.997980753580755 ], [ 118.09583333333336, 28.995833333333358 ], [ 118.094982401529975, 28.992517428927979 ], [ 118.088161214192738, 28.990767076280409 ], [ 118.0875, 28.983333333333359 ], [ 118.0875, 28.979166666666693 ], [ 118.090815734863298, 28.978315904405409 ], [ 118.092233954535615, 28.972789510091172 ], [ 118.095266045464427, 28.968877156575548 ], [ 118.09583333333336, 28.9625 ], [ 118.0912553575304, 28.961325073242215 ], [ 118.094618394639781, 28.957766045464435 ], [ 118.09583333333336, 28.9625 ], [ 118.098257785373292, 28.962853325737875 ], [ 118.101742214626753, 28.966313340928846 ], [ 118.114924452039958, 28.967019992404541 ], [ 118.118408881293419, 28.970480007595512 ], [ 118.131591118706623, 28.971186659071208 ], [ 118.135787116156706, 28.975353325737874 ], [ 118.139924452039949, 28.974646674262178 ], [ 118.143408881293425, 28.971186659071208 ], [ 118.145833333333357, 28.97083333333336 ], [ 118.146400621202275, 28.968622843424505 ], [ 118.149432712131102, 28.964710489908882 ], [ 118.150567287868952, 28.960289510091172 ], [ 118.153599378797765, 28.956377156575549 ], [ 118.154733954535615, 28.95195617675784 ], [ 118.157766045464427, 28.948043823242212 ], [ 118.158900621202278, 28.93945617675784 ], [ 118.161932712131104, 28.935543823242213 ], [ 118.163204277886308, 28.925919596354191 ], [ 118.168622843424501, 28.921400621202284 ], [ 118.17304382324221, 28.920266045464437 ], [ 118.176956176757841, 28.917233954535618 ], [ 118.18137715657555, 28.916099378797767 ], [ 118.185289510091167, 28.913067287868948 ], [ 118.190815734863307, 28.911649237738743 ], [ 118.191666666666691, 28.90833333333336 ], [ 118.206591118706626, 28.908686659071208 ], [ 118.210075547960088, 28.912146674262178 ], [ 118.214924452039952, 28.912853325737874 ], [ 118.218408881293428, 28.916313340928845 ], [ 118.227424452039955, 28.917019992404541 ], [ 118.230908881293431, 28.920480007595511 ], [ 118.235757785373295, 28.921186659071207 ], [ 118.239242214626756, 28.924646674262178 ], [ 118.248257785373283, 28.925353325737873 ], [ 118.25208333333336, 28.929152086046034 ], [ 118.255908881293422, 28.925353325737873 ], [ 118.270833333333357, 28.925 ], [ 118.273257785373289, 28.924646674262178 ], [ 118.276742214626765, 28.921186659071207 ], [ 118.289214409722248, 28.920480007595511 ], [ 118.295475260416694, 28.926709662543431 ], [ 118.295833333333363, 28.929166666666692 ], [ 118.307424079047337, 28.928543090820337 ], [ 118.308333333333351, 28.925 ], [ 118.308900621202284, 28.910289510091172 ], [ 118.311932712131096, 28.906377156575548 ], [ 118.313067287868947, 28.901956176757839 ], [ 118.316099378797773, 28.898043823242212 ], [ 118.317554050021727, 28.892375013563395 ], [ 118.328279283311659, 28.890958319769993 ], [ 118.329733954535612, 28.885289510091173 ], [ 118.333900621202275, 28.87991333007815 ], [ 118.332766045464439, 28.87278951009117 ], [ 118.328599378797762, 28.867413330078151 ], [ 118.329733954535612, 28.851956176757838 ], [ 118.332766045464439, 28.848043823242215 ], [ 118.334037611219642, 28.838419596354193 ], [ 118.339456176757835, 28.833900621202282 ], [ 118.348043823242207, 28.832766045464435 ], [ 118.351956176757838, 28.829733954535616 ], [ 118.357937452528233, 28.828198920355927 ], [ 118.361932712131107, 28.823043823242212 ], [ 118.3625, 28.816666666666691 ], [ 118.369091118706621, 28.817019992404539 ], [ 118.372575547960096, 28.820480007595513 ], [ 118.377424452039961, 28.821186659071206 ], [ 118.380908881293422, 28.824646674262176 ], [ 118.383333333333354, 28.825 ], [ 118.38657362196183, 28.82407362196183 ], [ 118.388426378038218, 28.817593044704886 ], [ 118.393826802571638, 28.816049194335964 ], [ 118.397839864095076, 28.813117472330756 ], [ 118.402160135904978, 28.811882527669297 ], [ 118.410339864095079, 28.80478413899742 ], [ 118.418826802571644, 28.803549194335965 ], [ 118.422839864095081, 28.800617472330753 ], [ 118.42716013590497, 28.799382527669295 ], [ 118.431173197428407, 28.796450805664087 ], [ 118.43549346923831, 28.795215861002628 ], [ 118.44367319742841, 28.788117472330754 ], [ 118.457530721028675, 28.786764865451413 ], [ 118.459135945638053, 28.775735134548636 ], [ 118.472993469238304, 28.774382527669296 ], [ 118.477006530761741, 28.771450805664088 ], [ 118.483219401041694, 28.769674682617211 ], [ 118.48688235812719, 28.764660305447073 ], [ 118.4875, 28.758333333333358 ], [ 118.486932712131107, 28.751956176757837 ], [ 118.483900621202281, 28.748043823242213 ], [ 118.482482401529978, 28.742517428927975 ], [ 118.479166666666686, 28.741666666666692 ], [ 118.478813340928852, 28.730908881293427 ], [ 118.475353325737871, 28.727424452039955 ], [ 118.474646674262175, 28.722575547960094 ], [ 118.462853325737868, 28.710757785373289 ], [ 118.462146674262172, 28.705908881293428 ], [ 118.453813340928846, 28.697549099392386 ], [ 118.454519992404542, 28.685075547960093 ], [ 118.457980007595509, 28.681591118706621 ], [ 118.458333333333357, 28.670833333333356 ], [ 118.457980007595509, 28.651742214626761 ], [ 118.454519992404542, 28.648257785373289 ], [ 118.453813340928846, 28.639242214626762 ], [ 118.450013732910179, 28.635415988498288 ], [ 118.462486267089872, 28.622917344835095 ], [ 118.457980007595509, 28.618379720052108 ], [ 118.458686659071205, 28.61424221462676 ], [ 118.462853325737868, 28.610046386718775 ], [ 118.462146674262172, 28.593408881293428 ], [ 118.442019992404539, 28.573257785373286 ], [ 118.441666666666691, 28.570833333333358 ], [ 118.439456176757844, 28.570266045464432 ], [ 118.425735134548631, 28.557430691189261 ], [ 118.424432712131107, 28.549253336588563 ], [ 118.42859937879777, 28.543877156575544 ], [ 118.430017598470073, 28.53835076226131 ], [ 118.435543823242213, 28.536932712131101 ], [ 118.441721767849415, 28.531780666775198 ], [ 118.425567287868944, 28.514710489908879 ], [ 118.424149068196641, 28.509184095594641 ], [ 118.418622843424501, 28.507766045464432 ], [ 118.413204277886308, 28.503247070312522 ], [ 118.411791483561217, 28.492554050021724 ], [ 118.404790242513045, 28.490757581922765 ], [ 118.403599378797765, 28.468622843424502 ], [ 118.396400621202275, 28.460543823242212 ], [ 118.395266045464439, 28.456122843424502 ], [ 118.392233954535612, 28.452210489908875 ], [ 118.391666666666694, 28.45 ], [ 118.392322625054277, 28.442626614040822 ], [ 118.397789510091172, 28.438067287868947 ], [ 118.407413906521299, 28.436795722113736 ], [ 118.411932712131104, 28.431377156575543 ], [ 118.413067287868955, 28.410289510091168 ], [ 118.416099378797767, 28.406377156575545 ], [ 118.41757998996313, 28.400607638888911 ], [ 118.433333333333366, 28.4 ], [ 118.43418426513675, 28.39668409559464 ], [ 118.439710489908876, 28.395266045464432 ], [ 118.443622843424507, 28.392233954535612 ], [ 118.449604119194902, 28.390698920355923 ], [ 118.453599378797776, 28.385543823242209 ], [ 118.454733954535612, 28.372789510091167 ], [ 118.457766045464439, 28.368877156575543 ], [ 118.458900621202289, 28.364456176757834 ], [ 118.461932712131102, 28.36054382324221 ], [ 118.463067287868952, 28.356122843424501 ], [ 118.466099378797765, 28.352210489908877 ], [ 118.467517598470081, 28.34668409559464 ], [ 118.47083333333336, 28.345833333333356 ], [ 118.473288472493522, 28.34547559950089 ], [ 118.482980007595515, 28.335757785373286 ], [ 118.483333333333363, 28.333333333333353 ], [ 118.498257785373283, 28.332980007595509 ], [ 118.50245378282338, 28.328813340928839 ], [ 118.510757785373286, 28.329519992404535 ], [ 118.514242214626762, 28.332980007595509 ], [ 118.529166666666697, 28.333333333333353 ], [ 118.529774136013486, 28.31758015950523 ], [ 118.536854214138486, 28.315763007269986 ], [ 118.549432712131107, 28.302210489908877 ], [ 118.55, 28.3 ], [ 118.55213504367407, 28.299357096354189 ], [ 118.560364956325984, 28.292309570312522 ], [ 118.564635043674073, 28.291023763020853 ], [ 118.570511542426246, 28.286857096354186 ], [ 118.572968377007399, 28.288142903645856 ], [ 118.577088250054274, 28.291063774956619 ], [ 118.585364956325975, 28.283976236979189 ], [ 118.590963066948817, 28.282290649414083 ], [ 118.59238654242624, 28.259109836154536 ], [ 118.6, 28.258333333333354 ], [ 118.599646674262175, 28.247575547960089 ], [ 118.595480007595512, 28.243379720052104 ], [ 118.596186659071208, 28.239242214626756 ], [ 118.599646674262175, 28.235757785373284 ], [ 118.6, 28.225 ], [ 118.597789510091175, 28.224432712131097 ], [ 118.592634412977461, 28.220437282986133 ], [ 118.590815734863313, 28.213350762261307 ], [ 118.585289510091172, 28.211932712131098 ], [ 118.573043823242216, 28.200567287868942 ], [ 118.568622843424507, 28.199432712131099 ], [ 118.555070156521296, 28.186854383680576 ], [ 118.55359937879777, 28.1811228434245 ], [ 118.544933573404975, 28.171568806966167 ], [ 118.536753336588575, 28.17026604546443 ], [ 118.531377156575545, 28.174432712131097 ], [ 118.526214938693599, 28.175567287868944 ], [ 118.524432712131102, 28.168622843424501 ], [ 118.521400621202289, 28.164710489908874 ], [ 118.520266045464439, 28.160289510091165 ], [ 118.508900621202287, 28.148043823242208 ], [ 118.50748240152997, 28.14251742892797 ], [ 118.501956176757844, 28.141099378797762 ], [ 118.498043823242213, 28.138067287868942 ], [ 118.495833333333366, 28.1375 ], [ 118.495833333333366, 28.125 ], [ 118.489242214626756, 28.124646674262173 ], [ 118.481591118706618, 28.117019992404533 ], [ 118.476742214626768, 28.116313340928841 ], [ 118.469091118706629, 28.1086866590712 ], [ 118.464953782823372, 28.107980007595508 ], [ 118.460757785373289, 28.112146674262171 ], [ 118.448287116156706, 28.112853325737866 ], [ 118.444091118706623, 28.1086866590712 ], [ 118.4375, 28.108333333333352 ], [ 118.435075547960096, 28.107980007595508 ], [ 118.429524739583357, 28.102457004123284 ], [ 118.428813340928841, 28.097575547960091 ], [ 118.423290167914516, 28.092024739583351 ], [ 118.420833333333363, 28.091666666666686 ], [ 118.421400621202281, 28.089456176757832 ], [ 118.424432712131107, 28.085543823242208 ], [ 118.42585093180341, 28.08001742892797 ], [ 118.433597988552549, 28.078029378255227 ], [ 118.429733954535621, 28.073043823242209 ], [ 118.428315734863304, 28.067517428927971 ], [ 118.421684265136747, 28.065815904405401 ], [ 118.420833333333363, 28.0625 ], [ 118.419982401529978, 28.059184265136754 ], [ 118.412895880805152, 28.057365587022606 ], [ 118.408900621202278, 28.052210489908891 ], [ 118.407766045464442, 28.047789510091182 ], [ 118.404733954535615, 28.043877156575554 ], [ 118.404166666666697, 28.041666666666703 ], [ 118.393673197428413, 28.041049024793871 ], [ 118.385493469238313, 28.033950975206199 ], [ 118.364506530761744, 28.032715691460538 ], [ 118.360493469238307, 28.029784308539533 ], [ 118.356173197428404, 28.028549024793872 ], [ 118.352160135904967, 28.025617641872866 ], [ 118.347839864095079, 28.024382358127205 ], [ 118.342825486924937, 28.020719401041703 ], [ 118.340740288628496, 28.013426378038229 ], [ 118.335339864095076, 28.011882358127206 ], [ 118.331326802571638, 28.008950975206197 ], [ 118.324530877007405, 28.00771569146054 ], [ 118.318826802571635, 28.011882358127206 ], [ 118.309068467881971, 28.013302612304724 ], [ 118.307616170247414, 28.028180440266961 ], [ 118.302006530761744, 28.029784308539533 ], [ 118.297993469238307, 28.032715691460538 ], [ 118.289506530761741, 28.033950975206199 ], [ 118.277160135904978, 28.045215691460537 ], [ 118.272839864095076, 28.046450975206199 ], [ 118.267825486924934, 28.050113932291701 ], [ 118.265695020887605, 28.057565138075123 ], [ 118.25617319742841, 28.058950975206198 ], [ 118.252160135904973, 28.061882358127207 ], [ 118.25, 28.0625 ], [ 118.25, 28.066666666666702 ], [ 118.249646674262181, 28.073257785373301 ], [ 118.244123501247856, 28.078808593750036 ], [ 118.241666666666688, 28.079166666666701 ], [ 118.240815734863304, 28.082482401529983 ], [ 118.2375, 28.083333333333353 ], [ 118.236844041612443, 28.075959777832068 ], [ 118.231377156575547, 28.071400621202294 ], [ 118.226956176757838, 28.070266045464447 ], [ 118.218877156575545, 28.063067287868957 ], [ 118.210289510091172, 28.06193271213111 ], [ 118.206377156575542, 28.058900621202291 ], [ 118.201956176757832, 28.057766045464444 ], [ 118.196579996744816, 28.053599378797777 ], [ 118.176956176757841, 28.054733954535624 ], [ 118.17304382324221, 28.057766045464444 ], [ 118.164456176757838, 28.058900621202291 ], [ 118.160543823242207, 28.06193271213111 ], [ 118.155017598470081, 28.06335093180342 ], [ 118.154166666666697, 28.066666666666684 ], [ 118.151993984646296, 28.066061570909323 ], [ 118.143757290310347, 28.058866712782155 ], [ 118.139672682020418, 28.061894904242656 ], [ 118.132469007704017, 28.063105095757415 ], [ 118.117395867241783, 28.049165683322517 ], [ 118.116061570909309, 28.036712476942309 ], [ 118.125470818413646, 28.025941128200991 ], [ 118.124199930826848, 28.017340426974862 ], [ 118.101993984646285, 28.016061570909322 ], [ 118.093839348687084, 28.008938429090747 ], [ 118.0875, 28.008333333333354 ], [ 118.087146674262172, 27.985075547960104 ], [ 118.083686659071205, 27.981591118706632 ], [ 118.083333333333357, 27.970833333333367 ], [ 118.075, 27.970833333333353 ], [ 118.067438083224843, 27.971604749891512 ], [ 118.066666666666691, 27.979166666666686 ], [ 118.064242214626759, 27.979519992404533 ], [ 118.060757785373283, 27.982980007595504 ], [ 118.039242214626753, 27.9836866590712 ], [ 118.031591118706615, 27.991313340928837 ], [ 118.019120449490046, 27.992019992404533 ], [ 118.014924452039949, 27.987853325737866 ], [ 118.004166666666706, 27.9875 ], [ 117.997575547960096, 27.987853325737866 ], [ 117.994091118706621, 27.991313340928837 ], [ 117.991666666666703, 27.991666666666703 ], [ 117.991313340928855, 27.989242214626771 ], [ 117.983686659071225, 27.981591118706632 ], [ 117.982975260416708, 27.97670983208554 ], [ 117.977424452039969, 27.971186659071215 ], [ 117.972575547960105, 27.970480007595519 ], [ 117.969091118706629, 27.967019992404548 ], [ 117.964242214626779, 27.966313340928853 ], [ 117.960415988498298, 27.962513732910189 ], [ 117.947549777560795, 27.975353325737881 ], [ 117.93507554796011, 27.974646674262189 ], [ 117.931591118706635, 27.971186659071215 ], [ 117.926742214626771, 27.970480007595519 ], [ 117.923257785373295, 27.967019992404548 ], [ 117.91837836371532, 27.966308932834234 ], [ 117.908686659071222, 27.956591118706633 ], [ 117.908333333333374, 27.954166666666701 ], [ 117.897789510091187, 27.953599378797776 ], [ 117.89375, 27.950468783908455 ], [ 117.889710489908893, 27.953599378797776 ], [ 117.886753336588583, 27.954733954535627 ], [ 117.881377156575553, 27.950567287868957 ], [ 117.876956176757844, 27.949432712131109 ], [ 117.873043823242227, 27.94640062120229 ], [ 117.868622843424518, 27.945266045464443 ], [ 117.864710489908887, 27.942233954535624 ], [ 117.861562771267401, 27.941099378797777 ], [ 117.851163058810798, 27.950365871853332 ], [ 117.849432712131119, 27.943622843424514 ], [ 117.845437282986154, 27.938467746310799 ], [ 117.838208346896735, 27.936612616645 ], [ 117.836932712131116, 27.926956176757848 ], [ 117.824097357855933, 27.913235134548646 ], [ 117.815920003255243, 27.911932712131112 ], [ 117.810543823242227, 27.916099378797778 ], [ 117.808333333333366, 27.916666666666686 ], [ 117.806122843424518, 27.916099378797778 ], [ 117.796752929687543, 27.90775044759118 ], [ 117.795266045464444, 27.901956176757846 ], [ 117.783900621202292, 27.889710489908889 ], [ 117.782766045464442, 27.876956176757847 ], [ 117.779733954535629, 27.87304382324222 ], [ 117.778599378797779, 27.863714938693612 ], [ 117.783333333333374, 27.8625 ], [ 117.782980007595526, 27.855908881293438 ], [ 117.779519992404545, 27.852424452039966 ], [ 117.779166666666697, 27.85 ], [ 117.775850762261314, 27.849149068196649 ], [ 117.774149237738754, 27.842517598470085 ], [ 117.768622843424509, 27.841099378797775 ], [ 117.764710489908893, 27.838067287868956 ], [ 117.755054050021741, 27.836791483561232 ], [ 117.753599378797773, 27.831122843424513 ], [ 117.750567287868961, 27.827210489908886 ], [ 117.75, 27.825 ], [ 117.74964565700958, 27.814215087890659 ], [ 117.739924452039972, 27.804519992404547 ], [ 117.7291666666667, 27.804166666666699 ], [ 117.726742214626768, 27.804519992404547 ], [ 117.70869106716583, 27.82254587809248 ], [ 117.707980007595523, 27.827424452039963 ], [ 117.702457004123303, 27.832975260416699 ], [ 117.7, 27.83333333333335 ], [ 117.693408881293436, 27.83298000759552 ], [ 117.689924452039961, 27.829519992404549 ], [ 117.6875, 27.829166666666683 ], [ 117.680908881293433, 27.828813340928853 ], [ 117.677424452039972, 27.825353325737879 ], [ 117.675, 27.825 ], [ 117.674100409613757, 27.828505452473991 ], [ 117.6666666666667, 27.829166666666701 ], [ 117.666099378797782, 27.835543823242222 ], [ 117.663067287868955, 27.839456176757846 ], [ 117.661649237738757, 27.844982401529982 ], [ 117.656122843424512, 27.846400621202292 ], [ 117.643877156575556, 27.857766045464444 ], [ 117.631122843424521, 27.858900621202292 ], [ 117.623043823242227, 27.866099378797777 ], [ 117.601956176757852, 27.867233954535624 ], [ 117.595846557617222, 27.872329033745693 ], [ 117.599432712131104, 27.876956176757847 ], [ 117.600567287868955, 27.888437228732673 ], [ 117.592233954535629, 27.897789510091179 ], [ 117.591099378797779, 27.902210489908889 ], [ 117.579733954535627, 27.914456176757845 ], [ 117.578599378797776, 27.931377156575554 ], [ 117.574040052625904, 27.936844041612446 ], [ 117.560289510091181, 27.938067287868957 ], [ 117.555134412977466, 27.942062547471821 ], [ 117.55359937879777, 27.948043823242223 ], [ 117.550468614366352, 27.952083333333366 ], [ 117.55359937879777, 27.956122843424513 ], [ 117.554166666666703, 27.970833333333367 ], [ 117.553029378255246, 27.97526465521922 ], [ 117.548043823242224, 27.971400621202292 ], [ 117.545086669921915, 27.970266045464445 ], [ 117.539710489908884, 27.974432712131112 ], [ 117.531122843424512, 27.975567287868959 ], [ 117.523043823242219, 27.982766045464444 ], [ 117.515920003255246, 27.983900621202292 ], [ 117.509301079644132, 27.978770785861581 ], [ 117.50776604546445, 27.972789510091182 ], [ 117.504733954535624, 27.968877156575555 ], [ 117.503599378797773, 27.960289510091179 ], [ 117.491021050347257, 27.946736823187969 ], [ 117.485289510091178, 27.945266045464443 ], [ 117.481377156575562, 27.942233954535624 ], [ 117.475661214192741, 27.940767076280416 ], [ 117.475, 27.933333333333369 ], [ 117.464456176757849, 27.933900621202291 ], [ 117.459301079644135, 27.937895880805158 ], [ 117.457196044921915, 27.946097988552552 ], [ 117.452210489908893, 27.942233954535624 ], [ 117.447789510091184, 27.941099378797777 ], [ 117.443877156575553, 27.938067287868957 ], [ 117.441666666666706, 27.9375 ], [ 117.441099378797773, 27.931122843424514 ], [ 117.438067287868961, 27.927210489908887 ], [ 117.436649237738749, 27.921684265136754 ], [ 117.429862806532157, 27.919942728678421 ], [ 117.408900621202292, 27.898043823242222 ], [ 117.40833333333336, 27.895833333333368 ], [ 117.393408881293439, 27.89548000759552 ], [ 117.385757785373301, 27.887853325737883 ], [ 117.373286946614613, 27.887146674262187 ], [ 117.369091118706635, 27.891313340928853 ], [ 117.366666666666703, 27.891666666666701 ], [ 117.365815904405409, 27.888350931803419 ], [ 117.359184095594657, 27.886649068196647 ], [ 117.357766045464444, 27.881122843424514 ], [ 117.346400621202292, 27.868877156575554 ], [ 117.345266045464442, 27.864456176757848 ], [ 117.329625447591184, 27.847929382324253 ], [ 117.333292982313395, 27.84319712320967 ], [ 117.321792941623301, 27.832766045464442 ], [ 117.310289510091181, 27.833900621202289 ], [ 117.30637715657555, 27.836932712131109 ], [ 117.301956176757841, 27.838067287868956 ], [ 117.298043823242224, 27.841099378797775 ], [ 117.295833333333363, 27.841666666666701 ], [ 117.295480007595515, 27.822575547960103 ], [ 117.292019992404548, 27.819091118706631 ], [ 117.2916666666667, 27.804166666666699 ], [ 117.292019992404548, 27.797575547960104 ], [ 117.295480007595515, 27.794091118706632 ], [ 117.296186659071211, 27.789242214626768 ], [ 117.300353325737873, 27.785046217176681 ], [ 117.299646674262192, 27.780908881293435 ], [ 117.296186659071211, 27.777424452039963 ], [ 117.295833333333363, 27.770833333333368 ], [ 117.271620686848991, 27.770169406467048 ], [ 117.270202975802988, 27.757937113444044 ], [ 117.275029161241349, 27.751231214735277 ], [ 117.268685913085974, 27.74936981201175 ], [ 117.259192911783884, 27.741186523437534 ], [ 117.257369316948811, 27.728945075141091 ], [ 117.25208333333336, 27.732749430338576 ], [ 117.247980753580762, 27.729796854654982 ], [ 117.242612033420173, 27.728221299913226 ], [ 117.240795898437526, 27.722032504611576 ], [ 117.23710361056861, 27.720203145345085 ], [ 117.231314086914097, 27.724369812011751 ], [ 117.216666666666697, 27.725 ], [ 117.215779283311662, 27.721541849772169 ], [ 117.20508626302086, 27.720129055447082 ], [ 117.20056728786895, 27.714710489908885 ], [ 117.2, 27.708333333333364 ], [ 117.200353325737879, 27.68924221462677 ], [ 117.203813340928846, 27.685757785373298 ], [ 117.204166666666694, 27.670833333333366 ], [ 117.203315904405414, 27.667517598470084 ], [ 117.2, 27.6666666666667 ], [ 117.196684095594648, 27.665815734863315 ], [ 117.195833333333368, 27.6625 ], [ 117.195833333333368, 27.654166666666697 ], [ 117.193408881293436, 27.653813340928853 ], [ 117.183687337239618, 27.644117906358538 ], [ 117.183333333333366, 27.629166666666698 ], [ 117.182980007595518, 27.6225755479601 ], [ 117.171186659071211, 27.610757785373295 ], [ 117.170833333333363, 27.6041666666667 ], [ 117.168408881293431, 27.604519992404544 ], [ 117.164924452039969, 27.607980007595518 ], [ 117.144118923611146, 27.608686659071211 ], [ 117.1378580729167, 27.602456834581194 ], [ 117.1375, 27.6 ], [ 117.125, 27.6 ], [ 117.125, 27.595833333333363 ], [ 117.124357096354203, 27.577031622992653 ], [ 117.121476236979191, 27.57296837700741 ], [ 117.120190429687526, 27.56869828965932 ], [ 117.117309570312528, 27.564635043674077 ], [ 117.116023763020863, 27.560364956325987 ], [ 117.1118570963542, 27.554488457573814 ], [ 117.113142903645866, 27.552031622992654 ], [ 117.116023763020863, 27.547968377007411 ], [ 117.117309570312528, 27.531198289659319 ], [ 117.129809570312531, 27.517380608452722 ], [ 117.128523763020866, 27.514531622992653 ], [ 117.108976236979203, 27.493801710340744 ], [ 117.107690429687537, 27.489531622992651 ], [ 117.10352376302086, 27.483655124240482 ], [ 117.104809570312526, 27.468698289659319 ], [ 117.107690429687537, 27.464635043674075 ], [ 117.109169175889789, 27.454931471082929 ], [ 117.124280124240485, 27.453389994303414 ], [ 117.125, 27.441666666666698 ], [ 117.12443271213111, 27.439456176757844 ], [ 117.121295166015656, 27.435407850477461 ], [ 117.129733954535624, 27.425937228732668 ], [ 117.128599378797773, 27.418622843424508 ], [ 117.125567287868961, 27.414710489908884 ], [ 117.12443271213111, 27.410289510091175 ], [ 117.121400621202284, 27.406377156575552 ], [ 117.120124986436664, 27.396720716688399 ], [ 117.114456176757841, 27.395266045464439 ], [ 117.106377156575547, 27.388067287868953 ], [ 117.101956176757838, 27.386932712131106 ], [ 117.098043823242222, 27.383900621202287 ], [ 117.09583333333336, 27.383333333333361 ], [ 117.096186659071208, 27.376742214626766 ], [ 117.100353325737885, 27.37254621717668 ], [ 117.099646674262189, 27.351742214626768 ], [ 117.096186659071208, 27.348257785373292 ], [ 117.09583333333336, 27.341666666666697 ], [ 117.099149237738743, 27.340815734863313 ], [ 117.100967746310801, 27.333729214138483 ], [ 117.10625, 27.329635450575118 ], [ 117.111753336588578, 27.333900621202286 ], [ 117.11887715657555, 27.332766045464439 ], [ 117.122789510091181, 27.329733954535619 ], [ 117.1375, 27.329166666666694 ], [ 117.138192070855069, 27.304927910698815 ], [ 117.157273017035621, 27.303434244791696 ], [ 117.158988783094657, 27.297877671983535 ], [ 117.16184455023874, 27.29378899468319 ], [ 117.1625, 27.291666666666696 ], [ 117.162145996093784, 27.276713731553848 ], [ 117.156591118706629, 27.271186659071208 ], [ 117.154166666666697, 27.270833333333364 ], [ 117.153813340928849, 27.247575547960096 ], [ 117.150353325737882, 27.244091118706628 ], [ 117.15, 27.241666666666696 ], [ 117.143698459201417, 27.241023932562964 ], [ 117.122968207465306, 27.221476067437095 ], [ 117.118698459201426, 27.220190599229628 ], [ 117.11463487413198, 27.217309400770429 ], [ 117.106198459201423, 27.216023932562962 ], [ 117.102134874131977, 27.213142734103762 ], [ 117.092680867513053, 27.211702134874159 ], [ 117.091023763020871, 27.206198289659316 ], [ 117.083976236979197, 27.197968377007406 ], [ 117.082561916775205, 27.184104749891521 ], [ 117.068698459201414, 27.18269059922963 ], [ 117.060468207465306, 27.175642734103761 ], [ 117.058333333333366, 27.175 ], [ 117.057482571072086, 27.171684265136747 ], [ 117.050850762261319, 27.169982401529975 ], [ 117.049149237738746, 27.163350931803414 ], [ 117.042517428927979, 27.161649068196642 ], [ 117.041099378797767, 27.156122843424509 ], [ 117.036932712131104, 27.150746663411486 ], [ 117.038238864474863, 27.142546251085097 ], [ 117.0416666666667, 27.141666666666694 ], [ 117.0416666666667, 27.133333333333361 ], [ 117.042517428927979, 27.130017428927978 ], [ 117.045833333333363, 27.129166666666695 ], [ 117.046489122178855, 27.121793280707493 ], [ 117.051956176757841, 27.117233954535617 ], [ 117.057482571072086, 27.115815904405409 ], [ 117.058333333333366, 27.1125 ], [ 117.055908881293433, 27.112146674262181 ], [ 117.050358072916694, 27.106623670789958 ], [ 117.05, 27.104166666666693 ], [ 117.047575547960093, 27.103813340928848 ], [ 117.035757785373292, 27.092019992404541 ], [ 117.026742214626765, 27.091313340928846 ], [ 117.023257785373289, 27.087853325737875 ], [ 117.010786946614616, 27.087146674262179 ], [ 117.006591118706623, 27.091313340928846 ], [ 117.002453613281276, 27.092019992404541 ], [ 116.998257785373298, 27.087853325737875 ], [ 116.991666666666703, 27.0875 ], [ 116.99109937879777, 27.085289510091172 ], [ 116.988067287868958, 27.081377156575549 ], [ 116.986791653103325, 27.071720716688397 ], [ 116.983333333333363, 27.070833333333361 ], [ 116.981122843424515, 27.070266045464436 ], [ 116.977210489908884, 27.067233954535617 ], [ 116.972789510091175, 27.06609937879777 ], [ 116.968877156575545, 27.06306728786895 ], [ 116.964456176757835, 27.061932712131103 ], [ 116.959301079644121, 27.057937282986138 ], [ 116.957766045464439, 27.051956176757841 ], [ 116.95056728786895, 27.043877156575547 ], [ 116.949432712131113, 27.039456176757838 ], [ 116.945437282986134, 27.034301079644123 ], [ 116.938208346896729, 27.032445949978325 ], [ 116.93693271213111, 27.022789510091172 ], [ 116.933900621202284, 27.018877156575549 ], [ 116.933333333333366, 27.016666666666694 ], [ 116.920833333333363, 27.016666666666694 ], [ 116.920266045464444, 27.023043823242215 ], [ 116.917233954535618, 27.026956176757839 ], [ 116.915787082248301, 27.032594468858534 ], [ 116.907586669921898, 27.033900621202285 ], [ 116.902210489908882, 27.029733954535619 ], [ 116.876956176757844, 27.028599378797772 ], [ 116.856377156575547, 27.008900621202283 ], [ 116.840920003255235, 27.007766045464436 ], [ 116.835543823242219, 27.011932712131102 ], [ 116.831122843424509, 27.01306728786895 ], [ 116.8229166666667, 27.020379299587702 ], [ 116.814710489908876, 27.01306728786895 ], [ 116.810289510091181, 27.011932712131102 ], [ 116.80625, 27.008801947699681 ], [ 116.802210489908887, 27.011932712131102 ], [ 116.7916666666667, 27.0125 ], [ 116.791099378797767, 27.010289510091173 ], [ 116.783900621202292, 27.00221048990888 ], [ 116.782766045464442, 26.993622843424507 ], [ 116.779733954535615, 26.98971048990888 ], [ 116.778267076280414, 26.98399454752607 ], [ 116.770833333333357, 26.983333333333359 ], [ 116.754166666666691, 26.983333333333359 ], [ 116.754166666666691, 26.9875 ], [ 116.741666666666688, 26.9875 ], [ 116.741313340928841, 26.989924452039958 ], [ 116.735786777072505, 26.995478651258708 ], [ 116.719120449490049, 26.996186659071206 ], [ 116.714583333333366, 26.991681247287353 ], [ 116.710757785373289, 26.995480007595514 ], [ 116.708333333333357, 26.995833333333358 ], [ 116.707347106933625, 26.99238382975263 ], [ 116.69367319742841, 26.991049194335965 ], [ 116.681326802571647, 26.979784138997424 ], [ 116.675768195258271, 26.978194851345513 ], [ 116.674205864800371, 26.967460801866345 ], [ 116.664506530761741, 26.966049194335966 ], [ 116.660493469238304, 26.963117472330755 ], [ 116.654280598958366, 26.961341349283881 ], [ 116.650617641872856, 26.956326972113743 ], [ 116.65, 26.945833333333361 ], [ 116.647575547960102, 26.945480007595513 ], [ 116.639924452039963, 26.937853325737873 ], [ 116.635075547960099, 26.937146674262181 ], [ 116.621188863118519, 26.923285590277803 ], [ 116.620480007595518, 26.914242214626761 ], [ 116.604519992404533, 26.898257785373289 ], [ 116.603813340928852, 26.893408881293428 ], [ 116.596186659071208, 26.88575778537329 ], [ 116.59583333333336, 26.883333333333358 ], [ 116.593408881293428, 26.882980007595513 ], [ 116.587858072916688, 26.87745700412329 ], [ 116.5875, 26.875 ], [ 116.585075547960102, 26.874646674262181 ], [ 116.579524739583363, 26.869123670789957 ], [ 116.578813340928846, 26.864242214626763 ], [ 116.575353325737879, 26.860757785373288 ], [ 116.575, 26.858333333333359 ], [ 116.5625, 26.858333333333359 ], [ 116.558333333333366, 26.858333333333359 ], [ 116.557677374945769, 26.850959947374157 ], [ 116.552210489908887, 26.846400621202282 ], [ 116.546541849772169, 26.844945949978325 ], [ 116.54526604546443, 26.835289510091172 ], [ 116.542233954535618, 26.831377156575545 ], [ 116.5416666666667, 26.829166666666691 ], [ 116.541313340928852, 26.818408881293429 ], [ 116.53751458062068, 26.81458333333336 ], [ 116.541313340928852, 26.810757785373291 ], [ 116.5416666666667, 26.795833333333359 ], [ 116.542233954535618, 26.793622843424505 ], [ 116.55359937879777, 26.781377156575545 ], [ 116.554733954535621, 26.776956176757839 ], [ 116.557766045464433, 26.773043823242212 ], [ 116.558900621202284, 26.764456176757836 ], [ 116.562031216091611, 26.760416666666693 ], [ 116.558900621202284, 26.756377156575546 ], [ 116.557365587022602, 26.750396050347248 ], [ 116.552210489908887, 26.74640062120228 ], [ 116.543622843424501, 26.745266045464433 ], [ 116.539710489908884, 26.742233954535614 ], [ 116.534184265136744, 26.740815904405405 ], [ 116.532365587022596, 26.733729383680579 ], [ 116.527210489908882, 26.729733954535615 ], [ 116.521229214138486, 26.728198920355929 ], [ 116.517233954535612, 26.723043823242211 ], [ 116.51581573486331, 26.717517428927977 ], [ 116.5125, 26.71666666666669 ], [ 116.51306728786895, 26.69778951009117 ], [ 116.528599378797765, 26.681377156575547 ], [ 116.530134412977461, 26.675396050347246 ], [ 116.536753336588575, 26.670266045464434 ], [ 116.553262837727885, 26.671477932400197 ], [ 116.555017598470073, 26.678315904405405 ], [ 116.558333333333366, 26.679166666666692 ], [ 116.561649068196644, 26.678315904405405 ], [ 116.563714938693607, 26.670266045464434 ], [ 116.577210489908879, 26.671400621202281 ], [ 116.582586669921895, 26.675567287868947 ], [ 116.590786912706193, 26.6742611355252 ], [ 116.591666666666697, 26.670833333333356 ], [ 116.589242214626765, 26.670480007595511 ], [ 116.57535773383249, 26.656620958116342 ], [ 116.574646674262183, 26.651742214626761 ], [ 116.567019992404539, 26.644091118706623 ], [ 116.566313340928843, 26.639242214626762 ], [ 116.562853325737876, 26.635757785373286 ], [ 116.562146674262181, 26.601742214626761 ], [ 116.558686659071213, 26.598257785373288 ], [ 116.557980007595518, 26.593408881293428 ], [ 116.535787116156712, 26.57119106716582 ], [ 116.53333333333336, 26.570833333333358 ], [ 116.53333333333336, 26.566666666666691 ], [ 116.53425309922963, 26.563082885742212 ], [ 116.543622843424501, 26.554733954535614 ], [ 116.552210489908887, 26.553599378797767 ], [ 116.556122843424504, 26.550567287868947 ], [ 116.561649068196644, 26.549149237738739 ], [ 116.563409254286057, 26.542290242513044 ], [ 116.575, 26.541666666666689 ], [ 116.575, 26.5375 ], [ 116.575661214192735, 26.530066257052976 ], [ 116.582937452528242, 26.528198920355926 ], [ 116.586932712131102, 26.523043823242212 ], [ 116.588067287868952, 26.497789510091167 ], [ 116.591099378797765, 26.493877156575543 ], [ 116.592375183105489, 26.484220716688391 ], [ 116.598043823242222, 26.482766045464434 ], [ 116.601956176757838, 26.479733954535611 ], [ 116.628255038791266, 26.478552585177972 ], [ 116.629166666666691, 26.475 ], [ 116.629166666666691, 26.470833333333356 ], [ 116.625637647840733, 26.469927639431447 ], [ 116.62443271213111, 26.451956176757836 ], [ 116.616083780924512, 26.442586263020857 ], [ 116.610289510091178, 26.441099378797766 ], [ 116.605134412977463, 26.437103949652801 ], [ 116.603599378797767, 26.4311228434245 ], [ 116.600567287868955, 26.427210489908877 ], [ 116.599432712131104, 26.403420003255231 ], [ 116.603599378797767, 26.398043823242208 ], [ 116.604733954535618, 26.390920003255232 ], [ 116.600567287868955, 26.385543823242209 ], [ 116.6, 26.383333333333354 ], [ 116.593673197428416, 26.383950805664085 ], [ 116.589574856228325, 26.386944580078147 ], [ 116.577160135904975, 26.375617472330752 ], [ 116.574263339572511, 26.374382527669294 ], [ 116.564660135904973, 26.382715861002627 ], [ 116.556173197428407, 26.383950805664085 ], [ 116.550861443413652, 26.387830946180578 ], [ 116.549205864800371, 26.399205864800368 ], [ 116.539506530761741, 26.400617472330751 ], [ 116.535408189561664, 26.403611246744813 ], [ 116.522993469238301, 26.392284138997418 ], [ 116.51743486192494, 26.390694851345508 ], [ 116.515934075249589, 26.380382622612871 ], [ 116.512030877007405, 26.37854919433596 ], [ 116.506326802571635, 26.382715861002627 ], [ 116.504166666666691, 26.383333333333354 ], [ 116.501742214626759, 26.382980007595506 ], [ 116.492020840115046, 26.373284912109398 ], [ 116.491666666666688, 26.3625 ], [ 116.4875, 26.3625 ], [ 116.484184265136747, 26.361649237738739 ], [ 116.483333333333363, 26.358333333333356 ], [ 116.482980007595515, 26.355908881293423 ], [ 116.479519992404533, 26.352424452039951 ], [ 116.479166666666686, 26.35 ], [ 116.475850931803407, 26.349149237738736 ], [ 116.475, 26.345833333333356 ], [ 116.464242214626765, 26.345480007595508 ], [ 116.460757785373289, 26.342019992404534 ], [ 116.458333333333357, 26.34166666666669 ], [ 116.457980007595509, 26.339242214626758 ], [ 116.450353325737879, 26.331591118706619 ], [ 116.45, 26.329166666666687 ], [ 116.441666666666691, 26.329166666666687 ], [ 116.44104902479387, 26.322839694552972 ], [ 116.43811764187285, 26.318826972113737 ], [ 116.436882358127193, 26.314506361219639 ], [ 116.425617641872861, 26.302160305447071 ], [ 116.424178229437956, 26.292270236545161 ], [ 116.410493469238304, 26.279784138997417 ], [ 116.399382358127198, 26.278167046440991 ], [ 116.400617641872856, 26.256173027886305 ], [ 116.407715691460524, 26.247993638780404 ], [ 116.408950975206182, 26.243673027886306 ], [ 116.411882358127201, 26.239660305447067 ], [ 116.413117641872859, 26.235339694552973 ], [ 116.417284308539521, 26.22963595920141 ], [ 116.416049024793864, 26.222839694552974 ], [ 116.413117641872859, 26.218826972113735 ], [ 116.411882358127201, 26.214506361219637 ], [ 116.408950975206182, 26.210493638780402 ], [ 116.407715691460524, 26.206173027886305 ], [ 116.403549024793861, 26.200469292534741 ], [ 116.404784308539519, 26.197839694552972 ], [ 116.407715691460524, 26.193826972113737 ], [ 116.40833333333336, 26.191666666666688 ], [ 116.414710489908884, 26.191099378797762 ], [ 116.420086669921901, 26.186932712131096 ], [ 116.427210489908873, 26.188067287868943 ], [ 116.431122843424504, 26.191099378797762 ], [ 116.448043823242216, 26.19223395453561 ], [ 116.453420003255232, 26.196400621202276 ], [ 116.456377156575542, 26.195266045464429 ], [ 116.464456176757835, 26.188067287868943 ], [ 116.468877156575545, 26.186932712131096 ], [ 116.476956176757838, 26.17973395453561 ], [ 116.482624816894557, 26.178279283311653 ], [ 116.483900621202281, 26.168622843424501 ], [ 116.486932712131107, 26.164710489908874 ], [ 116.488204277886311, 26.155086263020852 ], [ 116.493622843424504, 26.150567287868945 ], [ 116.499149068196644, 26.149149237738737 ], [ 116.500967746310792, 26.142062717013907 ], [ 116.506122843424507, 26.138067287868942 ], [ 116.510543823242216, 26.136932712131095 ], [ 116.518622843424509, 26.12973395453561 ], [ 116.527210489908882, 26.128599378797762 ], [ 116.531122843424498, 26.125567287868943 ], [ 116.53333333333336, 26.125 ], [ 116.534184265136744, 26.121684095594638 ], [ 116.5375, 26.120833333333351 ], [ 116.537145148383274, 26.114213053385438 ], [ 116.531591118706629, 26.1086866590712 ], [ 116.526711527506535, 26.10797559950089 ], [ 116.517019992404542, 26.098257785373285 ], [ 116.516308593750026, 26.093376329210088 ], [ 116.510757785373286, 26.087853325737868 ], [ 116.489242214626756, 26.087146674262172 ], [ 116.485757785373295, 26.083686659071201 ], [ 116.4625, 26.083333333333353 ], [ 116.459184265136741, 26.082482571072067 ], [ 116.458333333333357, 26.079166666666701 ], [ 116.455017598470079, 26.080017598470086 ], [ 116.454166666666694, 26.083333333333368 ], [ 116.453029547797328, 26.087764655219221 ], [ 116.448043823242216, 26.083900621202293 ], [ 116.443622843424507, 26.082766045464446 ], [ 116.434253099229622, 26.074417114257848 ], [ 116.432766045464433, 26.068622843424514 ], [ 116.429733954535621, 26.06471048990889 ], [ 116.429166666666688, 26.058333333333369 ], [ 116.418408881293431, 26.057980007595521 ], [ 116.414924452039955, 26.054519992404551 ], [ 116.410075547960091, 26.053813340928855 ], [ 116.406591118706629, 26.050353325737884 ], [ 116.4, 26.05 ], [ 116.399311998155412, 26.038309563530852 ], [ 116.38950653076175, 26.036882358127205 ], [ 116.381326802571635, 26.029784308539533 ], [ 116.379166666666691, 26.029166666666686 ], [ 116.379166666666691, 26.020833333333368 ], [ 116.375, 26.020833333333353 ], [ 116.374432712131096, 26.018622843424513 ], [ 116.35776604546443, 26.00101165771488 ], [ 116.358900621202281, 25.993622843424514 ], [ 116.361932712131107, 25.989710489908887 ], [ 116.363067287868944, 25.985289510091182 ], [ 116.366197882758271, 25.98125 ], [ 116.361932712131107, 25.975746663411492 ], [ 116.363067287868944, 25.972789510091182 ], [ 116.366653442382841, 25.968162367079028 ], [ 116.36054382324221, 25.963067287868959 ], [ 116.350919426812084, 25.961795722113749 ], [ 116.346400621202278, 25.956377156575556 ], [ 116.344982401529975, 25.950850931803419 ], [ 116.341666666666697, 25.95 ], [ 116.334319559733103, 25.950717163085972 ], [ 116.332356940375462, 25.957581753200991 ], [ 116.321832953559053, 25.958950975206196 ], [ 116.320215691460533, 25.947839864095087 ], [ 116.316552734375023, 25.942825486924946 ], [ 116.31033986409507, 25.94104902479387 ], [ 116.301106431749162, 25.933036634657153 ], [ 116.299028354220951, 25.925768195258282 ], [ 116.289506530761741, 25.924382358127204 ], [ 116.285493469238304, 25.921450975206199 ], [ 116.281173197428416, 25.920215691460537 ], [ 116.277160135904978, 25.917284308539532 ], [ 116.258333333333354, 25.9166666666667 ], [ 116.257766045464436, 25.914456176757845 ], [ 116.25473395453561, 25.910543823242222 ], [ 116.253315734863307, 25.905017598470085 ], [ 116.25, 25.904166666666701 ], [ 116.25, 25.8875 ], [ 116.253770785861576, 25.886532253689271 ], [ 116.257766045464436, 25.881377156575553 ], [ 116.259184265136739, 25.87585093180342 ], [ 116.267233954535612, 25.873785061306457 ], [ 116.266099378797762, 25.864456176757848 ], [ 116.261932712131099, 25.859079996744825 ], [ 116.26306728786895, 25.856122843424512 ], [ 116.266197882758277, 25.852083333333368 ], [ 116.26306728786895, 25.848043823242222 ], [ 116.2625, 25.8375 ], [ 116.260339864095073, 25.836882358127205 ], [ 116.252160135904973, 25.82978430853953 ], [ 116.24783986409507, 25.828549024793869 ], [ 116.23966013590497, 25.821450975206197 ], [ 116.234101528591609, 25.819861687554287 ], [ 116.232715691460527, 25.810339864095084 ], [ 116.224703301323814, 25.801106431749165 ], [ 116.218673197428416, 25.799382358127204 ], [ 116.214660135904978, 25.796450975206195 ], [ 116.202006530761736, 25.795215691460537 ], [ 116.19669477674698, 25.791335550944044 ], [ 116.195020887586836, 25.779834662543436 ], [ 116.179166666666688, 25.779166666666701 ], [ 116.178813340928841, 25.776742214626768 ], [ 116.175353325737873, 25.773257785373296 ], [ 116.174646674262178, 25.760075547960103 ], [ 116.171186659071211, 25.756591118706631 ], [ 116.170833333333363, 25.754166666666698 ], [ 116.168622843424501, 25.753599378797777 ], [ 116.163637118869374, 25.749735344780849 ], [ 116.1625, 25.754166666666698 ], [ 116.159184265136744, 25.755017598470086 ], [ 116.157422383626326, 25.761882866753506 ], [ 116.132586669921892, 25.763067287868957 ], [ 116.127210489908876, 25.75890062120229 ], [ 116.121684265136736, 25.75748240152998 ], [ 116.120266045464433, 25.751956176757844 ], [ 116.117233954535607, 25.74804382324222 ], [ 116.11609937879777, 25.739456176757844 ], [ 116.113067287868944, 25.735543823242221 ], [ 116.111932712131093, 25.731122843424512 ], [ 116.108900621202281, 25.727210489908888 ], [ 116.10776604546443, 25.710289510091179 ], [ 116.098997667100718, 25.700622389051681 ], [ 116.078420003255232, 25.699432712131109 ], [ 116.073043823242216, 25.703599378797776 ], [ 116.0625, 25.704166666666698 ], [ 116.063067287868947, 25.701956176757847 ], [ 116.06665344238283, 25.697329033745692 ], [ 116.060543823242213, 25.692233954535624 ], [ 116.05359937879777, 25.690451727973123 ], [ 116.054733954535607, 25.681122843424511 ], [ 116.058900621202284, 25.675746663411491 ], [ 116.057766045464433, 25.672789510091178 ], [ 116.054733954535607, 25.668877156575554 ], [ 116.054166666666703, 25.6625 ], [ 116.058950975206187, 25.661132134331631 ], [ 116.05771569146053, 25.652006530761749 ], [ 116.054784308539524, 25.647993469238312 ], [ 116.053549024793853, 25.643673197428416 ], [ 116.050617641872847, 25.639660135904979 ], [ 116.049028354220937, 25.634101528591611 ], [ 116.037037997775627, 25.632356431749162 ], [ 116.04938235812719, 25.618826802571647 ], [ 116.050717163085963, 25.605152893066439 ], [ 116.054166666666688, 25.6041666666667 ], [ 116.054524739583357, 25.601709832085536 ], [ 116.060075547960096, 25.596186659071211 ], [ 116.0625, 25.595833333333363 ], [ 116.062146674262181, 25.593408881293435 ], [ 116.058686659071199, 25.589924452039963 ], [ 116.057980007595503, 25.580908881293436 ], [ 116.054181247287346, 25.577083333333366 ], [ 116.057980007595503, 25.573257785373293 ], [ 116.058333333333351, 25.558333333333366 ], [ 116.054827880859392, 25.557433742947079 ], [ 116.054166666666688, 25.55 ], [ 116.05, 25.55 ], [ 116.0375, 25.55 ], [ 116.036649068196638, 25.546684265136751 ], [ 116.033333333333374, 25.545833333333363 ], [ 116.033686659071208, 25.535075547960101 ], [ 116.037853325737871, 25.530879550510015 ], [ 116.037146674262175, 25.526742214626768 ], [ 116.033686659071208, 25.523257785373296 ], [ 116.032975260416691, 25.5183764987522 ], [ 116.027424452039952, 25.512853325737879 ], [ 116.014212883843342, 25.512145148383276 ], [ 116.008686659071202, 25.506591118706627 ], [ 116.008333333333368, 25.504166666666698 ], [ 116.011791483561225, 25.503279283311663 ], [ 116.01306728786895, 25.493622843424511 ], [ 116.016099378797762, 25.489710489908884 ], [ 116.017517598470079, 25.484184265136751 ], [ 116.02441711425783, 25.482413567437096 ], [ 116.032766045464427, 25.473043823242218 ], [ 116.03333333333336, 25.4625 ], [ 116.030908881293428, 25.462146674262183 ], [ 116.025355868869383, 25.456621466742654 ], [ 116.024646674262172, 25.448287116156713 ], [ 116.029152425130235, 25.443749660915827 ], [ 116.023290167914524, 25.437858072916697 ], [ 116.020833333333357, 25.4375 ], [ 116.017375183105486, 25.436612616644997 ], [ 116.016099378797762, 25.426956176757841 ], [ 116.012104119194902, 25.421801079644126 ], [ 116.006122843424507, 25.420266045464441 ], [ 116.002210489908876, 25.417233954535622 ], [ 115.995568678114168, 25.415529547797341 ], [ 115.999432712131096, 25.410543823242218 ], [ 116.000567287868947, 25.394896104600726 ], [ 115.992233954535607, 25.385543823242216 ], [ 115.991666666666703, 25.383333333333361 ], [ 115.992019992404536, 25.368408881293433 ], [ 115.999986097547762, 25.360417344835099 ], [ 115.995480007595503, 25.355879550510011 ], [ 115.996186659071199, 25.351742214626768 ], [ 115.999646674262181, 25.348257785373292 ], [ 116.000353325737876, 25.343408881293431 ], [ 116.003813340928843, 25.339924452039959 ], [ 116.004166666666691, 25.333333333333364 ], [ 116.004166666666691, 25.329166666666694 ], [ 116.003599378797759, 25.322789510091177 ], [ 116.000567287868947, 25.318877156575549 ], [ 115.999432712131096, 25.310289510091174 ], [ 115.996400621202284, 25.30637715657555 ], [ 115.994865587022588, 25.300395880805151 ], [ 115.989710489908873, 25.296400621202288 ], [ 115.985289510091164, 25.295266045464437 ], [ 115.981377156575547, 25.292233954535618 ], [ 115.975850931803407, 25.290815734863312 ], [ 115.975, 25.2875 ], [ 115.97083333333336, 25.2875 ], [ 115.968408881293428, 25.287853325737878 ], [ 115.964924452039952, 25.291313340928848 ], [ 115.955908881293425, 25.292019992404544 ], [ 115.952424452039949, 25.295480007595515 ], [ 115.95, 25.295833333333363 ], [ 115.946684265136739, 25.294982401529978 ], [ 115.945833333333368, 25.291666666666696 ], [ 115.946186659071202, 25.289242214626764 ], [ 115.950353325737865, 25.285046217176678 ], [ 115.949645487467464, 25.268379889594215 ], [ 115.944091118706623, 25.262853325737876 ], [ 115.941666666666691, 25.2625 ], [ 115.938350931803413, 25.261649068196643 ], [ 115.936932712131096, 25.256122843424507 ], [ 115.933900621202284, 25.252210489908883 ], [ 115.933333333333351, 25.241666666666696 ], [ 115.933333333333366, 25.2375 ], [ 115.940907626681877, 25.236744011773034 ], [ 115.942163933648018, 25.224419148763051 ], [ 115.936869812011736, 25.217062886556018 ], [ 115.938130187988307, 25.206185743543866 ], [ 115.95063018798831, 25.192426893446211 ], [ 115.949369812011739, 25.18535241021053 ], [ 115.946463521321633, 25.18131425645619 ], [ 115.944840325249586, 25.175783114963135 ], [ 115.932703145345073, 25.17397511800133 ], [ 115.934214952256966, 25.167630683051243 ], [ 115.94229685465497, 25.165258958604628 ], [ 115.941036478678413, 25.1520192464193 ], [ 115.938130187988307, 25.147980753580757 ], [ 115.9375, 25.1375 ], [ 115.945126342773463, 25.136722140842043 ], [ 115.946540323893245, 25.109111192491348 ], [ 115.954166666666694, 25.108333333333363 ], [ 115.953599378797762, 25.093622843424505 ], [ 115.95056728786895, 25.089710489908882 ], [ 115.949432712131099, 25.085289510091172 ], [ 115.941099378797759, 25.075937228732666 ], [ 115.94223395453561, 25.068622843424507 ], [ 115.945266045464436, 25.064710489908883 ], [ 115.946684265136739, 25.059184095594645 ], [ 115.95, 25.058333333333362 ], [ 115.949149237738752, 25.055017428927979 ], [ 115.945833333333368, 25.054166666666696 ], [ 115.935289510091181, 25.05359937879777 ], [ 115.931377156575564, 25.050567287868951 ], [ 115.918622843424515, 25.049432712131104 ], [ 115.914710489908884, 25.046400621202284 ], [ 115.897789510091187, 25.045266045464437 ], [ 115.88554382324223, 25.033900621202285 ], [ 115.875887383355078, 25.032624986436659 ], [ 115.874149237738749, 25.02585076226131 ], [ 115.870833333333366, 25.025 ], [ 115.868622843424518, 25.025567287868952 ], [ 115.860543823242224, 25.032766045464438 ], [ 115.851956176757852, 25.033900621202285 ], [ 115.848043823242222, 25.036932712131104 ], [ 115.843622843424512, 25.038067287868952 ], [ 115.830070326063407, 25.050645616319471 ], [ 115.828599378797776, 25.056377156575547 ], [ 115.817233954535624, 25.068622843424507 ], [ 115.816099378797773, 25.077210489908882 ], [ 115.811580403645877, 25.082629055447075 ], [ 115.801956176757855, 25.083900621202286 ], [ 115.793877156575562, 25.091099378797772 ], [ 115.788350762261317, 25.09251742892798 ], [ 115.786932712131119, 25.098043823242215 ], [ 115.783900621202292, 25.101956176757842 ], [ 115.783333333333374, 25.104166666666693 ], [ 115.780908881293442, 25.103813340928848 ], [ 115.777424452039966, 25.100353325737874 ], [ 115.773286946614618, 25.099646674262182 ], [ 115.76875, 25.104152086046035 ], [ 115.764924452039963, 25.100353325737874 ], [ 115.75, 25.1 ], [ 115.74943271213111, 25.102210489908881 ], [ 115.745437282986146, 25.107365587022599 ], [ 115.737235514322947, 25.109470621744819 ], [ 115.741099378797784, 25.114456176757841 ], [ 115.742233954535621, 25.119618394639787 ], [ 115.735289510091178, 25.121400621202284 ], [ 115.73125, 25.124531385633709 ], [ 115.727210489908884, 25.121400621202284 ], [ 115.717881605360276, 25.120266045464437 ], [ 115.716099378797779, 25.127210489908883 ], [ 115.713067287868967, 25.131122843424507 ], [ 115.711932712131116, 25.135543823242216 ], [ 115.687033759223127, 25.161361016167561 ], [ 115.682586669921903, 25.163067287868952 ], [ 115.677210489908887, 25.158900621202285 ], [ 115.674253336588578, 25.157766045464438 ], [ 115.668877156575562, 25.161932712131104 ], [ 115.658333333333374, 25.1625 ], [ 115.651742214626765, 25.162853325737874 ], [ 115.648257785373303, 25.166313340928848 ], [ 115.639242214626776, 25.167019992404541 ], [ 115.635757785373301, 25.170480007595515 ], [ 115.630908881293436, 25.171186659071211 ], [ 115.625358072916697, 25.176709832085532 ], [ 115.625, 25.179166666666696 ], [ 115.610075547960108, 25.179519992404543 ], [ 115.606591118706632, 25.182980007595514 ], [ 115.597575547960105, 25.18368665907121 ], [ 115.594091118706629, 25.187146674262181 ], [ 115.572575547960099, 25.187853325737876 ], [ 115.556591118706635, 25.203813340928846 ], [ 115.554166666666703, 25.204166666666694 ], [ 115.550644599066871, 25.203262837727891 ], [ 115.549432712131107, 25.18675333658857 ], [ 115.55359937879777, 25.18137715657555 ], [ 115.554733954535621, 25.165920003255238 ], [ 115.550567287868958, 25.160543823242215 ], [ 115.549432712131107, 25.157586669921905 ], [ 115.55359937879777, 25.152210489908882 ], [ 115.554733954535621, 25.149253336588568 ], [ 115.550567287868958, 25.143877156575549 ], [ 115.549338785807322, 25.130066257052981 ], [ 115.542517428927979, 25.128315904405412 ], [ 115.541099378797782, 25.122789510091174 ], [ 115.538067287868955, 25.11887715657555 ], [ 115.5375, 25.116666666666696 ], [ 115.533333333333374, 25.116666666666696 ], [ 115.526742214626765, 25.117019992404543 ], [ 115.523257785373303, 25.120480007595514 ], [ 115.514242214626776, 25.12118665907121 ], [ 115.510757785373301, 25.124646674262181 ], [ 115.508333333333368, 25.125 ], [ 115.495833333333366, 25.125 ], [ 115.489506361219654, 25.124382527669297 ], [ 115.481326972113749, 25.117284138997423 ], [ 115.467469278971393, 25.115931532118083 ], [ 115.466049194335966, 25.106173027886314 ], [ 115.463117472330765, 25.102160305447075 ], [ 115.461882527669303, 25.097839694552981 ], [ 115.458950805664102, 25.093826972113742 ], [ 115.45740695529517, 25.088426378038221 ], [ 115.452006361219645, 25.086882527669299 ], [ 115.447993638780417, 25.083950805664088 ], [ 115.443673027886319, 25.082715861002633 ], [ 115.439660305447077, 25.079784138997425 ], [ 115.435339694552979, 25.078549194335963 ], [ 115.431326972113752, 25.075617472330755 ], [ 115.428360324435801, 25.0743825276693 ], [ 115.414660305447086, 25.086882527669299 ], [ 115.410339694552988, 25.088117472330758 ], [ 115.402160305447083, 25.095215861002632 ], [ 115.399530707465317, 25.096450805664091 ], [ 115.393826972113743, 25.092284138997424 ], [ 115.385339694552982, 25.091049194335966 ], [ 115.381326972113754, 25.088117472330758 ], [ 115.3625, 25.0875 ], [ 115.351742214626768, 25.087146674262179 ], [ 115.346191406250028, 25.081623670789959 ], [ 115.34583333333336, 25.079166666666694 ], [ 115.344945949978325, 25.075708346896729 ], [ 115.335289510091172, 25.074432712131102 ], [ 115.331377156575556, 25.071400621202283 ], [ 115.326956176757847, 25.070266045464436 ], [ 115.321579996744831, 25.06609937879777 ], [ 115.318622843424507, 25.067233954535617 ], [ 115.313246663411491, 25.071400621202283 ], [ 115.310289510091181, 25.070266045464436 ], [ 115.30637715657555, 25.067233954535617 ], [ 115.297789510091178, 25.06609937879777 ], [ 115.289710489908884, 25.058900621202284 ], [ 115.2875, 25.058333333333362 ], [ 115.280908881293442, 25.057980007595514 ], [ 115.273257785373289, 25.050353325737873 ], [ 115.255908881293436, 25.049646674262181 ], [ 115.252424452039961, 25.046186659071207 ], [ 115.245833333333366, 25.045833333333359 ], [ 115.243408881293433, 25.046186659071207 ], [ 115.235417344835099, 25.054152764214436 ], [ 115.231591118706632, 25.050353325737873 ], [ 115.2291666666667, 25.05 ], [ 115.225850762261317, 25.049149237738742 ], [ 115.224112616645002, 25.042375013563394 ], [ 115.214456176757849, 25.041099378797771 ], [ 115.200666639539961, 25.028200276692736 ], [ 115.199432712131113, 25.015920003255236 ], [ 115.203599378797776, 25.010543823242216 ], [ 115.204733954535627, 25.003420003255236 ], [ 115.20056728786895, 24.998043823242213 ], [ 115.199090915256107, 24.992290242513047 ], [ 115.1875, 24.991666666666692 ], [ 115.18693271213111, 24.985289510091171 ], [ 115.175567287868958, 24.973043823242215 ], [ 115.174291653103325, 24.963387383355062 ], [ 115.168622843424515, 24.961932712131102 ], [ 115.164710489908884, 24.958900621202282 ], [ 115.158729383680594, 24.957365587022597 ], [ 115.154733954535615, 24.952210489908879 ], [ 115.154166666666697, 24.95 ], [ 115.139242214626762, 24.94964667426218 ], [ 115.135757785373301, 24.946186659071206 ], [ 115.126742214626773, 24.945480007595513 ], [ 115.114924452039958, 24.933686659071206 ], [ 115.1125, 24.933333333333358 ], [ 115.111844550238743, 24.931211005316868 ], [ 115.100655449761319, 24.918788994683187 ], [ 115.099242146809928, 24.90073615180124 ], [ 115.0875, 24.9 ], [ 115.087853325737882, 24.889242214626762 ], [ 115.100353325737885, 24.876716444227455 ], [ 115.099646674262189, 24.872575547960096 ], [ 115.095480007595512, 24.868379720052108 ], [ 115.096192423502629, 24.864208645290823 ], [ 115.101742214626768, 24.858686659071207 ], [ 115.1041666666667, 24.858333333333359 ], [ 115.103813340928852, 24.855908881293427 ], [ 115.100353325737885, 24.852424452039955 ], [ 115.1, 24.84583333333336 ], [ 115.089456176757849, 24.845266045464435 ], [ 115.085543823242219, 24.842233954535615 ], [ 115.076956176757847, 24.841099378797768 ], [ 115.071801079644132, 24.837103949652803 ], [ 115.069945949978333, 24.829875013563395 ], [ 115.060289510091181, 24.828599378797769 ], [ 115.05637715657555, 24.82556728786895 ], [ 115.053420003255241, 24.824432712131102 ], [ 115.048043823242224, 24.828599378797769 ], [ 115.045086669921901, 24.829733954535616 ], [ 115.039710489908884, 24.82556728786895 ], [ 115.031122843424512, 24.824432712131102 ], [ 115.027210489908882, 24.821400621202283 ], [ 115.011753336588569, 24.820266045464436 ], [ 115.00625, 24.824531385633705 ], [ 115.00221048990889, 24.821400621202283 ], [ 114.991666666666703, 24.820833333333358 ], [ 114.989456176757841, 24.820266045464436 ], [ 114.981377156575547, 24.81306728786895 ], [ 114.975850762261317, 24.811649237738742 ], [ 114.974149237738743, 24.805017428927975 ], [ 114.968622843424512, 24.80359937879777 ], [ 114.960543823242219, 24.796400621202281 ], [ 114.956122843424509, 24.795266045464434 ], [ 114.952210489908879, 24.792233954535615 ], [ 114.940920003255243, 24.791099378797767 ], [ 114.935543823242213, 24.795266045464434 ], [ 114.929166666666703, 24.795833333333359 ], [ 114.929519992404551, 24.780908881293428 ], [ 114.932980007595518, 24.777424452039956 ], [ 114.933333333333366, 24.7625 ], [ 114.930908881293433, 24.762146674262176 ], [ 114.925358072916694, 24.756623670789956 ], [ 114.925, 24.754166666666691 ], [ 114.922575547960093, 24.753813340928843 ], [ 114.919091118706632, 24.750353325737873 ], [ 114.914242214626768, 24.749646674262177 ], [ 114.910757785373292, 24.746186659071206 ], [ 114.897575547960102, 24.745480007595511 ], [ 114.894091118706626, 24.74201999240454 ], [ 114.889242214626762, 24.741313340928844 ], [ 114.883686998155412, 24.735785929362002 ], [ 114.883333333333368, 24.71666666666669 ], [ 114.875, 24.71666666666669 ], [ 114.87378506130645, 24.711932712131102 ], [ 114.871400621202284, 24.714456176757835 ], [ 114.8699137369792, 24.72025044759117 ], [ 114.859270562066001, 24.729733954535615 ], [ 114.851956176757838, 24.728599378797767 ], [ 114.848043823242222, 24.725567287868948 ], [ 114.843622843424512, 24.724432712131101 ], [ 114.839710489908882, 24.721400621202282 ], [ 114.8375, 24.72083333333336 ], [ 114.836932712131102, 24.710289510091169 ], [ 114.829733954535612, 24.702210489908879 ], [ 114.828599378797776, 24.68528951009117 ], [ 114.821400621202287, 24.67721048990888 ], [ 114.81998240152997, 24.671684095594642 ], [ 114.812895880805144, 24.669865587022592 ], [ 114.808900621202284, 24.664710489908877 ], [ 114.807766045464433, 24.660289510091168 ], [ 114.804733954535621, 24.656377156575545 ], [ 114.80359937879777, 24.631122843424503 ], [ 114.799432712131107, 24.625746663411483 ], [ 114.800567287868958, 24.618622843424504 ], [ 114.803697882758271, 24.614583333333357 ], [ 114.800567287868958, 24.61054382324221 ], [ 114.8, 24.608333333333356 ], [ 114.789242214626768, 24.608686659071203 ], [ 114.785757785373292, 24.612146674262178 ], [ 114.755908881293436, 24.61285332573787 ], [ 114.748257785373298, 24.620480007595511 ], [ 114.739953782823378, 24.621186659071206 ], [ 114.735757785373295, 24.617019992404536 ], [ 114.730908881293431, 24.616313340928844 ], [ 114.727424452039955, 24.61285332573787 ], [ 114.725, 24.6125 ], [ 114.725567287868955, 24.593622843424502 ], [ 114.728599378797767, 24.589710489908878 ], [ 114.729733954535618, 24.576956176757836 ], [ 114.732875400119383, 24.572902764214433 ], [ 114.708900621202289, 24.54804382324221 ], [ 114.707766045464439, 24.543622843424501 ], [ 114.704733954535612, 24.539710489908877 ], [ 114.703458150227888, 24.530054050021725 ], [ 114.7, 24.52916666666669 ], [ 114.696631198459229, 24.530180867513042 ], [ 114.694997490776942, 24.540902031792559 ], [ 114.679938083224854, 24.542438083224848 ], [ 114.678523932562968, 24.556301540798636 ], [ 114.667309400770421, 24.568698459201414 ], [ 114.666023932562965, 24.572968207465301 ], [ 114.663142734103758, 24.577031792534747 ], [ 114.661499362521724, 24.582490370008703 ], [ 114.653844875759575, 24.58397623697919 ], [ 114.647968377007402, 24.579809570312523 ], [ 114.639531622992649, 24.578523763020858 ], [ 114.635468377007399, 24.575642903645857 ], [ 114.628844875759569, 24.574357096354191 ], [ 114.62296837700741, 24.578523763020858 ], [ 114.620199584960972, 24.579809570312523 ], [ 114.610468377007408, 24.571476236979191 ], [ 114.606198289659318, 24.570190429687525 ], [ 114.601261562771299, 24.566690063476585 ], [ 114.599357265896288, 24.560365125868078 ], [ 114.586690775553407, 24.54651048448353 ], [ 114.5625, 24.545833333333356 ], [ 114.543408881293431, 24.546186659071203 ], [ 114.537858072916691, 24.551709662543427 ], [ 114.537146674262175, 24.556591118706621 ], [ 114.533686659071208, 24.560075547960093 ], [ 114.53333333333336, 24.5625 ], [ 114.522789510091172, 24.5619327121311 ], [ 114.517634412977458, 24.557937282986135 ], [ 114.515779283311659, 24.550708346896723 ], [ 114.506122843424507, 24.5494327121311 ], [ 114.49387715657555, 24.538067287868948 ], [ 114.479166666666686, 24.5375 ], [ 114.478813340928852, 24.535075547960091 ], [ 114.471186659071208, 24.527424452039952 ], [ 114.470480007595512, 24.522575547960091 ], [ 114.467019992404545, 24.519091118706619 ], [ 114.466666666666697, 24.516666666666691 ], [ 114.464242214626765, 24.516313340928843 ], [ 114.456591118706626, 24.508686659071202 ], [ 114.451742214626762, 24.50798000759551 ], [ 114.448257785373286, 24.504519992404536 ], [ 114.445833333333354, 24.504166666666691 ], [ 114.439242214626759, 24.503813340928843 ], [ 114.427424452039958, 24.492019992404536 ], [ 114.425, 24.491666666666688 ], [ 114.418408881293431, 24.492019992404536 ], [ 114.414924452039955, 24.495480007595511 ], [ 114.410075547960091, 24.496186659071203 ], [ 114.406591118706629, 24.499646674262177 ], [ 114.4, 24.5 ], [ 114.400567287868952, 24.514710489908879 ], [ 114.403599378797765, 24.518622843424502 ], [ 114.404733954535615, 24.525937228732662 ], [ 114.395250447591167, 24.536580403645857 ], [ 114.388208516438823, 24.538387383355058 ], [ 114.386932712131099, 24.54804382324221 ], [ 114.383900621202287, 24.551956176757834 ], [ 114.382766045464436, 24.554913330078147 ], [ 114.386932712131099, 24.56028951009117 ], [ 114.3875, 24.566666666666691 ], [ 114.376956176757844, 24.567233954535613 ], [ 114.359228854709229, 24.584010484483532 ], [ 114.357482401529978, 24.590815904405407 ], [ 114.354166666666686, 24.59166666666669 ], [ 114.353348117404536, 24.594856092664955 ], [ 114.349062771267384, 24.596400621202282 ], [ 114.339710489908882, 24.588067287868945 ], [ 114.331122843424509, 24.586932712131102 ], [ 114.327210489908879, 24.583900621202282 ], [ 114.318622843424507, 24.582766045464432 ], [ 114.314710489908876, 24.579733954535612 ], [ 114.305054050021724, 24.57845831976999 ], [ 114.304166666666688, 24.575 ], [ 114.301956176757841, 24.575567287868946 ], [ 114.296537611219648, 24.580086263020856 ], [ 114.29526604546443, 24.589710489908878 ], [ 114.292233954535618, 24.593622843424502 ], [ 114.291099378797767, 24.598043823242211 ], [ 114.283900621202278, 24.606122843424501 ], [ 114.282766045464427, 24.609079996744814 ], [ 114.286932712131104, 24.614456176757837 ], [ 114.288067287868955, 24.621579996744817 ], [ 114.28293745252823, 24.628198920355928 ], [ 114.276956176757835, 24.629733954535613 ], [ 114.273043823242205, 24.632766045464432 ], [ 114.259232923719637, 24.633994547526065 ], [ 114.257433742947072, 24.641005452473983 ], [ 114.243622843424504, 24.642233954535612 ], [ 114.231377156575547, 24.653599378797768 ], [ 114.226956176757838, 24.654733954535615 ], [ 114.223043823242207, 24.657766045464435 ], [ 114.203420003255232, 24.658900621202282 ], [ 114.197916666666686, 24.654635281033009 ], [ 114.193877156575539, 24.657766045464435 ], [ 114.1875, 24.658333333333356 ], [ 114.186838785807311, 24.665767076280407 ], [ 114.183333333333351, 24.666666666666693 ], [ 114.182980007595503, 24.669091118706621 ], [ 114.175353325737873, 24.67674221462676 ], [ 114.175, 24.679166666666692 ], [ 114.1875, 24.679166666666692 ], [ 114.188419765896285, 24.682750447591172 ], [ 114.199062771267378, 24.692233954535613 ], [ 114.231377156575547, 24.691099378797766 ], [ 114.236004299587691, 24.68751322428388 ], [ 114.24109937879777, 24.693622843424503 ], [ 114.242566257052971, 24.699338785807317 ], [ 114.256377156575539, 24.70056728786895 ], [ 114.26028951009117, 24.703599378797769 ], [ 114.273043823242205, 24.704733954535616 ], [ 114.276956176757835, 24.707766045464435 ], [ 114.279166666666697, 24.708333333333357 ], [ 114.281414964464005, 24.708862982855926 ], [ 114.286914910210527, 24.713595241970509 ], [ 114.288029479980494, 24.730107286241346 ], [ 114.283060201009135, 24.736242675781273 ], [ 114.288440789116777, 24.738029649522595 ], [ 114.293585035536054, 24.733862982855928 ], [ 114.296916368272591, 24.73280368381079 ], [ 114.306085035536043, 24.741137017144123 ], [ 114.310581631130674, 24.742196316189261 ], [ 114.314418368869383, 24.745303683810789 ], [ 114.323081631130663, 24.746362982855928 ], [ 114.326918368869386, 24.749470350477456 ], [ 114.331414964464003, 24.750529649522594 ], [ 114.33674146864152, 24.755112711588566 ], [ 114.338029479980491, 24.760581461588565 ], [ 114.341137186686225, 24.764418538411483 ], [ 114.342196146647154, 24.768914794921901 ], [ 114.345303853352888, 24.772751871744816 ], [ 114.346362813313831, 24.784273952908013 ], [ 114.342196146647154, 24.789418538411482 ], [ 114.341137186686225, 24.802248128255233 ], [ 114.333862813313829, 24.810251871744818 ], [ 114.333333333333357, 24.8125 ], [ 114.335757785373289, 24.812853325737873 ], [ 114.339242214626765, 24.816313340928843 ], [ 114.341666666666697, 24.816666666666691 ], [ 114.342024739583351, 24.819123670789956 ], [ 114.347575547960091, 24.824646674262176 ], [ 114.35, 24.825 ], [ 114.350567287868955, 24.831377156575545 ], [ 114.35776604546443, 24.839456176757839 ], [ 114.359041849772154, 24.849112616644991 ], [ 114.364710489908873, 24.850567287868948 ], [ 114.369865587022588, 24.854562717013913 ], [ 114.371400621202284, 24.860543823242214 ], [ 114.374531216091611, 24.864583333333361 ], [ 114.371400621202284, 24.868622843424504 ], [ 114.370266045464433, 24.87721048990888 ], [ 114.367233954535621, 24.881122843424507 ], [ 114.36609937879777, 24.888246663411483 ], [ 114.370266045464433, 24.893622843424506 ], [ 114.371400621202284, 24.902210489908882 ], [ 114.374432712131096, 24.906122843424505 ], [ 114.375567287868947, 24.910543823242215 ], [ 114.378599378797773, 24.914456176757838 ], [ 114.37973395453561, 24.918877156575547 ], [ 114.388082885742207, 24.928247070312526 ], [ 114.394982401529973, 24.930017428927979 ], [ 114.395833333333357, 24.933333333333358 ], [ 114.395480007595509, 24.935757785373291 ], [ 114.391681247287352, 24.93958333333336 ], [ 114.395480007595509, 24.943408881293429 ], [ 114.396186659071205, 24.947549777560791 ], [ 114.383686659071202, 24.960075547960095 ], [ 114.382980007595506, 24.969091118706622 ], [ 114.379519992404539, 24.972575547960098 ], [ 114.379166666666691, 24.975 ], [ 114.381591118706623, 24.975353325737874 ], [ 114.391310967339436, 24.98504706488718 ], [ 114.392019992404542, 24.993379720052111 ], [ 114.387853325737879, 24.997575547960096 ], [ 114.3875, 25.004166666666695 ], [ 114.389710489908879, 25.00359937879777 ], [ 114.397789510091172, 24.996400621202284 ], [ 114.402210489908882, 24.995266045464437 ], [ 114.407586669921898, 24.99109937879777 ], [ 114.410543823242207, 24.992233954535617 ], [ 114.414456176757838, 24.995266045464437 ], [ 114.42304382324221, 24.996400621202284 ], [ 114.426956176757841, 24.999432712131103 ], [ 114.436580573187953, 25.00070427788631 ], [ 114.441099378797773, 25.006122843424507 ], [ 114.442572360568604, 25.011862182617215 ], [ 114.460543823242219, 25.01306728786895 ], [ 114.464456176757835, 25.016099378797769 ], [ 114.475, 25.016666666666694 ], [ 114.475567287868955, 25.018877156575549 ], [ 114.48426259358726, 25.028463745117215 ], [ 114.49494594997833, 25.029875013563395 ], [ 114.49668426513675, 25.036649237738743 ], [ 114.504431321885875, 25.038637288411486 ], [ 114.500567287868947, 25.043622843424508 ], [ 114.5, 25.054166666666696 ], [ 114.539924452039955, 25.05451999240454 ], [ 114.543408881293431, 25.057980007595514 ], [ 114.55, 25.058333333333362 ], [ 114.550353325737873, 25.069091118706623 ], [ 114.553813340928841, 25.072575547960096 ], [ 114.554519992404536, 25.077424452039956 ], [ 114.557980007595518, 25.080908881293432 ], [ 114.558333333333366, 25.0875 ], [ 114.56992407904734, 25.088123575846382 ], [ 114.571732923719651, 25.095172119140653 ], [ 114.585543823242219, 25.096400621202285 ], [ 114.597789510091175, 25.107766045464437 ], [ 114.6041666666667, 25.108333333333363 ], [ 114.606591118706618, 25.107980007595515 ], [ 114.610075547960093, 25.104519992404541 ], [ 114.614214409722251, 25.103813340928848 ], [ 114.620475260416697, 25.110042995876764 ], [ 114.621186659071213, 25.114924452039958 ], [ 114.628813340928843, 25.122575547960096 ], [ 114.629519992404539, 25.127424452039957 ], [ 114.632980007595506, 25.130908881293429 ], [ 114.633333333333354, 25.133333333333361 ], [ 114.639924452039963, 25.132980007595513 ], [ 114.643408881293425, 25.129519992404543 ], [ 114.648257785373289, 25.128813340928847 ], [ 114.652453782823372, 25.124646674262181 ], [ 114.664924452039955, 25.125353325737876 ], [ 114.668408881293431, 25.128813340928847 ], [ 114.673257785373295, 25.129519992404543 ], [ 114.677453782823378, 25.133686659071209 ], [ 114.685757785373298, 25.132980007595513 ], [ 114.689242214626759, 25.129519992404543 ], [ 114.7, 25.129166666666695 ], [ 114.700353325737879, 25.135757785373293 ], [ 114.703813340928846, 25.139242214626766 ], [ 114.704166666666694, 25.141666666666694 ], [ 114.70331573486331, 25.144982571072077 ], [ 114.7, 25.145833333333361 ], [ 114.685289510091167, 25.146400621202286 ], [ 114.68137715657555, 25.149432712131105 ], [ 114.67585093180341, 25.150850762261314 ], [ 114.674432712131107, 25.156377156575548 ], [ 114.671400621202281, 25.160289510091175 ], [ 114.67026604546443, 25.173785061306454 ], [ 114.677210489908887, 25.175567287868951 ], [ 114.682596672905845, 25.180059136284751 ], [ 114.683900621202284, 25.188246663411487 ], [ 114.679733954535621, 25.193622843424507 ], [ 114.67859937879777, 25.214710489908882 ], [ 114.675567287868944, 25.218622843424509 ], [ 114.675, 25.220833333333363 ], [ 114.675353325737873, 25.223257785373292 ], [ 114.682980007595518, 25.230908881293431 ], [ 114.683333333333366, 25.241666666666696 ], [ 114.683900621202284, 25.24387715657555 ], [ 114.68693271213111, 25.247789510091174 ], [ 114.688350931803413, 25.25331573486331 ], [ 114.69498240152997, 25.255017598470083 ], [ 114.696400621202287, 25.260543823242216 ], [ 114.707766045464439, 25.272789510091176 ], [ 114.709184265136741, 25.278315734863309 ], [ 114.715815734863313, 25.280017598470081 ], [ 114.717517598470081, 25.286649068196645 ], [ 114.72083333333336, 25.2875 ], [ 114.720480007595512, 25.298257785373295 ], [ 114.717019992404545, 25.301742214626763 ], [ 114.716313340928849, 25.310757785373294 ], [ 114.712853325737882, 25.314242214626766 ], [ 114.7125, 25.320833333333361 ], [ 114.701956176757847, 25.321400621202287 ], [ 114.692369588216167, 25.330095926920603 ], [ 114.691099378797773, 25.339710489908885 ], [ 114.688067287868947, 25.343622843424509 ], [ 114.68693271213111, 25.348043823242218 ], [ 114.679733954535621, 25.356122843424508 ], [ 114.67859937879777, 25.360543823242217 ], [ 114.67460411919491, 25.365698920355932 ], [ 114.668622843424501, 25.367233954535621 ], [ 114.65507015652129, 25.379812452528242 ], [ 114.653029547797331, 25.387764655219215 ], [ 114.648043823242219, 25.383900621202287 ], [ 114.640920003255232, 25.382766045464439 ], [ 114.6354166666667, 25.387031216091611 ], [ 114.631377156575553, 25.383900621202287 ], [ 114.626956176757844, 25.382766045464439 ], [ 114.609228854709229, 25.365989515516524 ], [ 114.608333333333363, 25.3625 ], [ 114.605908881293431, 25.362146674262181 ], [ 114.602083333333354, 25.358347913954024 ], [ 114.598257785373292, 25.362146674262181 ], [ 114.589242214626765, 25.362853325737877 ], [ 114.585757785373289, 25.366313340928848 ], [ 114.583333333333357, 25.366666666666696 ], [ 114.583333333333357, 25.3625 ], [ 114.555908881293433, 25.362146674262181 ], [ 114.552424452039958, 25.358686659071211 ], [ 114.544120449490038, 25.357980007595515 ], [ 114.539924452039955, 25.362146674262181 ], [ 114.535075547960091, 25.362853325737877 ], [ 114.527424452039952, 25.370480007595518 ], [ 114.516666666666694, 25.370833333333362 ], [ 114.510075547960099, 25.370480007595518 ], [ 114.506591118706623, 25.367019992404543 ], [ 114.5, 25.366666666666696 ], [ 114.499280124240471, 25.354943339029976 ], [ 114.485364956325981, 25.353523932562965 ], [ 114.481301710340745, 25.350642734103761 ], [ 114.474976433648024, 25.348738437228761 ], [ 114.471476067437095, 25.343801710340742 ], [ 114.47083333333336, 25.333333333333364 ], [ 114.468408881293428, 25.332980007595516 ], [ 114.464583333333366, 25.329181247287355 ], [ 114.460757785373289, 25.332980007595516 ], [ 114.435075547960096, 25.333686659071212 ], [ 114.431591118706621, 25.337146674262183 ], [ 114.420833333333363, 25.3375 ], [ 114.400915696885875, 25.336901516384579 ], [ 114.399432712131102, 25.331122843424509 ], [ 114.392233954535612, 25.323043823242216 ], [ 114.391666666666694, 25.316666666666695 ], [ 114.389242214626762, 25.317019992404543 ], [ 114.385757785373286, 25.320480007595517 ], [ 114.376742214626759, 25.321186659071209 ], [ 114.373257785373283, 25.324646674262183 ], [ 114.368408881293433, 25.325353325737876 ], [ 114.364924452039958, 25.32881334092885 ], [ 114.343408881293428, 25.329519992404542 ], [ 114.339924452039952, 25.332980007595516 ], [ 114.335075547960088, 25.333686659071212 ], [ 114.331591118706626, 25.337146674262183 ], [ 114.327453782823369, 25.337853325737875 ], [ 114.323257785373286, 25.333686659071212 ], [ 114.3125, 25.333333333333364 ], [ 114.3125, 25.325 ], [ 114.3125, 25.316666666666695 ], [ 114.308994547526069, 25.315767076280412 ], [ 114.308333333333351, 25.308333333333362 ], [ 114.307980007595518, 25.305908881293433 ], [ 114.300353325737873, 25.298257785373295 ], [ 114.3, 25.291666666666696 ], [ 114.291666666666686, 25.291666666666696 ], [ 114.285075547960091, 25.292019992404544 ], [ 114.281591118706615, 25.295480007595515 ], [ 114.277453782823372, 25.296186659071211 ], [ 114.273257785373289, 25.292019992404544 ], [ 114.269120449490046, 25.291313340928848 ], [ 114.264924452039949, 25.295480007595515 ], [ 114.260787116156706, 25.296186659071211 ], [ 114.256591118706623, 25.292019992404544 ], [ 114.251742214626759, 25.291313340928848 ], [ 114.248257785373283, 25.287853325737878 ], [ 114.231620449490038, 25.287146674262182 ], [ 114.227424452039955, 25.291313340928848 ], [ 114.223287116156712, 25.292019992404544 ], [ 114.219091118706615, 25.287853325737878 ], [ 114.206617736816426, 25.287146674262182 ], [ 114.198257785373286, 25.295480007595515 ], [ 114.193408881293422, 25.296186659071211 ], [ 114.189924452039961, 25.299646674262181 ], [ 114.1875, 25.3 ], [ 114.187146674262181, 25.302424452039961 ], [ 114.181621127658445, 25.307977634006107 ], [ 114.172575547960093, 25.30868665907121 ], [ 114.160757785373292, 25.320480007595517 ], [ 114.156620449490035, 25.321186659071209 ], [ 114.152424452039952, 25.317019992404543 ], [ 114.126742214626759, 25.316313340928851 ], [ 114.123257785373283, 25.312853325737876 ], [ 114.120833333333351, 25.3125 ], [ 114.118622843424504, 25.311932712131107 ], [ 114.10221048990887, 25.296400621202288 ], [ 114.097789510091175, 25.295266045464437 ], [ 114.093877156575545, 25.292233954535618 ], [ 114.088350931803404, 25.290815734863312 ], [ 114.086932712131102, 25.285289510091175 ], [ 114.08237355550132, 25.279822625054283 ], [ 114.068622843424507, 25.278599378797772 ], [ 114.056377156575536, 25.267233954535619 ], [ 114.051956176757841, 25.266099378797772 ], [ 114.043877156575547, 25.258900621202287 ], [ 114.039456176757838, 25.257766045464439 ], [ 114.035543823242207, 25.25473395453562 ], [ 114.026214938693599, 25.253599378797773 ], [ 114.025, 25.258333333333361 ], [ 114.024432712131102, 25.260543823242216 ], [ 114.021400621202275, 25.26445617675784 ], [ 114.020124816894551, 25.274112616644995 ], [ 114.013161214192735, 25.275899590386313 ], [ 114.0125, 25.283333333333363 ], [ 114.013350931803402, 25.286649068196645 ], [ 114.020172119140653, 25.288399590386312 ], [ 114.021400621202275, 25.302210489908884 ], [ 114.024432712131102, 25.306122843424507 ], [ 114.025567287868952, 25.310543823242217 ], [ 114.04526604546443, 25.331122843424509 ], [ 114.046400621202281, 25.350937228732668 ], [ 114.038067287868941, 25.360289510091174 ], [ 114.036932712131104, 25.36887715657555 ], [ 114.03293745252823, 25.374032253689265 ], [ 114.026956176757835, 25.375567287868954 ], [ 114.01758643256295, 25.383916219075552 ], [ 114.015767076280397, 25.391005452473987 ], [ 114.008333333333368, 25.391666666666698 ], [ 114.007766045464436, 25.393877156575552 ], [ 114.00473395453561, 25.397789510091176 ], [ 114.003599378797759, 25.400746663411489 ], [ 114.007766045464436, 25.406122843424509 ], [ 114.00904184977216, 25.415779283311661 ], [ 114.01581573486331, 25.417517598470081 ], [ 114.016666666666694, 25.420833333333363 ], [ 114.017233954535612, 25.423043823242217 ], [ 114.020266045464439, 25.426956176757841 ], [ 114.021400621202275, 25.43137715657555 ], [ 114.024432712131102, 25.435289510091177 ], [ 114.025567287868952, 25.444618394639786 ], [ 114.020833333333371, 25.445833333333365 ], [ 114.019982401529973, 25.449149068196647 ], [ 114.016666666666694, 25.45 ], [ 114.015451727973115, 25.445266045464439 ], [ 114.00195617675783, 25.446400621202287 ], [ 113.998043823242213, 25.449432712131106 ], [ 113.981122843424501, 25.450567287868953 ], [ 113.97721048990887, 25.453599378797772 ], [ 113.964456176757835, 25.454733954535619 ], [ 113.960543823242205, 25.457766045464439 ], [ 113.958333333333357, 25.458333333333364 ], [ 113.956122843424524, 25.457766045464439 ], [ 113.94804382324223, 25.450567287868953 ], [ 113.938387383355078, 25.449291483561229 ], [ 113.936620415581629, 25.442405361599423 ], [ 113.928420003255241, 25.441099378797773 ], [ 113.923043823242224, 25.445266045464439 ], [ 113.920086669921915, 25.446400621202287 ], [ 113.914710489908884, 25.44223395453562 ], [ 113.907586669921912, 25.441099378797773 ], [ 113.902210489908896, 25.445266045464439 ], [ 113.899253336588572, 25.446400621202287 ], [ 113.893877156575556, 25.44223395453562 ], [ 113.879166666666706, 25.441666666666698 ], [ 113.878813340928858, 25.444091118706627 ], [ 113.873290337456638, 25.449641927083363 ], [ 113.868408881293433, 25.450353325737879 ], [ 113.864924452039972, 25.45381334092885 ], [ 113.852453613281284, 25.454519992404546 ], [ 113.847915988498301, 25.450013732910186 ], [ 113.837853664822092, 25.460048929850291 ], [ 113.8375, 25.479166666666696 ], [ 113.833333333333371, 25.479166666666696 ], [ 113.832766045464453, 25.481377156575551 ], [ 113.829733954535627, 25.485289510091178 ], [ 113.828250461154553, 25.491070217556455 ], [ 113.786753336588575, 25.492233954535621 ], [ 113.781377156575559, 25.488067287868954 ], [ 113.754166666666706, 25.4875 ], [ 113.753599378797773, 25.485289510091178 ], [ 113.750567287868961, 25.481377156575551 ], [ 113.74943271213111, 25.476956176757842 ], [ 113.742233954535621, 25.468877156575552 ], [ 113.741099378797784, 25.460289510091176 ], [ 113.738067287868958, 25.456377156575552 ], [ 113.736932712131107, 25.447789510091177 ], [ 113.733801947699689, 25.44375 ], [ 113.738067287868958, 25.438246663411491 ], [ 113.736932712131107, 25.435289510091177 ], [ 113.733900621202295, 25.43137715657555 ], [ 113.73243374294708, 25.42566121419274 ], [ 113.718622843424512, 25.424432712131107 ], [ 113.714710489908896, 25.421400621202288 ], [ 113.710289510091187, 25.420266045464441 ], [ 113.706377156575556, 25.417233954535622 ], [ 113.704166666666708, 25.416666666666696 ], [ 113.693673027886319, 25.416049024793868 ], [ 113.689660305447077, 25.413117641872859 ], [ 113.668673027886314, 25.411882358127201 ], [ 113.664660305447086, 25.408950975206192 ], [ 113.656173027886325, 25.407715691460535 ], [ 113.652083333333366, 25.404728190104198 ], [ 113.64799363878042, 25.407715691460535 ], [ 113.643673027886322, 25.408950975206192 ], [ 113.635493638780417, 25.416049024793868 ], [ 113.632864040798651, 25.417284308539529 ], [ 113.627160305447077, 25.413117641872859 ], [ 113.621601698133716, 25.411528354220952 ], [ 113.620215861002634, 25.402006530761749 ], [ 113.613117472330771, 25.393826802571645 ], [ 113.611882527669309, 25.38950653076175 ], [ 113.604784138997431, 25.381326802571643 ], [ 113.603549194335969, 25.372839864095081 ], [ 113.591063096788233, 25.359155103895429 ], [ 113.579901801215314, 25.357530721028674 ], [ 113.579166666666708, 25.35 ], [ 113.560289510091181, 25.350567287868955 ], [ 113.55637715657555, 25.353599378797774 ], [ 113.550850762261319, 25.355017598470081 ], [ 113.549149237738746, 25.361649068196645 ], [ 113.543622843424515, 25.363067287868954 ], [ 113.538467746310801, 25.367062547471818 ], [ 113.536649237738743, 25.374149068196644 ], [ 113.533333333333374, 25.375 ], [ 113.521742418077295, 25.374376424153674 ], [ 113.520266045464439, 25.368622843424511 ], [ 113.51371493869361, 25.361932712131107 ], [ 113.511932712131113, 25.36887715657555 ], [ 113.507413736979203, 25.374295722113747 ], [ 113.497789510091181, 25.375567287868954 ], [ 113.49387715657555, 25.378599378797773 ], [ 113.489456176757841, 25.37973395453562 ], [ 113.485416666666694, 25.382864549424944 ], [ 113.481377156575562, 25.37973395453562 ], [ 113.4791666666667, 25.379166666666698 ], [ 113.478016153971382, 25.383650037977461 ], [ 113.471489122178852, 25.378206888834665 ], [ 113.47083333333336, 25.370833333333362 ], [ 113.455908881293439, 25.370480007595518 ], [ 113.452424452039963, 25.367019992404543 ], [ 113.447575547960099, 25.366313340928848 ], [ 113.444091118706638, 25.362853325737877 ], [ 113.43994954427086, 25.362146674262181 ], [ 113.417020670572953, 25.385049777560795 ], [ 113.4166666666667, 25.4 ], [ 113.410289510091175, 25.400567287868952 ], [ 113.406377156575559, 25.403599378797772 ], [ 113.385289510091184, 25.404733954535622 ], [ 113.381377156575553, 25.407766045464442 ], [ 113.374253336588581, 25.408900621202285 ], [ 113.367803955078159, 25.403902011447514 ], [ 113.36609937879777, 25.410543823242218 ], [ 113.363067287868958, 25.414456176757842 ], [ 113.361932712131107, 25.435543823242217 ], [ 113.357413736979197, 25.440962388780413 ], [ 113.347789510091175, 25.44223395453562 ], [ 113.339710489908882, 25.449432712131106 ], [ 113.331122843424509, 25.450567287868953 ], [ 113.327210489908893, 25.453599378797772 ], [ 113.316666666666706, 25.454166666666698 ], [ 113.316077677408884, 25.482415262858105 ], [ 113.310289510091181, 25.483900621202288 ], [ 113.304753621419309, 25.488517422146298 ], [ 113.304166666666703, 25.516666666666698 ], [ 113.285289510091175, 25.516099378797776 ], [ 113.273043823242219, 25.50473395453562 ], [ 113.25153537326392, 25.503599378797773 ], [ 113.24943271213111, 25.509079996744823 ], [ 113.253599378797773, 25.514456176757843 ], [ 113.254733954535624, 25.517413330078156 ], [ 113.250567287868961, 25.522789510091176 ], [ 113.24943271213111, 25.531377156575552 ], [ 113.2449137369792, 25.536795722113744 ], [ 113.235289510091178, 25.538067287868955 ], [ 113.231377156575547, 25.541099378797774 ], [ 113.225738864474863, 25.5425464206272 ], [ 113.224432712131104, 25.550746663411488 ], [ 113.228599378797782, 25.556122843424511 ], [ 113.2291666666667, 25.558333333333366 ], [ 113.229845513237876, 25.586422899034318 ], [ 113.2365169949002, 25.588483005099857 ], [ 113.238535563151075, 25.595020718044736 ], [ 113.24915737575958, 25.596675957573815 ], [ 113.250655449761311, 25.60628899468319 ], [ 113.258761257595523, 25.615817769368523 ], [ 113.236844550238743, 25.61753336588545 ], [ 113.238155449761322, 25.635455661349859 ], [ 113.242322116427985, 25.641420830620692 ], [ 113.24101121690542, 25.647955661349858 ], [ 113.238155449761322, 25.652044338650207 ], [ 113.236656358506977, 25.666428799099425 ], [ 113.231288994683197, 25.67017788357208 ], [ 113.22434455023874, 25.672322421603766 ], [ 113.225941636827287, 25.678170776367221 ], [ 113.2291666666667, 25.679166666666699 ], [ 113.22831590440542, 25.682482401529981 ], [ 113.225, 25.683333333333366 ], [ 113.225, 25.691666666666698 ], [ 113.208333333333371, 25.691666666666698 ], [ 113.205908881293439, 25.691313340928851 ], [ 113.192024400499164, 25.677454460991786 ], [ 113.191313340928858, 25.672575547960101 ], [ 113.185786268446208, 25.667020670572949 ], [ 113.170833333333363, 25.6666666666667 ], [ 113.1666666666667, 25.6666666666667 ], [ 113.166312662760447, 25.65171542697486 ], [ 113.156591118706629, 25.642019992404546 ], [ 113.154166666666697, 25.641666666666698 ], [ 113.153813340928849, 25.64409111870663 ], [ 113.150353325737882, 25.647575547960102 ], [ 113.15, 25.65 ], [ 113.149219767252632, 25.657647705078158 ], [ 113.129166666666691, 25.658333333333367 ], [ 113.126742214626773, 25.658686659071211 ], [ 113.123257785373298, 25.662146674262186 ], [ 113.116666666666703, 25.6625 ], [ 113.115753173828153, 25.66605919731991 ], [ 113.1, 25.6666666666667 ], [ 113.1, 25.654166666666697 ], [ 113.099149237738743, 25.650850931803419 ], [ 113.09583333333336, 25.65 ], [ 113.096186659071208, 25.647575547960102 ], [ 113.099985419379365, 25.64375 ], [ 113.095480007595512, 25.639212883843349 ], [ 113.096186659071208, 25.635075547960103 ], [ 113.099985419379365, 25.63125 ], [ 113.095847913954017, 25.627083333333367 ], [ 113.100353325737885, 25.62254621717668 ], [ 113.099646674262189, 25.618408881293433 ], [ 113.092019992404545, 25.610757785373295 ], [ 113.091666666666697, 25.5875 ], [ 113.072827148437526, 25.58810509575741 ], [ 113.068839518229197, 25.591061570909318 ], [ 113.05616048177086, 25.592271762424076 ], [ 113.052172851562531, 25.595228237575988 ], [ 113.045292833116349, 25.596438429090743 ], [ 113.039672851562528, 25.592271762424076 ], [ 113.034240722656278, 25.590759107801681 ], [ 113.032728407118086, 25.585327317979633 ], [ 113.025604926215308, 25.577172682020432 ], [ 113.024395073784746, 25.574459330240916 ], [ 113.028561740451423, 25.568839348687099 ], [ 113.029771592881971, 25.555220031738312 ], [ 113.020157877604191, 25.55356157090932 ], [ 113.013215128580754, 25.559172566731803 ], [ 113.011895073784757, 25.573006015353762 ], [ 113.008938259548643, 25.5769939846463 ], [ 113.007353719075553, 25.582684326171908 ], [ 112.978379313151066, 25.583938429090743 ], [ 112.968839518229203, 25.57560509575741 ], [ 112.956160481770866, 25.574394904242652 ], [ 112.952172851562523, 25.571438429090744 ], [ 112.943660481770863, 25.570228237575986 ], [ 112.939672851562534, 25.567271762424078 ], [ 112.936712646484409, 25.566061570909319 ], [ 112.927172851562531, 25.574394904242652 ], [ 112.920292833116349, 25.57560509575741 ], [ 112.914672851562528, 25.571438429090744 ], [ 112.910327148437531, 25.570228237575986 ], [ 112.906339518229203, 25.567271762424078 ], [ 112.903626166449683, 25.566061570909319 ], [ 112.898006184895863, 25.570228237575986 ], [ 112.892574055989613, 25.571740892198381 ], [ 112.89106174045142, 25.577172682020432 ], [ 112.886698744032145, 25.582571072048644 ], [ 112.876328870985276, 25.583938429090743 ], [ 112.874035644531276, 25.575703260633713 ], [ 112.866666666666703, 25.575 ], [ 112.866666666666703, 25.570833333333365 ], [ 112.866059027777808, 25.55507998996314 ], [ 112.860289510091178, 25.553599378797774 ], [ 112.856377156575547, 25.550567287868954 ], [ 112.850708346896724, 25.549112616644997 ], [ 112.849432712131104, 25.539456176757845 ], [ 112.846400621202292, 25.535543823242218 ], [ 112.845266045464442, 25.531122843424509 ], [ 112.842233954535615, 25.527210489908885 ], [ 112.840815734863313, 25.521684265136749 ], [ 112.8375, 25.520833333333364 ], [ 112.818408881293436, 25.521186659071212 ], [ 112.814924452039961, 25.524646674262183 ], [ 112.810075547960096, 25.525353325737878 ], [ 112.806591118706621, 25.528813340928849 ], [ 112.793408881293431, 25.529519992404545 ], [ 112.785416666666691, 25.537486775716175 ], [ 112.777424452039952, 25.529519992404545 ], [ 112.772575547960102, 25.528813340928849 ], [ 112.764924452039963, 25.521186659071212 ], [ 112.760075547960099, 25.520480007595516 ], [ 112.756591118706623, 25.517019992404546 ], [ 112.751742214626759, 25.51631334092885 ], [ 112.744091118706621, 25.508686659071213 ], [ 112.739951070149772, 25.507980007595517 ], [ 112.731591118706632, 25.51631334092885 ], [ 112.727453782823375, 25.517019992404546 ], [ 112.722916666666691, 25.512514580620689 ], [ 112.719091118706629, 25.51631334092885 ], [ 112.701742214626762, 25.517019992404546 ], [ 112.698257785373286, 25.520480007595516 ], [ 112.6875, 25.520833333333364 ], [ 112.680066257052985, 25.520172119140657 ], [ 112.67859937879777, 25.514456176757843 ], [ 112.675567287868944, 25.510543823242219 ], [ 112.674432712131107, 25.493622843424511 ], [ 112.667233954535618, 25.485543823242217 ], [ 112.665958150227894, 25.475887383355065 ], [ 112.660289510091175, 25.474432712131108 ], [ 112.652210489908882, 25.467233954535622 ], [ 112.65, 25.466666666666697 ], [ 112.643408881293425, 25.467019992404545 ], [ 112.639924452039963, 25.470480007595516 ], [ 112.6375, 25.470833333333363 ], [ 112.626918368869383, 25.470303853352895 ], [ 112.621468777126765, 25.465614657931887 ], [ 112.620303853352894, 25.456085035536056 ], [ 112.61719614664716, 25.45224829779734 ], [ 112.615900166829448, 25.446745300292999 ], [ 112.611559210883271, 25.445303853352897 ], [ 112.606414964464008, 25.449470520019563 ], [ 112.601918368869377, 25.450529479980499 ], [ 112.598081631130668, 25.45363718668623 ], [ 112.593585035536051, 25.454696146647166 ], [ 112.58542616102433, 25.462111748589439 ], [ 112.581414964464003, 25.458862813313832 ], [ 112.572751702202723, 25.457803853352896 ], [ 112.568914964464, 25.454696146647166 ], [ 112.564418368869383, 25.45363718668623 ], [ 112.550596449110273, 25.440558369954459 ], [ 112.55, 25.433333333333366 ], [ 112.547575547960093, 25.43368665907121 ], [ 112.544091118706618, 25.437146674262184 ], [ 112.525, 25.4375 ], [ 112.520833333333357, 25.4375 ], [ 112.516666666666694, 25.4375 ], [ 112.514456176757832, 25.436932712131107 ], [ 112.500903489854622, 25.424354214138486 ], [ 112.499149068196644, 25.417517598470081 ], [ 112.495833333333366, 25.416666666666696 ], [ 112.4950619167752, 25.409104749891522 ], [ 112.481198289659318, 25.407690599229632 ], [ 112.477135043674068, 25.404809400770429 ], [ 112.467680867513053, 25.403368801540829 ], [ 112.466666666666697, 25.4 ], [ 112.469982401529975, 25.399149068196646 ], [ 112.47083333333336, 25.395833333333364 ], [ 112.474113633897602, 25.3950607299805 ], [ 112.475482008192301, 25.390667385525205 ], [ 112.471362813313831, 25.385581631130673 ], [ 112.470303853352888, 25.381085035536053 ], [ 112.466137186686225, 25.375940789116783 ], [ 112.467196146647154, 25.37275170220272 ], [ 112.470303853352888, 25.368914964464004 ], [ 112.47083333333336, 25.35 ], [ 112.468622843424498, 25.349432712131104 ], [ 112.452210489908879, 25.333900621202286 ], [ 112.44778951009117, 25.332766045464439 ], [ 112.443741183810786, 25.329628499348988 ], [ 112.435543823242213, 25.336932712131105 ], [ 112.431122843424504, 25.338067287868952 ], [ 112.427210489908873, 25.341099378797772 ], [ 112.415920003255238, 25.342233954535619 ], [ 112.409301079644123, 25.337104119194908 ], [ 112.407766045464442, 25.331122843424509 ], [ 112.392233954535612, 25.314710489908883 ], [ 112.39081573486331, 25.30918426513675 ], [ 112.38528951009117, 25.30776604546444 ], [ 112.377210489908876, 25.300567287868951 ], [ 112.375, 25.3 ], [ 112.375567287868947, 25.297789510091174 ], [ 112.378599378797773, 25.293877156575551 ], [ 112.37973395453561, 25.289456176757842 ], [ 112.382766045464436, 25.285543823242218 ], [ 112.383900621202287, 25.281122843424509 ], [ 112.386932712131099, 25.277210489908882 ], [ 112.38806728786895, 25.272789510091176 ], [ 112.399432712131102, 25.260543823242216 ], [ 112.400708516438826, 25.250887383355064 ], [ 112.404166666666697, 25.25 ], [ 112.405054050021732, 25.246541849772164 ], [ 112.415737406412788, 25.245130411783883 ], [ 112.424432712131107, 25.235543823242217 ], [ 112.425610351562526, 25.209331088595949 ], [ 112.431122843424504, 25.204733954535619 ], [ 112.433333333333366, 25.204166666666694 ], [ 112.433686659071199, 25.201742214626766 ], [ 112.437146674262181, 25.198257785373293 ], [ 112.4375, 25.1875 ], [ 112.436649068196644, 25.184184265136746 ], [ 112.429562547471818, 25.182365587022598 ], [ 112.425567287868944, 25.177210489908884 ], [ 112.424432712131107, 25.168622843424508 ], [ 112.408900621202278, 25.152210489908882 ], [ 112.407118394639781, 25.145266045464439 ], [ 112.393622843424509, 25.146400621202286 ], [ 112.389710489908879, 25.149432712131105 ], [ 112.383333333333354, 25.15 ], [ 112.383333333333354, 25.154166666666693 ] ] ] ] } }
]
}
